mapping_id,within_mapping_sample_index,user_topic_id,user_topic_label,developer_topic_id,developer_topic_label,PostID,Title,Content,CreationDate,ParentID,AcceptCount,AcceptID,ReplyCount,LastedEditedDate,Kudos,OwnerUserID,UserGrand,Label
M001,1,3,Customization,9,Customization,290262.0,,"If needed you could tack on a high level external GPU. I did this for a macbook proviewtopic.php?f=26&t=17349Not ideal, but if you really want to stay with the mac pro its an option perhaps-P",1423231740.0,290255.0,,,,,0.0,521118.0,Rising Star,
M001,2,3,Customization,9,Customization,326849.0,,"""sevenfeetunder"" wrote:I think one of the biggest limitations is going to be the PS4s hardware, it's simply not powerful enough for a truly immersive experience.Why this emphasis in pointing out this same question when talking about consoles but not when talking about mobile VR? I suspect people is not being very objective on this subject.",1444064520.0,326825.0,,,,,0.0,98092.0,Expert Protege,
M001,3,3,Customization,9,Customization,127918.0,,"""trans321"" wrote:Quick question. What does that ""Team Oculus"" thing on your user name mean exactly? Does it mean you represent the whole Oculus team, or does it mean you are a part of the Oculus team?I guess a little bit of both. I'm the Community Manager for Oculus, so I manage the forums for them and assist with customer support. There are other ""Team Oculus"" employees on the forum, but they don't post very often. Usually I will let them know if there is something of interest or if there is a question they can help with.AMD Ryzen 7 1800X | MSI X370 Titanium | G.Skill 16GB DDR4 3200 | EVGA SuperNOVA 1000 | Corsair Hydro H110i
Gigabyte RX Vega 64 x2 | Samsung 960 Evo M.2 500GB | Seagate FireCuda SSHD 2TB | Phanteks ENTHOO EVOLV",1388650380.0,127863.0,,,,,0.0,3173.0,Grand Champion,
M001,4,3,Customization,9,Customization,189906.0,,"So Asia and EU getting ready statuses for August 28th and September 1st?!... Yet North America stopped at August 18th? Yea, they don't screw over NA...",1413668100.0,188121.0,,,,,0.0,518482.0,Adventurer,
M001,5,3,Customization,9,Customization,222924.0,,"""olixiolit"" wrote:Hor me Hydra on Windows 8 works perfectly in unity, without installing drivers. So I guesss it's not Win8. I had some problems like yours on win7 machine so I assume it's a Hydra problem (resolved by disabling a Joystick driver, as for some reason windows installed two drivers as if I wass using two hydras)When you go into Windows Joystick settings, does it recognise Hydra?Hi thanks for your input! When unity is open on windows 8 and i press play the hydra behaves as expected. When i make a build and run that it does not respond to anything i do to the hydra. On win 7 it works both in unity and with the build.Something is causing the build on windows 8 to not see the hydra, or wake it up i guess.",1405621260.0,222922.0,,,,,0.0,227184.0,Honored Guest,
M001,6,3,Customization,9,Customization,193864.0,,"""Chaoss"" wrote:I still don't get how if the screen resolution in Windows is 1080x1920 (portrait aspect ratio) how the video goes from the portrait format to the users eyes, last I checked our eyes are not positioned vertically. Do the lenses twist the image or something? What sorcery are they using to get the image to appear 'right side up' from portrait orientation?Here's a good visualization of what's happening:http://i.imgur.com/1NCTHPO.png",1405044660.0,193853.0,,,,,0.0,267727.0,Honored Guest,
M001,7,3,Customization,9,Customization,939670.0,,"Pacificeve, since I haven't been able to get avatars working reliably, no, I haven't gone any further with them.",1642852380.0,936708.0,,,,,1.0,1427676.0,Explorer,
M001,8,3,Customization,9,Customization,249968.0,,"The Crescent Bay wont be on sale and consumer version will come probably in last part of year 2015. Just buy one or wait for the end of year for consumer version.Welcome to die ..death awaits you
Rift ROG OWNAGEhttp://www.youtube.com/watch?v=7m6l4igFGyEWow DK OWNAGE Ihttps://www.youtube.com/watch?v=hx0XO6dCsVsWow DK OWNAGE IIhttps://www.youtube.com/watch?v=59OV5aOTW8E",1421741280.0,249963.0,,,,,0.0,119813.0,Honored Guest,
M001,9,3,Customization,9,Customization,13992.0,,"Hi ,While I don't have any experience with video signal extenders of that length being used for the Vive, I think it's pretty safe to say based on my experience that the USB extender also needs to be active past ~20 feet. I'm not 100% sure that's the source of your 208 but it could definitely be part of the problem. Can you possibly test if you get a 208 using the HDMI extender but with the USB plugged with the standard length run?",1512127200.0,2335.0,,,,,,16658.0,Verified Members,
M001,10,3,Customization,9,Customization,225369.0,,"If it is that bad run to walmart and grab a seabandhttp://www.walmart.com/ip/Sea-Band-Nausea-Relief-Acupuncture-Wrist-Band-1ct/16918569. If you try it let everyone know if it helps or doesn't. :mrgreen:Intel Core i7-3820 OCGhz (Liquid-cooled) on ASUS Sabertooth X79 mobo
16 GB Quad Channel DDR 3 1600 Mhz with 250 gb SSD
GTX 980working with DK2 to make something great!",1407547920.0,225368.0,,,,,0.0,412144.0,Explorer,
M001,11,3,Customization,9,Customization,47187.0,,I have already written to the Sales Team two weeks ago - is there a trick that the Sales Team responds soon?😉,1649900100.0,45503.0,,,,,,54088.0,Verified Members,
M001,12,3,Customization,9,Customization,257164.0,,"""Snappahead"" wrote:""Malkmus1979"" wrote:It's cool, don't worry. I'm a cheerleader for both! I just want both to succeed and think they're both doing a great job so I guess that makes me a super fanboy😉That's just crazy enough to work.Sony FTW!Hey, like I said, London Heist was the most fun I've had in VR yet. I wouldn't underestimate them. They also stand to have the largest launch catalogue. It's just sad that Sony treated Morpheus like an afterthought at their press conference. I'll say that on the E3 booth floor Morpheus was the biggest thing on display for them. So that was a good sign.",1434685440.0,256776.0,,,,,0.0,841577.0,Explorer,
M001,13,3,Customization,9,Customization,55451.0,,"CT's suggestions is spot on. Offsetting channels is the #1 defense - i tend to work in wifi-heavy areas and it makes a big difference. Even more so if you have multiple routers in the same room.I also found some additional success with using routers that support multiple bands to help prevent channel saturation in more dynamic environments - where the signals change rapidly. Some routers also have configuration to have change bands dynamically as well, so check your router admin page",1699281720.0,55381.0,,,,,,48233.0,Moderators,
M001,14,3,Customization,9,Customization,315756.0,VirtuAlly: VR News,Here I found some interesting Youtube channel:,1414261560.0,,,,1,,0.0,115119.0,Explorer,
M001,15,3,Customization,9,Customization,337768.0,,"elJWP15 I agree, that's how it would be implemented in the simplest way, yes. If they want to stay true to the RL events, it would be turn-based as well...however, in gaming you can do things which would be impossible in the real world. Imagine 4-8 player races with everyone's plane except your own displayed as a ""ghost""? Could be pretty exciting!",1465335060.0,337717.0,,,,,0.0,761888.0,Superstar,
M001,16,3,Customization,9,Customization,324047.0,Oculus Sickness,"ok so I have gotten my dk2 a week or so ago and have a blast with it. My only issue is that if I am in the rift for more than a few minutes I start to get a headache and get really dissy and hot. These issues could be from low frame rates but am doubt full on that, could anyone helpthx",1420966260.0,,,,20,,0.0,822944.0,Honored Guest,
M001,17,3,Customization,9,Customization,613086.0,,I liked the end credits thanking James T Kirk🙂,1493405820.0,613084.0,,,,,1.0,650788.0,Explorer,
M001,18,3,Customization,9,Customization,361286.0,,"""austindant80"" wrote:And all this would have to run at 90 fps at the resolution for the consumer Rift (faster and at higher resolution than DK2).Another quick question.  Some of the benchmarks of games running with a good GPU like a 980ti or titan are lucky to get 60 fps.  How does correlate with the 90 fps since oculus recommends a gpu that is less than these?",1451133180.0,361282.0,,,,,0.0,781531.0,Honored Guest,
M001,19,3,Customization,9,Customization,829360.0,,"I haven't found the time yet to update our build server, but looks like UE 4.25 does away with NVIDIA CodeWorks in favor of a specific version of Android Studio & NDK 21b as wtek pointed out.https://docs.unrealengine.com/en-US/Platforms/Mobile/Android/Setup/AndroidStudio/index.html",1592284920.0,829310.0,,,,,0.0,656856.0,Protege,
M001,20,3,Customization,9,Customization,330363.0,Is there any good summer beach movie?,"Hi. I live in cold and dark north area, so I miss summer! sunshine! and Beach!so far, I only found cloudy beach...http://www.panocam3d.com/video3d360.html#!portfolio/project-10.html",1421284200.0,,,,3,,0.0,845440.0,Honored Guest,
M001,21,3,Customization,9,Customization,17492.0,,", yes - you can track multiple HMDs off a single pair of lighthouses but you need to be mindful of safety and occlusion. In many cases, this often works better with a sync cable as two players in the same tracked volume have a higher chance of causing the basestations to loose optical sync. Within SteamVR's developer settings there are quick calibration features that may be helpful - generally speaking,  most seated games have a command or button that allows you to recenter the view.",1524380400.0,1110.0,,,,,,16658.0,Verified Members,
M001,22,3,Customization,9,Customization,57818.0,,"you can see the screenshot here:https://ibb.co/mJRfBLtand the video recording here:https://drive.google.com/drive/u/2/folders/1CUUktCZymTD74tl197HghqviRlQHMaISyes i'am referring to ScenePerceptionDemo(SceneMeshAnchor), as you can see on the video the mesh visualization can be seen, but i can't interact with it..i'm just thinking is the mesh visualization just a visualization or is it has a collider setup within it..if it dont have collider how do i setup it..EditedMarch 20by crdm21adding more information",1710889860.0,57813.0,,,,,,68273.0,Verified Members,
M001,23,3,Customization,9,Customization,229714.0,,"I would have been floored if the Rift worked in Parallels. I haven't used it for a couple of years, but last time I was involved with VM software on Mac it was hairy to getanythingto work.Considering that the Rift is fiddly to get working even on normal windows, I think you need to give up on using it in Parallels right now and switch into your bootcamp partition when you want to enjoy VR.😛Melbourne-based creative technologist. I flit between experimental AR/VR experiences, audiovisual electronics and full-stack web development.http://www.lachansleight.io",1410291960.0,229707.0,,,,,0.0,371378.0,Explorer,
M001,24,3,Customization,9,Customization,111573.0,,"Damn this is demanding  :D.Got 25-30 fps in town with Radeon 7850, which made most of it unplayable for me. But when have this kind of detailed towns with steady 60fps and 1080p it's going to be awesome.",1378247940.0,111561.0,,,,,0.0,42677.0,Explorer,
M001,25,3,Customization,9,Customization,235922.0,,"""VrSponge"" wrote:I've been using the Rift since a month or two after the DK1 launched and I just wanted to give my opinion on Presence. I believe that Presence is Sickness and Sickness is Presence. Meaning when one goes away so does the other. I still use my DK1 all the time, but I NEVER get the feeling of""being there"" anymore or any sickness for that matter. Now my brain just excepts the 3D- with no sickness and NO presence😞When I first played Windlands""over year ago"" I was actually afraid of the heights and ledges. Now my brain has excepted it's fake, game is still fun as hell especially newer version.🙂What do you guys think? Does Presence disappear with the sickness, or am I a lone Rifter with this experience? LolALSO:I hear talk about the hardware side of things all the time. I'm running a 290x,8 core, yet I still think there needs to be a lot of work done on the software side of things before we will truly see what VR has to offer. To me the engines just don't cut it for TRUE VR.The moments I've had what I call 'presence' on DK2, which are fleeting and gone as fast as you realise you have them, have been at times of zero 'sickness'. In fact I find it impossible to have immersion let alone presence if I feel any sickness. I know you didn't perhaps mean that both existed at the same time and more like do you get used to both over time but I think sickness will always be there if the software is bad, while presence is never guaranteed (even if the software is non sickness inducing).The last hit of presence I had was for the split second I looked in the window in cafe-thingy (forget the name, wireline knows it) due to the reflection of your possessed character. At these times you feel kinda weightless and disembodied in my experience and forget where you are or why you even exist!🙂🙂So I think obviously the hardware is vital, and it'll get there, but yeah the software design has to be sympathetic to inducing an emotional reaction or a sense of real space. Seems when this happens is the time you most want to be able to reach out with the rest of your body, which we can't do yet, and then that brings it crashing down again sadly.EX DK2/VIVE/PSVR/CV1/Q2/PSVR2 | Currently Quest Pro (PCVR) | VR developerRTX 3080 FE / 12900k / Windows 11 Pro",1412142900.0,235910.0,,,,,0.0,8984.0,Heroic Explorer,
M002,1,6,Game Graphics,4,Graphics Optimization,59956.0,,"8 hours ago, C.T. said:yes, please submit a log via the launcher -> settings -> report issue.Even though the thermal does have possibility to impact Wi-Fi throughput, but I highly doubt is from gasket itself.Coz Wi-Fi antenna isn't near the lens, but on the outer part of the glasses.Thanks for jumping in - it is much appreciated. I'd be happy to send in a log. One question: how far back does the log go? Do I need to trigger the issue within x amount of days, for example?",1721357400.0,55663.0,,,,,,47333.0,Verified Members,
M002,2,6,Game Graphics,4,Graphics Optimization,115768.0,,Yep..Metroid from me too..Following that Ghostship Aftermath had me thinking how it would be to experience Metroid Prime in all its beauty on the Rift,1400531700.0,115657.0,,,,,0.0,388303.0,Honored Guest,
M002,3,6,Game Graphics,4,Graphics Optimization,416626.0,,"Dennis_Psaid:If you run out of buttons on your HOTAS, try speaking to your ship (http://www.voiceattack.com/). Finally someone obeys my commands.🙂I must agree with that. voiceattack is really nice. Getting a voice pack might be a good idea to also get a fully functional voice attack profile, though you might find someone who shared his/her own.Another solution is to have some of the buttons to act as modifiers.Eg, you set POV-UP to 'Divert power to engine', ButtonA+POV-UP to 'Next target' and ButtonB+POV-UP to the landing-gear. Suddenly only 10 switches can do a lot of things.",1462620540.0,416615.0,,,,,0.0,20594.0,Adventurer,
M002,4,6,Game Graphics,4,Graphics Optimization,301133.0,Trying to render one eye per frame ( TimeWarp issue ),"So I've got a few heavy duty scenes that don't render at 75 f/s and I figured I'd try to see if I could render one eye per frame and keep the hardware happy. This cuts the work in half and I'm able to hit 75 f/s and it's actually very smooth, but there is black flickering every other frame for each eye as expected since the off eye is not be rendered every other frame and the SDK must be clearing to black.So instead of having it be black, I tried saving off the eye's last rendered image and am simply reusing the next frame when that eye skips it's render, but now I'm seeing some double vision which shouldn't be happening, I'd expect _some_ choppiness like watching video at 10 f/s or something, but it would be more like 37.5 f/s.I think it actually has to do with the timewarp not liking what I'm doing. Is there any way to turn off the timewarp, or at least disable it in the SDK and rebuild the libs?Here's what I normally do...-Frame 0Render and copy left eye to the DK2Render and copy right eye to the DK2-Frame 1Render and copy left eye to the DK2Render and copy right eye to the DK2-Frame 2 ( do same as frame 0 )-Frame 3 ( do same as frame 1 )Here's what I'm doing when rendering one eye per frame ...-Frame 0Copy left eye's last frame to the DK2Render and copy right eye to the DK2 ( and save off a copy for next frame )-Frame 1Copy right eye's last frame to the DK2Render and copy left eye to the DK2 ( and save off a copy for next frame )-Frame 2 ( do same as frame 0 )-Frame 3 ( do same as frame 1 )Thanks",1447049340.0,,,,2.0,,0.0,292075.0,Explorer,
M002,5,6,Game Graphics,4,Graphics Optimization,540329.0,,"elbofforsaid:My friend plays it with opposing sensors but it is a tad.glitchyI also have 2 sensors in opposing corners, the tracking glitches in some instances but otherwise it has caused me any trouble playing. I have mostly played the ninja (Saijin or something) but even with guns I haven't lost any kills to bad tracking.",1483734720.0,540321.0,,,,,0.0,1176978.0,Rising Star,
M002,6,6,Game Graphics,4,Graphics Optimization,209598.0,,"""Zoomie"" wrote:When I first ordered the rift I spent a few days brainstorming where profit could be found in the industry.My girlfriend and I were driving across the country so we had 8-10 hours a day to chat about random topics.One of the things we discussed was exactly this - services catering to gamers who will spend massive amounts of time in VR.  Imagine a place that's like an internet café.  They provide a secure environment, easy access to food, washrooms, showers, and comfortable beds.  You bring your own VR headset and tap into their high-end computers and internet service.Maybe you rent a small apartment from them.  I imagine a VR addict would be a VERY easy tenant to have.  The apartments could be like those Japanese micro hotels.  When you're jacking into VR the size of your apartment is irrelevant.I'm not saying it's a healthy lifestyle, but I bet we'll see it.And what about the other end of the spectrum of VR adicction? those diehard enthusiasts, while a minority compared to your average VR addict, they are going to have omnidirectional treadmills, force feedback haptics etc, they will be super athletes, imagine in the future a transhuman VR addict will be something wicked, :twisted:  in the olimpics VR atletes will be banned.🙂Knowledge, the ever growing and most powerful tool known. Pick it up! the common fools are scared of it!",1406683140.0,209586.0,,,,,0.0,485044.0,Honored Guest,
M002,7,6,Game Graphics,4,Graphics Optimization,187078.0,,"""bigmike20vt"" wrote:finally cracked. picked up alien isolation with both preorder dlcs from ebay for £12.99 and the season pass for £9.75.wont get to play for a few days but looking forward to it.I hope your underwears up to it.🙂DK2. Phenom 2 x4 4.2GHz,Asrock Extreme 3 970,8GB DDR3 1600, R9 270x 1180/1400.",1422250680.0,186735.0,,,,,0.0,396739.0,Protege,
M002,8,6,Game Graphics,4,Graphics Optimization,168353.0,Any future for ODT ?,"Hello,I don't know if you share my thoughs about this but as long as oculus rift will continue to propose optical directionnal position tracking,  ODT won't have any future, as rift will be dedicated for a sitted static experience.I have already made a suggestion on  this topic :viewtopic.php?f=26&t=7178The idea would be to have the webcam placed on TOP of us.of course, it wouldn't be good to have to ""stuck"" it in the roof, butwith some structure like this :https://encrypted-tbn2.gstatic.com/images?q=tbn:ANd9GcTUbe9CHYq-SZ6qOD_PqTVdLKs9R1xYJllHE5c_x0h7KD4Y...or anything like that :http://image.architonic.com/img_pro2-1/120/5945/226-lamp-gras-hd4-b.jpgTo hold the webcam on top of our head, would be a good idea to still have a 360° movment.without changing anything of the oculus technology (maybe addind one or two led on the top or back of the head ?)This structure could be included in the ODT.but without this, how do you people think the ODT can succeed ?",1399226160.0,,,,7.0,,0.0,72811.0,Honored Guest,
M002,9,6,Game Graphics,4,Graphics Optimization,512502.0,,"I played the game all the way through and I really liked it!  Plenty of explorable environments, which I really enjoy, and the pop culture tech references were just the icing on the cake!  However, even after playing the game all the way through, there were quite a few loose ends that didn't seem to be tied up. (Caution: spoilers)Throughout the game, you pick up crows and cassette tapes to gain some kind of data, but I don't see what the payoff is, and this doesn't seem to gain you any additional information.There are a bunch of computer terminals scattered throughout the environments, such as outdoors in Chinatown, and I always thought these would serve some kind of purpose, but they never seemed to.  Trying to interface with them never did anything.Even after playing through the game and becoming the Catalyst, your watch shows uncompleted to do's and lock icons, or unsuccessfully unlocked goals.The Chinese guy in Needful Things talks about having things for you and you for him, but this thread of the story never seems to be fully resolved. (Maybe he's just toying with you.)That's just a few of the loose ends come to me at the top of my head. I'm sure there are others that I will think of later.Edit: here's another thing. One of the items on your wrist computer is a magazine cover with the ""V for vendetta"" mask on it, which you find in the apartment, and your AI companion says you need to find further information about this, but this  never seems to occur.",1487682000.0,512422.0,,,,,0.0,1235107.0,Superstar,
M002,10,6,Game Graphics,4,Graphics Optimization,321005.0,,"""Disdroid"" wrote:I just had another thought specifically on the language topic. The best way to learn a new word could indeed be being thrown into a situation that this specific word describes. It seems genius, because that way you learn the meaning of a word and not the translation. You can also communicate local culture that way. It all depends on the implementation though.To get better at talking a language, you need to listen.To get better at writing, you need to read more.In German there is a wonderful word called ""Sprachgefühl"" which literally translated means ""feeling of language"" and it describes your comfort level up on encountering or using the language in question. It's said that you need to experience a lot of situations until you develop a good Sprachgefühl. However when you feel that level of comfort, you can effortlessly join a conversation, understand a situation and make sense of a new linguistic experience. You don't need to learn grammar before you can form sentences, and your vocabulary increases automatically. I do think that VR has a tremendous advantage at teaching children the Sprachgefühl. Schools today try to throw grammar and vocabulary lists at you until you graduate. I had 8 years of French and I still have a horrible Sprachgefühl for French. My mothers tongue is German by the way.I agree with the Veritasium, just as I do your comments. People do learn languages by being thrown into immersive experiences. I certainly did.I actually studied German for 2 years in college, but I hadn't heard of that word. What a great concept (the Germans sure do love their nouns combined). The goal here is to create immersive learning experiences, not actually replace the textbook. Tetxbooks will always have a place in education, but the more we can experience a language through culture/environments, the better it will stick.That's at least my two cents!",1417766160.0,320997.0,,,,,0.0,777055.0,Honored Guest,
M002,11,6,Game Graphics,4,Graphics Optimization,290001.0,,"""protie"" wrote:This is definitely the first time I have heard of someone using a fan to 'warm' something up.  :mrgreen:😐Mycomputerfan......?",1413854040.0,289997.0,,,,,0.0,646859.0,Explorer,
M002,12,6,Game Graphics,4,Graphics Optimization,158542.0,,"""jaasness"" wrote:Order ID: CK-1580923Date: May 23, 2014 08:48 PM PDTStatus:PROCESSING:Your order has been checked out for shipping and will be shipped in the next batch. We'll send you a notification once it's shipped. This typically takes 2-4 business days.Like it!!!!Sorry, forgot to add Oklahoma, USA.  Always irritated me when people didn't include the location, and I almost did it myself.",1409057940.0,157066.0,,,,,0.0,414232.0,Honored Guest,
M002,13,6,Game Graphics,4,Graphics Optimization,1045045.0,,"I did read on reddit that some people preferred side loading the standard android netflix app (it should run as a large window in VR) instead of the VR version.I haven't tried that myself.Author:Oculus Monitor,Auto Oculus Touch,Forum Dark Mode,Phantom Touch Remover,X-Plane FixerHardware: Threadripper 1950x, MSI Gaming Trio 2080TI, Asrock X399 TaichHeadsets: Wrap 1200VR, DK1, DK2, CV1, Rift-S, GearVR, Go, Quest, Quest 2, Reverb G2",1682318040.0,1044722.0,,,,,0.0,11.0,MVP,
M002,14,6,Game Graphics,4,Graphics Optimization,247920.0,"proposals to fix Jaggies, have there been any?","Hey guys, long time no see.So I've been messing around with the DK2 for a while. I have to say I'm very impressed, but gotta see high pixel densities, which Crescent Bay addresses from what I hear. However, on the other front of things, they software.One of the problems I know of, because the Rift renders two images, both in different locations, there are adverse affects like AA and other filtering effects not working the same way it does on a single monitor.Because of this, straight lines or edges look weird or not what we would expect. So in order to prevent some of these weird effects, we turn AA off. That makes sense, however now we are left with jaggies.My question is, has there been a proposed fix or theory about how to bring back AA or a form of AA?",1412514120.0,,,,3.0,,0.0,666043.0,Honored Guest,
M002,15,6,Game Graphics,4,Graphics Optimization,486267.0,,"andyringsaid:Slightly different issue here:Downloaded, i'm in with the Rift on - tells me to hit any button on my controller but nothing happens.  Controller is working fine to get into the game.I had this happen as well but I seemed to of fixed it by press the xbox (OH) button, re-connect the controller and spammed the buttons and it worked😛Think the word 'beta' is very applicable here, I guess they haven't done tons of QA.Apart from the slight hiccup I got it working and man is it awesome! Been playing on and off since the alpha and playing in VR adds so much more to it, although I noticed straight away it does change your play style, I was less interested in creative mode and more interested in being at ground level and building up my house etc. Sense of scale still gets me! Think I'm definitely set till Touch release with this😄",1471282860.0,486225.0,,,,,1.0,,Not applicable,
M002,16,6,Game Graphics,4,Graphics Optimization,731916.0,,"Yup, I originally started a new Commander for the start of my VR play through because I wanted to experience everything right from the beginning in VR.Everyone should restart Elite Dangerous from the beginning every now and then, it builds character lol😄I'm going to continue with my bounty hunting later on, I'm really enjoying the Challenger. It can really take plenty of punishment so far, something that's important to me cos I'm a bit pants at combat lololol",1537738320.0,731830.0,,,,,0.0,,Not applicable,
M002,17,6,Game Graphics,4,Graphics Optimization,853245.0,Quest 2,Have questions on how to play certain games on it,1614746820.0,,,,0.0,,0.0,1363845.0,Honored Guest,
M002,18,6,Game Graphics,4,Graphics Optimization,569610.0,,"lhawsaid:I amverypleased with the AVOlight software,but because ofpossiblevision problems from head mounted displays,(I may be pushing my eyes left, right, up, & down, so intensely my eye muscles are getting distorted)Imaybe forced to stop(sob!)using my Oculus.ILOVEthe AVOlight vast expanse of many windows,how it can be set up & then saved for future reactivation,& how one can 'scroll' around over what amounts toa giant seemless desktop covered with all sorts of videos, pictures, etc.My question is this: Can I do it without a head mounted display? Do you guys know of software that is essentially AVOlight but with a 'scrolling' or panning of the display, say controlled with a joy stick or something, that produces a space full of things that can be saved & recalled like your wonderful AVOlight does?I donotwant to give up my Oculus, but if you produce or know of something that does what AVOlight does using a regular pan-able display (or something..) could you tell me what it's called? (I want to get it!)You're doing a great job with AVOlight, so keep it up!Sincerely, LhawThank you Lhaw ::smile:Sorry for the late reply.I've failed as a dev/entrepreneur so I've been feeling hollow/depressed and just wanted to escape for a while;but I'm feeling better now and have been putting time into development again.I will try to find a quick way to add a non-vr mode for the next updateCheers,NicklasAVOlight.Space (Multiple Video Players)Questions? Issues? Feedback?chat herehttps://discord.gg/8dHBYQK",1537876860.0,569574.0,,,,,0.0,487823.0,Protege,
M002,19,6,Game Graphics,4,Graphics Optimization,16671.0,,"We have a large play area and have tried this set up. Just using 2 base stations facing one another, putting the channels to A and B and using the Sync cable. With both players in the steam VR lobby there are tons of tracking issues. Making it unplayable. Any additional thoughts?",1522083480.0,1151.0,,,,,,21426.0,Verified Members,
M002,20,6,Game Graphics,4,Graphics Optimization,327726.0,,"""Finney"" wrote:Hey Jester.  I havent used RAIN in awhile, I'll check it out again.  One of the biggest gripes when I used it a year or so ago was limited documentation.  Has this improved since say... 16 months or so ago?Thanks for posting this! Yes, RAIN has improved wiki documentation, tutorials, and sample projects. If you liked how simple it was before to create AI-- it's only become better.http://rivaltheory.com/community/We even built an entire advanced soldier scene to give devs a HUGE headstart on an FPS-type game.https://www.assetstore.unity3d.com/en/#!/content/23526Here's our newest overview videohttps://www.youtube.com/watch?v=7ljD4078nrYIf you check out RAIN again, let me know. I'll be your direct contact for any questions you might have. jester[at]rivaltheory[dot]com",1414726800.0,327721.0,,,,,0.0,673959.0,Honored Guest,
M002,21,6,Game Graphics,4,Graphics Optimization,44121.0,,"Hihe joint rotation is in the same coordinate as the hand joint position. The coordinate system is slightly different, based on if you have called UseExternalTransform before StartGestureDetection or not.If you called UseExternalTransform(true), we would assume transform passed in by SetCameraTransform as HMD transform.If you haven't called the function, we will get HMD transform from OpenVR, this is same as calling GetDeviceToAbsoluteTrackingPose with vr::TrackingUniverseStanding.All hand positions & rotations are then multiplied by HMD transform, this makes the results in the global coordinate system. All rotation of 21 joints are in the global coordinate system, so if you want to get relative joint rotation, you need to calculate it your self.1",1637606400.0,44030.0,,,,,1.0,27994.0,Verified Members,
M002,22,6,Game Graphics,4,Graphics Optimization,236474.0,,"You rock!! This is a fantastic update! Running this at the highest settings is incredible! What a difference! It didn't even make my girlfriend feel nauseous. I love it! It is such a huge difference when it's judder-free, it's the single most important thing with DK2 I think.Still no reset position during intro though, and no way to reverse joystick axes, but I'm sure that will come in future updates! And something to know that you finished the game would be nice. And I would like to second the suggestion above that you should reward shooting TIE-fighters by giving the player some time to breathe once you clear a wave.It would be so awesome if you could actually make the Executor crash into the Death Star when disabled! Are you working on that? And an actually exploding Death Star in the end! That would really let you know you finished the game! Well, it's awesome already as it is. And I'm guessing that you will have more time for actual gameplay development now that the technical stuff is working so well.Such a shame you don't dare to take my money!😉Well done!DK1 - previously owned
DK2 - 2014-08-26RECEIVED(ordered 2014-04-24)
CV1 - 2016-05-25RECEIVED(ordered on release day)
Touch - 2016-12-07RECEIVED(pre-order with CV1)",1412727300.0,236233.0,,,,,0.0,247108.0,Protege,
M002,23,6,Game Graphics,4,Graphics Optimization,813355.0,,If regenerating the Manifest didn't work for you (like in my case) there is another conversation going on here started by the Oculus Staff.https://forums.oculusvr.com/developer/discussion/79116/oculus-unity-integration-v1-39-07-26-19#lates...,1564515600.0,813346.0,,,,,0.0,631462.0,Protege,
M002,24,6,Game Graphics,4,Graphics Optimization,109423.0,,I hope someone finds a solution.I'm wanting to build a wireless setup for the Omni.,1401850140.0,109420.0,,,,,0.0,3173.0,Grand Champion,
M002,25,6,Game Graphics,4,Graphics Optimization,91034.0,,"Ah, it's great to see your reaction and first impressions to the Rift! Definitely try more demos. Although the resolution not being higher and some demos not looking particularly polished, from here on out you will enjoy things for their experience, and not focus so much on how good they look, although...that will be in the back of your mind (for me it was lol).For some suggestions on demo's and games, I say try the following:1. Rollercoasters! There's the Riftcoaster, and of course the thread on these forums who a bunch of coasters and a spaceshot ride as well!viewtopic.php?f=42&t=40822. Museum of the Microstar. While not the greatest thing for the OR, it's a really good demo to experience. The microstar in the middle and the arms keeping it's flares in check is well done, and if you have an open mind and relax a bit...you'll feel like you're in the future on a guided tour of elements from the past!http://www.riftenabled.com/admin/app/153. Euro Truck Simulator 2. Since you mentioned you already have a wheel, i'd say pick this up on steam and have a go at it. Some of it is a bit rough due to the resolution issues with the OR dev kit, but it really is a great experience. Leaning left and turning your head far left and looking behind you, makes you stick your head out of the window in game so you can see where you're backing up is surprisingly immersive and will put you in a good mood. Plus doing small things like looking left or right to check for traffic before you make a turn is fantastic.4. Dreadhalls. I'd only recommend this as a 100% convincing glimpse to what the Rift is really about. I myself, cannot play this. At all. The most i've played this, is 10 seconds. I can't do it. That's why I recommend it. It really is one of the best ways to prove to yourself the immersion capabilities of the OR. Be warned, this demo is BEYOND scary. Seriously  :shock:http://www.riftenabled.com/admin/app/4085. EpicDragon. Great sense of speed and one of the coolest demos available.http://www.riftenabled.com/admin/app/4116. War Thunder. When you get a stick, play this. Although the planes are nothing really spectacular (modern day jets would be a little better), it's neat to keep an enemy in your sights as you bank and make turns then put him back in your crosshairs. Really great game with the Rift.7. Malfunction. As previously stated on this thread, great demo. Won't say anything else, so nothing is spoiled.http://www.riftenabled.com/admin/app/26318. Blocked In. Also stated in this thread. Great demo and it uses the resolution of the OR to it's advantages, and actually comes out looking amazing visually. There's nothing to do in this demo but look around, but it's still a fantastic demo.https://share.oculus.com/app/blocked-in9. Proton Pulse. Fantastic twist on an old game. Simple controls, creative gameplay, and a kickass soundtrack to boot.https://share.oculus.com/app/proton-pulse-rift10. Shiny. Same as above. Really great demo.https://share.oculus.com/app/shinyThose are my 10 recommendations. I could sit here for hours typing up demos you should try, but i'm sure regardless of my recommendations, you're going to try a lot, and i'm a bit tired, so i'm off to bed lol. Have fun and keep giving us your impressions of demos😛",1386760860.0,91019.0,,,,,0.0,137828.0,Honored Guest,
M003,1,6,Game Graphics,11,Rendering Issues,358654.0,,Really you could eliminate the cable today by getting a laptop and putting it in a backpack... for those vr arcades that people are hopefully working on.,1452742800.0,358570.0,,,,,0.0,41895.0,Explorer,
M003,2,6,Game Graphics,11,Rendering Issues,148644.0,,I suppose this is an unreasonable request as OVR need IP protection against the hoard of duplicators  attempting kickstarters.,1410848460.0,148639.0,,,,,0.0,20442.0,Honored Guest,
M003,3,6,Game Graphics,11,Rendering Issues,400291.0,,"""Zandil"" wrote:Ok well would have been nice to indicate that on the site when ordering.Anyway... is it possible to understand the extortion which is the shipping cost for Australia $131.00 AUS, is Lucky going to personally deliver it all Australians ?Where is it being shipped from, the moon ?Prolly he is shipping it from the U.S.? IDK what it costs to ship stuff from here to Australia, but I'd expect it to be a good bit. Beyond that, IDK.I would say that showing Australians a USD price when their currency uses the same symbol is a good bit misleading. Why do that? Prolly an oversight, but still.Gaming: Intel i7 3770k hz | R9 290 | 16GB RAM | 240GB SSD | 1 TB HDD
Server: AMD FX 6300 hz | GT 610 | 8GB RAM | 240GB SSD | 320GB HDD",1452054600.0,400287.0,,,,,0.0,897162.0,Rising Star,
M003,4,6,Game Graphics,11,Rendering Issues,84788.0,,You guys are still using DDR5?Brevis / DevBlogTwitter,1390371900.0,84771.0,,,,,0.0,113004.0,Honored Guest,
M003,5,6,Game Graphics,11,Rendering Issues,203091.0,,"""IsoMacintosh"" wrote:""Beta84"" wrote:Is there any game which support this? & all the sound files must recorded with 2 mics!It does not work that way. In a game you need the sound to change when you move, this technique allows only STATIC sound.We need better binaural emulations.Heres an  example of binaural emulation:https://www.youtube.com/watch?v=-oSlbyLAksMWe do, problem is, the studio standard is still fake stereo. (They don't accord for phase differencial at all but just ""pan"" sounds left and right) So there is no motivation for anybody to get busy outside VR. But honestly that is no excuse there already is a FOSS solution here;http://explauralisation.org/For far field localisation it's fairly easy to do, just use the right phase difference and some filtering.For an accurate representation you need ray tracing for sound sources and a virtual dummy head together with in-ear monitoring. Even with cheap earbuds this would blow away any sound system in existence except wave field synthesis.The non-plus ultra are ""deep"" in ear ear-bus which emit sound close to the ear drum.",1405148100.0,203062.0,,,,,0.0,390652.0,Explorer,
M003,6,6,Game Graphics,11,Rendering Issues,540475.0,,"A clear example of how an already existing genre can be functionally improved by VR. I only wish the levels were more non-linear. Less Super Mario World 3D .. more Mario 64/Galaxy.. could you imagine physically looking for stars in Mario 64 with VR?I can only hope that this design evolves further in that direction with future games, but this is a great start!",1467901500.0,540465.0,,,,,0.0,1166878.0,Trustee,
M003,7,6,Game Graphics,11,Rendering Issues,157120.0,,"""jscheema"" wrote:I didn't see ANY new processing posts till Tuesday morning last week.  So, safe to ass-u-me that new processing changes will occur next Tuesday (US) morning and continue through Wednesday (overseas-but not AUS, NZ) and Thursday (waay oversears, but not AUS, NZ) ...  just a pattern, I love AUS, and NZ... would love to travel there.  I just don't know what they got going on with their customs.NZ got problems with customs, but for AU we just don't get any love from OVR...still stuck on March 19 and no matter how many attempts we have made to get a response from OVR there is nothing.:roll:",1407498840.0,157066.0,,,,,0.0,322483.0,Honored Guest,
M003,8,6,Game Graphics,11,Rendering Issues,7765.0,,"Hey this is the kind of stuff that I wanted to solve with my Meetu product for the design an accessory contest! Maybe in the future they'll have some multiplayer options but for now, as others have said, you need a second pc to play multiplayer. Lots of people do it on youtube, you can find a video easily :)",1478023440.0,556.0,,,,,,3299.0,Members,
M003,9,6,Game Graphics,11,Rendering Issues,56629.0,,"""scottmana"" wrote:Wow, EU just got another round of rifts when NA is still backlogged to 62XXX? I see now I should have ordered from UK and then have it sent to me in the US! Anyone have a time machine I could borrow?Actually I think that's what they are working on next!",1377865440.0,56310.0,,,,,0.0,205971.0,Honored Guest,
M003,10,6,Game Graphics,11,Rendering Issues,438052.0,,"I've played a lot of crappy titles, but then there are ones like Solus that make me glad I bought CV1. Just wish they would get rid of some of the crappy stuff that's out there.",1466141100.0,438047.0,,,,,0.0,165778.0,Honored Visionary,
M003,11,6,Game Graphics,11,Rendering Issues,258527.0,What games are ready for Oculus Rift and Samsung Gear VR?,I can't find any game would be played both in Rift and Gear VR. Would you please give me a clue about this request?Thanks a lot!,1428426660.0,,,,5.0,,0.0,855177.0,Honored Guest,
M003,12,6,Game Graphics,11,Rendering Issues,305783.0,,"Ok so I ran the program Micro Visual C++ 2013Thats it, I get completed with nothing else no reboot or anything...Ahha...I found out what the issue is kinda, it was saving as binary file and not executable Now I have it installed...",1432954260.0,305775.0,,,,,0.0,,Not applicable,
M003,13,6,Game Graphics,11,Rendering Issues,81631.0,,"""NZStory"" wrote:At this stage I don't think anyone in Australia & New Zealand has received one. This is only based on not seeing any messages on here or MTBS saying differently. I'm hoping they will show up in the next 2 weeks though I wouldn't hold my breath.As for costs, I paid $NZ414 including shipping.It will be interesting to see what the extra charges will be. I've got my fingers crossed I'm in the first batch of 500 for this region and if so I can give you an answer to that side of things.Hmm thats not too bad I suppose, I was prepared for the early $400ish myself, would you mind posting here when you find out? I would greatly appreciate it.CPU: Intel i7 4770k 3.8ghz (water-cooled) | GPU: G1 980ti 6gb |  G.Skill Ripjaw's 16GB DDR3 1600mhz | 28"" Samsung LED 4k monitor (60hz display port) )",1367083920.0,81628.0,,,,,0.0,30697.0,Explorer,
M003,14,6,Game Graphics,11,Rendering Issues,1067707.0,,"Hey there,Carnival39. We just wanted to check in since we haven't heard back from you yet. If you'd still like help with this just let us know, we'd be glad to help out!If you're the author of a thread, remember to mark a reply as the Accepted Solution to help others find answers!",1689647160.0,1063202.0,,,,,0.0,16864.0,Community Manager,
M003,15,6,Game Graphics,11,Rendering Issues,583859.0,High Command 1-10 player list,Is there somewhere we can see a list of the players that got to High Command 1-10 last month?  I'm just curious to see who the top players are.,1512543600.0,,,,1.0,,0.0,1047352.0,Explorer,
M003,16,6,Game Graphics,11,Rendering Issues,76896.0,,"I noticed in some website that it was possible ... I rather it is to play simulation games like FSX, euro truck simulator, F1 and wrc",1373156280.0,76881.0,,,,,0.0,142207.0,Honored Guest,
M003,17,6,Game Graphics,11,Rendering Issues,158679.0,,"""Ruudscorner"" wrote:It's the latter  :geek:""nomisum"" wrote:(...) so I dont expect it before monday/tuesday.Thanks for letting me hope for next week then and best of luck to us.😉Ordered:2nd of MayShipping destination:GermanyCurrent status:Received!",1409172120.0,157066.0,,,,,0.0,397091.0,Honored Guest,
M003,18,6,Game Graphics,11,Rendering Issues,264083.0,,"""michaelm9945"" wrote:VR will never be popular if they can't make it possible to play on what ever you have. Nobody will go out and spend over $1,000 just to buy something that's powerful enough to play VR. Some might, but not everyone willAll new tech, at start, is for the ones that can not the ones that want. Even if it's just for a few at the start, if everything is done right it will succeed and become more affordable with time. If you can't afford a good gaming PC right now you still have a few months to save for it.",1428698940.0,264074.0,,,,,0.0,750502.0,Honored Guest,
M003,19,6,Game Graphics,11,Rendering Issues,40699.0,,"10 hours ago, Morton UE4 Eyetracking Dev said:Many thanks!Ah so OpenXR effectively replaces the need for the use ofSRanipal's plugin?Amazing work.No it doesn't techically replace it - it wraps it into a common interface -  I'll be naswering question live in an hour at the VRTO conference",1623047580.0,39684.0,,,,,,34.0,Verified Members,
M003,20,6,Game Graphics,11,Rendering Issues,244297.0,,"I'm having the same issues in Unity and SDK 6.01 (we tried 7 but it just wouldn't recognize the DK1 at all).* I've downloaded the VR drivers from NVidia (356 or whatever the latest are) and installed them.* We're using a laptop with a NVidia Quadro K620M (We have a desktop handy, but since our company switched to laptops several years ago and this is very much an unofficial project, the desktop is very old and won't take a decent video card) with Windows 8.1 / 64.* I've got the DK1 in extended mode, DK1 legacy support checked. The demo scene works just fine* In unity, I set up a blank project, checked ""VR Supported"", set it to DirectX 11.Still getting the ""Compositor failed to initialize"" and ""bad config or libovr not found. VR disabled"" errors.Here are the logs:Config:{""Time"":	""2015-10-06_10:55:58"",""SDK Version"":	""0.6.0.1"",""Service Protocol"":	{""Major"":	1,""Minor"":	6,""Patch"":	0},""RemoteProtocolVersion"":	{""Major"":	1,""Minor"":	6,""Patch"":	0},""Service Running Time"":	{""Hours"":	1,""Minutes"":	0,""Seconds"":	10},""System Specifications"":	{""Operating System"":	""Microsoft Windows 8.1 Enterprise"",""Processor"":	""Intel(R) Core(TM) i7-5500U CPU GHz"",""Graphics Adapters"":	[{""Name"":	""Intel(R) HD Graphics 5500"",""Video Controller RAM (MB)"":	1024,""Driver Version"":	""10.18.14.4170"",""Video Mode"":	""1920 x 1080 x 4294967296 colors""}, {""Name"":	""NVIDIA Quadro K620M"",""Video Controller RAM (MB)"":	2048,""Driver Version"":	""10.18.13.5604"",""Video Mode"":	""""}],""Total RAM (GB)"":	16,""USB Tree"":	[{""name"":	""Mobile 5th Generation Intel(R) Core(TM) USB EHCI Controller - 9CA6"",""deviceid"":	""PCI\\VEN_8086&DEV_9CA6&SUBSYS_222317AA&REV_03\\3&E89B380&0&E8"",""caption"":	""Mobile 5th Generation Intel(R) Core(TM) USB EHCI Controller - 9CA6"",""manufacturer"":	""(Standard USB Host Controller)"",""Devices"":	[{""manufacturer"":	""(Standard USB Host Controller)"",""name"":	""USB Root Hub""}, {""manufacturer"":	""(Generic USB Hub)"",""name"":	""Generic USB Hub""}]}, {""name"":	""Intel(R) USB 3.0 eXtensible Host Controller - 0100 (Microsoft)"",""deviceid"":	""PCI\\VEN_8086&DEV_9CB1&SUBSYS_222317AA&REV_03\\3&E89B380&0&A0"",""caption"":	""Intel(R) USB 3.0 eXtensible Host Controller - 0100 (Microsoft)"",""manufacturer"":	""Generic USB xHCI Host Controller"",""Devices"":	[{""manufacturer"":	""(Standard USB HUBs)"",""name"":	""USB Root Hub (xHCI)""}, {""manufacturer"":	""(Standard USB Host Controller)"",""name"":	""USB Composite Device""}, {""manufacturer"":	""Realtek"",""name"":	""Integrated Camera""}, {""manufacturer"":	""Intel Corporation"",""name"":	""Intel(R) Wireless Bluetooth(R)""}, {""manufacturer"":	""Microsoft"",""name"":	""Microsoft Bluetooth LE Enumerator""}, {""manufacturer"":	""Microsoft"",""name"":	""Bluetooth Device (RFCOMM Protocol TDI)""}, {""manufacturer"":	""Microsoft"",""name"":	""Microsoft Bluetooth Enumerator""}, {""manufacturer"":	""Microsoft"",""name"":	""Bluetooth Device (Personal Area Network)""}, {""manufacturer"":	""Synaptics FP Sensors"",""name"":	""Synaptics FP Sensors (WBF) (PID=0017)""}, {""manufacturer"":	""Microsoft"",""name"":	""Microsoft Hardware USB Mouse""}, {""manufacturer"":	""Microsoft"",""name"":	""HID-compliant mouse""}, {""manufacturer"":	""(Standard system devices)"",""name"":	""USB Input Device""}, {""manufacturer"":	""(Standard system devices)"",""name"":	""HID-compliant device""}]}]},""Drivers"":	[{""Path"":	""\\system32\\OVRDisplay64.dll"",""Version"":	""1.2.6.0""}, {""Path"":	""\\system32\\OVRDisplayRT64.dll"",""Version"":	""1.2.6.0""}, {""Path"":	""\\syswow64\\OVRDisplay32.dll"",""Version"":	""1.2.6.0""}, {""Path"":	""\\syswow64\\OVRDisplayRT32.dll"",""Version"":	""1.2.6.0""}, {""Path"":	""\\system32\\drivers\\RiftEnabler.sys"",""Version"":	""1.2.6.0""}, {""Path"":	""\\system32\\OVRDisplay32.dll"",""Version"":	""1.2.6.0""}, {""Path"":	""\\system32\\OVRDisplayRT32.dll"",""Version"":	""1.2.6.0""}, {""Path"":	""\\system32\\drivers\\OCUSBVID.sys"",""Version"":	""C:\\Windows\\system32\\drivers\\OCUSBVID.sys not found""}],""Video Device Tree"":	[{""Name"":	""Intel(R) HD Graphics 5500"",""VRAM (MB)"":	0,""Monitors"":	[{""Name"":	""\\\\.\\DISPLAY1"",""Width"":	1920,""Height"":	1080,""Refresh Rate"":	60}, {""Name"":	""\\\\.\\DISPLAY2"",""Width"":	1280,""Height"":	800,""Refresh Rate"":	59}]}, {""Name"":	""NVIDIA Quadro K620M"",""VRAM (MB)"":	1965,""Monitors"":	[]}, {""Name"":	""Microsoft Basic Render Driver"",""VRAM (MB)"":	0,""Monitors"":	[]}],""Devices"":	[{""Product ID"":	1,""Product Name"":	""Oculus Rift DK1"",""Manufacturer"":	""Oculus VR"",""Serial Number"":	""5248I30GED2B"",""Vendor ID"":	10291,""EDID Serial"":	""SerialRD"",""Firmware"":	{""Major"":	0,""Minor"":	17},""Frustum"":	{""Far Z Metres"":	0,""H Fov Radians"":	0,""Near Z Metres"":	0,""V Fov Radians"":	0}}],""Profile"":	{""Player Name"":	""Test"",""IPD"":	0.064000,""Eye height"":	1.675000,""Eye Cup"":	""A"",""Eye Relief"":	3,""Gender"":	""Unknown"",""Eye To Neck"":	0.075000,""Player Height"":	1.778000,""Camera Centered From World"":	{""Camera Centered From World"":	{""x"":	0,""y"":	0.104905,""z"":	0,""w"":	0.994482},""Rotation"":	{""x"":	-0.029504,""y"":	0,""z"":	-0.057788}}}}OVRServer:[TrackingManager] Entering tracking threadOVR::Win32::HIDDevice - Opened '\\?\hid#vid_2833&pid_0001#6&30801b96&0&0000#{4d1e55b2-f16f-11cf-88cb-001111000030}'Manufacturer:'Oculus VR, Inc.'  Product:'Tracker DK'  Serial#:'5248I30GED2B'  Version:'17'{ERR-011} [SensorImpl] Magnetometer calibration not found!OVR::SensorDevice - Closed '\\?\hid#vid_2833&pid_0001#6&30801b96&0&0000#{4d1e55b2-f16f-11cf-88cb-001111000030}'OVR::Win32::HIDDevice - Closed '\\?\hid#vid_2833&pid_0001#6&30801b96&0&0000#{4d1e55b2-f16f-11cf-88cb-001111000030}'[TrackingManager] Broadcasting new HMD count = 0OVR::Win32::HIDDevice - Opened '\\?\hid#vid_2833&pid_0001#6&30801b96&0&0000#{4d1e55b2-f16f-11cf-88cb-001111000030}'Manufacturer:'Oculus VR, Inc.'  Product:'Tracker DK'  Serial#:'5248I30GED2B'  Version:'17'{ERR-011} [SensorImpl] Magnetometer calibration not found!BruteMatcher: Model 0 points, SampleRadius 5.0 deg, 0 samples, 0 triangles[TrackingManager] Broadcasting new HMD count = 1In OnEnterRender SetFullscreenState[AppFocusObserver] Reacting to display change notification (WM_DISPLAYCHANGE).[AppFocusObserver] Reacting to display change notification (WM_DISPLAYCHANGE).In Present SetFullscreenState[AppFocusObserver] Reacting to display change notification (WM_DISPLAYCHANGE).[AppFocusObserver] Reacting to display change notification (WM_DISPLAYCHANGE).[AppFocusObserver] Reacting to display change notification (WM_DISPLAYCHANGE).OVR::SensorDevice - Closed '\\?\hid#vid_2833&pid_0001#6&30801b96&0&0000#{4d1e55b2-f16f-11cf-88cb-001111000030}'OVR::Win32::HIDDevice - Closed '\\?\hid#vid_2833&pid_0001#6&30801b96&0&0000#{4d1e55b2-f16f-11cf-88cb-001111000030}'[TrackingManager] Broadcasting new HMD count = 0OVR::Win32::HIDDevice - Opened '\\?\hid#vid_2833&pid_0001#6&30801b96&0&0000#{4d1e55b2-f16f-11cf-88cb-001111000030}'Manufacturer:'Oculus VR, Inc.'  Product:'Tracker DK'  Serial#:'5248I30GED2B'  Version:'17'{ERR-011} [SensorImpl] Magnetometer calibration not found!OVR::SensorDevice - Closed '\\?\hid#vid_2833&pid_0001#6&30801b96&0&0000#{4d1e55b2-f16f-11cf-88cb-001111000030}'OVR::Win32::HIDDevice - Closed '\\?\hid#vid_2833&pid_0001#6&30801b96&0&0000#{4d1e55b2-f16f-11cf-88cb-001111000030}'OVR::Win32::HIDDevice - Opened '\\?\hid#vid_2833&pid_0001#6&30801b96&0&0000#{4d1e55b2-f16f-11cf-88cb-001111000030}'Manufacturer:'Oculus VR, Inc.'  Product:'Tracker DK'  Serial#:'5248I30GED2B'  Version:'17'{ERR-011} [SensorImpl] Magnetometer calibration not found!OVR::SensorDevice - Closed '\\?\hid#vid_2833&pid_0001#6&30801b96&0&0000#{4d1e55b2-f16f-11cf-88cb-001111000030}'OVR::Win32::HIDDevice - Closed '\\?\hid#vid_2833&pid_0001#6&30801b96&0&0000#{4d1e55b2-f16f-11cf-88cb-001111000030}'OVR::Win32::HIDDevice - Opened '\\?\hid#vid_2833&pid_0001#6&30801b96&0&0000#{4d1e55b2-f16f-11cf-88cb-001111000030}'Manufacturer:'Oculus VR, Inc.'  Product:'Tracker DK'  Serial#:'5248I30GED2B'  Version:'17'{ERR-011} [SensorImpl] Magnetometer calibration not found!OVR::SensorDevice - Closed '\\?\hid#vid_2833&pid_0001#6&30801b96&0&0000#{4d1e55b2-f16f-11cf-88cb-001111000030}'OVR::Win32::HIDDevice - Closed '\\?\hid#vid_2833&pid_0001#6&30801b96&0&0000#{4d1e55b2-f16f-11cf-88cb-001111000030}'OVR::Win32::HIDDevice - Opened '\\?\hid#vid_2833&pid_0001#6&30801b96&0&0000#{4d1e55b2-f16f-11cf-88cb-001111000030}'Manufacturer:'Oculus VR, Inc.'  Product:'Tracker DK'  Serial#:'5248I30GED2B'  Version:'17'{ERR-011} [SensorImpl] Magnetometer calibration not found!OVR::SensorDevice - Closed '\\?\hid#vid_2833&pid_0001#6&30801b96&0&0000#{4d1e55b2-f16f-11cf-88cb-001111000030}'OVR::Win32::HIDDevice - Closed '\\?\hid#vid_2833&pid_0001#6&30801b96&0&0000#{4d1e55b2-f16f-11cf-88cb-001111000030}'OVR::Win32::HIDDevice - Opened '\\?\hid#vid_2833&pid_0001#6&30801b96&0&0000#{4d1e55b2-f16f-11cf-88cb-001111000030}'Manufacturer:'Oculus VR, Inc.'  Product:'Tracker DK'  Serial#:'5248I30GED2B'  Version:'17'{ERR-011} [SensorImpl] Magnetometer calibration not found!OVR::SensorDevice - Closed '\\?\hid#vid_2833&pid_0001#6&30801b96&0&0000#{4d1e55b2-f16f-11cf-88cb-001111000030}'OVR::Win32::HIDDevice - Closed '\\?\hid#vid_2833&pid_0001#6&30801b96&0&0000#{4d1e55b2-f16f-11cf-88cb-001111000030}'OVR::Win32::HIDDevice - Opened '\\?\hid#vid_2833&pid_0001#6&30801b96&0&0000#{4d1e55b2-f16f-11cf-88cb-001111000030}'Manufacturer:'Oculus VR, Inc.'  Product:'Tracker DK'  Serial#:'5248I30GED2B'  Version:'17'{ERR-011} [SensorImpl] Magnetometer calibration not found!OVR::SensorDevice - Closed '\\?\hid#vid_2833&pid_0001#6&30801b96&0&0000#{4d1e55b2-f16f-11cf-88cb-001111000030}'OVR::Win32::HIDDevice - Closed '\\?\hid#vid_2833&pid_0001#6&30801b96&0&0000#{4d1e55b2-f16f-11cf-88cb-001111000030}'OVR::Win32::HIDDevice - Opened '\\?\hid#vid_2833&pid_0001#6&30801b96&0&0000#{4d1e55b2-f16f-11cf-88cb-001111000030}'Manufacturer:'Oculus VR, Inc.'  Product:'Tracker DK'  Serial#:'5248I30GED2B'  Version:'17'{ERR-011} [SensorImpl] Magnetometer calibration not found!OVR::SensorDevice - Closed '\\?\hid#vid_2833&pid_0001#6&30801b96&0&0000#{4d1e55b2-f16f-11cf-88cb-001111000030}'OVR::Win32::HIDDevice - Closed '\\?\hid#vid_2833&pid_0001#6&30801b96&0&0000#{4d1e55b2-f16f-11cf-88cb-001111000030}'OVR::Win32::HIDDevice - Opened '\\?\hid#vid_2833&pid_0001#6&30801b96&0&0000#{4d1e55b2-f16f-11cf-88cb-001111000030}'Manufacturer:'Oculus VR, Inc.'  Product:'Tracker DK'  Serial#:'5248I30GED2B'  Version:'17'{ERR-011} [SensorImpl] Magnetometer calibration not found!OVR::SensorDevice - Closed '\\?\hid#vid_2833&pid_0001#6&30801b96&0&0000#{4d1e55b2-f16f-11cf-88cb-001111000030}'OVR::Win32::HIDDevice - Closed '\\?\hid#vid_2833&pid_0001#6&30801b96&0&0000#{4d1e55b2-f16f-11cf-88cb-001111000030}'OVR::Win32::HIDDevice - Opened '\\?\hid#vid_2833&pid_0001#6&30801b96&0&0000#{4d1e55b2-f16f-11cf-88cb-001111000030}'Manufacturer:'Oculus VR, Inc.'  Product:'Tracker DK'  Serial#:'5248I30GED2B'  Version:'17'{ERR-011} [SensorImpl] Magnetometer calibration not found!OVR::SensorDevice - Closed '\\?\hid#vid_2833&pid_0001#6&30801b96&0&0000#{4d1e55b2-f16f-11cf-88cb-001111000030}'OVR::Win32::HIDDevice - Closed '\\?\hid#vid_2833&pid_0001#6&30801b96&0&0000#{4d1e55b2-f16f-11cf-88cb-001111000030}'[AppFocusObserver] Reacting to display change notification (WM_DISPLAYCHANGE).OVR::Win32::HIDDevice - Opened '\\?\hid#vid_2833&pid_0001#6&30801b96&0&0000#{4d1e55b2-f16f-11cf-88cb-001111000030}'Manufacturer:'Oculus VR, Inc.'  Product:'Tracker DK'  Serial#:'5248I30GED2B'  Version:'17'{ERR-011} [SensorImpl] Magnetometer calibration not found!OVR::SensorDevice - Closed '\\?\hid#vid_2833&pid_0001#6&30801b96&0&0000#{4d1e55b2-f16f-11cf-88cb-001111000030}'OVR::Win32::HIDDevice - Closed '\\?\hid#vid_2833&pid_0001#6&30801b96&0&0000#{4d1e55b2-f16f-11cf-88cb-001111000030}'OVR::Win32::HIDDevice - Opened '\\?\hid#vid_2833&pid_0001#6&30801b96&0&0000#{4d1e55b2-f16f-11cf-88cb-001111000030}'Manufacturer:'Oculus VR, Inc.'  Product:'Tracker DK'  Serial#:'5248I30GED2B'  Version:'17'{ERR-011} [SensorImpl] Magnetometer calibration not found!OVR::SensorDevice - Closed '\\?\hid#vid_2833&pid_0001#6&30801b96&0&0000#{4d1e55b2-f16f-11cf-88cb-001111000030}'OVR::Win32::HIDDevice - Closed '\\?\hid#vid_2833&pid_0001#6&30801b96&0&0000#{4d1e55b2-f16f-11cf-88cb-001111000030}'OVR::Win32::HIDDevice - Opened '\\?\hid#vid_2833&pid_0001#6&30801b96&0&0000#{4d1e55b2-f16f-11cf-88cb-001111000030}'Manufacturer:'Oculus VR, Inc.'  Product:'Tracker DK'  Serial#:'5248I30GED2B'  Version:'17'{ERR-011} [SensorImpl] Magnetometer calibration not found!BruteMatcher: Model 0 points, SampleRadius 5.0 deg, 0 samples, 0 triangles[TrackingManager] Broadcasting new HMD count = 1If you need any further information, please let me know; thanks.",1444089540.0,244289.0,,,,,0.0,923155.0,Explorer,
M003,21,6,Game Graphics,11,Rendering Issues,338726.0,,"Unfortunately, no.i7 3820
16 gigs of Ram
GTX 780ti",1452303240.0,338725.0,,,,,0.0,231875.0,Expert Protege,
M003,22,6,Game Graphics,11,Rendering Issues,327943.0,,"""Wilkin"" wrote:what? while you are at it, can you please demand Microsoft to go open source as well? And Sony (there are a few things to get sorted out in the PS4 firmware), and of course iOS (I demand full documentation about the functions, my iPhone keeps falling from WiFi, and if they can not come up with a solution, the community surely will!)You have heard of dlls?  Any proprietary code can be wrapped thus with clear interface specification.However why not show us how the runtime interacts? Maybe guys can reject it on certain windows architecture constraints and fork another way to put it together.Which moves me to the question why the runtime?  This increasing looks to me like a pre-alpha rut OVR are in- CV1 will not happen if they do not move on.",1414641180.0,327919.0,,,,,0.0,20442.0,Honored Guest,
M003,23,6,Game Graphics,11,Rendering Issues,33915.0,,"Hi grovelearning,May I know the SDK version you used?Thanks.BR,Sean Lulearning",1586122800.0,33712.0,,,,,,33630.0,Employee,
M003,24,6,Game Graphics,11,Rendering Issues,41835.0,,"On 8/6/2021 at 12:01 AM, C.T. said:What's ur NV driver versionI posted my NV driver version I just wanted to ask if I could get that build that fixed the other peoples problems?",1628352420.0,34045.0,,,,,,41925.0,Verified Members,
M003,25,6,Game Graphics,11,Rendering Issues,34586.0,,"Hi Immersive Sound VR,Thank you for your kindly reply.The VIVE 3DSP Audio SDK does not have this feature currently.  This is under planning and may be included in VIVE 3DSP in the future.If you have any further questions, please ask here and we would be happy to help you.Best regards,Prof. 3D Sound",1587508320.0,34548.0,,,,,,28781.0,Employee,
M004,1,22,Light Design,11,Rendering Issues,254076.0,,"OVRCameraRig.cs:135 has this:OVRPose tracker = OVRManager.tracker.GetPose(0d);It would only fail if OVRManager.tracker wasn't assigned in OVRManager.Awake(). Do you have an active OVRManager in the scene? If you are using multiple OVRCameraRigs, make sure to put the OVRManager on a separate, stand-alone GameObject in the scene, because the ones on the OVRCameraRig prefabs will conflict. This is a known issue we will fix in a future release.",1458028440.0,254053.0,,,,,0.0,413384.0,Oculus Staff,
M004,2,22,Light Design,11,Rendering Issues,58013.0,,"On 4/3/2024 at 11:37 AM, Johnson_Wu said:HiaFirst, for the crash while launching app, please make sure the Support Vulkan in project settings isdisabled.And could you share the crash log with us to check? Thanks!I recommend you to get started from Virtual Reality Template Map to align the project settings for VR.And follow the documentation to set the project.https://hub.vive.com/storage/docs/en-us/UnrealPlugin/UnrealPluginGettingStart.htmlBR,JohnsonSorry for reply late!I'm sure I dIsabled the Support Vulkan and open the OpenGL ES 3.2, and I follow  the document strictly, and I find the document is for UE4.27 or UE5.0, Is that useful for UE5.2?Here are some log,I wish they are useful.Anyway,Thank you a lot for your replylog.txtLog1.txt",1712425020.0,57963.0,,,,,,68241.0,Verified Members,
M004,3,22,Light Design,11,Rendering Issues,634656.0,,"Shadowmask72said:Hehe, I remember diving into Half Life 2 VR mod back in the DK days and was my first (and last) taste of VR sickness. The movement speed was uncannily fast and churned my stomach after about 15 minutes. It was pretty awesome though up until this point. City 17 looked great. I can't wait to sample it again with less unsavory results this time.When is this update due?I went through it up to the end of Ravenholm on my DK2. The hardest part for me (VR sickness-wise) was the hoverboat section--the way it moved made me a little queasy. Well, that and the sudden freezes of the image during loading screens, which I found particularly uncomfortable.DK2, CV1, Go, Quest, Quest 2, Quest 3.Try my game:Cyclops Island Demo",1498173120.0,634651.0,,,,,0.0,9.0,MVP,
M004,4,22,Light Design,11,Rendering Issues,38996.0,,sI did not find it in the SRanipal SDK documentation. Could you plz send me the link of this documentation? Thanks in advance,1610703900.0,35947.0,,,,,,38019.0,Verified Members,
M004,5,22,Light Design,11,Rendering Issues,286580.0,,"DIY wooden base for a used car seat (The same one installed in my real life C1 car.) = 100 bucks (seat included)Keyboard on a board above my lap attached to the desk drawers, just beneath my wheel. = 5 bucks (also a good joystick stand / mouse pad)4K UHD Display above my wheel, replaced my triples (Triples had to go, rift is that much better. A GTX 970 Card that is able to drive my rift, is also able to drive 4K  8-) )This setup is good for any kind of driving/flying/diving simulation and for any kind of work at hand.",1416519120.0,286561.0,,,,,0.0,488980.0,Honored Guest,
M004,6,22,Light Design,11,Rendering Issues,1009433.0,,"Hey there,29083! We just wanted to check in since we haven't heard back from you yet. If you'd still like help with this just let us know, we'd be glad to help out!If you're the author of a thread, remember to mark a reply as the Accepted Solution to help others find answers!",1671323880.0,1008943.0,,,,,0.0,16864.0,Community Manager,
M004,7,22,Light Design,11,Rendering Issues,27272.0,,thankskvrtravelerbut I'm looking for an industrializable solution because I have 100 headset to set up😉,1565067060.0,27269.0,,,,,,30669.0,Verified Members,
M004,8,22,Light Design,11,Rendering Issues,67618.0,,I received my Rift today and so happy to have a chance to play Quake in VR.  nice work and thanks!,1373025780.0,67609.0,,,,,0.0,141763.0,Honored Guest,
M004,9,22,Light Design,11,Rendering Issues,143334.0,,"Just got a email to confirm my details before they ship.I ordered very late😞I'd be amazed if I got it in August.2014-05-20 17:55:43APPLE LOVE iPhone, iPad, Macbook Pro, iMac
GTX 970, 16GB, Water-cooled MONSTER.",1405673340.0,143301.0,,,,,0.0,388301.0,Explorer,
M004,10,22,Light Design,11,Rendering Issues,353290.0,,"I've been messing with VorpX for a few weeks - It does take some messing with to figure out what works and what doesn't - some things work for some games.....some things don't - Some times you need to make a vorpx shortcut for the game....sometimes you don't.I have mainly been using it for the novelty of playing some games in 3D - but most ""VR"" seem too big and ""Fisheyed"" for me to enjoy for long despite messing with all the settings - and the lack of positional tracking takes away from what I was hoping for on most games.The cinematic feature is pretty cool. Still on the fence if it was worth paying for - but it's pretty neat for what it is at this time.",1450736100.0,353287.0,,,,,0.0,722897.0,Expert Protege,
M004,11,22,Light Design,11,Rendering Issues,683968.0,How to rotate an object using Oculus Touch Controller?,How do I rotate an object using Oculus touch controller - I would like to rotate a cube only on z-axis when the trigger button is pressed and the cube rotates with respect to the touch controller when it is dragged or moved. The object should stop rotating when the trigger button is released.,1556051760.0,,,,0.0,,1.0,453507.0,Explorer,oculus|unity
M004,12,22,Light Design,11,Rendering Issues,55302.0,,"Could you please add a content lock switch? Hand tracking makes it easy to accidentally touch content, thanks@C.T.",1697690100.0,55038.0,,,,,,61004.0,Verified Members,
M004,13,22,Light Design,11,Rendering Issues,208707.0,,Yes you can ignore the malware/virus warnings.Virtual DesktopDeveloper,1453678800.0,206970.0,,,,,0.0,338093.0,Protege,
M004,14,22,Light Design,11,Rendering Issues,62121.0,,Which API do you use? How is the latency? What fps have you configured in the PS eye?,1371912300.0,62115.0,,,,,0.0,8977.0,Protege,
M004,15,22,Light Design,11,Rendering Issues,328826.0,,"Now obviously you do want a take-my-gl/dx-textur-and-draw-it-to-the-hmd funtion for the reason you outline. Now to do this you shouldent have to do all the nasty things OVR does.Beside that i do want a here-take-my-pixels function too. Yes you might not be rendering on the GPU (Raytracing, video playback...) and in these cases you want to do your own warping. lots of hardware (intel, AMD, mobile) has unified memory architecture so there is no bus to shuffle over. With the state of the current  state of the drivers it would also be a good fallback despite any performance issues.The way i see it the OVR could open another window on the HMD, bind it to a new GL context and then use wglShareList to link it to the context of the client application, then when the client gives it one or two textures, switch to its own context and draw to its window.",1424681640.0,328823.0,,,,,0.0,419218.0,Honored Guest,
M004,16,22,Light Design,11,Rendering Issues,75952.0,,"I just wanted to say thanks for your hard work on this. I enjoyed really enjoyed Quake2 with my DK1, and I have just recently got this working with DK2, and it is awesome!There are very few things working well at the moment for for me in DK2, but Q2 really demonstrates to me how amazing this hardware and the experience is, when everything is working well.Thanks again.Ben.Ben Librojo.http://www.VR-Gameplay.comFlying Aces VRCombat Helicopter VRRetro Invaders VR (VR Jam 2013)",1407812940.0,75787.0,,,,,0.0,106828.0,Explorer,
M004,17,22,Light Design,11,Rendering Issues,64072.0,,"hmm, that would mean that the player could never look down and see their body.I found someinstructions on adding the OR camera to the car tutorial, so I guess something like would work. I just have to figure out how to made the WASD scripts apply to the body instead of the camera.",1385036640.0,64070.0,,,,,0.0,64874.0,Honored Guest,
M004,18,22,Light Design,11,Rendering Issues,309742.0,,"Awesome!Sadly, I'll be travelling on that night, but I hope everyone has a good time.AMD Ryzen 7 1800X | MSI X370 Titanium | G.Skill 16GB DDR4 3200 | EVGA SuperNOVA 1000 | Corsair Hydro H110i
Gigabyte RX Vega 64 x2 | Samsung 960 Evo M.2 500GB | Seagate FireCuda SSHD 2TB | Phanteks ENTHOO EVOLV",1447736220.0,309741.0,,,,,0.0,3173.0,Grand Champion,
M004,19,22,Light Design,11,Rendering Issues,320813.0,,i seem to have the same issue. trying to get super bike TT. but it wont load properly. windowed it only shows up on one side of the rift. if i uncheck windowed i get a split view in the rift. but on other demos when it has a direct to rift .exe it works perfectly.,1414382100.0,320808.0,,,,,0.0,707528.0,Honored Guest,
M004,20,22,Light Design,11,Rendering Issues,52711.0,,Unity 2022.2.18. I have been able to get some scenes working in URP so my guess now is that it is a performance issue on the headset.,1684055460.0,52597.0,,,,,,60848.0,Verified Members,
M004,21,22,Light Design,11,Rendering Issues,42889.0,,To everyone that has been skipped for people that ordered after you this has been happening a lot and don't seem like it is going to stop... Thing is the orders in the 5k range that are going to processing aren't in the US I guess they are shipping by region even tho people that ordered earlier still haven't got them. It's bull shit but nothing we can do but wait I just wish they would let us know something. :?Oculus Rift Gameplays & ReviewsTwitterFaceBook,1373889300.0,41227.0,,,,,0.0,34099.0,Explorer,
M004,22,22,Light Design,11,Rendering Issues,170294.0,,"I am getting..XML Parsing Error: not well-formed Location:https://developer.oculus.com/Line Number 64, Column 19:	AR/VR R&Dit should be AR/VR R&D ?--EDIT--ah.. I'm guessing the team name (that variable) is not encoded for use in HTML.",1411182540.0,170290.0,,,,,0.0,460304.0,Honored Guest,
M004,23,22,Light Design,11,Rendering Issues,106639.0,,"""vin"" wrote:""LouisB"" wrote:For one, there are people who don't HAVE the money to throw at buying a dev kit AND a consumer model.Then they should have waited for the consumer model.I think his point is that those people ARE waiting for the consumer model, and that a proposed forum membership system based on an Oculus Rift serial number would block those people from being involved, even though they have a definite interest in developing for the Oculus Rift.",1374586500.0,106582.0,,,,,0.0,97886.0,Honored Guest,
M004,24,22,Light Design,11,Rendering Issues,189014.0,,"""crystalis"" wrote:Oculus Strategy:P.S.:Sorry guys, but that's how it looks likeits ok we are sorry too😐",1412184540.0,188121.0,,,,,0.0,531124.0,Honored Guest,
M004,25,22,Light Design,11,Rendering Issues,53553.0,,"This is for actual IRL nightvision, kinda.",1395006840.0,53551.0,,,,,0.0,226987.0,Explorer,
M005,1,36,Sound Design,34,Audio and Visual,26563.0,Making Progress with Torque 3D,"Hey Rift Peeps!I've decided to tackle the barrel distortion shader first with Torque 3D.  That way I can immediately see my results of my work in the Rift.For now, I've not worried about rendering a stereo pair from the engine as that will require some modifications to Torque 3D's graphics pipeline.  In its place I take T3D's standard rendering and crop out a center strip (with the cropping shifted left and right to simulate the eye separation based on values from the OVR SDK) and build a stereo-like pair.  So far this has been a decent stand-in for true stereo rendering.I then apply the OVR SDK given barrel distortion shader to my fake stereo-pair image and end up with the following:T3D-Rift-Test-02.jpgI'm also not scaling up the input texture (as discussed in section 5.6.3 of the docs) and instead am taking a hit to the resolution of the final image to get the larger FOV.  In the image above I'm scaling the distortion shader'sScaleconstant by 0.8.  Down the road I'll add proper support for the larger input texture to Torque 3D (which will also require some graphics pipeline changes).Even without true stereo rendering the experience in quite compelling.  Next up, head tracking!My ultimate goal would be to combine my Razer Hydra integration with the Rift for a sweet demo.  If you're interested, you can read about my T3D Hydra integration here:Torque 3D Now Supports the Razer Hydra Controller.- DaveEDIT: Image attachments are pretty limited in size, eh?  It would be great if the forum supported auto-scaling of the image with a link to the full size.",1361889720.0,,,,43.0,,0.0,3182.0,Explorer,
M005,2,36,Sound Design,34,Audio and Visual,490141.0,,I just noticed this yesterday....... Elite dangerous on steam. Got stuttery and laggy in the rift. Made dicking nearly impossible.,1499303640.0,490123.0,,,,,0.0,436613.0,Expert Protege,
M005,3,36,Sound Design,34,Audio and Visual,877281.0,DCS World 2.7 new Free to Play Program,"DCS World is an incredible study level combat flight simulator. It encompasses several maps, and a number of different aircraft modules to include jets, WWII birds, and choppers. It has been around for quite a while now and has a very significant following in both single player and multiplayer. It is continually updated and improved by Eagle Dynamics.They recently introduced a Free to Play Program.  For 6 months any aircraft module for a period of two weeks. After the initial 6 months again another 6 months - any aircraft module for a period of two weeks. Now this was announced on June 11th so that first month may already have passed not sure on that.I have been a big fan of DCS since around 2008 and can tell you it is  quite an amazing combat flight simulator. I have quite a number of hours in the F/A 18-C Hornet and love flying carrier ops with it. And yes it has native Oculus support along with Steam VR.Check out the vid:",1626660240.0,,,,0.0,,0.0,,Not applicable,
M005,4,36,Sound Design,34,Audio and Visual,51883.0,Having trouble enrolling Vive Focus 3 to Vive Business Managment System,"I am following these instructions to get my Focus 3 registered in Vive Business Management System. I restart the headset but I can never get it to read the QR code. I press the button 3 times and I see my surrounding(inside out tracking), I look as close as I can to the QR code but nothing happens. Has anyone been able to get the QR scanner to show up after a restart? I have yet been able to reach step 5. Thanks for anyCopy of the Instructions:Enrolling the deviceYou’ll need to enroll your devices to use VIVE Business Management System to manage them.1. Factory reset VIVE Focus 3.2. Make sure the generated QR code is showing on your computer screen. See Generating a QR code to enroll devices.3.After VIVE Focus 3 restarts, wear the headset, and then press the headset button three times in succession to enable QR code scanning.4. Use the headset to scan the QR code on the computer screen. A dialog box opens detailing the enrollment process. Tip: When scanning the QR code: • Have a distance of 15 to 20 cm between the headset and computer screen. • QR code dimensions on computer screen: At least 15 x 15 cm.5. Follow the onscreen instructions to enroll the device.6. After successfully enrolling the device, it will show a message saying the enrollment was successful. The device will then go to the start of the setup process (OOBE).7. On your computer, check VBMS. You’ll see an Enrollment successful message. Click OK.",1680088680.0,,,,,,,60893.0,Verified Members,
M005,5,36,Sound Design,34,Audio and Visual,320621.0,,"HelloI don't know if I fully agree with the Omni being a total failure as in certain situations it most certainly has a place in VR. Imagine going on long walks incident just sitting in a chair using a controller. Having the ability to move freely in any direction within VR can only add to the emersion and the sense of presence. For suchlike applications it most definitely has a place. My belief is that it's downfall will be its totally unreasonable price just like Google glasses, as for Microsoft's HoloLens rumours are that it would be released in the launch period of Windows 10 which could be as early as 2016?.  :ugeek:",1424386920.0,320608.0,,,,,0.0,777438.0,Explorer,
M005,6,36,Sound Design,34,Audio and Visual,742673.0,Recommendations/Best Practices for floor- and wall design to improve tracking,"Hey Devs! I am responsible for the design of a dedicated VR room within a museum to be used with the Oculus Quest. The museum is currently under construction, I have to make some fundamental decisions now: Most importantly, I have to define the requirements for the design of the floor and walls. To optimize the tracking of the quest, these surfaces should be contrasting and as irregular as possible, avoiding super even patterns and uniformly colored surfaces.But: Is there an official specification for this? Anything that I could give to the interior design office? Or do I have to formulate and define it myself.Do you have specific experiences that I should add?",1594144740.0,,,,2.0,,0.0,620871.0,Honored Guest,Oculus Quest|tracking
M005,7,36,Sound Design,34,Audio and Visual,123875.0,,"Nobody outside Oculus really knows if/when a new Dev Kit or anything else  will show up.Considering you probably purchased or will purchase a current Dev Kit, you will not be 'upgraded'. I may be wrong, but I feel people knew what they were buying and that if they want any future Dev Kit release they will have to purchase that separately. Anyone that claims that is unfair should reconsider how they spend their money.Of course, I'm not against free upgrades. I'd love that to happen.😄",1368423120.0,123874.0,,,,,0.0,3603.0,Honored Guest,
M005,8,36,Sound Design,34,Audio and Visual,693084.0,,"Hehe, I searched for it on here, but I searched for the full name ""ovr_SetControllerVibration"" and the only post found was somebody 2 years ago wanting to use it with an xbox controller (he couldn't get it to work, was that because it doesn't support xbox vibration or because the function was broken even back in runtime 1.3?).I see there's much more hits when the ovr_ is cut off the front.🙂I've got ovr_SubmitControllerVibration working now with a polled queue refreshing system sending off little 24 byte buffers when the queue gets low. More code than the single function call would have been.(24 bytes because it evenly fits the pattern needed for 320hz, 160hz, 106.66hz and 80hz and is close to the 20 byte size the runtime recommends)",1532660100.0,693081.0,,,,,0.0,11.0,MVP,
M005,9,36,Sound Design,34,Audio and Visual,212779.0,VR Surround 'Video' Format?,"I'm wondering if anyone is working on a VR 'Video' format, to clarify this would not be a projection onto 2D space but a projection onto 3D space with enough resolution and 360 degrees coverage to allow someone with a VR HMD to look around as the 'video' plays.Also what would be the best way to store a fixed stereoscopic cameras 3D surroundings?  Would two 360 IMAX style video projection spheres be enough to provide the illusion or would a 3D voxel or mesh based information also be needed.Then there is the issue of how to capture the footage and ensure that it provides an immersive experience.The objective would be a streamable format that plays like a video but allows the viewer to be immersed with complete freedom of head movement from a 'static' location.So wondering who is working on this and what movie would you like to see made in a 'Surround VR' format?VR Surround could also be a great way to provide Trailers or Demos of VR games/experiences that get around the 2D projection problem, although a VR Surround format could also be played in flat mode.",1409699220.0,,,,0,,0.0,8476.0,Explorer,
M005,10,36,Sound Design,34,Audio and Visual,660406.0,,"Hey there, nice idea for a topic!I would definitely love Halo (1 to 3) and FarCry (2 to 5) in VR! Battlefield and CoD in VR would be nice, but cross-platform would be totally unbalanced. VR gives a bigger FOV, more natural camera/weapons movement and more FPS (90 vs 60). Even the so-called ""PC master-race"" wouldn't stand a chance against a VR veteran player!Personally, I would love:- Oblivion VR. I love Skyrim (the VR version as well, despite its very poor interface), but I really miss Cyrodiil ! Given that it's an old game, a VR remastered version would be really cheap and would run even on weaker PCs.- Devil May Cry 4 VR (in first person, obviously). The graphics were wonderful when it was released, and the game isepic!- World of Warcraft VR. This game hasso muchto offer. People already hooked on this game in normal version, so in VR... nobody would ever get out! This is really the kind of game that I'm expecting for VR.- Until Dawn in VR would be sick as hell. Granted there wouldn't be that much interaction with the environment ; but to experience those various deaths in first person can definitely bememorable.- The Batman Arkham series would be terrific. Arkham VR was fantastic despite the very poor gameplay, so I can't imagine how fun it would be to get the other games ported and in first person!",1538691660.0,660405.0,,,,,1.0,,Not applicable,
M005,11,36,Sound Design,34,Audio and Visual,3294.0,Steam VR Test,"Hello!New here, and considering getting an HTC Vive Pro.I just ran the Steam VR Test and it says my GPU can't handle it. But um... it's a GTX 1080Ti.Something is wrong, right? I've seen systems with a GTX 980 Ti get a green result...",1525618440.0,,,,,,,22471.0,Verified Members,
M005,12,36,Sound Design,34,Audio and Visual,67438.0,,"Ah that's okay, most likely when using rift applications i will do so in fullscreen, so that'll pull the resolution of the main monitor down to whatever the application wants / the rifts native resolution if that program allows it, but allow it to be running at the full 1080 when not in said applications, which is all i needed to know :3Cant wait to get started, i managed to get my order in like, 1-2 days before the order page switched to say new orders were going out in November so hopefully i scraped under the wire there, and will get it this month. If not it'll be a frustrating wait, but a worthwhile one :3Ordered 30th September. 081xxx -Delivered 11/11",1380791280.0,67436.0,,,,,0.0,168178.0,Honored Guest,
M005,13,36,Sound Design,34,Audio and Visual,42221.0,,"I work at an arcade that is using 8 vive wireless setups and one of our headsets started recently having this problem. I have done the following in an attempt to diagnose the issueTried every fix in the above thread.Swapped our wireless unit onto another headset, and tested with a different setup. Still running into the issue.",1630521720.0,4657.0,,,,,,48731.0,Verified Members,
M005,14,36,Sound Design,34,Audio and Visual,145426.0,,"""luiting57"" wrote:I'm 57 years old and I want to use the Rift for web design. As a Web Designer and Developer I sort of saw this coming when I saw the FireBox web browser, I guess. I don't have interest in games except that they are pretty cool. I want high resolution AR and VR as well as web.Just saying.VR will make that possible. as a designer or engineer you have got to be excited about VR and its possibilities. Everyone's seen Iron Man. the computer Jarvis and its deconstruction in 3d isnt possible just yet in real life.. but its VERY VERY possible in VR. along with the ability to do just as he does in the movie with the hand gestures.Webpages will be in 3d in VR. you can manipulate them using flicks of your fingers/wrists or reaching out to grab/pull/zoom manipulate via some form of outside camera that captures your motions such as the kinect or leap motion controller.The only thing limiting that i see so far is how far your imagination will carry you.",1395801840.0,145368.0,,,,,0.0,360182.0,Honored Guest,
M005,15,36,Sound Design,34,Audio and Visual,43585.0,,"""1karl1"" wrote:Watching England is hard enough on a black and white portable nevermind VR . Pub / huge projector screen is much more tempting than anything VR could do .Can't really beat the pub can ya but VR will be able to offer a good experience!""Some people say VR can take you anywhere in the world, I say VR can take you anywhere in your imagination"" 

Intelligent-Visualshttp://www.ivvr.ukhttp://www.intelligent-visuals.comhttps://www.facebook.com/intelligentvisuals",1402532820.0,43572.0,,,,,0.0,272737.0,Honored Guest,
M005,16,36,Sound Design,34,Audio and Visual,283325.0,,"I would wait. We're not far from the release of consumer vr. From my observations, the people who feel the need to ask ""is it worth it?"" are often the ones who are disappointed. If you NEED vr in your life asap and can't wait any longer, I say go for it. But, if you find yourself going back and forth and struggling with the decision, it's a sign that you don't want it that bad and might be the type of user that has a hard time accepting the many shortcomings. Finished hardware will be here before you know it. Just my 2 cents.i7 3820
16 gigs of Ram
GTX 780ti",1429316040.0,283324.0,,,,,0.0,231875.0,Expert Protege,
M005,17,36,Sound Design,34,Audio and Visual,1064592.0,,Same problem with this... have you discovered something about the solution?,1688606760.0,1037695.0,,,,,0.0,834200.0,Honored Guest,
M005,18,36,Sound Design,34,Audio and Visual,95171.0,,Very nice! I had to try a few different things and download the CCCP codec pack but ultimately got it to work. Was worth the effort😉The Test v0.3Rift Command v0.13World of Reddit v0.16Bombshell Betsy v0.2,1387818420.0,95152.0,,,,,0.0,115783.0,Honored Guest,
M005,19,36,Sound Design,34,Audio and Visual,270837.0,,"Thank you so much. The Chair is the first thing that properly worked! And it is totally amazing. Sure, performance could be improved, but it's a start.Please let me know if you know anything else that works on Linux. Did you already try using Windows on a VM? I think I need to borrow my girlfriend's Mac. I assume Mac's performing better in terms of compatibility with the Oculus Rift?",1427873280.0,270714.0,,,,,0.0,783120.0,Honored Guest,
M005,20,36,Sound Design,34,Audio and Visual,890057.0,,Wow - for real? Thank you so much for sharing this... On the road just now but will try it out asap.Cheers!,1634863320.0,889986.0,,,,,0.0,1384162.0,Protege,
M005,21,36,Sound Design,34,Audio and Visual,364616.0,,Every time I do a debug/run iteration from my visual studio C++ programs I keep facing this screen and having to click through unfortunately.  As a developer I just want my programs to launch straight away each iteration cycle with non of this as it's wasted time - that ironically makes me spend more time then I would like in VR.  Also the amount of RAM that Oculus home uses is unacceptable.  So I think they have some way to go before the current releases development process is smooth IMHO,1459428180.0,364613.0,,,,,1.0,935294.0,Protege,
M005,22,36,Sound Design,34,Audio and Visual,59056.0,DarkBASIC - Oculus Rift integration,"Heya rifters,After a few stabs and tinkerings on the ol programming bench. I've managed to create a little plugin that would enable anyone with DarkBASIC to integrate OR into their existing project. The files together with the demo source is included in the attachment below.Haven't test much on other machine though aside from my dev pc. So not to sure on the performance claims here.I will of course try to tweak it more to perfection where possible..Dont expect this to be full blown awesome eyecandy in the demo though. Its just a proof of capability. Pretty much it should take care of all the Oculus Rift needs to function.Some keys to press in the demo:UP and DOWN key for movement. Moving towards where you are looking at via rift.- Scale Oculus scopeq to reduce the x scale valuew to increase the x scale valuea to reduce the y scale values to increase the y scale value- Lens offsetz to reduce the left lens offset valuex to increase the left lens offset valuec to reduce the right lens offset valuev to increase the right lens offset value- Eye offset- to reduce the left eye offset value+ to increase the left eye offset value[ to reduce the right eye offset value] to increase the right eye offset valueHappy coding....",1389498600.0,,,,3.0,,0.0,144092.0,Honored Guest,
M005,23,36,Sound Design,34,Audio and Visual,43155.0,,The batch that went into processing for NA 51XXX went into processing 8 days ago... Not 14.,1374912000.0,41227.0,,,,,0.0,38057.0,Explorer,
M005,24,36,Sound Design,34,Audio and Visual,403299.0,,"your arms are like 8 feet longhush little babeh dont say a word
and nevermind that noise u herrd  :shock:",1454726040.0,403296.0,,,,,0.0,1090396.0,Protege,
M005,25,36,Sound Design,34,Audio and Visual,534234.0,,"Peeps only get one vote each, so unless the devs, of any particular game, outnumber the customers of said game, which wouldn't be such a good business model, then a true reflection of the game's quality should eventually be the result.  Providing of course all customers exercise their right to a vote.I suppose it could be a problem if the devs were to all vote in favour before anyone else gets a chance, as an unwary reader is likely to be influenced by said votes.  However, i would imagine that any thus affected customer would dramatically reduce the chances of anyone else suffering the same fate, via a suitably worded post in the thread.Trust is very hard to earn and very easy to lose, so i wouldn't expect devs to try this on, for the sake of what would be a very small short term gain.  Plus the fact that it is likely to be a royal pain in the proverbial for anyone trying to enforce a selective voting ban on any individual.",1472707800.0,534186.0,,,,,0.0,1209474.0,Superstar,
M006,1,1,Audio Interactions,34,Audio and Visual,144004.0,,"Yes, it is enabled. If I choose the curved flatscreen I see a black curved flatscreen on two posts  right in front of me and behind it about 100 feet beyond the checked floor the video is playing in the distance.I just found the same is true with old TV. The TV is sitting right in front of me with a black screen and the video is playing behind it on a very large screen.DK2 on ASUS Rampage V i7-5930k hz, GTX 780ti, 32GB DDR4 RAM, 500GB SSD Win 7 Pro",1411203840.0,143537.0,,,,,0.0,360076.0,Explorer,
M006,2,1,Audio Interactions,34,Audio and Visual,37871.0,,Hiave you tried the solution I posted in another thread?https://forum.vive.com/topic/8921-hand-tracking-use-in-unity/?do=findComment&comment=37867,1602717180.0,37775.0,,,,,,27994.0,Verified Members,
M006,3,1,Audio Interactions,34,Audio and Visual,266210.0,,"Oculus has not released the exact specs of the tracking volume in the Crescent Bay prototype. However, I think it's safe to say that it is a good improvement over DK2, especially in terms of turning 360 degrees (thanks to LEDs on the back of the headset).",1415585820.0,266208.0,,,,,0.0,3173.0,Grand Champion,
M006,4,1,Audio Interactions,34,Audio and Visual,315418.0,,"If you could just put up the server again in the meantime, that would be great! I miss shooting zombies!😃DK1 - previously owned
DK2 - 2014-08-26RECEIVED(ordered 2014-04-24)
CV1 - 2016-05-25RECEIVED(ordered on release day)
Touch - 2016-12-07RECEIVED(pre-order with CV1)",1425167640.0,315339.0,,,,,0.0,247108.0,Protege,
M006,5,1,Audio Interactions,34,Audio and Visual,221241.0,,"As a professional Graphic Designer I'm curious about how the Rift might replace my triple 27"" design rig. For the near future I expect to be designing in 2D although I would love to get involved in 3D. At the moment the interface (AKA the product, according to Steve Jobs) takes up around 130 degrees or so of my view, I have the main monitor for Ilustrator, InDesign and Photoshop, and the peripheral monitors for email, file explorer, google chrome and so on. A 360 degree interface would revolutionise not only design but also other multi-monitor applications if only they could get the swipe interface standardised. Heck, I even trialled using Voice Attack at work to make app control smoother but the audio environment is just too unpredictable. This is where the Leap Motion will come into it's own.Swipe or pinch and grab to rotate the UI sphere to bring up email, web browser, file manager, CRM. In the design apps there are so many ways that VR can enhance and enable even 2D design over what the latest Wacom can achieve. Grab and pull to zoom or bring closer. Make it so!",1411747740.0,221237.0,,,,,0.0,176124.0,Explorer,
M006,6,1,Audio Interactions,34,Audio and Visual,122821.0,,"Scott : Thanks!rum   : The diorama was specially designed for the Rift. Learned alot! I hope to release a new diorama experience soon! Good that you experienced it like a short! That's the right mindset to enjoy the scene!Soon I will do an announcement for my bigger diorama project, The Pigeon Man. Can' t wait to officially kick off the project and share some concept art🙂You can follow my FB page if you would like to stay updated and see some work in progress stuff!http://www.facebook.com/shoeboxdioramaPS. How did it feel to be a blocked in citizen ?Stay Updated :http://www.facebook.com/shoeboxdioramaVisit my site:http://www.theshoeboxdiorama.comTwitter: rombeyond
Download Diorama no.1 : Blocked In :https://share.oculusvr.com/app/blocked-in‎",1392357780.0,122753.0,,,,,0.0,8987.0,Honored Guest,
M006,7,1,Audio Interactions,34,Audio and Visual,553141.0,,"Glad you like it, a newer version will be released later tooWe are now on Patreon!https://www.patreon.com/mgsstudiosFeel free to have a look around as there are some nice special offfers.Owner of MGSStudioshttp://www.mgsstudios.com",1488571200.0,553133.0,,,,,0.0,284730.0,Heroic Explorer,
M006,8,1,Audio Interactions,34,Audio and Visual,480362.0,,"if using eye height mode I think you can just run the reset command and it should reset the camera to the correct height. IM doing similar in my app, I can be either sitting or standing, then switch and call the reset command (recentre pose) and Im back at eye level.Something like:OVRManager.display.RecenterPose();",1471197600.0,480361.0,,,,,1.0,521118.0,Rising Star,
M006,9,1,Audio Interactions,34,Audio and Visual,157546.0,,Just received the DK2 package here in Finland.Just for fun made a google map with UPS departure times and dates where the last entry is receiving DK2.https://mapsengine.google.com/map/edit?mid=z8SXrVB_s-uo.kA1Np-0zWgdw,1407959820.0,157066.0,,,,,0.0,592372.0,Honored Guest,
M006,10,1,Audio Interactions,34,Audio and Visual,101717.0,,"Thanks!I think it really depends on the learning objectives.  It certainly isn't perfect, but neither are the clunky (and incredibly expensive) real-world medical training simulations I've seen either.I'm confident that the HD version, and subsequent evolutions in this tech will take this all to a new level of immersion, where it will become a powerful technology for medical training and simulation.",1381984980.0,101708.0,,,,,0.0,8498.0,Honored Guest,
M006,11,1,Audio Interactions,34,Audio and Visual,1061055.0,,"Thanks for the reply. My understanding of Spectator mode is that it creates a virtual camera in the 3D space, but this would still display on both screens/lens within the Quest2. Could you elaborate a little more if you think that it might provide the correct solution for what I need please? Thanks",1687453680.0,1060818.0,,,,,0.0,1048043.0,Honored Guest,
M006,12,1,Audio Interactions,34,Audio and Visual,201908.0,,"""fugazi"" wrote:WWWOOOOWWWW!!!!!The improvement in performance is significant, for example,  Metroid Prime, first scene (one of the biggest of the game) culling codes actives, 2x native reolution:after: 48 fpsnow: 60 fps rock solid!!!!!!!!!Great news!  I'm going to give it a good test in a couple hours as well.  I just want to double check the performance is consistent, and we haven't had any regressions in compatibility.  As long as there are no regressions it seems like it might be a solid performance boost🙂Currently working on Dolphin VR
Website/Downloads:https://dolphinvr.wordpress.com/Follow along:https://github.com/cegli/dolphin/commits/VR-HydraForum Post:https://forums.oculus.com/viewtopic.php?f=42&t=11241&start=1180",1418811000.0,201187.0,,,,,0.0,25175.0,Honored Guest,
M006,13,1,Audio Interactions,34,Audio and Visual,169832.0,,I guess that sheet is not very up to date anyway.,1408837260.0,169792.0,,,,,0.0,,Not applicable,
M006,14,1,Audio Interactions,34,Audio and Visual,289614.0,,"""cybereality"" wrote:Please just avoid laptops.imacs should really be mentioned in the avoid list too. Many people don't realise imacs are running mobile gpus and have all the same performance issues laptops have.(At least they don't have optimus I guess)Author:Oculus Monitor,Auto Oculus Touch,Forum Dark Mode,Phantom Touch Remover,X-Plane FixerHardware: Threadripper 1950x, MSI Gaming Trio 2080TI, Asrock X399 TaichHeadsets: Wrap 1200VR, DK1, DK2, CV1, Rift-S, GearVR, Go, Quest, Quest 2, Reverb G2",1435373880.0,289607.0,,,,,0.0,11.0,MVP,
M006,15,1,Audio Interactions,34,Audio and Visual,1154823.0,,"Thx they are. It's frustrating that the Meta Store knows but don't care because of being a ""Top Seller"" .",1708390740.0,1154713.0,,,,,0.0,1163029.0,Protege,
M006,16,1,Audio Interactions,34,Audio and Visual,109822.0,,"nw729I disagree, i am convinced we will see the HD customer Rift...in 2014...!",1370942160.0,109773.0,,,,,0.0,233821.0,Honored Guest,
M006,17,1,Audio Interactions,34,Audio and Visual,130680.0,,"That would be a good idea for retail.  It's the part that wills eat the most wear.  Also, the material the current foam is made of gives me a headache.  It gets better as I leave it in the open air, but it didn't hell when all I wanted to do was rip it out of the box and dive in.",1376137020.0,130678.0,,,,,0.0,63452.0,Honored Guest,
M006,18,1,Audio Interactions,34,Audio and Visual,795134.0,How can I block the camera with the colision capsule?,"I have tried to program the movement in different ways but I have not found the solution to align the camera with the collision capsule, if I manage to align the camera with the capsule, when it collides, the capsule is blocked but the camera continues foward.Could someone help me or guide me on how it could be done?Thanks in advance.",1600648980.0,,,,2.0,,0.0,1317344.0,Honored Guest,Collisions|locomotion|Vr camera
M006,19,1,Audio Interactions,34,Audio and Visual,114975.0,,"""JOHIsaac"" wrote:""captaintrips"" wrote:but unity is like $1500 isnt it?If you recommend it, I'll try it... I have no problem buying a copy of Unity, but if it doesn't workout, then I just blew $1500  :lol:No you use the free version for development and once you are done you use the trial code to transport it to the rift. You don't need to spend 1500$ just to learn unity. Once you feel comfortable with it and realy plan to release something, you can think about purchasing it.I really hope some day they will have a compareable license as the UDK has. ""Pay as you make money"", free otherwise. Or have Rift integration in the free version.Just to clarify:  If you want to release ANYTHING with Rift support in Unity you need the commercial version.If you just want to try Rift support in Unity then the free demo will work great for you.  But be prepared that anything you build you cannot release unless you pay $1500, even if it is just a demo.I had done all of my recent development on Unity but moved to UDK because of Rift support.",1368145140.0,114957.0,,,,,0.0,3881.0,Explorer,
M006,20,1,Audio Interactions,34,Audio and Visual,1110213.0,,Thank you so much for identifying the issue. I uninstalled UE5.3 and reinstalled it to a folder outside of Program Files and that fixed the issue.,1701373920.0,1106492.0,,,,,1.0,536951.0,Explorer,
M006,21,1,Audio Interactions,34,Audio and Visual,34783.0,,We'd likely recommend contacting MSI Support as there are some VBIOS specific things that have occurred on some MSI models. There are so many different variations on laptops that it's impossible for us to comment on other OEM's gear at that granular of a level. This thread for a similar MSI laptop may be relevanthttps://forum.vive.com/topic/6882-vive-cosmos-msi-ge63vr-raider/page/1/,1588078380.0,34781.0,,,,,,16658.0,Verified Members,
M006,22,1,Audio Interactions,34,Audio and Visual,512237.0,,"the game is fun and has potential, but it is hardly a masterpiece.it seems easier on the motion sickness too, at least i seemed to have an easier time getting used to it. i still close my eyes or blink when using stairs or changes in elevation (large bunps/hills) but its getting easier, even started being able to sprint somewhat.A: Because it messes up the order in which people normally read text.
Q: Why is top-posting such a bad thing?
A: Top-posting.
Q: What is the most annoying thing on forums?",1487703480.0,512223.0,,,,,0.0,342143.0,Superstar,
M006,23,1,Audio Interactions,34,Audio and Visual,1195594.0,,dunno if there's an edit button but i basically followed this tutorial -https://www.youtube.com/watch?v=ZCN_oi1vB0k,1716178740.0,1195593.0,,,,,0.0,1598230.0,Honored Guest,
M006,24,1,Audio Interactions,34,Audio and Visual,214737.0,,"""EarlGrey"" wrote:We have the technology!The technology to power VR exists now, just in recent years it's been practical to make consumer level VR gadgets. There are many different things that are coming together in order to make VR a possibility. When we look back in 30-40 years, I think this decade will be known as the decade when the VR revolution started.Yes EarlGrey I'm on that level!And aster my view exactly (not about the man getting fat bit lol) but I said on another thread where we were putting out suggestions for slogans""Oculus VR the next chapter in Evolution""""Some people say VR can take you anywhere in the world, I say VR can take you anywhere in your imagination"" 

Intelligent-Visualshttp://www.ivvr.ukhttp://www.intelligent-visuals.comhttps://www.facebook.com/intelligentvisuals",1403316120.0,214720.0,,,,,0.0,272737.0,Honored Guest,
M006,25,1,Audio Interactions,34,Audio and Visual,518350.0,Oculus Rift 360 Photos,Is there a way to download any of the Oculus 360 photos for the Rift to my computer? Or does anyone have the source information for some of the photos?,1469574180.0,,,,0,,0.0,81889.0,Honored Guest,Oculus 360 photo viewer|rift
M007,1,7,Game Interface,24,Environment & Interface.,616257.0,Implementing VorpX,"I've made a couple of posts about the stuff I have managed to get working in VorpX - but I am very inexperienced at that kind of tweaking and they are not perfect.So I was really pleased to find this guy's tute articles on getting various games working in VorpX.Thought some of you may be interested, so here's the goods:https://www.youtube.com/user/ThyHarkness/playlistsLook at the ""VorpX Compatible..."" listHalf Life 2GTA VFallout 4Alien IsolationBF1STALKER SoCCoD piece...  :#Johnny's Scale Models Showcasei5 9600k z; 16GB DDR4 3200; 6xSSD; RTX2080ti; Gigabyte Z390D MoboRift CV1; Index; Quest; Quest 2",1490413440.0,,,,3.0,,1.0,244926.0,Expert Trustee,vorpx
M007,2,7,Game Interface,24,Environment & Interface.,60444.0,,"Blue Marble. That was my first Rift experience, and I'd be lying if I said I didn't need to wipe my eyes after seeing it. Ever since then, that's the first thing I always show to Rift newbies.",1380581520.0,60442.0,,,,,0.0,108192.0,Honored Guest,
M007,3,7,Game Interface,24,Environment & Interface.,61525.0,,"You could also have 2 exes running in synk using a network connection on the same PC with the Rift & Monitor in extended desktop mode. Atleast for the sake of a presentation it works. Doing this the proper way, I agree that a low level implementation in the render pipeline would be the best solution.",1366539780.0,61519.0,,,,,0.0,8214.0,Honored Guest,
M007,4,7,Game Interface,24,Environment & Interface.,322624.0,,"Thrustmaster's T-Flight is a very decent hotas for about $50.i7 3820
16 gigs of Ram
GTX 780ti",1431151320.0,322597.0,,,,,0.0,231875.0,Expert Protege,
M007,5,7,Game Interface,24,Environment & Interface.,653444.0,,Gonna attempt to retake peed's Commercial Pumping tonight. Wish me luckPCVR: CV1 || 4 sensors || TPcast wireless adapter || MamutVR Gun stock V3PSVR: PS4 Pro || Move Controllers || Aim controllerWMR: HP Reverb,1535843700.0,653344.0,,,,,2.0,88546.0,Consultant,
M007,6,7,Game Interface,24,Environment & Interface.,67289.0,,Please forgive me if this is a stupid question but does it make a difference If i am near sighted but I wear contacts that correct that? Can i Still use the A cups that people with 20/20 vision use?,1373707560.0,67262.0,,,,,0.0,194117.0,Honored Guest,
M007,7,7,Game Interface,24,Environment & Interface.,44209.0,,"""MannyLectro"" wrote:Fully working just means, that you can fully see the display on the screen. (Which is what I did)The Rift is not just a fancy screen... It works around many components and concepts : video, stereo render, headtracking, lenses and lense corrections.Here you only made ""video"" work, so how can you call it FULLY WORKING ???!It's like saying you changed your car into a fully flying car by simply adding wings to it.Well, even if the rift did have head tracking on consoles, it would be extremely irritating because when you're trying to aim.VR Pilot!",1389028860.0,44197.0,,,,,0.0,150285.0,Honored Guest,
M007,8,7,Game Interface,24,Environment & Interface.,312380.0,,"Ok , not super clear on what to do, but will try scaling first🙂For scaling you just talking about what is usually set to 1 1 1? what would going lower/higher mean? Smaller scale larger IPD? Wouldn't that make the world look bigger?As far as moving cameras apart I tried that a bit, but it didn't work quite right and was only able to change the distance once before I clicked play, later if I changed the public variable that was used in UpdateAnchors, even though the print out of new positions would be different, the cameras would stay same distance apart. I haven't use OnPreRender, assuming that is some other built in UNity function such as Update etc. Would that keep cameras apart constantly or would they bounce back from UpdateAnchors call?And I have another question, I can't seem to find a way to disable tracking completely. I want that camera rig to sit still and let me move it based on another tracker. With old version I was able to gut most of the update anchor function and I think disable time warp or something and it would sit still, but now I went as far as commenting out everything in UpdateAnchors and it still moves lol.Thanks again",1441753260.0,312376.0,,,,,0.0,1046982.0,Honored Guest,
M007,9,7,Game Interface,24,Environment & Interface.,108933.0,,"""echostation"" wrote:Pre-ordered mine on June 21st with August 10th as the ETA ""58xxx ouch I know"".A week after you have ordered and you are already complaining. Ouch. I can see why you wish they had a selection process that preferred people like yourself.",1372373460.0,108838.0,,,,,0.0,8315.0,Honored Guest,
M007,10,7,Game Interface,24,Environment & Interface.,232640.0,,Thanks for sharing!! works pretty well for me to🙂: I'm using a 360 gamepad that works pretty well. What helps A LOT with the immersion is if you play standing up (at least for me) but of course its bit confusing to deal with all the cableshanging around then but that way you can turn your whole body.,1408048800.0,232623.0,,,,,0.0,167106.0,Honored Guest,
M007,11,7,Game Interface,24,Environment & Interface.,1076298.0,,"Hello. I'm having similar issues for a few weeks now and it's very problematic as we often use this function to work.Before I would send invitations via the Oculus dev Dashboard to the meta accounts. They would accept the invitation and find our App directly ready to be installed on their headset.Then few months ago, in many cases the headset wouldn't offer to download and install directly anymore. Need to go through the App store and search for the EXACT app name to be able to find it and install it.And now, since a few weeks, impossible to even find the shared app through the store. Sometimes waiting for a few days or trying multiple times to cancel invite + resent + accept again would work. Sometimes nothing helps and the headset simply never sees the wanted app. If so, we need to go through unlocking dev mode and installing via the APK which is overly complicated.",1692227400.0,1028433.0,,,,,0.0,1532243.0,Explorer,
M007,12,7,Game Interface,24,Environment & Interface.,498762.0,,"sephrothsaid:I've played AS for about 3 hours now between hoard mode and the campaign. I think it's only crashed twice on me, although never at startup. Oculus home version here as well. Buy the game, you'll enjoy it. The teleport mechanics kind of kill the immersion, but after a bit I don't even notice it any more.I disliked the teleport system at first but then I got a 3rd sensor and have been playing it room-scale. Teleportation kind of makes a little more sense when you can move about in real life.Still, I think all single player/co-op games should give you the option to move how you want to. Bit different in competitive games.",1483059300.0,498730.0,,,,,0.0,492787.0,Explorer,
M007,13,7,Game Interface,24,Environment & Interface.,140891.0,,"There is no need for such an enclosed helmet, goggles can cut out as much outside light as you want without cooking your head in an unventilated bubble. Perfect 3d sound can be achieved with ordinary stereo headphones. The only avantage of a helmet is for more secure mount and mounting tracking dots on the back of your head this can be done with much more ventilated designs like the Morpheus and this one.download/file.php?id=1999",1401288720.0,140841.0,,,,,0.0,461954.0,Explorer,
M007,14,7,Game Interface,24,Environment & Interface.,228639.0,,"cinevideo works great without needing to fuss around with it. I would like it if you could zoom in more though, the screen is about 80% of your field of view. I guess that was done for the theater experience, but I'd like the option to fill my entire view.I tried Oculus Video Player, but couldn't get it to play a video - just got a garbled screen.https://developer.oculusvr.com/forums/viewtopic.php?f=29&t=711#p6911GA-Z97X-gaming gt; i5-4670k; Nvidia780Ti; 16GB PC3-17066; win7-64 bit; DK2",1408181280.0,228578.0,,,,,0.0,192804.0,Honored Guest,
M007,15,7,Game Interface,24,Environment & Interface.,31062.0,,"Yeah, the current version is somewhat of a mess, sadly. The gamepad menus work, but they lack a lot of functionality, like mapping controls and a lot of multiplayer functions. You have to start the game in normal 2D mode by pressing esc during the Health and Safety screen and map your controls there. (Thanks for adding this, Sh0v0r!) Make sure you have ""3D context"" mapped to an easily accessible button on your joystick for instance. Good luck!An alternative is to run Open Broadcaster Software while running the game in extended mode. Then you might get access to the options menu during the selection scene, where the lander is bouncing up and down. Works for me at least.DK1 - previously owned
DK2 - 2014-08-26RECEIVED(ordered 2014-04-24)
CV1 - 2016-05-25RECEIVED(ordered on release day)
Touch - 2016-12-07RECEIVED(pre-order with CV1)",1421485140.0,30802.0,,,,,0.0,247108.0,Protege,
M007,16,7,Game Interface,24,Environment & Interface.,305263.0,,HiI'm trying to make in work on my Mac. It's seems that there is a problem with the Mac64 bundle. Nothing is working for the moment. I've enabled VR support and used your Scenes.I'am using an old Oculus SDK. Oculus.com are not distributing the 0.6 version for mac. Is it true that they stopped developing for Mac ? What is the solution ? Should I be using Unity 5 or previous version for the moment ?Is there anyone who tried to make it work on Mac ?,1436217000.0,305256.0,,,,,0.0,532728.0,Honored Guest,
M007,17,7,Game Interface,24,Environment & Interface.,35571.0,Cosmos elite controllers not tracking with base stations 2.0,"After one of my base stations broke, having my stations a little more than 5 meters from each other, I decided to buy 2 base stations 2.0.Now things are really bad. The controllers have green light, SteamVR sees them, but it says they don't track (now, somehow, the message that I have is that the controllers are standing by).The base stations have green light, and tracking fine.I tried to reboot, I reinstalled everything (all the Vive software and SteamVR), and I removed the wireless, to make things a bit simpler. I repaired (as in paired again) the controllers. Nothing.If I run room setup i get the message ""Controller not visible"".Can someone please help?",1590577800.0,,,,,,,35888.0,Verified Members,
M007,18,7,Game Interface,24,Environment & Interface.,237982.0,,"Thanks, I'll try it out. I'll have to install Windows 8.1 or 10. In the mean time you could try to install the msvc runtime and see if it makes the problem go away.32 bithttp://www.microsoft.com/en-ca/download/details.aspx?id=555564 bithttp://www.microsoft.com/en-ca/download/details.aspx?id=14632J",1413680520.0,237965.0,,,,,0.0,45032.0,Honored Guest,
M007,19,7,Game Interface,24,Environment & Interface.,274209.0,,"""deadkenny64"" wrote:I am hopeful (Aug 7th).  Last EU processing batch was a minimum of 169 units.  Looks like around 25 so far for NA. Source:http://www.oculus-tracker.ml/Yah, if we get the same treatment, we'll make it to early/mid Aug. Im starting to think i might actually just miss this batch.😞But Oh, how bitter a thing it is to look into happiness through another man's eyes.",1413332040.0,274094.0,,,,,0.0,665125.0,Protege,
M007,20,7,Game Interface,24,Environment & Interface.,216113.0,,"""knack"" wrote:selling only online from US? with marketing 200k-300kNow with FB behing perhaps they want fund distributors arround the world, and with a good  advertising campaign 1m-2m300k in a year would be only 5 times their DK1 numbers, I think that is lowballing it a bit.I expect the rift to spread over word of mouth and people actually trying it since ads can tell people that it exists but might have a harder time convincing them that it is a good experience, so I expect more sales after the first dear.",1397075460.0,216102.0,,,,,0.0,9048.0,Honored Guest,
M007,21,7,Game Interface,24,Environment & Interface.,373440.0,,"2x 1080 GTX in SLI to run 90 fps everywhere in project cars no matter what is going on, only to have other people who drive better but I blame the lack of a good setup and/or a full racing rig to tell more sensationsfacebook.com/AntDX316",1463398620.0,373283.0,,,,,0.0,723149.0,Heroic Explorer,
M007,22,7,Game Interface,24,Environment & Interface.,282242.0,,"""ah_hesh"" wrote:Lately a lot of countries were removed from the available shipping list ( mine included )Does this mean that we won't be able to get CV1 when it launchs ? Because this will be outrageousI've been working for 2 years on my project and I was eagerly waiting for the launch of CV1 to start testing it and get it to work , then suddenly I am in a position where I might not be able to get CV1 in my home country , this is totally unacceptableOculus should tell us which countries will get CV1 ASAP , and honestly they should make sure that every country on the old list gets it , because you already allowed developers from those countries to buy dk1 and dk2 and use them for development , and they invested their time to produce a lot of applications that they deserve to make money out of them.I hope that I am only overreacting over a problem that doesn't even exist , so please Oculus prove me wrong .Sorry for the long post.Can you please link to this shipping list? I wasn't aware there was one for CV1.",1432004280.0,282240.0,,,,,0.0,841577.0,Explorer,
M007,23,7,Game Interface,24,Environment & Interface.,32127.0,,"Hello,One and half years past since the question was asked. So im just wondering if there is any solution was found and if anyone tried outdoor set up since than?",1580739000.0,4413.0,,,,,,34577.0,Members,
M007,24,7,Game Interface,24,Environment & Interface.,554508.0,,I also think there is a bug. Because it says the same message to me too. Probably gotta redo the game too.,1500742080.0,554501.0,,,,,0.0,31914.0,Explorer,
M007,25,7,Game Interface,24,Environment & Interface.,283206.0,,"This is the error I am getting""Assets/OVR/Scripts/Util/OVRUGUI.cs(293,8): error CS8025: Parsing error""and this is my OVRUGUI.CS script/************************************************************************************Copyright   :   Copyright 2014 Oculus VR, LLC. All Rights reserved.Licensed under the Oculus VR Rift SDK License Version3.2 (the ""License"");you may not use the Oculus VR Rift SDK except in compliance with the License,which is provided at the time of installation or download, or whichotherwise accompanies this software in either electronic or hard copy form.You may obtain a copy of the License athttp://www.oculusvr.com/licenses/LICENSE-3.2Unless required by applicable law or agreed to in writing, the Oculus VR SDKdistributed under the License is distributed on an ""AS IS"" BASIS,WITHOUT WARRANTIES OR CONDITIONS OF ANY KIND, either express or implied.See the License for the specific language governing permissions andlimitations under the License.************************************************************************************/// Use the Unity new GUI with Unity 4.6 or above.#if UNITY_4_6 || UNITY_5_0#define USE_NEW_GUI#endifusing UnityEngine;#if USE_NEW_GUIusing UnityEngine.UI;# endifusing System.Collections;//-------------------------------------------------------------------------------------/// <summary>/// Class for Unity new GUI built in 4.6/// </summary>public class OVRUGUI{#if USE_NEW_GUI#region UIGameObjectprivate static GameObject NewGUIManager;private static GameObject RiftPresent;private static GameObject LowPersistence;private static GameObject VisionMode;private static GameObject FPS;private static GameObject Prediction;private static GameObject IPD;private static GameObject FOV;private static GameObject Height;private static GameObject SpeedRotationMutipler;private static GameObject DeviceDetection;private static GameObject ResolutionEyeTexture;private static GameObject Latencies;#endregion#region VRVariables[HideInInspector]public static string strRiftPresent = null;[HideInInspector]public static string strLPM = null; //""LowPersistenceMode: ON"";[HideInInspector]public static string strVisionMode = null;//""Vision Enabled: ON"";[HideInInspector]public static string strFPS = null;//""FPS: 0"";[HideInInspector]public static string strIPD = null;//""IPD: 0.000"";[HideInInspector]public static string strPrediction = null;//""Pred: OFF"";[HideInInspector]public static string strFOV = null;//""FOV: 0.0f"";[HideInInspector]public static string strHeight = null;//""Height: 0.0f"";[HideInInspector]public static string strSpeedRotationMultipler = null;//""Spd. X: 0.0f Rot. X: 0.0f"";[HideInInspector]public static OVRPlayerController PlayerController = null;[HideInInspector]public static OVRCameraRig CameraController = null;//[HideInInspector]//public static string strDeviceDetection = null;// Device attach / detach[HideInInspector]public static string strResolutionEyeTexture = null;// ""Resolution : {0} x {1}""[HideInInspector]public static string strLatencies = null;// Device attach / detach#endregion[HideInInspector]public static bool InitUIComponent = false;private static float offsetY = 55.0f;private static bool isInited = false;private static int numOfGUI = 0;private static GameObject text;/// <summary>/// It's for rift present GUI/// </summary>public static void RiftPresentGUI(GameObject GUIMainOBj){RiftPresent = ComponentComposition(RiftPresent);RiftPresent.transform.parent = GUIMainOBj.transform;RiftPresent.name = ""RiftPresent"";RectTransform r = RiftPresent.GetComponent<RectTransform>();r.localPosition = new Vector3(0.0f, 0.0f, 0.0f);r.localScale = new Vector3(1.0f, 1.0f, 1.0f);r.localEulerAngles = Vector3.zero;Text t = RiftPresent.GetComponentInChildren<Text>();t.text = strRiftPresent;t.fontSize = 20;}/// <summary>/// It's for rift present GUI/// </summary>public static void UpdateGUI(){if (InitUIComponent && !isInited){InitUIComponents();}UpdateVariable();}/// <summary>/// Update VR Variables/// </summary>static void UpdateVariable(){NewGUIManager.transform.localPosition = new Vector3(0.0f, 100.0f, 0.0f);if (!string.IsNullOrEmpty(strLPM))LowPersistence.GetComponentInChildren<Text>().text = strLPM;if (!string.IsNullOrEmpty(strVisionMode))VisionMode.GetComponentInChildren<Text>().text = strVisionMode;if (!string.IsNullOrEmpty(strFPS))FPS.GetComponentInChildren<Text>().text = strFPS;if (!string.IsNullOrEmpty(strPrediction))Prediction.GetComponentInChildren<Text>().text = strPrediction;if (!string.IsNullOrEmpty(strIPD))IPD.GetComponentInChildren<Text>().text = strIPD;if (!string.IsNullOrEmpty(strFOV))FOV.GetComponentInChildren<Text>().text = strFOV;if (!string.IsNullOrEmpty(strResolutionEyeTexture))ResolutionEyeTexture.GetComponentInChildren<Text>().text = strResolutionEyeTexture;if (!string.IsNullOrEmpty(strLatencies))Latencies.GetComponentInChildren<Text>().text = strLatencies;if (PlayerController != null){if (!string.IsNullOrEmpty(strHeight))Height.GetComponentInChildren<Text>().text = strHeight;if (!string.IsNullOrEmpty(strSpeedRotationMultipler))SpeedRotationMutipler.GetComponentInChildren<Text>().text = strSpeedRotationMultipler;}}/// <summary>/// Initialize UI GameObjects/// </summary>static void InitUIComponents(){float posY = 0.0f;int fontSize = 20;NewGUIManager = new GameObject();NewGUIManager.name = ""GUIManager"";NewGUIManager.transform.parent = GameObject.Find(""OVRGUIMain"").transform;NewGUIManager.transform.localPosition = Vector3.zero;NewGUIManager.transform.localEulerAngles = Vector3.zero;NewGUIManager.transform.localScale = new Vector3(1.0f, 1.0f, 1.0f);// Print out for Low Persistence Modeif (!string.IsNullOrEmpty(strLPM)){LowPersistence = UIObjectManager(LowPersistence, ""LowPersistence"", posY -= offsetY, strLPM, fontSize);}// Print out for VisionModeif (!string.IsNullOrEmpty(strVisionMode)){VisionMode = UIObjectManager(VisionMode, ""VisionMode"", posY -= offsetY, strVisionMode, fontSize);}// Print out for FPSif (!string.IsNullOrEmpty(strFPS)){FPS = UIObjectManager(FPS, ""FPS"", posY -= offsetY, strFPS, fontSize);}// Print out for Predictionif (!string.IsNullOrEmpty(strPrediction)){Prediction = UIObjectManager(Prediction, ""Prediction"", posY -= offsetY, strPrediction, fontSize);}// Print out for IPDif (!string.IsNullOrEmpty(strIPD)){IPD = UIObjectManager(IPD, ""IPD"", posY -= offsetY, strIPD, fontSize);}// Print out for FOVif (!string.IsNullOrEmpty(strFOV)){FOV = UIObjectManager(FOV, ""FOV"", posY -= offsetY, strFOV, fontSize);}if (PlayerController != null){// Print out for Heightif (!string.IsNullOrEmpty(strHeight)){Height = UIObjectManager(Height, ""Height"", posY -= offsetY, strHeight, fontSize);}// Print out for Speed Rotation Multiplierif (!string.IsNullOrEmpty(strSpeedRotationMultipler)){SpeedRotationMutipler = UIObjectManager(SpeedRotationMutipler, ""SpeedRotationMutipler"", posY -= offsetY, strSpeedRotationMultipler, fontSize);}}// Print out for Resoulution of Eye Textureif (!string.IsNullOrEmpty(strResolutionEyeTexture)){ResolutionEyeTexture = UIObjectManager(ResolutionEyeTexture, ""Resolution"", posY -= offsetY, strResolutionEyeTexture, fontSize);}// Print out for Latencyif (!string.IsNullOrEmpty(strLatencies)){Latencies = UIObjectManager(Latencies, ""Latency"", posY -= offsetY, strLatencies, 17);posY = 0.0f;}InitUIComponent = false;isInited = true;}static GameObject UIObjectManager(GameObject gameObject, string name, float posY, string text, int fontSize){gameObject = ComponentComposition(gameObject);gameObject.name = name;gameObject.transform.parent = NewGUIManager.transform;RectTransform r = gameObject.GetComponent<RectTransform>();r.localPosition = new Vector3(0.0f, posY -= offsetY, 0.0f);Text t = gameObject.GetComponentInChildren<Text>();t.text = text;t.fontSize = fontSize;gameObject.transform.localEulerAngles = Vector3.zero;r.localScale = new Vector3(1.0f, 1.0f, 1.0f);return gameObject;}/// <summary>/// Component composition/// </summary>/// <returns> Composed game object. </returns>static GameObject ComponentComposition(GameObject GO){GO = new GameObject();GO.AddComponent<RectTransform>();GO.AddComponent<CanvasRenderer>();GO.AddComponent<Image>();GO.GetComponent<RectTransform>().sizeDelta = new Vector2(350f, 50f);GO.GetComponent<Image>().color = new Color(7f / 255f, 45f / 255f, 71f / 255f, 200f / 255f);text = new GameObject();text.AddComponent<RectTransform>();text.AddComponent<CanvasRenderer>();text.AddComponent<Text>();text.GetComponent<RectTransform>().sizeDelta = new Vector2(350f, 50f);text.GetComponent<Text>().font = (Font)Resources.Load(""DINPro-Bold"");new object { {new object{text.transform.parent  .transform}.name = ""TextBox""}};#endif",1425969660.0,283204.0,,,,,0.0,736103.0,Sightseer,
M008,1,41,UI Design,0,Layout Challenges,443845.0,How I light the header without oculus-client,"i'am a vr game developer,when i start my vr game,the oculus client auto started,and if i close the oculus client my game close also.is there a way that i use oculus driver not oculus client to start my game?",1473070800.0,,,,0.0,,0.0,445345.0,Honored Guest,
M008,2,41,UI Design,0,Layout Challenges,242738.0,Mirroring window wrong orientation,"Hi! I have an error with Unity 5.1.1. Mirroring window seems to have wrong orientation. When I'm working in Editor, test cube looks like this:http://s22.postimg.org/q25qaxuy9/Image_1.pngBut then I press play or run exe, it looks like this:http://s3.postimg.org/ig7qxhpdf/Image_2.pngAs you can see, text have wrong orientation, like it was mirrored several times. Cube looks strange too. In Oculus everything looks fine.I'm using official built-in Unity integration with Oculus utilities.",1438102500.0,,,,3.0,,0.0,350987.0,Explorer,
M008,3,41,UI Design,0,Layout Challenges,302297.0,Rage of the Gladiator,"Images say more than a thousand words, so I'll be brief with this one: here's a short demo of the thing I've been working on for some time: Rage of the Gladiator with VR + Leap Motion support (game is already available in ""non-vr"" mode on Google Play and AppStore)https://www.youtube.com/watch?v=j34I7lRfYck",1436204940.0,,,,1.0,,0.0,250158.0,Protege,
M008,4,41,UI Design,0,Layout Challenges,167677.0,,"""T35513R"" wrote:Anyway, did anyone ever read the Stephen King story that Lawnmower Man was ""based"" on? I think the only thing it had in common with the movie was that there was a lawnmower in it (seriously, it's a COMPLETELY different story).According to the wiki King sued to have his name removed from the credits.All this time I thought it was a direct adaptation. I guess it's one of the few King stories I haven't read.Peejle",1401924180.0,167667.0,,,,,0.0,13430.0,Explorer,
M008,5,41,UI Design,0,Layout Challenges,305775.0,Help Real issues here...,"Ok I go to the downloads I have all four right here and I was able to download them..Here is where I am getting muddled a lot.Unity 4 Integration 	0.6.0.0-beta 	Integration 	Unity 	May 15, 2015 	4.67 MB 	ZipOculus Runtime for Windows 	0.6.0.0-beta 	Runtime 	Windows 	May 15, 2015 	40.56 MB 	ExecutableOculus SDK for Windows 	0.6.0.0-beta 	SDK 	Windows 	May 15, 2015 	76.25 MB 	ZipOculus SDK SourceI am running an Alienware Laptop with more power and storage than most desktops I have owned, so this should not be any issue at all...I have win 8.1 professional and 32 gigs of Ram with I7 PROCESSOR, HSW, I7-4800MQ, 2.7, 47W, P, C0and dedicated graphics  	NVIDIA GeForce GTX 770M 3GB GDDR5I open file to run install and thats the first hick up I run into...First I am unsure if I need to install all of them in succession or only one for Win...Also when I open folder to run a file I do not see any to run, I also get asked what program to use to open files, since I know nothing of these matters I am at a loss for the moment, Please advise How I can install the software in normal language that a real normal person can understand, and step by step process from opening the file with what to then do what...PleaseI received my Rift DK2 and would love to set it up and see demos and then use for games and movies...Thanks guys, I am sorry for the stupid questions,...Mark",1432949280.0,,,,9,,0.0,3173.0,Not applicable,
M008,6,41,UI Design,0,Layout Challenges,162316.0,,If you are like me and don't like to read big books too much here's a free video series on unity fundamentals.Even with previous industry experience in video game development tools I was kind of lost in Unity the first time I started it. These helped me to get my bearings in Unity quickly.http://www.3dbuzz.com/training/view/unity-fundamentals,1408941360.0,162302.0,,,,,0.0,305165.0,Honored Guest,
M008,7,41,UI Design,0,Layout Challenges,245037.0,,"""milianbenja088321"" wrote:""cybereality"" wrote:neer: We are shipping to all regions with little wait at this point (probably within weeks). Unfortunately, it appears you used a freight-forwarding/mailing/shipping service, which we do not allow. You can contact Oculus support to discuss this further. Sorry.I ordered mine the 28th of October I live in Georgia. I'm assuming since you say ""Probably within weeks"" manufacturing has gotten faster and mine should be here in 2 weeks give or take 2 days.ShhhhhJust let it magically appear on your doorstep :D, if it is really only 2 weeks mine should be really soon e Rat has spoken~",1414991460.0,244873.0,,,,,0.0,856619.0,Honored Guest,
M008,8,41,UI Design,0,Layout Challenges,39855.0,,"VSRWorks 0.9.6 may not be a Stable Release for Unreal Engine. It turns out it actually has a now known crash problem when working with ViveHandTracking.I tested the latest version(0.9.7.1) of SRWorks combined with ViveHandTracking on UE4.24-4.26,  and the behavior did not happen again.Perhaps you should update your SRWorks plugin to 0.9.7.1 to proactively avoid encountering this bug.",1616975820.0,29127.0,,,,,,31742.0,Verified Members,
M008,9,41,UI Design,0,Layout Challenges,107740.0,,"Watching a future Star Wars remake, where you are on the bridge with Vader and Luke during their fight, OH GOD, nerdgasm.  :lol:  :ugeek:Great post Mr Gedding, I love reading these testimonials, makes the last few days of waiting a lot more bearable, and keeps the excitement up.",1378249740.0,107730.0,,,,,0.0,157889.0,Honored Guest,
M008,10,41,UI Design,0,Layout Challenges,598136.0,,"Since I was only working with the (third) Touch and mostly working in Visual Studio I'd actually left my Rift on my desk. Once the head sensor inside the Rift was activated (in this case by holding my thumb over it) the Touch position tracking started working. When I uncovered the sensor again the position tracking continued to work for a while but eventually it stopped. From looking at the LED's on the cameras it seems like the head sensor in the Rift is what turns the cameras on and off; is there any way to decouple this other than by putting tape over the sensor? I have a use case where I'd like to be able to track a real world object using a third Touch and I need to always maintain tracking, even if the user temporarily removes the Rift.I've noticed that the orientation tracking of the Touch seems to work even when both the Rift and Touch are outside the camera range and the cameras are off; I suppose the updates I'm getting are purely IMU based. I've also noticed that I'm getting position updates as well, the values are non-zero but I can't figure out what they're actually based on. I modified my Update() to check GetNodePositionTracked and GetNodeOrientationTracked so I'm not sure why those updates are coming through. It would be nice if these functions only returned true if the Node in question was within range of the cameras (and the cameras were obviously on).Here's my Update():OVRPose p = OVRPlugin.GetNodePose(OVRPlugin.Node.DeviceObjectZero, OVRPlugin.Step.Render).ToOVRPose();if (OVRPlugin.GetNodePositionTracked(OVRPlugin.Node.DeviceObjectZero)){this.transform.position = p.position;}if (OVRPlugin.GetNodeOrientationTracked(OVRPlugin.Node.DeviceObjectZero)){this.transform.rotation = p.orientation;}",1501219260.0,598129.0,,,,,1.0,76656.0,Expert Protege,
M008,11,41,UI Design,0,Layout Challenges,123085.0,OculusWorldDemo with CMake,"I apply cmake in OculusWorldDemo. and enable OpenGL in Win32.If you like cmake, use this source.😉https://github.com/shipduck/oculus-world-demo-cmakep.s. : I also make LibOVR as standalone cmake library.https://github.com/if1live/LibOVR",1378674660.0,,,,1.0,,0.0,18666.0,Honored Guest,
M008,12,41,UI Design,0,Layout Challenges,100195.0,,"Haha, this looks great!🙂It really reminds me of a similar idea some friends of mine worked on years ago, dinosaurs with guns:http://www.intuitiongames.com/images/Dinowaurs_allweapons_Row.pngAnyway, you mentioned considering a non combat game vs just adding guns to whales in your blog. I think this neatly summarizes one of game designs toughest challenges. It is so easy to make a game about combat, and so tricky to make a game about almost anything else! You can find exceptions to this (racing games), but my point is more general.🙂I would encourage you to explore non combat routes for your whales, whether it be no combat at all, or some sort of hybrid. Though I fully admit there is something strangely charming about seeing a whale with guns strapped to its back.🙂",1370474400.0,100191.0,,,,,0.0,202499.0,Explorer,
M008,13,41,UI Design,0,Layout Challenges,263416.0,,"Same, I can spend a few dozen seconds ""palying"" with my eyes reflection on the IR filter of the tracking camera...  :oops:CV1+Touch; Running on GTX980 - 4770K - 32GB DDR3

Developer atLIV",1439506320.0,263413.0,,,,,0.0,18777.0,Expert Protege,
M008,14,41,UI Design,0,Layout Challenges,207583.0,,"Alright, got another test build for those interested. In this one, I've decoupled the capture from the rendering; this means that you'll always get 75 FPS even if the capture can't keep up. This should improve the experience considerably on Windows 7 and especially in multi-monitor scenarios. I've also multi-threaded the capture so that it will scale a lot better. You candownload it here. You'll need to uninstall first before trying to install this build.Let me know what you think!Virtual DesktopDeveloper",1412181840.0,206970.0,,,,,0.0,338093.0,Protege,
M008,15,41,UI Design,0,Layout Challenges,68467.0,,"I believe we are entitled to a new shipping update covering all the continents.Order No. : 069xxx
Order Date: 31 August 2013
Order Page Status: 5 November 2013STILL ProcessingReal Order Status: 12 November 2013DELIVERED!!!Country: Lebanon",1381126380.0,68404.0,,,,,0.0,46461.0,Honored Guest,
M008,16,41,UI Design,0,Layout Challenges,11078.0,,Check linkbox cabling. Make sure every cable 100% inserted at every point. Don't forget there is a cable junction up in the HMD.,1497560580.0,656.0,,,,,,15114.0,Verified Members,
M008,17,41,UI Design,0,Layout Challenges,37777.0,,Hand_Tracking_Unity_CameraTest.unitypackage因为设置的原因，我需要将相机放大7倍，之后手的位置就，emmm，不知道该如何更改城奈,1602451320.0,37775.0,,,,,,40646.0,Verified Members,
M008,18,41,UI Design,0,Layout Challenges,355316.0,,"I like Dead Secret mostly because I can play the entire game in one sitting without any motion sickness - and without getting too damn scared. It's not as good as Ethen Carter, nor as scary as Dreadhalls. I have recommended it to others but only as a good introduction to creepy puzzle solving in VR.Games like Ethen Carter and Albino Lullaby are much more compelling, but I can't play them for longer than 15 minutes before my tummy starts to turn due to the motion sickness.So: yes, highly recommended if you are looking for a VR Game you can enjoy at great length without the physical ailments that currently plague most titles.",1462415280.0,355285.0,,,,,1.0,44870.0,MVP,
M008,19,41,UI Design,0,Layout Challenges,325818.0,,Installed the libOVRWrapper for cv1 but both executables start the game on the monitor rather than the rift😞,1469675580.0,325817.0,,,,,0.0,1206770.0,Honored Guest,
M008,20,41,UI Design,0,Layout Challenges,191578.0,,"""CSartor"" wrote:""dman"" wrote:I have installed the runtime and now I am in safe mode.I cannot boot into windows xp sp3 without safe mode, thank youOCULUS for f**king up my system. I need answers!!! Whatthe hell did you copy on my system!!!!!You are a developer (since you bought a DEVKIT) and you are using unfinished software.If you cant fix the problem, then sit back and let other developers work it out.Now stop crying like a spoiled consumer!Crying like a little baby more like!",1406235960.0,191569.0,,,,,0.0,94742.0,Protege,
M008,21,41,UI Design,0,Layout Challenges,275478.0,,"I am able to run my ROG with 880M and optimus in both modes.  Best trick I learned:  Start up laptop with power supply plugged in, then remove battery.  With battery out Optimus is disabled and you can force rendering to Nvidia GPU.",1420008000.0,275464.0,,,,,0.0,495863.0,Honored Guest,
M008,22,41,UI Design,0,Layout Challenges,213523.0,,"let's cancel all russians orders ! ! ! !   :mrgreen:Writer on :VRapps.co: All (or almost😛) Oculus Rift Games, Apps & MoviesEnterTheRift.fr: The French VR CommunityCommunity: All articles of French VR enthusiasts",1405400820.0,213519.0,,,,,0.0,322471.0,Honored Guest,
M008,23,41,UI Design,0,Layout Challenges,37938.0,,"Not working in my second day. First day was fine. I do not know why. It is not stable for business purpose. Any other tutorial, plz?sBikos_HTC",1603064820.0,34711.0,,,,,,40826.0,Verified Members,
M008,24,41,UI Design,0,Layout Challenges,316983.0,,"Yeah the hand tracking is not in the first input kit full as ""finger tracking"" but that's where the course is set to with your arms being tracked by the first kit. Not just for the sense of telepresence but the sense of seeing the other person sitting there with you, body in chilling on the couch position, right next to you, in Oculus's secret killer app.The killer app: A Sims-like app in first person mode where you are the guy who sits in front of your computer to make changes to your own place you are in, in front of the virtual screen in front of you,  in God view.The core part is not social, you just create yourself the perfect virtual place you wanna be in, it has different material definitions, different artificial intelligence types like characters or behaivors and virtual stuff created with them. even things like big TV's with Hulu subscription. Or ""space Bigfoot"". It's where you go to do whatever, create your own place by either putting pieces together or getting stuff that's already on there. A store where you can buy stuff, but you can also find user made content there. Everything from a space dungeon with robot slaves to a coffe mug with Dilbert's blue duck on it.It's just not social in the sense that the core element is not getting social online, it's building your own VR castle. your own experience. But once you've done it, of course you can invite people in to hang on your virtual couch with you and it doesn't get any more social than being in the work of another persons mind.Oculus Universe that every VR enthusiast can create a brick of. The killer app is the merger of sims and quake modding with an app store model for everything that radio signals can bring you. It has different rendering modes that it can display in each other so you can built a computer that runs the original Doom on a big TV in a room in hell while your pal is trippin in the corner trying to drive that virtual RC car in your room in hell that is a lot roomier than  your real place.(still just making it all up)Design with input solution, unifying mobile and PC product linesthe input solution that could have beenideasRevolutionize the way we interact with... 
Change the world... 
Community...",1421300040.0,316960.0,,,,,0.0,20513.0,Explorer,
M008,25,41,UI Design,0,Layout Challenges,77442.0,,"We're looking into this. That's all I can say.AMD Ryzen 7 1800X | MSI X370 Titanium | G.Skill 16GB DDR4 3200 | EVGA SuperNOVA 1000 | Corsair Hydro H110i
Gigabyte RX Vega 64 x2 | Samsung 960 Evo M.2 500GB | Seagate FireCuda SSHD 2TB | Phanteks ENTHOO EVOLV",1371615840.0,77429.0,,,,,0.0,3173.0,Grand Champion,
M009,1,41,UI Design,24,Environment & Interface.,529504.0,,"vorpx has its uses: currently playing OUTLAST withit, and its heart attack level scary.And that interview with Sega, where some dev guy said, they might still be working on a ALIEN ISOLATION.VR patch? If it does come out, it would mop the floor with everything else released so far for the Rift.",1485654540.0,529486.0,,,,,0.0,172567.0,Explorer,
M009,2,41,UI Design,24,Environment & Interface.,83323.0,,"For some silly reason I'd completely negated the follow orientation.  I'll have a play with the tracker follows y and see what I can come up with.Cheers pal, will post how I get on over the weekend.",1386298800.0,83321.0,,,,,0.0,154017.0,Honored Guest,
M009,3,41,UI Design,24,Environment & Interface.,147524.0,,"We basically have three known contenders, and a possible 4th (OVR themselves, not confirmed) in the VR Controls department:- ControlVR- PrioVR- STEMI forsee STEM being used by the mass majority of people for VR environmental use tbh, even though I support PrioVR due to its multi-use (MoCap suit, game controller). ControlVR seems a bit out of reach price-wise, although if they come down on price significantly, I can see them being the ""mid-range"" controller... You can kind of think of the entire trifecta as being similar to a mouse; you have your standard mouse, a mouse with a few extra buttons on the side, and then you have the Naga (or similar) mouse. You can also make the comparison with HOTAS, keyboards, or any peripheral tbh.The problem stems (no pun intended) with developers implementing support. For a good title (indie or AAA), you will need to support:- 2D monitors-- Mouse, keyboard- Middle Ground (2D and VR)Gamepads, other genre specific controllers (such as a HOTAS for ""flight"" sims)- VR-- ""VR controllers""Current WIPs using Unreal Engine 4:Agrona - Tales of an Era: Medieval Fantasy MORPG",1407895020.0,147514.0,,,,,0.0,138067.0,Protege,
M009,4,41,UI Design,24,Environment & Interface.,159119.0,,"Order ID: IR-*******Date: May 30, 2014 11:48 AM PDTStatus:Shipped:Your order has been shipped.On truck for delivery right now.CA, USA (just a few miles from their Irvine office)",1409701980.0,157066.0,,,,,0.0,551463.0,Honored Guest,
M009,5,41,UI Design,24,Environment & Interface.,493737.0,,"Also forYou called me Palmer last week, bad boy:https://forums.oculus.com/community/discussion/comment/495718/#Comment_495718Pants down spanking for you in this Tournament!",1488170340.0,493570.0,,,,,0.0,44870.0,MVP,
M009,6,41,UI Design,24,Environment & Interface.,25357.0,,"Meanwhile all my HTC devices ask for a driver update. I did do nothing since the last update nightmare. What you recommend? Should I update drivers for the lighthouses and controls and headset? Or should I not. When I update and again nothing is working, what should I do? Meanwhile the one year guarantuee is over.",1555558800.0,3593.0,,,,,,21359.0,Verified Members,
M009,7,41,UI Design,24,Environment & Interface.,32701.0,,"Currently, there is no place to look that up, but you can always ask questions when you need help.🙂",1582564680.0,32485.0,,,,,,27071.0,Employee,
M009,8,41,UI Design,24,Environment & Interface.,195403.0,,"It does appear that we're all trying roughly the same thing, which is to initialize our HMD (ovrHmd_Create) on-demand instead of at startup.  One thing that comes to mind is that in my render loop there is some other render post-processing that happens between my non-distorted eye renders and the final mesh distortion render (which means some render target switches, etc.).  Additionally, enabling multisampling causes some other rendering state changes, but that seems to not affect the situation either enabled or disabled.  It's hard to say how that might affect things without knowing what the underlying mechanics of the direct-to-HMD mode.Also worth noting is that all of the tracking seems to be working, returning reasonable values.For clarity's sake, here's my flow through the SDK calls:On application initialize:OVR::System::Init(), with my own allocator + logging.  (NOTE:  If you do this, you have to call OVR::System::Destroy() manually as well.  I have tried disabling doing this with no effect.)ovr_Initialize()ovrHmd_Detect()For every device:  (I have also tried removing this, no effect)ovrHmd_Create()display some infoovrHmd_Destroy()When ""starting"" an HMD:ovrHmd_Create()ovrHmd_AttachToWindow()For each eye:ovrHmd_CreateDistortionMesh()create my actual rendering meshesovrHmd_DestroyDistortionMesh()ovrHmd_GetRenderDesc()ovrHmd_GetRenderScaleAndOffset()ovrHmd_SetEnabledCaps() (have tried removing this, no effect)ovrHmd_ConfigureTracking()I call ovrHmd_GetTrackingState() in my main game loop for the purposes of user input processing.  I've tried removing this, no effect.In my render loop:ovrHmd_BeginFrameTiming(), just before rendering the non-distorted eye viewsovr_WaitTillTime() after the eye renders.  Have tried removing this, no effectfor each eye:ovrHmd_GetEyePose()ovrHmd_GetTimewarpMatrices()render the non-distorted eye viewsfor each eye:render the distortion meshcall present on the swap chain (tried both with and without vsync, no effect)Have tried inserting a wait for GPU idle via a query afterwards (which you usually only do in extended mode), but that had no effect.ovrHmd_EndFrameTiming()",1407328560.0,195399.0,,,,,0.0,336243.0,Protege,
M009,9,41,UI Design,24,Environment & Interface.,256261.0,,"""Wireline"" wrote:Hello againRig back up and running, mild overclock applied: 3.8GHz V. Stable so far, will be taking her up to 4.0 at the weekend once I am happy she is stable🙂Then on into 4+ territorySooooooo shinyThat is a very high vcore for a 5820k at 3.8GHz. I am running a 5820k at 4GHz at only 1.15v and it's totally stable. I know there is variance and luck from specimen to specimen but for 3.8 you should not be over 1.2V I believe. I am using the Rampage V Extreme version of your board.",1419006660.0,256206.0,,,,,0.0,,Not applicable,
M009,10,41,UI Design,24,Environment & Interface.,957739.0,,"I remember seeing being able to revert at least to some of the recent builds, but I can confirm that this is no longer possible. Would appreciate a fix / confirmation that this is no longer a feature.",1649863920.0,867297.0,,,,,0.0,891592.0,Explorer,
M009,11,41,UI Design,24,Environment & Interface.,801543.0,Stormland. Hands are slightly shifted when turning the head.,"Is this a bug or a special game mechanics? During the rotation of the head, the virtual hands are slightly shifted. 5-10 centimeters, depending on the turning speed. And then they return to the desired position. Where the real hands are.This is quite annoying and makes long-range aiming really more difficult.https://www.youtube.com/watch?v=-4b-3pd8bBE",1574219520.0,,,,0.0,,0.0,373354.0,Protege,
M009,12,41,UI Design,24,Environment & Interface.,41943.0,,"On 6/24/2021 at 6:43 PM, Santheep said:Hi,I'm facing one issue with HTC vive tracking.When we start the tracking the Tracked game object's orientation is changed, its x axis has 90 degree rotated. I used ""SteamVR_TrackedObject"" script for tracking the game object.I tried to change the tracker role to Camera, Waist and Hand held and that is not making any difference.There is one work around mentioned inthispost and that will work but I'm looking forward to a direct option if possible.nayI have seen your comments in the following postI tried to change the Vive tracker role like Hand held , Waist and Camera etc. But I don't see any difference to the Tracker orientation. I'm using Vive input utility plugin also in the project does that makes any difference ? I have also tried to change Vive input binding, but that also didn't work.Other project details are also mentioned below.Unity Version : 2020.2SteamVR version:v2.7.3 (sdk 1.14.15)OpenVR : openvr-1.1.4Vive input Utility:v1.13.1Its been while I'm trying to figure out a solution for this, Hope the VIVE team will respond to this.",1629188820.0,41135.0,,,,,,28964.0,Verified Members,
M009,13,41,UI Design,24,Environment & Interface.,338552.0,,"From that Unity post:http://forum.unity3d.com/threads/vr-fie... ew.358816/If I change the variable fieldOfView on precull it does change but only in the left eye (camera set to both). I guess this is an easy fix by separating the cameras... but somehow they get disabled?Edit: I commented the code that disabled them... surprisingly enought this codeprivate Camera reducedCamera;[Range (1,179)]public float cullingFov = 40.0f;private float renderingFov = 106;private Rect renderingRect;void Awake(){reducedCamera = this.GetComponent<Camera>();renderingFov = reducedCamera.fieldOfView;}void OnPreCull(){reducedCamera.fieldOfView = cullingFov;}void OnPreRender(){reducedCamera.fieldOfView = 106.188f;}Does 2 thing wrong: first the OnPReRender section does not seem to be working (Testing using the DK2) because the rendering still looks like 40 FOVSecond reducing the FOV using this is actually increasing the number of triangles!?! Definetely weird!",1452400680.0,338545.0,,,,,0.0,193407.0,Explorer,
M009,14,41,UI Design,24,Environment & Interface.,317963.0,,"I've fixed a few things now with my JOGL code, and got all my dependencies either from maven or included as source.ie. project should finally build and run standalone🙂Sadly I still cant make any progress.  I've added a flag (useDebugHMD) for running without a Rift, ie debug HMD and still see the same exception coming up from the endFrame(poses, eyeTextures) call.I've stepped through this with the eclipse debugger.  The textures both look correctly populated (and was working fine before, but I did see an earlier post that mentioned this could generate the error).So only the poses has really changed, and the objects there also look correctly populated, using the same copy as per jocular example (although there is a FIXME in that code...)  It passes that line fine once (as part of the JOGL reshape), but subsequent calls from the animator generate that exception.The strange thing is that the 0420 was running ok, so unless my memory management of poses is wrong, I dont see what else could be the issue here.Anyway I've made my example now easier to switch between the two 'test cases', just change the pom dependency back to 0420 and the other example will run.https://github.com/WhiteHexagon/example-jovr-jogl-rift",1416504720.0,317929.0,,,,,0.0,262445.0,Explorer,
M009,15,41,UI Design,24,Environment & Interface.,169755.0,,"Well I've had my DK2 for a while now and I'd like to share some things to help out those lucky enough to be waiting for your's to be shipped/delivered, I was like a kid at Christmas  :lol:I have the following for use with the Rift and I find them to be good choices without breaking the bank too much😉Graphics Card:Powercolor PCS+ OC R2 290X 4GB currently £285 deliveredhttp://www.overclockers.co.ukGreat value for money card, good performance and factory overclocked so no need to mess about or invalidate your warranty. I came from an nVidia GTX580 and I really notice the extra performance in every game I play. The AMD drivers are a little disappointing but not a deal breaker. My gut is telling me I should have bought the 780Ti 3GB and if you are buying a new card and they are still available at a good price £300 or so then seriously consider it. My friends have 780Ti 3GB and it runs project cars noticeably better in the Rift but it is a pre-release title so optimizations may address this. Overall though a good starting point. If you are holding out for CV1 then also hold off on buying a GPU because there will be new cards out by then and they will more than likely perform better (Higher FPS at higher resolution) on the higher resolution screen of the CV1.Headset:Logitech G930 Wireless Headset currently £85 deliveredhttp://www.amazon.co.ukFantastic Headset with amazing 7.1 surround for gaming and movie watching in and out of the Rift. I rarely unplug the charging cable but it is handy to be able to so if you don't need the wireless feature the G430 seems to be the closest match for £50.95 on amazon. I use this headset almost constantly while on my PC and they are comfortable, give great audio reproduction and the surround sound is very nice too.Steering Wheel:Logitech G27 Force Feedback wheel with gearstick and 3 pedals currently £149.99http://www.currys.co.ukGreat Steering Wheel with fantastic Force Feedback and solid construction. I LOVE this set, I paid £180ish about a year ago and was happy then and happy now, for £149.99 this is a great buy. I mostly play Project Cars in the Rift and this wheel works perfectly and really adds to the immersion while playing in the Rift. Assetto Corsa, Live For Speed, Raceroom Racing Experience, GTR2 and many other Racing games/Sims work well with this wheel, get it  8-)  My friend has the Thrustmaster R500 RS and although a better peripheral with much higher specs, construction and technology it's well over twice the price. I find the G27 is more than enough for me currently and well worth the money.Flight Stick:Saitek x55 Rhino HOTAS currently £173.99 deliveredhttp://www.cpc.farnell.comI have actually just purchased this and should have it by Tuesday or Wednesday. I bought this for playing Elite Dangerous which is INCREDIBLE in the Rift and this stick can only add to the immersion. I will also use this stick with Star Citizen, Arma 2, Arma 3 and any other flight based sims. I originally planned to get a Saitek x52 Pro as this is what the Elite Dangerous developers use, it's even rendered in the cockpit in game, but there was only about £20 difference between them and the x55 has a far superior Throttle and more, better positioned buttons and HAT Switches for my taste.Joypad:Wireless XBox 360 controller with rechargeable batteries currently £43.95http://www.amazon.co.ukI have 2 of these and a couple of the wired ones for spares and they work very well with the Rift. A lot of games automatically support them and I have found them to be very good quality.Software:Virtual Desktop currently freehttp://www.vrdesktop.netFantastic free desktop virtualizer for the DK2 that can even run windowed games on a massive virtual screen. Very Cool, donate to keep this being developed if you like it, I did without hesitation.MaxVR currently $7.99 USD supersinfulsilicon.comFantastic Virtual Movie Theatre Video player that can play just about any Movie or TV file I throw at it and all while rendering buttery smooth with the best head tracking I have found in any media player software. It handles 2D and 3D content with ease and is constantly updated which is great.Project CARS currently £29.86 deliveredhttp://www.amazon.co.ukFantastic Racing Game/Sim that is amazing in the Rift, the closest I have been to driving these cars is with the Rift, G27 and G930 on Project CARS. I also own Assetto Corsa but I currently much prefer Project CARS due to it having better Sound, Force Feedback and car Physics in my honest opinion. That is also possibly going to change going forward as both titles are Pre-Release so they are in continuous development.Elite Dangerous currently £35http://www.elitedangerous.comIncredible Space Trading/Combat Sim/MMO game that rocks the Rift. The sheer scope of this game, 400 BILLION Star Systems including the known galaxy, means you will be playing this for a LONG, LONG time before there is nothing left to do coupled with the fact that it's multiplayer co-op/PvE/PvP and that the developers are looking to add FPS elements means this game looks set to continue improving over time. It's also perfect in the Rift, the feeling of being there is incredible and the menus work perfectly in the Rift too which is sadly quite rare at the moment.Star Citizen currently $45 USDhttp://www.robertsspaceindustries.comAs above but with DK2 support coming any day now, any day...Sightline: The ChairA great introduction experience to show your friends the immersive possibilities of the Rift, simple and elegant and sure to have your friends waving their hands around trying to 'Touch' virtual objects all while grinning manically or with slack jaw😮That is the highlights to my experience with the DK2, there are many other experiences available but these are the ones I keep coming back to regularly, the others I dabble in when bored.CPU: Core i7 4790K Hz
RAM: 16GB Dual Channel DDR3 MHz
GPU: Powercolor PCS+ OC R9 290X 4GB
DK2: Delivered
LENSES: Scratched
SOLUTION: Let me buy replacememnts  :idea:",1417255620.0,169572.0,,,,,0.0,416455.0,Honored Guest,
M009,16,41,UI Design,24,Environment & Interface.,500030.0,,"I just wanted to add, that I created a new empty project in Unity 5.5.0f3 (Oculus Utilities v1.10.0, OVRPlugin v1.10.0). Same problem.When I take the phone from Gear VR I can see a notification about disconnected mouse. Is this normal?ativityThanks, I'll be patient🙂",1482943680.0,500029.0,,,,,0.0,,Not applicable,
M009,17,41,UI Design,24,Environment & Interface.,548292.0,,"This problem occurs due to use of an AMD custom API which collides with Vulkan. However, an upcoming release of our runtime should resolve this.",1515734880.0,548291.0,,,,,0.0,747053.0,Explorer,
M009,18,41,UI Design,24,Environment & Interface.,73738.0,,"Here is a quick Raspberry Pi + Rift DK demo program that draws an animated wrap-around background and uses head tracking to let you look around, which you can download here:http://www.mtbs3d.com/phpBB/download/file.php?id=2703This uses ONLY the CPU, other than to push a framebuffer full of CPU-generated pixels to the display.It is not finished. It cheats in a number of areas. It maps a couple of quaternion coordinates to yaw and pitch instead of converting to Euler angles. It relies on coincidental stereoscopic overlap of the animated pattern instead of drawing separate images for each eye. These cheats fail in minor ways occasionally (such as when you look left or right, which bends your motion upward, and when the color palette wraps around, which causes momentary wrong colors between the eyes). It needs a launcher script (included) to set the screen to 1280x800-32bpp. It draws on the desktop and does not clean up after itself (but the desktop is not useful yet with the Rift connected anyway, so I launch it from a root SSH shell). Be sure to make both files in the .zip file executable, and launch it with the pixelpi.sh script.But as it, it demonstrates that we really CAN do interesting things on this hardware, and it will only get better with GPU support (which will have no problems with running a pre-warp shader).Source code will be provided later after the dirty hacks are removed.You can read some related comments about it here, if you want more (different) details:http://www.mtbs3d.com/phpBB/viewtopic.php?f=140&t=17337&p=122747#p122747",1367153160.0,73710.0,,,,,0.0,9021.0,Protege,
M009,19,41,UI Design,24,Environment & Interface.,16405.0,,"Having Unity Editor open takes resources. The stutter is because the system is not running at 90fps constantly. If I use the desktop computer I have, it's perfect. The laptop just has a hard time staying at 90fps the entire time. Turning with the headset reduces the FPS. I have pretty good specs for my laptop, including M2 hard drive, it is just slightly less spec than a desktop. I am pretty sure that is what the other guy is experiencing too. Some games are far worse laggy. Gorn for example, lots of stutter but this game uses real time shadowing, no VR game should at this point. Turning down sample size can reduce the stutter. It is possible the stutter is because the video card is not necessarily as powerful or maybe because it has to go through the Intel HD port first, a lot of these laptops use Intel HD 4000+ as the HDMI port. It is not directly connected to the NVidia card, we use settings to make it work. This is why Oculus doesn't work at all, they haven't cared to make it work while the Vive does.",1521109140.0,2890.0,,,,,,21152.0,Verified Members,
M009,20,41,UI Design,24,Environment & Interface.,82407.0,,"""cybereality"" wrote:Although I can see the humor in this thread, I can also see how it could be upsetting to people.I will let this one slide, but if I see more threads like this they will be locked.That's good to hear. This thread should be kept open as a tutorial of how to foe people who post bad threads  :mrgreen: Plus we got some funny memes out of it🙂",1371634920.0,82351.0,,,,,0.0,257214.0,Expert Protege,
M009,21,41,UI Design,24,Environment & Interface.,706502.0,,If you got to project settings there is a place for console keys.  On Oculus GO I added a bind for MotionController(R)facebutton1 (back button).  This allows me to open the console while playing my game so you can read things you logged to console.  However you can't type anything to it.https://i.imgur.com/opaZKJr.pngI just ordered a $14 bluetooth keyboard from amazon that I'm hoping will allow me full access to the console while testing on my gear vr.  though i'm not sure if i'll be able to get it paired or not.https://www.amazon.com/gp/product/B00H09Z50E/ref=oh_aui_detailpage_o00_s00?ie=UTF8&psc=1,1526813580.0,706500.0,,,,,1.0,8965.0,Protege,
M009,22,41,UI Design,24,Environment & Interface.,35138.0,,"Heyurn,Apologies on the issue you're experiencing! Do you have that Trace No for the error report? It'll help the eng team quickly locate your case upon reading this post. If not, no worries at all.Have you tried power cycling the link box?Thanks,Steve",1589214480.0,35130.0,,,,,,29067.0,Verified Members,
M009,23,41,UI Design,24,Environment & Interface.,231330.0,,"New issue of VR DEV WEEKLY is out, subscribe athttp://vrdevweekly.com, VR Jobs section is coming😄",1401599280.0,231320.0,,,,,0.0,336563.0,Honored Guest,
M009,24,41,UI Design,24,Environment & Interface.,839915.0,,"Morssoresaid:Dont really know to to disable firewall appsIf you are in Windows 10, type in ""Check Firewall Status"" in your search bar (Bottom left near the Windows icon).A global ""firewall"" menu will pop up.  Go through it and Unclick everything...Windows Defender, AVG (in my case), and any other Firewall program running.Close out, and try to re-install the Oculus software.",1602894900.0,839906.0,,,,,0.0,119746.0,Explorer,
M009,25,41,UI Design,24,Environment & Interface.,54170.0,,We are developing an MR application for the VIVE XR Elite that can be used in large areas. Please let me know how to disable the safety perimeter as this content is meant to be enjoyed while moving about 100m.,1689100680.0,54019.0,,,,,,54659.0,Verified Members,
M010,1,16,Input Methods,3,Input Methods,25828.0,,Please check your PM. I've got you taken care of.,1557910920.0,5680.0,,,,,,5.0,Verified Members,
M010,2,16,Input Methods,3,Input Methods,53586.0,[PC VR/VBS] VIVE Streaming MR with passthrough,"IntroductionThe “VIVE Focus 3” and “VIVE XR Elite” provide camera passthrough features, especially “VIVE XR Elite” has a great color passthrough. More and more content developers look forward to use the camera passthrough to create an immersive MR content. Now, Vive Business Streaming brings this vivid passthrough to PC content with MR support. In this document, we would like to mention that VBS can now enable passthrough underlay on VIVE HMDs during streaming with just a click.Content developers can effortlessly transform their content into immersive mixed reality encountersto work with VBS MR mode. By submitting alpha layer to SteamVR Runtime which many contents already support, e.g. Blender. VBS will take care of all the rest work to stream the alpha layer and blend with camera passthrough at headset side to create MR experience. PC users can now enjoy Mixed Reality contents with the high-quality color passthrough on VIVE XR Elite, also worked on VIVE Focus3.RequirementsVIVE Streaming Hub v1.1.9 (developer only) / VIVE Business Streaming v1.11.3 or newerSupported GPU:NVIDIAandAMDSupported SDK:OpenVR and OpenXRTo enable MR with passthroughVIVE Business Streaming:Open VBS Console SettingsSwitch to “Graphics” page and enable “MR with passthrough”Launch MR content and enjoyYou can enable/disable MR mode in anytimeVIVE Streaming HubTo enable developer mode, downloaddevmode.jsonfile and copy to C:\Program Files\VIVE Hub\ folder.Start VIVE Streaming Hub, then the MR with passthrough option should be there in VIVE Streaming settings.Enable MR with passthrough option.Develop your MR content for VBSVBS extracts the alpha channel of textures of Content and use the information to blend VR texture and passthrough. If the content developers would like to mix real environment and content scene, they have to assign alpha value into the scene. Please read below steps for more details.The content textures format should include ALPHA layerThe alpha value should be 0 to 1.To show passthrough on the HMD, please set the alpha values closed to 0 into target area in the scene.To show the content texture on the HMD, please set the alpha values closed to 1 into target area in the scene.1.Content textures2.Extracted Alpha layer texture3.MR result from HMDCamera setup in UnityHow to settransparentcamera backgroundin Unity:Select the Main Camera in theHierarchypanelIn theInspectorpanel,find theCameracomponentChange theClear FlagstoSolid ColorChangeBackgroundcolortoRGBA values (0, 0, 0, 0)You can use Unity'sColor.clear to set this in your codeTroubleshootingIf there is no passthrough textures while MR mode is enabled, how to recover?Please reopen the function again to check if the MR mode normalPlease verify the alpha layer of the textures is already provided with our steps and submit to SteamVR.The performance looks worse when MR mode is enabled.Please check the Console settings -> Graphics settings -> Streaming graphics preferences, we suggest not to use Ultra preference when MR mode is enabled due to additional encoding involved.How to record the MR content result in headset?Please make sure “Allow passthrough recording and casting” is enable. You can find the setting from HMD’s Lobby, Settings -> Advanced -> Camera settings. When you change this item, please reboot your device.",1684971960.0,,,,31.0,,,53221.0,Employee,
M010,3,16,Input Methods,3,Input Methods,51715.0,,"""Sqorck"" wrote:Awesome! How about integratinghaptic feedback? Rumble motors from cellphones are small and cheap enough.",1397518200.0,51692.0,,,,,0.0,241276.0,Honored Guest,
M010,4,16,Input Methods,3,Input Methods,52593.0,,"Thanks for the suggestion, but nope... not using passenger mode here.The good news is that I know how to reproduce it now.  It seems if I set up the headset from a hard reset on the downstairs floor, everything will work correctly until I move it upstairs.  When I move it upstairs, it reports that it lost the boundary, and asks me to reconfirm the floor and boundaries.  So far, so good... I reset the floor and configure a stationary boundary, and everything works correctly on the upstairs floor.  The problem seems to occur after that.Once I have configured it on the upstairs floor, it doesn't seem to ever lose the boundary again, and instead offers to switch to ""room scale"" with a button.  Even walking entirely down the stairs away from the upstairs area, or powering it on to start downstairs seems to result in this behavior.  If it only offers to switch to room scale rather than reporting ""boundary lost"" it doesn't appear to reset the floor correctly for many VR apps, even if you go through manual floor and boundary resets in Settings.  After manually resetting floor and boundary in the downstairs area, it will result in the Lobby, VivePort, MR apps, and Steam apps correctly identifying the new floor position but any local VR app (Wolvic, Virtual Desktop, any game, etc.) will have the floor position up about 12 feet, at the approximate level of the upper floor.I've managed to get it to force the ""boundary lost"" message by wrapping the entire headset in a blanket, and carrying into a dark bathroom and shutting the door.  Then it will spin for around 2 minutes after unwrapping it and putting it on my head, and report ""boundary lost"".  After that as long as I manage to click on the ""OK"" button before leaving the bathroom, I can reset the boundaries on the lower floor and it works correctly (until the next time I move it upstairs).  If even the bathroom door is open, or I don't click on the ""OK"" button for the ""boundary lost"" popup while in the the bathroom, as soon as it catches a glimpse of something it recognizes outside of the bathroom door, it removes the ""boundary lost"" message and re-establishes the existing boundary with the bugged floor position for most apps, switching back to ""return to play boundary"" message with an option to redraw the boundary with a ""room scale"" button visible.Really frustrating bug, and I hope this description will help the Vive team figure out how to reproduce it and fix it.  Or at least give us a manual option to reset the boundaries which functions the same as the ""boundary lost"" message, which seems to do something different than the reset options in Settings currently.EditedMay 7, 2023by VelJharig",1683417540.0,52503.0,,,,,,61015.0,Verified Members,
M010,5,16,Input Methods,3,Input Methods,115676.0,,"Pokemon Snap is actually the first game that comes to mind.Other than that, virtual reality would breathe new life into just about any old FPS game. The amazing environments of the Metroid Prime games would probably be breathtaking to experience in virtual reality.",1370779680.0,115657.0,,,,,0.0,,Not applicable,
M010,6,16,Input Methods,3,Input Methods,741325.0,,"Luciferoussaid:I found dread halls gave me a sick dread feeling in my stomach while playing it. Alien Isolation also.I think the fact the Manor is scripted made it more a haunted house at the fair kind of scary while the creatures that lurked in the other games where unpredictable and where searching for you with malevolent intentions.Hmmm, ok, maybe it's all in my mind - might try it later and move beyond the second room - repeating to myself""Luciferous said it's not scary, Luciferous did this""But - Luciferous - isn't that close toLuciferin latin >:)  - The Devil himself?  :#Or a better idea - I'll let my 12-year-old son try it and tell him that one boardie thought it was a rather tame and non-scary experience  >:)Oculus Rift CV1, Valve Index & PSVR2, Asus Strix OC RTX™ 3090, i9-10900K (5.3Ghz), 32GB 3200MHz, 16TB SSD""Ask not what VR can do for you, but what you can do for VR""",1598548020.0,741310.0,,,,,0.0,928593.0,Grand Champion,
M010,7,16,Input Methods,3,Input Methods,411494.0,,"I created a small self-contained unity package to track VR analytics to MixPanel.com.Just create an account on MixPanel, import the package below into Unity, drag the prefab into your scene and set your MixPanel ID. Now you have full user stats - including average frame rate !http://talesfromtherift.com/vr-analytics/Would love any feedback.Peter",1454474640.0,411493.0,,,,,0.0,8562.0,Protege,
M010,8,16,Input Methods,3,Input Methods,259927.0,Dying Light in VR! TechCrunch's new video of it!,"Dying Light (from the makers of the slightly flawed, but fun in co-op, game Dead Island) will have Rift support.  TechCrunch takes a look at it:http://techcrunch.com/2014/12/17/we-tried-zombie-survival-game-dying-light-on-the-oculus-rift/Awesome.https://soundcloud.com/tim-chaisson-1",1418814900.0,,,,8,,0.0,138053.0,Adventurer,
M010,9,16,Input Methods,3,Input Methods,215593.0,,"niiiice social media at its finest😄Rift Max is becoming so much more then just ""Rift Max theater"". its like a platform for VR social media now, almost like an emerging social gathering ""brand"" side by side with VR Chati love how the community is collaborating on all of this too!but would someone with deep pockets please invest some money into Rift Max. I'd invest just to see how far MikeArms can take it.or at the very least ensure his Kickstarter campaign is successful!anyways keep up the great work guys.social media in VR will be very interesting indeed!",1406264700.0,215586.0,,,,,0.0,423676.0,Protege,
M010,10,16,Input Methods,3,Input Methods,135687.0,,"I feel very bad for the kickstarters. They didn't deserve this.It's a huge setback for Kickstarter and crowd-funding in general!What's next?""Star Citizen"" selling to EA?Others just shoot the zombies which are chasing us. Whereas I try to talk to them.
If the brainless realized that it is dead, maybe, just maybe, it would lay itself down to rest.",1395733080.0,135686.0,,,,,0.0,138956.0,Honored Guest,
M010,11,16,Input Methods,3,Input Methods,314264.0,,"That GPU is miles away from being enough for VR. CPU-wise, you're more or less ok, but that GPU... forget about it.G3258 z
GTX970
8GB RAM
Windows 7 64",1414220940.0,314263.0,,,,,0.0,563561.0,Explorer,
M010,12,16,Input Methods,3,Input Methods,998749.0,Bulk keys canceled,"Hi,We just generated some redeem keys using the bulk option on the Oculus Developer Center. The keys are provided and we can download the file with the keys but a few hours later it's status changed to ""Canceled"" and the keys does not work!Why it is canceled?",1668646500.0,,,,0.0,,0.0,595683.0,Explorer,
M010,13,16,Input Methods,3,Input Methods,565373.0,***NEW VR GAME*** Dark Mechanism - Play/Test/Feedback,"Hi All,I wanted to post here our latest VR exclusive game that's recently available on the Gear VR and Rift store.Gear VR:https://www.oculus.com/experiences/gear-vr/1418554718219936/Oculus Rift:https://www.oculus.com/experiences/rift/1249667351735524/We have already started building our next game, but would really appreciate any feedback on this one so we can make those amends in updates if need be and also to take into account for the next game.The idea here is to have a simple yet fun to play/experience VR game, so you let yourself fly through the vast infinite environments, enjoy the music, the colours, and see how far you can make it in distance and levels. It's relaxing if you want it to be, or you can put a lot of effort into it and treat it as a race. Up to you!We've put the price up at $0.99 to cover the means to make another game, though if anyone wants Oculus Keys to test/review/make a video, DM me and I can supply some.Best,FOV teamLatest VR game:Crazy Kung FuOther games:www.FieldOf.Vision",1488865260.0,,,,17.0,,2.0,653402.0,Heroic Explorer,
M010,14,16,Input Methods,3,Input Methods,833709.0,Medal of Honor Above and Beyond - on Sale!,Title says it all -  20% off - grab it now from the Oculus store🙂,1612878060.0,,,,1.0,,0.0,894978.0,Protege,
M010,15,16,Input Methods,3,Input Methods,141569.0,,Oh man I'm so sleepy right now but I must continue to follow the cybereality thread. But I guess what I mean with my original question is how does achieving VR presence affect one's perception of time? Does one need to ignore the past and future in order to enable this VR presence?,1404196860.0,141566.0,,,,,0.0,23563.0,Heroic Explorer,
M010,16,16,Input Methods,3,Input Methods,48912.0,,"Ok I got a feedback from the support team and they solved my problem.If you have also the problem that your WIFI MAC Address has changed:forget your current WIFI, in which you have the problemReconnect to the WIFI and set ""use Device MAC"" instead of ""use randomized MAC""beforeyou confirm the connectionNow the used Wifi MAC Address is the ""native"" device Mac addressUnfortunately, setting ""use device MAC"" on a wifi you are already connected with doesn't set the MAC Address to the ""native"" one. Sounds like a bug for me.",1659487920.0,48853.0,,,,,,54801.0,Verified Members,
M010,17,16,Input Methods,3,Input Methods,149497.0,,There's already a Google spreadsheet for this purpose.  We don't need a thread which (as is already obvious) will be filled mostly with nonsense speculation.Brad Davis - Developer forHigh FidelityCo-author ofOculus Rift in Action,1405995720.0,149478.0,,,,,0.0,13912.0,Adventurer,
M010,18,16,Input Methods,3,Input Methods,38799.0,,"I purchased the Cosmos Elite on 12/22/2020 via a vive.com page that stated Half-Life: Alyx included with purchase. So, I bought it. I don't have any redeem code anywhere and have not seen anything besides a 2 months free trial of Viveport Infinity. Can anyone help me address this?",1609515960.0,34644.0,,,,,,42734.0,Members,
M010,19,16,Input Methods,3,Input Methods,642587.0,,"ard - I wasn't a Kickstarter backer for ED. Bought it on Steam, then when Rift was released and saw it on OH, I contacted Frontier and got my OH key.",1494695100.0,642569.0,,,,,1.0,1327601.0,Adventurer,
M010,20,16,Input Methods,3,Input Methods,168497.0,,"Yesterday it did work perfect, but today I cannot find the steamvr mode anymore - means I cannot enter the big picture mode any more.It still shows the virtual reality button in the game (tf2 and hl2), but nothing happens if I press it.Really strange.",1408213740.0,168392.0,,,,,0.0,647441.0,Honored Guest,
M010,21,16,Input Methods,3,Input Methods,60339.0,,"""Frito"" wrote:Nice, im still betting for the cyberith!is that a mocap suit?Yep they are comparing running on the virtualizer to running on a ""normal"" treadmill",1382728200.0,60318.0,,,,,0.0,166697.0,Honored Guest,
M010,22,16,Input Methods,3,Input Methods,65811.0,,"I rediscovered yesterday your app after using a lot Stereoscopic Player (best compatibility and very good framerate). But the main problem of stereoscopic player is the fixed view that dosn't permit to see clearly the elements at the borders (it's also too much close for the view). I tried also the last VR Player (plane view), but it distorts the videos (or I'm doing something wrong)I was really satisfied with all these points when I rediscovered your last version of Riftmax. The blackout theatre is perfect for my use.However, the video is much darker than the original file, and I couldn't find any setting for changing that. The brightness is ok with an old version (I tried with 0.18) or with another VR player. I don't know if I'm the only one who gets this problem. I installed all the codec recommended.Otherwise, do you project to support 3D files made with 2 video layers (from Fufilm W1 stereo camera for example, or many wmv 3D movies) ?",1389172140.0,65516.0,,,,,0.0,3222.0,Explorer,
M010,23,16,Input Methods,3,Input Methods,147113.0,,"It doesn't quite work on the DK2, nothing wrong with the graphics, demo or design, just blizzardry conditions in the rift is a no no. maybe if the blizzard was toned down just slightly it may work better. Will try again when 1440p is released next fall.I7-4790K - GTX980ti - 32GB - PB287Q - G502 - A50 - GAMEZ4RO - G19s - E17k - Xonar7.1 - Xenyx502 - AT2050 - H105 - T300RS - XBox1Elite - X55- 4K/DK2/CV1/VIVE",1415335380.0,147097.0,,,,,0.0,642984.0,Protege,
M010,24,16,Input Methods,3,Input Methods,116377.0,,"I have the same problem, last update was a departure scan from Tamworth at 3am yesterday. Everything should sort itself out tomorrow though as it's a working day.",1374967440.0,116298.0,,,,,0.0,,Not applicable,
M010,25,16,Input Methods,3,Input Methods,346131.0,,"Does it matter if title runs without lags with guaranteed 90fps, but not on maxed out settings?Yesterday I've tired Armored Warfare maxed out graphics on FullHD screen, and Fury X pushed out 25fps-50fps, but when graphics quality settings were turned little lower (tbh I couldn't tell the difference on the screen) fps did stay around 100. Oculus has roughly 2K (QWXGA) combined resolution, I guess if quality setting are lowered some more - fps will stay above 90fps.Question - are there quality requirements from Oculus for titles to provide specific performance with some quality settings, like SSAA x4?DK2soldRift -preordered, shipment estimate March 28.cancelled.
MSI X99A RAIDER, i7-5820K + Corsair H110i GTX, Corsair Vengeance LPX DDR4 64 GB (4x16GB Quad Channel), AMD Radeon R9 Fury X, SSD RAID0 (2x256GB Sata3 A-Data SX900), OCZ ZX 850W 80+",1455827100.0,346119.0,,,,,0.0,555866.0,Explorer,
M011,1,16,Input Methods,36,Controller,43967.0,,"34 minutes ago, C.T. said:What's the spec of your PC? or get me a dxdiag report to see if I can figure something outSorry to have bothered you. we tried a 6th cable and now it works fine all of a sudden. Are there any specific characteristics a cable has to have in order for it to work with the VIVE Focus?",1637129160.0,43956.0,,,,,,50643.0,Verified Members,
M011,2,16,Input Methods,36,Controller,55749.0,Looking for some guidance with a project,"Hello.I am a university student working on my final project using an HTC Vive Pro. The goal of said project is to implement a segmentation algorithm like SAM in the headset using the footage from the front facing cameras.So I would need to have access to the camera images, process them and then display them back once processed on the headset's screens. I was hoping that you could point me in the direction of some development tools, documentations, projects, that could help me achive this.Thank you.",1702369920.0,,,,,,,65647.0,Members,
M011,3,16,Input Methods,36,Controller,158331.0,,My May 2nd order shipped last night.  UPS tracking puts it at my Texas doorstep on Tuesday.  I never thought I would wish away a weekend.,1408657320.0,157066.0,,,,,0.0,615659.0,Honored Guest,
M011,4,16,Input Methods,36,Controller,25304.0,,"If it is shipped by FedEx like my Vive Headset was. Once you receive the tracking number, FexEx has the option at it's website to hold the package at it's location for a short while or give different delivery instruction. When I ordered my Headset, I did not pick the 2 day shipping but that is all it took when it was shipped, It just took a few days before my order was filled. Just keep an eye out for the tracking number, even if you are out of town when you receive the tracking number, You can give the shipping company instructions on how to handle it. You should be good.",1555355520.0,5560.0,,,,,,28537.0,Verified Members,
M011,5,16,Input Methods,36,Controller,52195.0,,"Your experience with the Vive Pro Eye and Tilt Brush sounds frustrating. It seems like you've already tried several solutions to fix the problem, but haven't had anyEssentialsuccess. It might be helpful to reach out to the Viveport support team for further assistance. They may be able to offer additional troubleshooting steps or provide a solution to the issue you're experiencing.",1681272420.0,44613.0,,,,,,61250.0,Members,
M011,6,16,Input Methods,36,Controller,182501.0,,"The thing is that the stutter is ONLY when moving my head, when I keep my head still PCars runs well, even with ultra settings and setting everything to low the same stuttering is evident. It may be the framerate so I will check this out when I have time, I have Afterburner installed to monitor Temps, Core Clock and RAM speed and they all check out so I will setup OSD and see what that brings to light. I have my Rift as secondary monitor for obvious reasons.I will say that most stuff I try on the Rift work flawlessly, Live For Speed, Titans Of Space, Sightline The Chair, Half Life 2 + EP1 + EP 2, Steam Big Picture Mode VR, etc, etc. Some things like PCars, CyberSpace, Museum Of Games 2 all have the Stutter with Head Tracking.I could understand it if it was all the same or if the simple experiences ran flawlessly while the graphically intensive stuff stuttered or if my mates PC which is nearly identical other than he has the 780TI and Core i7 940 CPU both of which are slightly faster but very close to the performance of my parts had the same issue.CPU: Core i7 4790K Hz
RAM: 16GB Dual Channel DDR3 MHz
GPU: Powercolor PCS+ OC R9 290X 4GB
DK2: Delivered
LENSES: Scratched
SOLUTION: Let me buy replacememnts  :idea:",1409641380.0,182466.0,,,,,0.0,416455.0,Honored Guest,
M011,7,16,Input Methods,36,Controller,150790.0,Uncharted Territory (help!),"Got DK2 Today, got most things ive tried working so far (roller coaster,vr player,tuscany,vanguard), but stuck with uncharted territory (and it looks really cool!!!). It opens fine on the rift, but the thing just spins around and around in circles and I can't stop it. Anyone had anything like this/solved it?",1410718440.0,,,,6,,0.0,325197.0,Honored Guest,
M011,8,16,Input Methods,36,Controller,664540.0,"CameraTool.exe error: ""can not find camera vid pid""","I tried to use the Oculus CameraTool.exe as specified in theinstructions herehttps://support.oculus.com/guides/rift/latest/concepts/mr-camera/withan SLR camera hooked in to an Elgato Game Capture HD60 Pro PCI-E HDMIcapture card.In the camera calibration step Ipress the calibrate camera button and it lists the input in the nextscreen as ""Game Capture HD60 Pro (Video) (#01)"" and then I press next.Theproblem is that in the screen after that. It shows an error: ""can notfind camera vid pid. Please close this tool and trouble-shoot yourcamera.""Has anyone had luck with the calibration tool in a similar setup?Inthe assets fold there is an xml file called ""in_VID5.xml"". In that fileyou can set an input. Could I somehow fix this if I knew the input IDin the right format?",1531605780.0,,,,5.0,,0.0,368529.0,Honored Guest,mixed reality
M011,9,16,Input Methods,36,Controller,51509.0,,"Ah I see, it is now an automatic system. I was going to update it once I recieved the Rift to save you the trouble to update it twice in a short time ( while short is relativ🙂when waiting for something).I updated mine (8032 to germany) to processing.Thanks for doing this, it was and is a good reference to check the progress.Isa",1369278960.0,51507.0,,,,,0.0,24079.0,Honored Guest,
M011,10,16,Input Methods,36,Controller,52338.0,,"There are USB 3.2 gen 2x1 ports that are USB-A and support USB-PD, which means 10 Gbps data rate and up to 100 Watt power delivery. But I have to agree that you don't see them too often.And now that I'm thinking about it, if a device has no USB-C port, it's probably unlikely that it has one of those.",1681890780.0,51579.0,,,,,,60492.0,Verified Members,
M011,11,16,Input Methods,36,Controller,32507.0,,"Hiee,I can answer the first question, but not the second since I'm not on the product team. With the modular approach, the options are endless🙂VIVE Focus Plus controllerTrackingChirp SonicTrack™ 6DoF ultrasonic + IMU fusion tracking",1582102140.0,32499.0,,,,,,29067.0,Verified Members,
M011,12,16,Input Methods,36,Controller,113445.0,,Sent you a PMI would like to buy this from you.,1373948940.0,113441.0,,,,,0.0,132356.0,Honored Guest,
M011,13,16,Input Methods,36,Controller,39455.0,,"It's real, and it's not the first time someone has strapped a camera on a bird.",1379561460.0,39454.0,,,,,0.0,110926.0,Rising Star,
M011,14,16,Input Methods,36,Controller,154805.0,,Those are some very precious babies!Koochie Koochie Kooo! Who is a badass graphics display card? That's right! You're a badass graphics display card!Yes you are! Yes you are!😄😄😄But... but... but... I just NEED to know about the Baba! The Baba has me hypmotized! :shock:,1413611760.0,154559.0,,,,,0.0,203280.0,Explorer,
M011,15,16,Input Methods,36,Controller,3698.0,How to restore the games after pc format?,"Hello ,I have formatted my pc for htc vive multiple errors and after many searches and reinstalling it didn't work so I formatted my pc and now I can't find my games in the viveport library to download it .. please help",1530779580.0,,,,,,,23798.0,Verified Members,
M011,16,16,Input Methods,36,Controller,44334.0,,After much searching I found this:Enterprise VIVE Pro Setup download failed issue – VIVEPORT Help Center,1638110220.0,4662.0,,,,,,50969.0,Members,
M011,17,16,Input Methods,36,Controller,170337.0,,"Very nicely done! I'm impressed.I've got one question, though: this only a visualisation of your hands, right? How hard would it be to implement interaction between your hands on screen and the 3d environment? And how precise could it be? Would we need a 75 fps (sorry if the term is not exact) camera to be right on par with dk2?",1406175720.0,170328.0,,,,,0.0,138648.0,Protege,
M011,18,16,Input Methods,36,Controller,392000.0,,Nice! the G efects are good but not too much...thanks. It was a lot of work I think.,1453698120.0,391999.0,,,,,0.0,42609.0,Protege,
M011,19,16,Input Methods,36,Controller,119331.0,,This is probably the most incoherent spam I've ever read  :lol:,1373988060.0,119330.0,,,,,0.0,138044.0,Adventurer,
M011,20,16,Input Methods,36,Controller,304003.0,,"YouTube embeds on the forum need to be just the video code, not the full url (I fixed it for you).AMD Ryzen 7 1800X | MSI X370 Titanium | G.Skill 16GB DDR4 3200 | EVGA SuperNOVA 1000 | Corsair Hydro H110i
Gigabyte RX Vega 64 x2 | Samsung 960 Evo M.2 500GB | Seagate FireCuda SSHD 2TB | Phanteks ENTHOO EVOLV",1426752120.0,304002.0,,,,,0.0,3173.0,Grand Champion,
M011,21,16,Input Methods,36,Controller,134267.0,,"I'm not sure if I can finish all the scenes I had planned for V2.0 before Connect, but I want to release something before I fly out to Hollywood. So, I'll probably need a few people to test out a sample build around Tuesday of next week. PM me if you are interested.Also, working with the new SDK has been one issue after another. Thanks to drash's tips scattered around the forum for helping me fix most of the issues.",1410443580.0,134155.0,,,,,0.0,99241.0,Explorer,
M011,22,16,Input Methods,36,Controller,172148.0,,"""FokkerFace"" wrote:I'd like to start with a comment in relation to DK2 and further (CVx) model resolution. DK2 is not FullHD. It uses FullHD screen, but DK2 effective resolution is only half of that in a best case scenario.Yes, this is a known fact. The DK2 order page explicitly says it is 960 x 1080 per eye. The DK2 announcement page also says 960 x 1080 per eye. I'm not sure what the point of telling the rift developer community that the DK2 isn't ""FullHD"" is, we all know that. Was it advertised somewhere as ""FullHD""?Author:Oculus Monitor,Auto Oculus Touch,Forum Dark Mode,Phantom Touch Remover,X-Plane FixerHardware: Threadripper 1950x, MSI Gaming Trio 2080TI, Asrock X399 TaichHeadsets: Wrap 1200VR, DK1, DK2, CV1, Rift-S, GearVR, Go, Quest, Quest 2, Reverb G2",1411061580.0,172144.0,,,,,0.0,11.0,MVP,
M011,23,16,Input Methods,36,Controller,157108.0,,"""jscheema"" wrote:If the pattern sticks.  Next batch will go out on Tuesday.  Mine was on March 21st, should be in the next batch on Tuesday.When do you think processing would begin? Over the weekend like last time?-Stuart Bradley Newsom

HS-51XXXXX  Mar 21, 2014 01:09 AM PDTDELIVEREDPortfolio:http://sbnewsom.comFacebook:Click Here",1407474240.0,157066.0,,,,,0.0,18952.0,Honored Guest,
M011,24,16,Input Methods,36,Controller,820915.0,,"Thanks bigmike always useful to know when free stuff is on its way!13700K, RTX 4070 Ti, Asus ROG Strix Z790-A Gaming, Corsair H150i Capellix, 64GB Corsair Vengence DDR5, Corsair 5000D Airflow, 4TB Samsung 870 , 2TB Samsung 990 Pro x 2, DK2, CV1, Rift-S, Quest, 2, 3, Pro",1564893900.0,820913.0,,,,,1.0,13.0,MVP,
M011,25,16,Input Methods,36,Controller,378085.0,,I feel it's still too early for this research. This time next year however...Not a Rift fanboi. Not a Vive fanboi. I'm a VR fanboi. Get it straight.,1456779360.0,378078.0,,,,,0.0,806276.0,Rising Star,
M012,1,18,Interaction Methods,12,Interaction Mechanics,146482.0,,ok....so after all these hundreds of days I still don't know why a game called euro truck simulator is popular....will someone explain that to me. It was like a top seller on steam for ages and perhaps still might be. What's with all the hype over a truck simulator? (goat simulator similarly weird),1398475980.0,146465.0,,,,,0.0,257214.0,Expert Protege,
M012,2,18,Interaction Methods,12,Interaction Mechanics,131744.0,,"""Octomelon"" wrote:Man this has been the worst offender for making me feel sick in VR. I felt terrible after 20 minutes of play earlier.I only play MC in the rift at this point.I cant wait for the 1.7.x version to be released as I'm currently playing a single player map and am unable to play on the server I host for a number of friends.I can't wait to get on that server and see all the amazing things we've built in full scale.And back on topic, I get almost no VR sickness at all playing this game, I may only feel a little eye strain after really long sessions.",1386125940.0,131619.0,,,,,0.0,99450.0,Honored Guest,
M012,3,18,Interaction Methods,12,Interaction Mechanics,136852.0,,What makes you presume there is a problem in the first place.,1392741600.0,136836.0,,,,,0.0,226987.0,Explorer,
M012,4,18,Interaction Methods,12,Interaction Mechanics,654388.0,,"I love Ark Survival Evolved, putting over 2000 hours into the game. I've been waiting for them to update and improve the VR for it.They made Ark Park instead. What a complete waste of time! This is not what Ark players want and I won't be buying.",1522106460.0,654383.0,,,,,1.0,466553.0,Rising Star,
M012,5,18,Interaction Methods,12,Interaction Mechanics,1019991.0,,Do you know how to usexrCreateSwapchainAndroidSurfaceKHR to play a video? thanks,1673292540.0,968927.0,,,,,0.0,1492169.0,Honored Guest,
M012,6,18,Interaction Methods,12,Interaction Mechanics,131391.0,,"Except for Elite: Dangerous this is the first DK2 game I've actually returned to several times. I ""finished"" it yesterday on my 3rd or 4th run (only to find there's no end yet, lol). This is definitely one of the absolute best DK2gamesso far, so I backed the campaign.There are many Riftdemosthat are super fascinating and cooler on first impression, but once you've seen them that's it. Whereas Windlands - even in its current form - is super fun to play and return to. If you can give this demo a proper end and maybe add a simple save option that keeps track of your collectibles (so that you can try to get all orbs in several sessions) that'd rock.Some places are way too dark though, maybe the dark setting could be slightly brighter and the bright setting a bit darker? A tiny bit of ambient light in the pitch black shadowy outdoor areas certainly wouldn't hurt. Or maybe tune brightness slowly up/down as you enter bright/dark areas to simulate the eyes adjusting to changing conditions. That might work well with the game actually.Keep it up, can't wait to see this turned into a full game!PS: I'm running in extended mode with the DirectToRift.exe and it overall runs satisfactory. I do get a very slight judder when turning my head though (not FPS related, when I turn using the stick or only translate my head without rotation its silky smooth, its small ""skips"" in the rotational tracking). Controls with the gamepad are very intuitive and I get lost in this world almost to the point where I don't even notive I'm using a controller anymore. The movement causes me no issues at all, I spent >90 minutes without pause in the game without feeling sick.",1411619100.0,131267.0,,,,,0.0,13340.0,Honored Guest,
M012,7,18,Interaction Methods,12,Interaction Mechanics,512981.0,,"It happens to me in the C++ sdk (using Ogre3D, but that's unrelated to the problem since it's just the oculus sdk that's returning the wrong value)",1470666540.0,512962.0,,,,,0.0,11.0,MVP,
M012,8,18,Interaction Methods,12,Interaction Mechanics,14436.0,,"I'm happy to help you. You'll need to redeem your code athttps://store.vive.com/code/us/redemptionHowever, depending on where you bought Vive from, you'll want to change the ""US"" part to the correct country code. The exception to this is if you imported your Vive, in which case it will be a US based code. The website will automatically try to send you to your own country based on your IP location, so you'll need to manually set that URL if you're outside the US but you imported your Vive through a 3rd party.Thanks!-John C",1513591560.0,1131.0,,,,,,15742.0,Verified Members,
M012,9,18,Interaction Methods,12,Interaction Mechanics,40736.0,,"The button on newer link boxes is a physical power button. That button should power the entire headset on/off and the bluetooth circuitry in the link box.On some models of linkbox like Vive Pro, the bluetooth module used to communicate with the basestations is embedded in the Linkbox. Those situations are the only ones in which the linkbox's power state would affect Bluetooth (Pro/Pro 2). That said, the linkbox was off, the entire headset should be off as well unless you're using Vive wireless.I highly recommend using this app if you're iOS:https://apps.apple.com/ca/app/bs-companion/id1533473030",1623140460.0,1809.0,,,,,,16658.0,Verified Members,
M012,10,18,Interaction Methods,12,Interaction Mechanics,89784.0,,When Samsung announced Project Beyond it was a nice justification of my design. Quit a few felt they copied my design but I think it was just a natural method of arranging the cameras. Even so I am sure they were aware of my design.Definitely the best would be to use as fewest number of cameras as possible. Fewer cameras means fewer seams. I always wanted to find a lens that would allow 5 pairs but when drawing this up on paper it looks like the lenses of one pair would interfere with the vision of the adjacent pair.Six pairs should work. It is a matter of using the right lens.I hoping for a camera control that would allow one set of buttons for all cameras.When Samsung has a consumer version of Project Beyond I don't think it will be inexpensive. I also don't like the idea of having prestitched images. I have been stitching panos together since 1997. There is an art to getting good seams from multiple cameras and I think I can do a better job than an automated process.My goal with the experiments with the Mobius was to find a design that offered a low cost to allow more people to try. But also to experiment with the layout to prove the design before committing to more expensive cameras that offered more features. Global shutter and gen lock being most important for stereo work.,1422046440.0,89757.0,,,,,0.0,144849.0,Honored Guest,
M012,11,18,Interaction Methods,12,Interaction Mechanics,308762.0,,"Hi.I might have a couple of ideas which could help. I'm assuming that the paddle will be moving on ONE axis. So for example, you are looking at the pong game from a birds eye view, and the paddle you control is  at the bottom of your view, moving left and right with your head movement.To get things working, you could possibly try a couple of things.One would be to use ray casting. So your pong game could take place on a plane, which you can assign a label to like 'PongLayer'. You then cast a ray from the position of the 'Centre Eye Anchor' in the OVRCameraRig.The way I did this was to create a script and attach it to the  CenterEyeAnchor with the following code:[SerializeField] LayerMask layerMask;void Update(){RaycastHit hit;if (!Physics.Raycast(transform.position,transform.forward, out hit, layerMask))return;}In the editor, the 'LayerMask' variable will be shown as a drop down list. Select the 'ponglayer' as the only layer for the ray to look out for. This way, the raycast will only return a hit if it hits the 'pong' layer.From here, you can then use 'hit.point' to get the world space position of the ray hit. You could then have paddle object match the transform.position of hit.point.However, this would be mean the paddle will go up and down as well as left and right. If you JUST want it to go left and right, you can use say something like""paddle.transform.position = new Vector3(hit.point.x, constantYval, constantZval);"" I'm sure you'll be able to experiment from there.The other solution would be to get the Y rotation of the head tracking from CenterEyeAnchor.transfrom.rotation.y,  and then convert that value to  an X translation. Personally I think Ray cast solution will be robust.There are probably more elegant solutions to this which I'd also love to hear about. For now just to get things working, try this solution.Hope this helpsEDIT:Come to think of it, using 'paddle.transform.localPosition' might be more beneficial. You should use an empty game object called 'Pong Container' or something, then place your pong table and other pong objects within that game object.",1417369740.0,308761.0,,,,,0.0,55882.0,Honored Guest,
M012,12,18,Interaction Methods,12,Interaction Mechanics,83095.0,"""Sony to be the ones to truly kick start vr""","God i want to punch some of these idiotic journalists sometimes.http://www.edge-online.com/news/sonys-vr-tech-will-be-revealed-at-gdc-and-it-represents-virtual-real...While  I will be happy to see some vr expansion and console vr adoption...Oculus already kickstarted vr, people forget that consoles are closed platforms... the vr content has to come from studios... on pc we have new experiences for vr almost daily.",1394574240.0,,,,52,,0.0,138053.0,Not applicable,
M012,13,18,Interaction Methods,12,Interaction Mechanics,224392.0,,"DRAW OVER - Congrats to ""2eyeguy"" for being the selected winner!Join me on facebook and youtube to win free games monthly! 

Facebook -https://www.facebook.com/fdreviewsYoutube Channel -https://www.youtube.com/user/fdreviews",1408062540.0,224379.0,,,,,0.0,443536.0,Honored Guest,
M012,14,18,Interaction Methods,12,Interaction Mechanics,43724.0,,I like the idea of the virtual tours (or free roaming). Being able to see and walk around Jerusalem before the town got completely torn apart by the crusades the the romans would be awesome. Seeing old structures in their former glory would be an interesting experience.,1372571220.0,43687.0,,,,,0.0,42602.0,Honored Guest,
M012,15,18,Interaction Methods,12,Interaction Mechanics,209722.0,,"Havent tried these yet, waiting for my DK2 to be delivered tomorrow, but THANKS!",1406623140.0,209716.0,,,,,0.0,248760.0,Honored Guest,
M012,16,18,Interaction Methods,12,Interaction Mechanics,149022.0,,"""Simpanra"" wrote:""AntDX316"" wrote:FOV to 120 on Vorpx? how do u change the FOV in VorpxIn Documents you should be able to find your Fear 2 folder (it might be in another folder like My Games or something). Inside that there will be a settings.cfg (or settings.ini). Open that and change the FOV from whatever it is (maybe 70 or so) to 120🙂Everything (once this is done correctly) will look so much more real in the Rift once it is working😄well that would make it worse for me as it would be even scarierdoes Doom 3 work?",1410784740.0,149010.0,,,,,0.0,468707.0,Honored Guest,
M012,17,18,Interaction Methods,12,Interaction Mechanics,237013.0,Recentering the Oculus in Game,"Does anyone know what kind of script I would need to 'reset' the oculus camera in game?  I have a tech demo that requires a consistent eyepoint, but since people will be at different heights and handing over the Rift in the middle of a demo, it would be great if I could just map some kind of 'reset' key so when a 5'3"" person gives the Rift to a 6'3"" person, all I need to do is hit spacebar and the eyepoint will go back to where it was.Thank you!",1412206860.0,,,,6.0,,0.0,171367.0,Honored Guest,
M012,18,18,Interaction Methods,12,Interaction Mechanics,240757.0,,"Hey thank you, do you mean in unity editor create a new case or what is the case number for the current bug?.The current unity bug case number is (713029)Also created a second one recently that included a reduced size version of my entire project, that one is (717257)",1438917540.0,240747.0,,,,,0.0,673631.0,Explorer,
M012,19,18,Interaction Methods,12,Interaction Mechanics,540469.0,,Forget about things being a reboot of other things. The immersion makes it massively different. I would love to reboot unchartered series and tomb raider into vr.,1467689460.0,540465.0,,,,,0.0,1288889.0,Consultant,
M012,20,18,Interaction Methods,12,Interaction Mechanics,205206.0,,"I really want to try this, but when I run the direct app, the frame rate is extremely low, and there's all sorts of tearing.😞VRJam game: GravWing Racing!viewtopic.php?f=51&t=3480",1406712060.0,205191.0,,,,,0.0,202493.0,Explorer,
M012,21,18,Interaction Methods,12,Interaction Mechanics,130716.0,,"Funny how my mind works sometimes. Reading the title of the thread, for some reason I was expecting the followup to be something like:""...and the doctor asked me why I was taking my pants off.""Project: Ocarina-The Legend of Zelda, Ocarina of Time in VRkuma_-Twitterhttp://darkakuma.z-net.us/-My Bloghttp://www.z-net.us/-SNES Online Gaming",1392392400.0,130714.0,,,,,0.0,18370.0,Explorer,
M012,22,18,Interaction Methods,12,Interaction Mechanics,225756.0,,"""cactusblah"" wrote:Not sure why the DK2 doesn't have adjustable IPD, it seems like something Oculus could easily implement. The lenses could slide in and out and lock in place every millimeter.Would have been nice if they had implemented it.  They would then have had a nice run of units that we could have tested out and with our feedback helped to improve it for CV1.But then they had priorities like head tracking and better resolution etc, and lower ranking priorities like this and scratch proof lenses were probably not within bounds of the cost pool or delivery date they promised on it or something.oh yeah, and ""Because its a dev kit"" is such cluelessly myopic answer it's laughable.This space available for advertising.",1407553860.0,225751.0,,,,,0.0,143464.0,Explorer,
M012,23,18,Interaction Methods,12,Interaction Mechanics,106339.0,,"By now you will have seen that all Hades has been let loose with the above Eurogamer 'news' - though unsupported by an official Sony JP statement as of yet, the leaks are substantive enough to be treated as credible.Linked to the development of the new HMZ-T3, it is obvious from a Rift perspective that the first competitor to the OVR system will be coming directly from Sony in support of their home console Next-Gen (PS4) platform and will be with us for at least a prototype showing Q3 2014.I will not enter into the hoards of new discussions that see the headline like ""Sony Competes With Rift on PS4"" sprouting like mushrooms on this forum, as to be honest this is a Oculus VR forum and other than competitive analysis - further discussion on anther company's business plans is mute.It would seem that the majority of the new posters have not read any of our posts on LG's VR ambitions, or the ongoing work of Philips, as well as all that is Sony. Competitors are inevitable in this field, and in this current climate where the publicity seems to out weight the possibilities it can not hurt a corporations bottom line to be associated with VR, if only as rumor.Let's hope that the VR gates that Palmer has thrown open unleash more than a second blast of hot air and hype but a new landscape for immersive enjoyment!https://vrawards.aixr.org/
""The Out-of-Home Immersive Entertainment Frontier: Expanding Interactive Boundaries in Leisure Facilities""https://www.amazon.co.uk/Out-Home-Immersive-Entertainment-Frontier/dp/1472426959",1378197480.0,106325.0,,,,,0.0,231485.0,Honored Visionary,
M012,24,18,Interaction Methods,12,Interaction Mechanics,87643.0,,"For those who care to explore, the 'free for all' on what we sometimes call 'over unity' technologies, has begun in earnest.Besides the 100 plus years of suppression and ""murder/death/kill/erasure/ridicule/'don't look'/'distract-the masses' that has occurred in this area,it rises regardless.Recently, a good fifty  different variations on gravity/vortex/mass type devices have appeared, and the LENR field is busting WIDE OPEN, in a good 20-30 variants that are becoming more numerous, by the week, and soon by the day.Nevertheless, you won't find any of this in mainstream news, not one one single iota will ever appear there. All because it moves as far away as is possible -from centralization of power and control, is the consensus.It shows all the signs of busting open almost as fast as the  number of rift applications is increasing.~~~~~~~~~~~~This is just the tiniest tip of the iceberg. The world population does not want wars, but oligarchs sure do. Sociopaths hate losing, they especially hate losing control, losing empire. Well. Tough shit. You get back what you put out.My point is, if one thinks that the information flow is going to slow due to energy issues, they have no idea. The energy available to the individual is not really infinite in these cases, but it is a few logs above what they have now.  100kw per individual, in availability, no time or use limits? Not necessary, but easily doable.There are dangers involved in these areas of energy creation and use... and I'm not desirous to state where and what they are, it's bad enough as it is. The problem is that this is inevitable, unstoppable, and on the verge of breaking into the mainstream public view. The problem is one of breaking dimensional fabric in the given local time/space. Temporal/mass representation and cohesion in the 'darkmatter/local field' where the device may be 'located'.Some types of devices are 'not so good' in that regard. Explaining the potential problems is explaining the specifics is explaining the methodologies.Our problem is one of the fanatic, the cracker, the blinkered war monger, the radical, etc... that thinks and lives by their ass and their balls. Such devices will be available to that mind as well. What to do when suppression fails and humanity is also not developed? The corollary is that many (who have explored this question) think the idiocy and the radicalization is due to the limiting and the suppression (the monkey beaten into the corner and still beaten for doing as asked). IMO, they're not wrong. Both extremes have some truth, both have some misconceptions, and the outcome of the quandary is a mystery.May you live in interesting times.Intelligence... is not inherent - it is a point in understanding.Q: When does a fire become self sustaining?",1394858580.0,87640.0,,,,,0.0,8465.0,Protege,
M012,25,18,Interaction Methods,12,Interaction Mechanics,42456.0,,"Me too!""Your order #0435xx has been shipped.""Scheduled Delivery:Monday, 07/08/2013, By End of Day",1372684020.0,41227.0,,,,,0.0,36345.0,Protege,
M013,1,18,Interaction Methods,20,Player Interaction,159599.0,,"ordered july 8th , i thought i would get it this week , bu it looks like it'll be next week :'(",1410230820.0,157066.0,,,,,0.0,45276.0,Honored Guest,
M013,2,18,Interaction Methods,20,Player Interaction,36002.0,Waiting on AMAZON I found these (trackstraps +),"https://rebuffreality.com/products/trackstrap-trackbelt-plusI'm in the middle of buying stuff for a VR Room, and setup, and found these, i was wondering if anyone owns these and how are they, are they worth spending money on them, any faults? complaints? comfortable?1",1591824300.0,,,,,,1.0,34974.0,Verified Members,
M013,3,18,Interaction Methods,20,Player Interaction,176236.0,,"Were still on March 20th Deliveries us in April/May/June orders have got a long wait ahead. :?My wife ordered mine 26th June, Ouch I expect late September.My estimate8th August - March Orders15th August - Late March to April Orders22nd August - Early April - to Mid April Orders29th August - Late April - Early May Orders5th September - Early May - to Mid May Orders12th September - Late May to Early June Orders19th September - June to Early July OrdersThis would coincide with Oculus delivery status of any orders to be shipped in September, so I expect April/May to be end of August with June to be delivered around 12th - 19th September.:cry:",1407436200.0,174354.0,,,,,0.0,265243.0,Honored Guest,
M013,4,18,Interaction Methods,20,Player Interaction,577311.0,,Have they added more content to this game yet or is it the same old boring missions?,1511134080.0,577294.0,,,,,0.0,406680.0,Expert Consultant,
M013,5,18,Interaction Methods,20,Player Interaction,46217.0,,"amesA: Thanks for playing Trial of the Rift Drifter — glad you enjoyed it!🙂(And no worries, don't want confusion to arise either.)atokc- ""Wow! This looks great🙂Loved your Trial of the Rift Drifter, so I can't wait to kickstart this one.Trailer is really, really good and gives me a bit of Bioshock feel. Keep up the great work!A: Thanks for the vote of confidence and continued support!Regarding the BioShock feel — Earthbound is inspired by art deco designs. Art deco was the design style of choice for BioShock too, so that may explain the resemblance😃- I loved trial of a Rift Drifter as well. I will be backing this one on kickstarter as well.A: Thanks a lot for the support!If you guys are up to it, it'd be cool if you could help spread the word about Asunder — tell your friends or drop a tweet here and there. At this point we really want to grow a community of supporters to increase likelihood of successfully funding a next generation of amazing VR games🙂AsunderandTrial of the Rift Drifter.",1380025320.0,46212.0,,,,,0.0,195652.0,Honored Guest,
M013,6,18,Interaction Methods,20,Player Interaction,189470.0,,"""VitalViper"" wrote:""gaga2020"" wrote:I have got good news from ups. checked in at feltham, uk and will delivered friday.Ordered at 5th August in Germany.For the Guys from NA:When there where two weeks batches for NA nobody had a good words for the european buyers.However, i think the batches will span mor order days now. So next batch for NA will go till mid of august.The Mountain is behind us....Terrible english..not true?Did you get the READY and PROCESSING status yesterday? If so, that is what I got but I haven't received any email from UPS yet.. oddYes, i've got it yesterday. If you have got a mail from UPS today, look on their website with the link in the mail.At Oculus my Status is processing, but at UPS its on the way...And no shipping mail from Oculus...",1412738340.0,188121.0,,,,,0.0,567505.0,Honored Guest,
M013,7,18,Interaction Methods,20,Player Interaction,248957.0,My Oculus Rift Video Attempt,"I have a YouTube channel (don't we all), but have attempted to do a demo that's hopefully a little bit more entertaining than the standard ones out there.I'd really appreciate it if you'd take a look, and let us know what you think. Many thanks!https://youtu.be/YwwruNrFG6EAlex...I've got an OR to develop 360 films for it, mainly 3D/360 animation. I've just finished one for the company I work for, once it's 'released', I can't wait to show it to you guys. I love it.A great learning curve with many technical hoops to overcome. 60fps not standard 25. Learning a 360 camera. 2k by 2k picture. ...all of that x2 for each eye - that's a lot of rendering!!Thanks again.🙂",1428006660.0,,,,1.0,,0.0,831330.0,Honored Guest,
M013,8,18,Interaction Methods,20,Player Interaction,506062.0,,"OpticKingsaid:DerekSpearesaid:Is there a workaround for those of us who are not using the Rift's audio output?Yes, he had covered it in a previous post, you simply have to copy/paste one line into the vr.cfg file with notepad. If you are unfamiliar with how and don't care to learn, I believe he said he'd update the code so it's no longer an issue. (you'll have to wait a few days probably if that's the case)To quote his earlier post-Samson said: If there is a VR.cfg file in your save game directory, addvr_forceOculusAudio 0 to the end then relaunch. If you don't have aVR.cfg in your save game directory, add it to vr_default.cfg in base andre launch.  I have fixed the audio init code to avoid this but won'thave a chance to post the update until tomorrow.Thank you!  Up and running...wow🙂Movement in FPS games needs to be improved.  Samson's method is good.  I like the movement direction bar...clever.Editing the file isn't too daunting.  The correct line to be inserted into the CFG file is as follows:setvr_forceOculusAudio ""0""🙂derekspearedesigns.com",1483311660.0,505595.0,,,,,0.0,486815.0,Adventurer,
M013,9,18,Interaction Methods,20,Player Interaction,58791.0,How to integrate sranipal c api in C++ rendering project?,"I need the gaze directions (L and R eyes) for C++ rendering engine. Using `v1.3.3.0`. After importing the `bin, lib, include` folders in the rendering engine, I am a bit lost. I can see from the c API, runtime is working:https://imgur.com/e2Z4lf2https://imgur.com/e2Z4lf2",1717043760.0,,,,,,,69262.0,Verified Members,
M013,10,18,Interaction Methods,20,Player Interaction,313181.0,,I am not trolling at all just putting my thoughts out there.I know it can do lots of other things but I don't see the dk2 or cv1 being used in that way. For example simply experiences like from ashes (amazing) or Eden river etc will be mainly done on mobile devices due to the ease of use as setting up a pc is a little bit of a hassle . Remember if we want mass adoption of vr then the little experiences are going to be on the note 4 or 5 due to it being so simply to setup. If we fast forward a few years I think vr phones will be mainstream in the market.Back to dk2 or cv1-2 I feel that vr has a end game that is the matrix or something close. So how is that going to be done? It's going to be done at recreating the real world feelings & physics based feedback and what better way to experience it is in a flight sim or car sim such as assetto corsa. Alien is an example of what it would be like to walk around and to experience a very scary place indeed. I literally jump back and then freeze when the alien attacks me. I was attacked by a dog once in my life and the initial leap and attack from the alien is similar in that it stimulates my fight or flight response. Once again if you don't think these games are any good then I really don't see what the point of having a dk2 or planning on getting a cv1 with a major upgrade to your gaming pc. I would say get the mobile device that will play short play experience games etc.,1417274100.0,313171.0,,,,,0.0,388395.0,Honored Guest,
M013,11,18,Interaction Methods,20,Player Interaction,178052.0,,"DTG_Admin  [developer] Aug 22 amOriginally posted by N Quarter:Well first things first, how goes bringing that info on Oculus and TrackIR?As promised I have been getting you the details about this. Here we go.Train Simulator 2015 includes limited support for Oculus Rift DK1 and DK2. This has been included to aid future developments for VR technology and to broaden the experience for owners of OR development kits. OR currently works within the actual gameplay experience, although it does not currently have menu support.edit: i will tinker around with it and if i get it to work will post setup here.",1411083600.0,178049.0,,,,,0.0,180668.0,Honored Guest,
M013,12,18,Interaction Methods,20,Player Interaction,186130.0,,"I got ""wall of text"" syndrome and stopped reading after the first few sentences.Damn the modern way of thinking.Sorry!DK1 | DK2""The question isn't who is going to let me but rather who is going to stop me""",1396290060.0,186129.0,,,,,0.0,169825.0,Explorer,
M013,13,18,Interaction Methods,20,Player Interaction,782394.0,Crash when quitting packaged Rift build - OculusAvatarModule:ShutdownModule.,"Our game does not quit cleanly when I call QuitGame.  I get a crash dump.  The stack trace says that it crashes in OculusAvatarModule::ShutdownModule(), called by UnloadModule.Anyone know what would cause that or how I can prevent it?  I'm on Unreal 4.23.1 and using ovr_platform_sdk 12.0.0 I believe.Thanks!",1580164260.0,,,,0.0,,0.0,1126883.0,Protege,
M013,14,18,Interaction Methods,20,Player Interaction,418821.0,,You can go to your account and press edit and change your address. But I did that a few times and so far I've had 5 emails with different changes to my address !!!!! Hopefully because I've gone through paypal then they will send to that address  :?TonyA PC with lots of gadgets inside and a thing to see in 3D that you put on your head.,1452135360.0,418820.0,,,,,0.0,1089998.0,MVP,
M013,15,18,Interaction Methods,20,Player Interaction,166229.0,,That DHL phising e-mail is pretty popular. You can see details here:http://www.consumerfraudreporting.org/phishing/DHL_phishing2012.php,1405202340.0,165490.0,,,,,0.0,262644.0,Honored Guest,
M013,16,18,Interaction Methods,20,Player Interaction,1044923.0,FFR in Unity OpenXR on Quest 2?,"Hello!My team is having some frustrating issues with visual clarity in our Unity project built for the Quest 2 with Unity OpenXR. The clarity is especially abysmal (blurry, distortion) towards the far edges of the screen, which begs the question: is fixed foveated renderingonoroffby default with Unity OpenXR? Or is this setting not controlled by Unity at all, and just from the headset menu? If it is on (which it looks like it is in terms of degrading quality away from the center), we would certainly like to turn it off!Many thanks,Lorenzo",1682263080.0,,,,0.0,,0.0,1492818.0,Honored Guest,
M013,17,18,Interaction Methods,20,Player Interaction,801238.0,,Wildtsaid:pyroth309said:Is this cross buy?YupThanks. It's a pain to check on my phone from work. Weak signal due to concrete walls heh. I'll try it out in a few hours.,1561036140.0,801230.0,,,,,0.0,810536.0,Visionary,
M013,18,18,Interaction Methods,20,Player Interaction,1172485.0,Unreal Engine or Godot?,"I am currently working on a retro, ps1/SNES style VR looter shooter (R/EclipseOfCivilization if interested.) and am curious if I should sketch from godot to UE5. I am very early in development, barely made any gameplay, aside from modeling and grabable guns in godot.",1711046460.0,,,,0.0,,0.0,1586200.0,Honored Guest,Developer|Game and Apps|game engine
M013,19,18,Interaction Methods,20,Player Interaction,466220.0,,"Dreamwritersaid:swissspearsaid:This is $10 (maximum) game. Boring and repetative combat, horrible static camera.Insomniac made perfect VR-game (A-class imho) before - Edge of Nowhere. But Feral Rites looks like steroid B-class game. Waste of moneyYou played it? What about the combat is boring, how far did you play? Did they unlock more moves you can do later? And what about the camera is horrible, what makes it worse than Chronos' static camera? That one worked great.I can almost guarantee that person DIDN'T play it, or at least not past the first level.  All the people calling this game 'repetitive' are willfully ignoring 90% of the attacks and combos at their disposal and choosing to just spam a single attack and brute-force their way through combat  (which won't work when you get to level 2 and the enemies start getting more aggressive, I can tell you that).And the game does grant you new attacks and abilities as you go, which means more things you can chain together and more ways to control the battlefield.The camera, on the other hand, really is bad.  It's fine when you're staying within one area and just fighting dudes, but when you're moving quickly from one area to the next and the camera angle is jumping around, you feel like the camera is your worst enemy, and can end up getting confused and accidentally turning back into the area you just came from.   In Chronos, the individual rooms were larger, and since you usually didn't see the next room from your current one, you didn't have expectations on how the camera would be oriented from one second to the next, IE more time to react to the change in orientation.I feel like Feral Rites actually would have been much better off in that respect if they hadn't segmented the big open maps into areas and just used a follow-cam instead, something like Lucky's Tale, and had a button to change which side of the character it is oriented on.  They could still lock it in place for cut-scenes and battles where you're trapped in a single room until completion, but other than that, keep it loose and consistent.It's not enough to ruin the game for me by any means, but it's easily the biggest flaw.It's hard being the voice of reason when you're surrounded by unreasonable people.",1473858780.0,466207.0,,,,,3.0,1350128.0,Consultant,
M013,20,18,Interaction Methods,20,Player Interaction,499436.0,,"check out this forum, as someone was trying to buy a copy of EV.  I'll post a link if i find it before youEdit: https://forums.oculus.com/community/discussion/45601/someone-selling-or-trading-an-eve-valkyrie-code#latestThere you go",1480628280.0,499434.0,,,,,0.0,1209474.0,Superstar,
M013,21,18,Interaction Methods,20,Player Interaction,328417.0,,5 months later and things are coming along quite nicely. Look forward to more updates!,1429851060.0,328415.0,,,,,0.0,438284.0,Honored Guest,
M013,22,18,Interaction Methods,20,Player Interaction,496521.0,,"Is any Unity 3D sample code available, which I can use as base to start building my own media app like(Netflix, youtube or Discovery VR etc)",1487522700.0,496520.0,,,,,0.0,609071.0,Honored Guest,
M013,23,18,Interaction Methods,20,Player Interaction,326667.0,Oculus Runtime Env 3 Lowering Performance,"Hi.I don't know whether anyone is having this trouble, or whether it is limited to Unity builds, but I have found that the latest version of the Oculus Runtime Environment does not run my Unity applications very well at all.I was getting ~30-40 Frames a Second.At first I thought it was a problem with the new SDK 0.4.3, or I'd forgotten to change a setting.However, I reinstalled the older version (4.2, or 2), and now I'm getting the right performance. In fact I'm getting better performance with the new SDK.I have installed the latest runtime env multiple times, and it's the same problem every time.Is it a bug or is there setting in the new Runtime Environment I'm not checking?",1414515480.0,,,,2.0,,0.0,55882.0,Honored Guest,
M013,24,18,Interaction Methods,20,Player Interaction,37700.0,,"ab1. I'm doing an experiment using HTC PRO EYE and Unity and I am looking for a ""glossary of term"" that will help me understand the meaning of each variable, and the scale of possible values.Can you refer me to a relevant link?(For example for variables: Pupil Position,  Pupil Diameter, validation)Please refer to the documentation and diagrams for helpful information. The Eye Tracking SDK documentation is included with the SDK download.//via verboseDatapupil_diameter_mm// pupil diameter in millimeters (~2.5)pupil_position_in_sensor_area// pupil position relative to lenses (0.5,0.5 is center)eye_openness// eye openness (0 closed, 1 open)gaze_origin_mm// millimeter position of cornea center relative to each lens center (~ 30,-1,-25/-30,1,-25)gaze_direction_normalized// gaze direction vectorconvergence_distance_mm// currently not implementedSRanipal_Eye.Focus// check current object collider in focusGetValidity// data validity bitmaskSRanipal_Eye.LaunchEyeCalibration();// eye calibrationSetEyeParameter/GetEyeParameter// filtering levelSRanipal_Eye_Framework.Instance.EnableEyeVersion// framework versionSRanipal_Eye_Framework.Instance.StartFramework();// start frameworkSRanipal_Eye_Framework.Instance.StopFramework();// stop frameworkSRanipal_Eye_Framework.Status// framework status2. I am looking for a variable that will return information about the confidence level of the pupil recognition. I thought that - .eye_data_validata_bit_mask Will help me, but it gives me a constant result of = 31.Can you help me understand this better - I have a problem identifying the variable or saving the data?The eye tracking SDK reports a validity bitmask for the API calls.Unity Example:if(verboseData.left.GetValidity(SingleEyeDataValidity.SINGLE_EYE_DATA_PUPIL_DIAMETER_VALIDITY)&&verboseData.right.GetValidity(SingleEyeDataValidity.SINGLE_EYE_DATA_PUPIL_DIAMETER_VALIDITY))textDiameter.color=Color.black;// pupil diameter valid3. Is there a way to display in Unity real time information about eye movements (E.g. ray, Heatmaps) without it being displayed to the player? but only on the main computer?Yes, generally you will create a camera and render it to the main display.Unity Example:Set “Target Eye” parameter on the camera component to “None (Main Display)”.",1602145920.0,37688.0,,,,,,28039.0,Verified Members,
M013,25,18,Interaction Methods,20,Player Interaction,91682.0,,"Hailing from Adelaide, just went to processing, order 049xxxNow I'll just need to call in sick at work to be available for delivery...I'll let my patients play heart surgeon simulator if they're worried about my absence  :lol:",1373488800.0,91661.0,,,,,0.0,82252.0,Honored Guest,
M014,1,8,Game Mechanics,32,Game Elements,834340.0,,Check the RoadMap folks !Keyboard OverlayThe system keyboardoverlay will be accessible to Native Android apps. The keyboard itselfwill be improved to allow developers to customize its position andbehavior within their immersive apps and with new support for languagessuch as Korean and Japanese that require composition.DEC 2020ish delivery,1607137980.0,834338.0,,,,,0.0,677632.0,Honored Guest,
M014,2,8,Game Mechanics,32,Game Elements,86038.0,,"Try different screen resolutions it helps sometimes. Or maybe try switching between duplicate and extended monitor.“My ally is the Force. Life creates it, makes it grow. It’s energy surrounds us and binds us. Luminous beings are we…not this crude matter. You must feel the Force around you. Here, between you, me, the tree, the rock…everywhere!""",1374346800.0,86035.0,,,,,0.0,3620.0,Honored Guest,
M014,3,8,Game Mechanics,32,Game Elements,31392.0,,"If you do the room setup, start standing facing towards the correct direction.After that only look left and right and keep standing.This should give you the correct direction.",1578563520.0,31384.0,,,,,,32748.0,Verified Members,
M014,4,8,Game Mechanics,32,Game Elements,28449.0,Anyone go from Pro to Pro Eye? Worth it?,"Considering moving to the Pro Eye from a Pro. Plan on selling the current setup and put it towards the new, so considering I'm not paying the (absurd) full price for Eye, did any of you who moved from one to the other think it's worth it in terms of the technical improvement? Thanks.EditedOctober 5, 2019by VROne",1570279080.0,,,,,,,21568.0,Verified Members,
M014,5,8,Game Mechanics,32,Game Elements,154852.0,,"THAT futurama GIF is HILARIOUS!  LOL!  Kudos to who did it.Dexter111, thanks for sharing that about Valve, I feel the same way too about companies, and johnny x in his way say they are dangerous with how much power they have.viewtopic.php?f=26&t=7316&p=100146&hilit=shareholder#p100146http://www.forbes.com/sites/stevedenning/2011/11/28/maximizing-shareholder-value-the-dumbest-idea-in...http://www.washingtonpost.com/business/economy/maximizing-shareholder-value-the-goal-that-changed-co...This is good talk, we are all potentially becoming more informed and can help shape policy that governs us better.mtbs3d.com/phpBB/viewtopic.php?f=3&t=4123  I am looking into that LEEP VR I lack practical 3d knowledge,  I have found some good links, but I am not sure if they are the ones you were talking about. Would you mind direct linking me to them? :oops:",1395819900.0,154812.0,,,,,0.0,135994.0,Explorer,
M014,6,8,Game Mechanics,32,Game Elements,210447.0,,"yea no problem manhere is a good video explaining ""barrel distortion"" for further clarification.",1403165520.0,210439.0,,,,,0.0,423676.0,Protege,
M014,7,8,Game Mechanics,32,Game Elements,357358.0,,"""Twitchmonkey"" wrote:""Percy1983"" wrote:What people forget is the rift can also do room tracking.But not out of the box. You would need an additional camera at least, and you're not likely to be able to get your hands on another one of those until Touch is released.I agree, but without touch it doesn't make much sense anyway, wandering around with an xbox controller to interact wouldn't feel right.Asrock Z77 Extreme 4 + 16GB RAM 1866mhz + i5-3570K at 4.5Ghz + Coolermaster Nepton 140XL cooler
Sapphire 8GB RX 580 Nitro+
256Gb SDD Samsung Evo 850 +3x2TB in raid 0 with 64GB SSD cache
Thermaltake Level 10 GT Snow Edition + Toughpower 875w",1452574140.0,357322.0,,,,,0.0,1329344.0,Superstar,
M014,8,8,Game Mechanics,32,Game Elements,101607.0,,"""edulinares"" wrote:It`s very obvious to me that it would work nice, I mean why wouldn`t it?Because the mother nature put our eyes directly the ours heads. And not sometwhere behind/above...like this?http://www.instructables.com/id/Viewing-Myself-in-3rd-Person/",1367625900.0,101601.0,,,,,0.0,,Not applicable,
M014,9,8,Game Mechanics,32,Game Elements,722781.0,Cannot reach OVRService from my Windows service,"I need to read Oculus Touch data from my service. When I try to initialize ovr from my service however, I get an error ""AccessFailure: Client doesn't have the required rights"".Here is my code for the initialization:ovrInitParams initParams = { ovrInit_RequestVersion | ovrInit_Invisible, OVR_MINOR_VERSION, NULL, 0, 0 };ovr_Initialize(&initParams);ovrErrorInfo info;ovr_GetLastErrorInfo(&info);if (!OVR_SUCCESS(ovr_Create(&_pOvrSession, &_pGraphics))){ovr_GetLastErrorInfo(&info); // AccessFailure: Client doesn't have the required rights}ovrInitParams params = { 0, 0, nullptr, 0, 0, OVR_ON64("""") };ovr_Initialize(&params);ovr_GetLastErrorInfo(&info); // AccessFailure: Client doesn't have the required rightsThis works correctly, unless is ran inside a service. I configured OVRService service to run under SYSTEM account, as well as my service, still no effect. Any ideas?",1541449020.0,,,,0.0,,0.0,244758.0,Honored Guest,
M014,10,8,Game Mechanics,32,Game Elements,449263.0,Oculus Experiences for touch.,It's been like a day? When will I be able to check them out on the Experiences site?,1476111540.0,,,,1,,0.0,501689.0,Explorer,experiences|Touch
M014,11,8,Game Mechanics,32,Game Elements,883225.0,,"This was before the availability of the new avatars. So not related to this.But honestly I did not try this again for quite a long time. Maybe they fixed it, but I don't think so.",1630506060.0,855922.0,,,,,0.0,96129.0,Protege,
M014,12,8,Game Mechanics,32,Game Elements,38861.0,,Still no news!?😐Curious if the HP Reverb Omnicept with face camera can do lip tracking,1609887360.0,35755.0,,,,,,39041.0,Verified Members,
M014,13,8,Game Mechanics,32,Game Elements,208148.0,,As suggested in this threadhttps://forums.oculus.com/viewtopic.php?f=26&t=21054&p=252696#p252696we are preparing to utilize multi monitor VD on oculus. What are the requirements for the system which could display 4 HD screens as virtual desktops? Any graphic card/processoor/memory recommendations?,1425830520.0,206970.0,,,,,0.0,775266.0,Honored Guest,
M014,14,8,Game Mechanics,32,Game Elements,142770.0,,"""maboo12"" wrote:i just can't get the rift to work with ed😞can anyone tell me how to properly set it up. i even can't see that ""oculus mode"" in the 3d optoins - only ""anaglyph"" and something like ""next to each other"" :((((almost every other game/demo works fine - just ed doesn't want me😞)Hello i had the exact same problems, I was in side by side and i didn't had the oculus(headphones) or oculus (speakers) in the 3D experimental mode only the first 3 options...I can't tell you what solve it exactly because i've tried a lot of things to make it work, but I finally did so they're is hope for you too !!  8-)Some of the things i've tried:I've tried to kill the process with Bilago's tools, and also by the taskmanager and finally manually ( taskkill /im wscript.exe /f and taskkill /im ovrservice_x64.exe /f )Now I just open the Oculus Config Utility then pause the service and it works so i don't think you need to try the above!!I did also reinstall Windows and the gameI've autorised the game and launcher in the FirewallRe-updated the DK2 FirmwareI've change and rechange a lot of graphical options in the graphics setup of the game and I think that's probably the solution to your problems, maybe the ""Oculus (headphones)"" options doesn't appear when some other options is already activated...!Good luck !!😉",1414905180.0,142333.0,,,,,0.0,860032.0,Honored Guest,
M014,15,8,Game Mechanics,32,Game Elements,354500.0,Anyone working to get unofficial Linux support?,"We are getting near to commercial release of Oculus. Today is still possible to use DK1 and DK2 under Linux, with unofficial  support... The source code of the SDK will be released? does anyone know of some open source project to give unofficial support for Oculus under Linux?It is common to find products without official support for Linux working anyways, due to the effort of some great developers.Thanks for your time!",1450748040.0,,,,3.0,,0.0,232429.0,Honored Guest,
M014,16,8,Game Mechanics,32,Game Elements,108384.0,,"Awesome!! Thanks for testing it for me! I'll probably release 3.0.2 tonight with all those fixes plus a fix for 1.3333 aspects.EDIT: yep looks like 3.0.2 is ready for release, will be up shortly",1465291260.0,108172.0,,,,,0.0,30761.0,Protege,
M014,17,8,Game Mechanics,32,Game Elements,169706.0,,"Im currently looking for a great wireless surround headset (Bonus point if works with PS4)  any tips?I got wired headset but for rift id prefer less cables the better.Also im thinking of building a tempory ceiling cable holder of some sort so you can turn 360'If i find the DK2 to meet or surpass my expectations i may start to build my gaming room around VR. Flight sticks, wheel , better racing chair etc",1403460840.0,169572.0,,,,,0.0,229650.0,Honored Guest,
M014,18,8,Game Mechanics,32,Game Elements,75148.0,,Finally got my shipping notification around 1am this morning68XXX.,1380852900.0,74831.0,,,,,0.0,74060.0,Honored Guest,
M014,19,8,Game Mechanics,32,Game Elements,29720.0,,Experiencing the same issue after updating my vive wireless software.... I wish I hadn't done that.Why is there no way to download an older version of the software? I need the software to function properly since I am using it for my work and now it makes it impossible.son,1573955100.0,5660.0,,,,,,33139.0,Members,
M014,20,8,Game Mechanics,32,Game Elements,930826.0,,"Hello me too same problem in windows 10 now, with blank (white) screen and the software in stuck, nothing happend. I jsut tried to uninstall , deleted from (appdata(roaming) odh and oculus developer hub folders, then re-installed but nothin, the software always in blank /white( screen without no text and nothing to see.note: in my case no log message, the software stuck before log.Any solutions?I found this link about 1.6 version with same issue but nothing resolution also with that procedures:https://forums.oculusvr.com/t5/Tool-Feedback/Oculus-Developer-Hub-1-6-Opens-with-a-blank-window/td-p...",1640032020.0,930149.0,,,,,1.0,1422188.0,Explorer,
M014,21,8,Game Mechanics,32,Game Elements,116346.0,,Just got my email going to processing with 48 hours.UK 525xx magic🙂,1374483660.0,116298.0,,,,,0.0,254964.0,Honored Guest,
M014,22,8,Game Mechanics,32,Game Elements,512235.0,,Onward is amazing and i miss it.  I dont dare play it with these height issues going on.  Arizona Sunshine is bad enough that I dont need it messing up my flow in Onward,1487671860.0,512223.0,,,,,0.0,822578.0,Heroic Explorer,
M014,23,8,Game Mechanics,32,Game Elements,113458.0,Screen door? What?,"So what is this screen door?  No, seriously...o_OBefore I got my Rift I thought I knew what the screen door effect were.  After I got it I've been looking for it and now I just gave up.Is it that you see the pixels on the screen and can therefore make out that that there is a screen and where it is?Is it the black edges or ""binocular"" effect?Because I see the black edges and have the binocular effect.  Even though I'm not bothered much by it I would like to see this be better in the consumer release - and I'm guessing it will be.If it's that you can see the actual screen then I'm not there yet.  I can make out the pixels pretty good but I cannot make out where the screen is.  This, I've noticed, is because the pixels follow the 3D content.  I cannot see the world as a flat screen so the pixels are actually in depth with the content.  And this is probably why I don't see the screen door.Maybe it's the content?  Maybe I should try out some demos that doesn't have great 3D?Anybody see the same or am I just way out there?",1378309680.0,,,,11,,0.0,139393.0,Not applicable,
M014,24,8,Game Mechanics,32,Game Elements,237276.0,,"""Kel"" wrote:""cybereality"" wrote:We are actually going to rename the DK2 to the PDBTIYANAD2 (please don't buy this if you are not a developer 2).I'm trying to actually pronounce that as a single word, but the PDB part makes it difficult.Puh-Duh-Buh-Tee-Yan-Ad Two.😄DK2. Phenom 2 x4 4.2GHz,Asrock Extreme 3 970,8GB DDR3 1600, R9 270x 1180/1400.",1410170160.0,237259.0,,,,,0.0,396739.0,Protege,
M014,25,8,Game Mechanics,32,Game Elements,222184.0,,"""MannyLectro"" wrote:My associate and I will definitely contact you this summer😉!Cheers, we look forward to it. Love seeing new developments early.Got a game in development or a cool piece of VR tech you want to show off? We are looking for demos, trailers and all things VR. Just send us a mail and we would be more than happy to feature it on our site.http://www.virtualrealityreviewer.com",1397459640.0,222180.0,,,,,0.0,233446.0,Honored Guest,
M015,1,12,Gameplay Complexity,32,Game Elements,217851.0,,"I feel we are beyond patience now, this just feels like us being screwed yet again.Australia has a large number of orders, large enough to justify our own distribution center.Australia is extremely close to china making for short shipping distance.The delivery was delayed for an additional week for ""Sdk"" problems so the orders had even more time to arrive at centers.However despite all that we are still being shafted, i am passed patient, now i am upset.",1406206200.0,217814.0,,,,,0.0,132003.0,Honored Guest,
M015,2,12,Gameplay Complexity,32,Game Elements,704442.0,"Latest ""Oculus Integration 1.32""  -  'System.Security' error. Can't use headset at all.","Hi,downloaded latest ""Oculus Integration"" I can't run anything in Unity 2018.3.0f2 or 2018.2.19f1 I'm getting this error:Assets\Oculus\Avatar\Scripts\OvrAvatarSkinnedMeshRenderPBSV2Component.cs(4,23): error CS0234: The type or namespace name 'Policy' does not exist in the namespace 'System.Security' (are you missing an assembly reference?)This is from an empty scene, just loading the new ""oculus integration' package. Updated oculus to all latest updates/firmware. Nothing will run because of this error. Not even the demo scenes.",1544842380.0,,,,3.0,,1.0,49491.0,Explorer,
M015,3,12,Gameplay Complexity,32,Game Elements,268080.0,,"Yup. Reverted to 5.2.1p3 for now. Apart from performance, it's probably the least problematic 5.xx version I've used.",1444865700.0,268077.0,,,,,0.0,282626.0,Protege,
M015,4,12,Gameplay Complexity,32,Game Elements,597516.0,,"This is likely something I will buy in the very near future. Looking over these videos I can say that there isn't much not to like. However, I am not sure I'm a fan of that darkened tunnel vision that happens when you move forward.",1501510860.0,597509.0,,,,,0.0,44870.0,MVP,
M015,5,12,Gameplay Complexity,32,Game Elements,284470.0,,"The newest Nvidia drivers are supposed to be the first implementation of the ""non-VR"" game support, however, it completely breaks the display. It uses a mix-mash of 3dVision and ""vorpx-like"" control, however, what this does is make the game go into a side-by-side display rather than a full display.Current WIPs using Unreal Engine 4:Agrona - Tales of an Era: Medieval Fantasy MORPG",1419732600.0,284465.0,,,,,0.0,138067.0,Protege,
M015,6,12,Gameplay Complexity,32,Game Elements,3711.0,Vive Accessory Suggestion - An overlooked Opportunity.,"Vive HQ-There is an absence of well designed and executed storage solutions for the Vive and Vive Pro. Both devices are sensitive to moist climates, dust or dramatic changes in heat and humidity. Both devices would benifit from offical VIVE Storage solutions-  weather a foam lined case, custom cover or a humidity and dust repellent solution.It seems a major oversight on part of HTC VIVE not to sell Offical Vive branded storage cases with bold and aesthetic design- or a ‘centerpiece’ display stand for the HMD and controllers.Third party options are limited. I can currently locate only one storage bag for the Vive Pro located in China- with questionable design.Likewise, available stands, docks, storage and display options are all poorly executed eBay jobs.I raise this as I have a brand new Vive Pro located in a very clean environment. After 2 months of ownership, I have only removed the lens paper. ( I am very busy). On the outside lip of the lens- are several small tarnishes  which are concerning- given the device is band new. It is winter here and small apartments and air cons do cause humidity change. I am continuously placing a ‘protective’ cloth over the device and blowing dust away from the device daily.  I certainly hope it is not an organic culture of some form.",1530998040.0,,,,,,,23847.0,Verified Members,
M015,7,12,Gameplay Complexity,32,Game Elements,383756.0,,"""danknugz"" wrote:This makes almost as much sense as the Alton Towers upcoming attraction where you ""get"" to ride a real rollercoaster with a gearVR strapped to your face.No doubt this will be looked back upon with intense ridicule years from now.I think it allows those with the 22 inch TV's the feel of what it is like to play video game or watch movies on a large TV or even a movie screen size. It does hurt the resolution as the tiny screens will lose some of the HD details as they try to cram as much as can be into the pixels on the VR HMD, but with time that gets better.I have tried watching movies with the Gear VR and have lost myself into thinking I was at the movies and watching a huge screen. I remember once my dog was questioning my statue appearance sitting in the middle of the room in a chair for a long period of time. He then came up and licked my hands to see if I was OK. I jumped out of my chair looking for a large rat in the virtual movie theater aisle!",1453336200.0,383729.0,,,,,0.0,201506.0,Adventurer,
M015,8,12,Gameplay Complexity,32,Game Elements,505610.0,,"AndyW1384said:[snip]Also, the source code is a mess, it's not actually on github at the moment, I'm working to clean it up and get it posted soon.That's no excuse :smile:My code is a tremendous mess, the code he has in his repo right now looks considerably better than what I have right now (he has things in actual files!)The purpose of sharing code isn't so that people admire how beautiful your code looks (although they can), it's to help fix bugs and for people to learn how things work.Besides, in my experience in open source, the worst criticisms I have gotten is not from other coders but from end users.",1479798840.0,505595.0,,,,,0.0,18776.0,Expert Protege,
M015,9,12,Gameplay Complexity,32,Game Elements,732355.0,,"On my way back to the bubble - now at Norma Expanse, took a slight diversion on a whim to look for Guardian Signs (brain trees are often near their sites) and discovered a 'new to me' type tonight.Will return to the area when I'm not in the T10 - finding a parking bay for that bus can be fun!PC info: AMD Ryzen 9 5900X - Sapphire 7900XTX - 32GB DDR4 4000 - 3 NVMe + 3SATA SSD - Quest 2 & 3",1553325120.0,731830.0,,,,,0.0,1246514.0,Trustee,
M015,10,12,Gameplay Complexity,32,Game Elements,162078.0,,I think i too was too early to jump the gun. I just really hate facebook but its just the platform.  Not really the company honestly the company has done nothing to me to warrent any real hate. I just dislike facebook in general but if its true that they will let Oculus run things on their own then maybe its not a bad thing and maybe since Facebook has no experence in VR or hardware sales they will be less likely to dictate to Oculus what they want and how they want it.So lets just see where the next few months take us.what i would like to see would be more annoucements like at E3 of more bigger games supporting the RIft ...that is the key for main stream success because now its not just for indies now in order for Oculus to return their huge investment they are going to have to make good on bringing VR to the masses.   and right now the software options for the Rift is pretty limited to mostly indy demos and a few 3rd party mods to get games to play in the Rift with a few actual game support but we will see.heres hoping for the best........,1395836100.0,162077.0,,,,,0.0,163858.0,Honored Guest,
M015,11,12,Gameplay Complexity,32,Game Elements,175321.0,,"Most companies in the position of Oculus would not even sell prototype products to end users and would certainly not do so for cost. Eventually you will be able to walk into your local game store and pick up a consumer version but what fun would that be? If you want the bleeding edge, expect to bleed.",1406469240.0,174354.0,,,,,0.0,485826.0,Protege,
M015,12,12,Gameplay Complexity,32,Game Elements,236665.0,Swordquest Ready Player One marketing Idea for Oculus,"viewtopic.php?f=26&t=7978&p=109472#p109472Thanks to rubixcube for inspiring this meme.For those that don't know, when I was a little boy, there was one game that I wanted to play above ALL OTHERS, because REAL gold swords were involved, I played it to hell and back.  It was probably the most effective marketing campaign of any Atari Game that worked on me, I never saw ANYONE ELSE do it, not Nintendo, sony, or ANYONE, but it was the most AWESOME campaign ever!Swordquest.  Where you could win real gold swords!  a REAL quest like ready player one with real prizes!  It consumed my brain and wetware for a very very long time, more than Indiana jones 2600 (And I played the hell out of that game, but not as much as swordquest, I really wanted that real golden sword)So community, I put it to you, would you think it would be KEWL for palmer and crew to take 2 billion zuckerbucks, and make REAL gold swords like Atari did back in 1982 to get a ready player one vibe going and get you guys to want to play and WIN whatever game comes out?  So you could win REAL gold items, chalices, swords, etc?mtbs3d.com/phpBB/viewtopic.php?f=3&t=4123  I am looking into that LEEP VR I lack practical 3d knowledge,  I have found some good links, but I am not sure if they are the ones you were talking about. Would you mind direct linking me to them? :oops:",1397928360.0,,,,3,,0.0,135994.0,Explorer,
M015,13,12,Gameplay Complexity,32,Game Elements,3730.0,VIVEPORT Amazon Programm,"Hi,i cant check the option for Amazon!Is this a bug or do I have to change something?",1531139460.0,,,,,,,23876.0,Verified Members,
M015,14,12,Gameplay Complexity,32,Game Elements,235586.0,,"Haha, should I start a business selling a sponge you can mount to the front of the Rift to absorb ""Spills""?I wouldn't want to climax and soil my VR headset, I will only check out VR porn fully clothed.  Well I'll try.When my April 8th AUS Pre-order arrives >:|",1410084720.0,235570.0,,,,,0.0,266886.0,Honored Guest,
M015,15,12,Gameplay Complexity,32,Game Elements,731889.0,,"After these two days mining (not all the time of course - about 2 or 3 hours each day) I've made 5.1 million credits - so it's definitely worth doing - at least in pristine metallic rings.I get some mining missions but I always make sure I have a weeks' time to do them in - then I don't have to reject asteroids or materials that I don't need, but are otherwise lucrative, like gold, painite and palladium - and Jacques pays out a lot for those - almost double the market average for painite.At the same time, I'm using my wake scanner every time I come back to the station to offload what I've mined, so I have enough data for future engineering. I'm glad they put that in a utility slot, rather than a hardpoint or optional module.Johnny's Scale Models Showcasei5 9600k z; 16GB DDR4 3200; 6xSSD; RTX2080ti; Gigabyte Z390D MoboRift CV1; Index; Quest; Quest 2",1532916120.0,731830.0,,,,,0.0,244926.0,Expert Trustee,
M015,16,12,Gameplay Complexity,32,Game Elements,581912.0,,"Tried it last night--new control scheme is much better.ke20vt I believe Touch is required.DK2, CV1, Go, Quest, Quest 2, Quest 3.Try my game:Cyclops Island Demo",1492552920.0,581896.0,,,,,1.0,9.0,MVP,
M015,17,12,Gameplay Complexity,32,Game Elements,134487.0,,"I can't seem to get it working properly. First thing I noticed is that the headtracking seems slightly off. Rotating my head seems to 'deform' the geometry, I don't quite know which setting causes that. Another thing seems to be that my FOV seems too small.Edit: it seems my headtracking is slightly rotated for me after loading a save game, looking straight ahead makes me look like 30 degrees upward ingame.Edit2: for some reason walking forward goes really slowly while strafing is really fast. Can't seem to find my aim reticle either.Edit3: reinstalled HL2. Seems to have 'fixed' it? Still think that the save system screws things up sometimes.",1368122340.0,134444.0,,,,,0.0,3474.0,Protege,
M015,18,12,Gameplay Complexity,32,Game Elements,977977.0,,"The problem was that my CD Drive had the letter😧After changing😧to Z: via DiskManagement Tool, it worked again🙂",1660054560.0,977872.0,,,,,0.0,1456380.0,Honored Guest,
M015,19,12,Gameplay Complexity,32,Game Elements,475968.0,,I was a kick starter backer so no choice there.,1487562000.0,475957.0,,,,,0.0,3569.0,Consultant,
M015,20,12,Gameplay Complexity,32,Game Elements,73891.0,,"""Rosenklotz "" wrote:""yevgeniyt"" wrote:Well, the consumer OR isn't really that worrying.. it's WoW:VR that will probably cause the great ""hikikomori"" epidemic of the 2020s.   :lol:HIKIKOMORI - that`s what I meant, but Ididn`t knew there was a word for it. Just exactly what I meanthttp://en.wikipedia.org/wiki/Hikikomorihttp://oneseza.blogspot.de/2011/08/hikikomori-social-problems-in-japan.htmlThxInteresting that Japan already considers this a problem.  Just wait for the consumer version  :twisted:  I think of all the potential issues this will be the biggest.  So to overcome it we must find a way to make real money (to pay the bills) within VR so we can stay home.  I think this ""problem"" will solve many problems such as housing shortages (only need one room right!), traffic jams, potential work injuries, Population will decrease (VR porn and no real social interaction), etc.   :lol:",1375737840.0,73802.0,,,,,0.0,225914.0,Honored Guest,
M015,21,12,Gameplay Complexity,32,Game Elements,74991.0,,"I don't think any of the people who got shipping email are from North America, at least I haven't seen any. We are apparently stuck in processing limbo, ""order processed: ready for UPS.""",1378351740.0,74831.0,,,,,0.0,142256.0,Protege,
M015,22,12,Gameplay Complexity,32,Game Elements,752433.0,,JRTI. Content of SDK package is under Oculus Software Developer Kit License Agreement. Redistribution is allowed if a copy of that License is included in the Unity package.,1598767020.0,752432.0,,,,,0.0,489359.0,Honored Guest,
M015,23,12,Gameplay Complexity,32,Game Elements,160655.0,,"""philterino"" wrote:Im getting 66FPS on 770GTX sound right?very cool btw.bit of stuttering when moving head or looking around... seems fine tho when moving forward or backwardsseems to be same for a lot of demos. Kokiri forest solved it somehow.",1406758680.0,160626.0,,,,,0.0,368526.0,Expert Protege,
M015,24,12,Gameplay Complexity,32,Game Elements,260920.0,,You mean like what they're using at the US Naval Research Lab?BlueSharkCurrent WIPs using Unreal Engine 4:Agrona - Tales of an Era: Medieval Fantasy MORPG,1422193980.0,260919.0,,,,,0.0,138067.0,Protege,
M015,25,12,Gameplay Complexity,32,Game Elements,44824.0,Vive Focus 3 + Hand Tracking + Streaming,Hi !We would like to have a confirmation that Hand tracking is not available for streamed apps on the Vive Focus 3? The wave SDK seems to be an android plugin so?Can someone confirm that?Thanks!,1639437240.0,,,,,,,51415.0,Verified Members,
M016,1,42,VR Elements,32,Game Elements,115801.0,,"I'd like to see one of the kings quest games, raiders of the lost ark would be nice....trying to think of games that'd make good 3d conversions...but i totally agree on the xwing vs. tiefighter thing, probably my #1.",1401030660.0,115657.0,,,,,0.0,262447.0,Honored Guest,
M016,2,42,VR Elements,32,Game Elements,229608.0,,"""lossofmercy"" wrote:""cerebral"" wrote:You are kind of right. On the other hand. Who expected that braekthrough from Samsung?The breakthrough from Samsung is absolutely fantastic, no doubt. I am 100% excited about that development.I am just cautious about the whole 400 GHz graphene xor gate thing. Having smaller and smaller chips is definitely a good thing, we just don't know how good these are compared to regular silicon chips in a fair comparison. I am guessing it's going to be faster, but not 100x much faster.I wouldn't count on big jumps either.  It will probably just allow the normal moore's law-like progression to continue in the next decade or two.",1397622480.0,229584.0,,,,,0.0,63013.0,Honored Guest,
M016,3,42,VR Elements,32,Game Elements,551800.0,,gawd  wish they would do the theatre of magic in VR ..it would almost be as if I had gone to heaven . I nearly bought the arcade machine ...until I saw the price of the table .,1526354880.0,551782.0,,,,,0.0,48403.0,Heroic Explorer,
M016,4,42,VR Elements,32,Game Elements,120121.0,,"""Pokey"" wrote:The difference between the two eyes seems rather obvious to me in the screenshots.http://owlchemylabs.com/AaaaaAAaaaAAAaaAAAAaCULUS!!!/aaaaaculus_ss_01.pngLook at the left edge, in the middle of the screen vertically. For the left eye, you can see the end of the structure, with a lighter grey square. For the right eye, this is cut off. This shift is apparent on all the screen shots I looked at.It's right for the peripheral elements, but the shift is very slight for the central elements. Here is an anaglyph for example.Maybe some parameters will permit to increase the 3D effect according to the preference of the viewer. I hope about that.",1374039780.0,120114.0,,,,,0.0,3222.0,Explorer,
M016,5,42,VR Elements,32,Game Elements,317662.0,,Do you have Aero enabled. Iracing for example is only playable in direct mode if Aero is enabled here.,1414313460.0,317660.0,,,,,0.0,488980.0,Honored Guest,
M016,6,42,VR Elements,32,Game Elements,101315.0,,First let me start by saying that flying in this thing is absolutely mind blowing however is anyone else finding head movement ever so slightly laggy? The menu is fast and responsive and the flight controls too so I don't think it's a frame rate issue.,1370896200.0,101299.0,,,,,0.0,18560.0,Honored Guest,
M016,7,42,VR Elements,32,Game Elements,120765.0,Possible improvement of VR: inbuilt microchip,"1. Inbuilt microchipI think Geekmaster brought up this idea, and I think it's great:An inbuilt microchip could be used to do the distortion processing directly at the rift, while using the latest input from the head orientation tracking.- This couldcut down the percieved latency drasticallyto maybe 5 ms or lower.- The game would not have to get to 90fps, maybe even 50fps would suffice.- The chip could do upscaling for a 4k display – or in the case of 1440p on low-end computers who are not able to render high framerate full hd graphics. This would deliver a vastly improved visual fidelity without taxing the computer too much.Others just shoot the zombies which are chasing us. Whereas I try to talk to them.
If the brainless realized that it is dead, maybe, just maybe, it would lay itself down to rest.",1395445800.0,,,,6,,0.0,138956.0,Honored Guest,
M016,8,42,VR Elements,32,Game Elements,98539.0,,"As long as he's not spamming porn, pills and poker, why should he slow down?In the end, nobody forced you to read his (or anyones) threads... poster's name was visible when you clicked.hanks for the heads up didn't knew about that sensic device. And immersion is a big problem with an open headset like that.",1395171300.0,98533.0,,,,,0.0,476946.0,Honored Guest,
M016,9,42,VR Elements,32,Game Elements,266556.0,,"You will be lucky to play any of the latest games on a monitor let alone in VR with that computer. You need something like an i7 930 overclocked to 4.0Ghz and a Geforce 970 before you are going to get good VR. You can pick up an i7 930, relatively cheap from ebay, but people seem to get ridiculous amounts for used motherboards these days. So, even second hand it's going to cost you about £800 to get a computer built for VR.",1428792360.0,266549.0,,,,,0.0,165778.0,Honored Visionary,
M016,10,42,VR Elements,32,Game Elements,395265.0,,"""sdplayer"" wrote:To Khos85Well, I've just paid £3,641 (approx. $5000) for a PC!So, I can go that little bit further and splash out for the Rift. By the way, if anyone thinks I'm rich, think again! It took me over a year of dedicated saving to get all that dough!No need to brag🙂I'm kidding.Everyone has their views of course and justifications.I had DK1 and (have) DK2 I made a few games and that was fun/stressful at times, I tested/messed about with all the content available/demos for hours, I love those (motorbike game is my favourite), but somehow I feel that for me the special feeling of putting on the rift is not there anymore as it was before, or is less affective than in the beginning. I soon got  used to the immersive feeling.500 -600 and up..quid for a VR headset is very expensive, too much for me to justify splashing out on something that I will only use 20 minutes/1 hour a day (maybe) at most.. Are you a seasoned rifter?How long do you think you will use this for, I reckon that for long periods of use is not comfortable, practical.. in the long run, so you think it will be worth the price tag?I prefer to go to my normal monitor for the usual stuff..and the monitor does not cost that much. What is making this new rift so expensive I wonder, the hardware used?, I'd like to know.The initial wow factor is really amazing of the Rift but that has worn off somewhat for me, I soon you got used to the feeling but now it does not feel special anymore. For 500-600 quid I do not think that is a worthwhile experience. Why can't this be a cheaper experience? Unless there is an amazing game to play?  Maybe then I will sell an organ to get it....that is just my view currently, I hope do they fix Elite dangerous performance in VR..I hope that lots of very good content comes for VR , that would possibly make the expense more attractive/worthwhile..It seems a bit early to tell.",1452051240.0,395255.0,,,,,0.0,380518.0,Explorer,
M016,11,42,VR Elements,32,Game Elements,169222.0,,"""cybereality"" wrote:I don't think Facebook's goal was the sell adsor invade people's privacy. Their goal was to connect people together and create a social experience. Naturally they found ways to monetize that (as any company would). I don't think that is much different with VR. Facebook sees VR as a new platform, and a way to connect people in a whole new way. I think that is something that the team at Oculus want as well.Obviously when people hear of the deal the first thing that comes to mind is the Metaverse, or the Oasis, or whatever. I can't say one way or the other if we are going to build this thing ourselves. It is a dream for a lot of us, and I would love to see this happen. But I think that's probably more of a long term goal and not something that will come out any time soon. In any case, there are lots of ways to monetize this aside from ads. For example, selling virtual cloths for your avatar, or things like that.Now I simply cannot believe that bit in bold at all. You do not set up something like this, without thinking of monetizing it! Monetization would have always been a primary objective when Zuck and co were putting together their strategies. They were never seeing out to be a not for profit charity. Everyone from bloggers to software developers are going to factor in ways to monetize their projects. In fact I think we can go as far as to say that the connecting people is secondary to the money making aspect. Without making money, you cannot sustain the existence of such a project when it your aim is to entice as many users as possible on to the site, you are of course thinking how best you can exploit such a situation. If you really put yourself in to Zuck's shoes and think about it, this is somewhat would have been the thought process.Facebook is a business first and social hub second.As for invading people's privacy, again throws up opportunities. You know that at some point, I dont know if they still do, but any pic uploaded to facebook becomes their property, and they have the right to sell it on to third parties. Stuff like that is obviously for the interests of making money. Facebook's ethical or lack of behaviour has been well documented and I am sure you know full well, the outcry that has lead to criticism over Facebook's privacy policies and the way they handle people's data.These are things that lead to genuine concern and rightly so! We are talking about a product that will be in people's homes. We are talking about a company that has abused people's privacy, put the two things together and you can see why people are worried.",1395911100.0,169217.0,,,,,0.0,263238.0,Honored Guest,
M016,12,42,VR Elements,32,Game Elements,198782.0,,Been waiting for a successor to Uplink. Cool indeed!,1396568820.0,198778.0,,,,,0.0,23496.0,Honored Guest,
M016,13,42,VR Elements,32,Game Elements,250295.0,,"""Tim74UK"" wrote:Actually this is good news.It's great news in fact, it means that the VR market space is coming to a head (pun intended)  :lol:If the VR market was a game of Poker, HTC-Valve have just called.... Time to show your hand Oculus!Mind you I've just seen this... entitled ""Job Simulator"" and was supposed to be a launch title on the ValveVRDeveloper Owlchemy Labs has announced that its Job Simulator will be one of the first projects designed for Valve's SteamVR and other virtual reality devices.HAHAHahahahaAHAHAHAHahahaha  :lol:  :lol:  :lol:  :lol:  :lol:  :lol:I'm not sure Oculus have much to worry about!Umm, why are you laughing? That same game is built also to Oculus Rift. Homepage:http://jobsimulatorgame.com/",1425184200.0,250202.0,,,,,0.0,289372.0,Honored Guest,
M016,14,42,VR Elements,32,Game Elements,157981.0,,"Hey man... I ordered March 23rd and I just moved to Ready.  They screwed up my payment (they thought I paid and then thought I didn't pay and then realized they made a mistake and now know once again that yes, I paid) so i should have already received my Rift.  Your order date has barely even come up yet and you're complaining?  Why don't you check in with the Aussies and then maybe then you will realize you don't have it that bad.I will continue to do this until i will not recive what i have payed! The money is good, they have a lot of money for what? for do the ship too slow as the old DK?",1408399380.0,157066.0,,,,,0.0,91144.0,Explorer,
M016,15,42,VR Elements,32,Game Elements,278315.0,,"""thebigthriller"" wrote:We are all enthusiasts with virtual reality, I myself have helped people struggling getting things going with this new tech.I just want to say I'm very disapointed at the lack of replies to my post.There are many peop[le playing Elite Dangerous right now on their Rifts and not one of you could take the time to share with me and the rest of the community your settings.Shame on you.there is not mutch to say about settings.You put DK2 in extended mode, start ED, go to graphic options, select oculus in 3d options and set display to secondary.That's all.With the last oculus runtime some had problems, if you have 6.0 installed I suggest to switch to 5 or 4.4.",1434828360.0,278311.0,,,,,0.0,647139.0,Explorer,
M016,16,42,VR Elements,32,Game Elements,1045006.0,,I'm getting a Sigabrt Signal 6 error Code -1. Let me know if you were able to fix your issue. I believe it has something to do with Oculus firmware 50 and Android 12. They have completely broken our metaverse and we have tried everything so far. Apparently even if it did run performance would be much slower. We did find that using Mono with Arm7 worked but only with 4 scenes or so. On latest Oculus SDK as well.,1682305800.0,1031503.0,,,,,0.0,1341110.0,Protege,
M016,17,42,VR Elements,32,Game Elements,75894.0,,This is really so cool!Everyone should try it.Thank you very much!,1407383580.0,75787.0,,,,,0.0,647441.0,Honored Guest,
M016,18,42,VR Elements,32,Game Elements,210065.0,,"I have a dk1 and a hydra and would love not only more head tracking demos, but also some tutorial/info on how to implement hydra controllers in my unity creations.I have toyed around with unity and modeling a bit (I am doing a vr boat demo), but at some point would like it to be in an inner tube where you paddle with your hands.  So count me as a yes + more🙂",1403134740.0,210061.0,,,,,0.0,24306.0,Honored Guest,
M016,19,42,VR Elements,32,Game Elements,316727.0,DK2 problems with unity 5 please help.,"Ok so I have had the oculus dk2 for a while and wanted to make games for it. i got unity 5.1.3p2 (the recommended version) and tested with an empty project ( i already imported the oculus until.) and when i run it, it just stay for a few seconds then say that the program is not responding. But before that the window gets a lot smaller than it was before and then i am forced to quit the application because nothing is happening, the DK2 cables are all good and set up, i have SDK 7 and have tried reinstalling the runtime and nothing. ive tried many things but nothing is working. could anyone please help?",1441957560.0,,,,4.0,,0.0,834550.0,Honored Guest,
M016,20,42,VR Elements,32,Game Elements,15212.0,,Can you connect with the device via ADB?e.g using the following command in your command line?adb devices,1515676320.0,2318.0,,,,,,19007.0,Verified Members,
M016,21,42,VR Elements,32,Game Elements,561776.0,,"pyroth309said:Yea I really enjoyed it myself. I took it as it is, a Demo and it was quite impressive enough for me. I think it's a great foundation/beginning concept. After playing VTOL/Ultrawings i'm kind of spoiled and want all my driving/flying/operating games to work like that and to let me fly with the touch using VR controls.How is VTOL? Does  it have a campaign? Is it  good? It looks cool.i7 9700k 3090 rtx   CV1, Rift-S, Index, G2",1503374160.0,561752.0,,,,,0.0,177251.0,Expert Trustee,
M016,22,42,VR Elements,32,Game Elements,269845.0,,"I'm not crazy enough to think that Oculus is perfect and that they haven't made mistakes, but I really wish the soap boxers would get a month suspension. Things aren't apocalyptic like they want us to believe.",1431830820.0,269835.0,,,,,0.0,,Not applicable,
M016,23,42,VR Elements,32,Game Elements,40353.0,,"As Fox said,Wireless Adapter work does with with Pro 2. You need to ""Pro Attach kit"" which is the kit that contains the special short cable to attach a Pro/Pro 2 to the adapter.There will be a software update post launch, which will be needed to achieve higher resolutions. Out of the box, it will upscale.",1620751920.0,40345.0,,,,,,16658.0,Verified Members,
M016,24,42,VR Elements,32,Game Elements,629086.0,Oculus Rift Olympics Workaround,Note that this requires being in the US. People have reported using a VPN to make it work:https://www.reddit.com/r/oculus/comments/7whlml/olympics_oculus_rift_workaround/,1518230520.0,,,,0.0,,0.0,,Not applicable,360 video|360video|CV1|oculus rift
M016,25,42,VR Elements,32,Game Elements,101318.0,,"Best sandbox for fun times with Rift.I got the full version and downloaded a bunch of cars\vehicles...Best 1st person vehicles are :jeep wrangler, 2013 viper, flying boat, mig 29, hot air baloon,🙂:shock:  :shock:  :shock:Also you have to get the full earth dataset so you can fly over you hometown🙂",1373127420.0,101299.0,,,,,0.0,29091.0,Honored Guest,
M017,1,14,Hardware Support,30,Hardware Optimization,162043.0,,"Thanks for the compliments Floyd mate. Nords is definitely the dogs dangly bits for sure. Let the dog take you for a good walk then mate, cheers, AussieStig",1435084560.0,161889.0,,,,,0.0,541811.0,Expert Protege,
M017,2,14,Hardware Support,30,Hardware Optimization,1033989.0,Quest Pro: Access camera passthrough for further work,"Hi, is it possible to access the passthrough camera stream on the Quest Pro? I read on the blog for the Quest 2 it is deactivated in regards of privacy. Just want to check here if this is still the case for the Pro.What we intent on doing is to look for a QR-Code in the camera and further work in this.Or is there any other way to get camera-access?",1678038720.0,,,,3.0,,4.0,716694.0,Honored Guest,
M017,3,14,Hardware Support,30,Hardware Optimization,37917.0,,"Good luck, after I updated one of mine stopped working and they told me its on me and I have to buy a refurbished one or new one.. after providing receipts.. get real good support and customer service all around. Did all their so called ""fixes"" still didn't work and are telling me I have to purchase a new one.",1602869820.0,4575.0,,,,,,40769.0,Members,
M017,4,14,Hardware Support,30,Hardware Optimization,65787.0,,"Hi Welby,If you can connect to the Thriller theater, there isn't much more you can do to connect to those other servers. For the most part, in those servers you can't connect to, other people can't connect to them either. The problem is on the server end. If you have a server that others can't connect to, then forwarding the port may work for you. Try running a theater and see if some people show up in it. If they can connect and join your theater, you are fine for running a server. Hope that makes sense.  MikeRiftmax Theater 4D Multiplayer VR Cinema!http://www.riftmax.com- Latest DK2-ready version 0.415(11/27/2014)",1387946100.0,65516.0,,,,,0.0,42407.0,Honored Guest,
M017,5,14,Hardware Support,30,Hardware Optimization,7164.0,,I have the same issue and I can tell you my Dashboard Applications list is completely empty. There's nothing there.,1476624540.0,371.0,,,,,,1066.0,Members,
M017,6,14,Hardware Support,30,Hardware Optimization,487659.0,,"Is a very short-sighted approach by Sega though.  If the game was considered a commercial failure, all the better to invest a small amount of additional development time to update the runtime support (shouldn't be a big job, since it already has VR support built-in) to capture more sales among VR users.  We're currently starved for AAA content, so they could likely count on quite a few sales for what was generally considered an excellent title to play in VR..........",1468838340.0,487644.0,,,,,0.0,445261.0,Protege,
M017,7,14,Hardware Support,30,Hardware Optimization,283386.0,,"Are there ä's and ö's in the street name? :S I received mine just fine. That sucks so bad, to be that close yet that far. Maybe tell them driving instructions via phone or something.August 1st: DK2 Ordered (Finland)
October 7th: Ready straight to Processing
14th of October: Received🙂",1413493080.0,283381.0,,,,,0.0,566058.0,Honored Guest,
M017,8,14,Hardware Support,30,Hardware Optimization,39221.0,,I'm stuttering now  even on the lab i stutter a bit  on half life Alyx its unplayable i don't understand it used to run so smooth i have an i7 8700k a 1080ti  16gb at 3200,1612176720.0,5473.0,,,,,,38000.0,Verified Members,
M017,9,14,Hardware Support,30,Hardware Optimization,731222.0,,"Hey y'all,I managed to get a reading with adb logcat on the angular acceleration by instantiating an OVRDisplay:OVRDisplay display = new OVRDisplay();float temp = display.angularAcceleration.y;Debug.Log(temp);For acceleration just change temp, like so:float temp = display.acceleration.y;Otherwise, my question is about the angular acceleration/acceleration scale, and I thought everyone here may find the question useful as well: what are the units for these readings? ativityBest of luck.",1527736380.0,731216.0,,,,,0.0,145915.0,Explorer,
M017,10,14,Hardware Support,30,Hardware Optimization,937006.0,Data of Fingers,"Hello,Does anyone know how to grab finger data from hand tracking, specifically how fast each finger is moving? Any advice would be greatly appreciated thank you.",1641954060.0,,,,0.0,,0.0,1427922.0,Honored Guest,
M017,11,14,Hardware Support,30,Hardware Optimization,255728.0,,"I have the same problem. I put the OVR Player Controller into the scene and when I hit the play button, it is just play and pause button hit. Please give me solution for this.",1492058160.0,255721.0,,,,,0.0,839318.0,Honored Guest,
M017,12,14,Hardware Support,30,Hardware Optimization,608272.0,Arizona Sunshine Matchmaking Issue,"Hello, I’m having a very hard time finding a match! If anyone know how’s to fix this please let me know, I have no idea about this 48170 thing and how to do it. I don’t understand why this issue exists",1520935500.0,,,,0.0,,0.0,1218409.0,Honored Guest,
M017,13,14,Hardware Support,30,Hardware Optimization,283802.0,,"Cloud computing is a danger to society. I pray we never see that day, and I would highly prefer local processing and storage.",1426014120.0,283794.0,,,,,0.0,,Not applicable,
M017,14,14,Hardware Support,30,Hardware Optimization,252118.0,,"I had no choice, I'll just leave this here hehehWe are actually going to rename the DK2 to the PDBTIYANAD2 (please don't buy this if you are not a developer 2). 
-cybereality",1428272820.0,252104.0,,,,,0.0,452556.0,Explorer,
M017,15,14,Hardware Support,30,Hardware Optimization,659617.0,Looking for VR app Developers for collaboration,"Hi,I think I have any idea that can revolutionize the music industry and the way music is created. I'm an idea man, & a problem solver, but I don't know how to create apps. Thats where you come in. Lets fuck shit up?!!Totes Rossome",1531496820.0,,,,0.0,,0.0,60426.0,Honored Guest,Music in VR|music production|occulus apps and videos|Oculus software
M017,16,14,Hardware Support,30,Hardware Optimization,41233.0,,"2 hours ago, C.T. said:I remember VP1 should receive dim green when SteamVR is not present right? and brighter green when display is on.Ya, maybe a little dimmer green after closing SteamVR.  I never really notice this much because I generally power down the Link box after closing SteamVR and when my 2x 2.0 base stations go to sleep (light blue pulsating) and my  Index controllers power down as per my SteamVR device power settings.",1625085240.0,41201.0,,,,,,31648.0,Verified Members,
M017,17,14,Hardware Support,30,Hardware Optimization,101582.0,,"meh, i dont think it would be much use, a monitor is sufficient",1392626160.0,101565.0,,,,,0.0,307820.0,Honored Guest,
M017,18,14,Hardware Support,30,Hardware Optimization,264562.0,,"""lovethis"" wrote:And just to confirm I get zero judder without positional tracking. This makes me want to bin the camera altogether. Does anyone know of a fix date for this? Because it makes the Rift pretty unusable given that DevKit 2 was suppose to prevent nausea and not make it worse with judder.You dont need to bin the camera you need to upgrade your rig.Check you fps...DK2. Phenom 2 x4 4.2GHz,Asrock Extreme 3 970,8GB DDR3 1600, R9 270x 1180/1400.",1412990100.0,264553.0,,,,,0.0,396739.0,Protege,
M017,19,14,Hardware Support,30,Hardware Optimization,703706.0,,"Hiro_Protag0nistsaid:/\ This I suspect is partly the reason for no rift app... one more GO sold, Kerching!",1529393160.0,703677.0,,,,,0.0,667086.0,Expert Protege,
M017,20,14,Hardware Support,30,Hardware Optimization,187511.0,Any time now - lean into it people,DK2 is about to drop I can feel it in my bones...its electric lol Will the world ever be the same again?  :lol:Heres some heart warming music if your emotions are low..https://www.youtube.com/watch?v=gqdCaPRkhD8,1404954000.0,,,,17,,0.0,342437.0,Honored Guest,
M017,21,14,Hardware Support,30,Hardware Optimization,208508.0,,"hi,is the are a way to adjust the size of videos opened with the virtual desktop.  they always open huge and i have to break my neck if i want too see everything  :oops: if i look up, the very top of the video seems 1000ft high, ive tried adjusting desktop size in the virtual desktop setting, but it doesnt affect the video?",1442220600.0,206970.0,,,,,0.0,916395.0,Honored Guest,
M017,22,14,Hardware Support,30,Hardware Optimization,45940.0,,"NCIX.ca is where I bought mine, I think it was $45 all said and done (shipping included) on sale. Check there often!",1374554220.0,45939.0,,,,,0.0,38057.0,Explorer,
M017,23,14,Hardware Support,30,Hardware Optimization,114542.0,,"if youy live near London, you may also be interested reading thishttp://www.mtbs3d.com/phpBB/viewtopic.php?f=140&t=17872#p132756and thishttp://www.roadtovr.com/2013/06/17/dont-look-down-inition-explores-vr-vertigo-6644",1371517320.0,114537.0,,,,,0.0,38524.0,Honored Guest,
M017,24,14,Hardware Support,30,Hardware Optimization,1060428.0,,Tried that already I even uninstalled the game and installed the game again and nothing still the same thing,1687252380.0,837475.0,,,,,0.0,1521872.0,Honored Guest,
M018,1,14,Hardware Support,28,Physics & Hardware,110090.0,,"687xx Got my Shipping message, arrived at town on 7:15 am.  UPS estimated delivery: today Friday 04 between 12:00 pm and 4:00 pm.  I'm 30 min from Fresno CA.  :mrgreen:",1380846720.0,109864.0,,,,,0.0,219646.0,Honored Guest,
M018,2,14,Hardware Support,28,Physics & Hardware,181986.0,,"Man, I'm a bit jelous reading some of the experiences. I'm still waiting for feeling of presence to hit me hard. In Malfuction I did feel 'uncanny valley' effect for the first time, when girl jumps and grabs you by your hands, and I am scared to bits by some of the horrors, but I never ever forget what is going on. I guess I'm too down to earth or something. I even tried sleeping with my Rift on, looking at a virtual tree's branches as I felt asleep, but still no dice. As soon as I woke up I knew instantly where what's going on.I'm away from home so I didn't have chance to try Asunder yet therefore who knows, maybe I'll get that feeling of presence soon enough  :roll:",1396744440.0,181957.0,,,,,0.0,15914.0,Rising Star,
M018,3,14,Hardware Support,28,Physics & Hardware,47103.0,,This is beyond a doubt the best platformer I have played on the rift!! Keep up the Great Work!! I loved the demo.,1374618900.0,47093.0,,,,,0.0,13561.0,Honored Guest,
M018,4,14,Hardware Support,28,Physics & Hardware,30470.0,"If your 2.0 base station is flashing red, this is a possible fix...","I managed to fix both of my 2.0 base stations that started flashing red after trying to update the firmware via Bluetooth. This is what fixed my problem and it might work for you too if you have the same issue:1. Unplug the base station.2. Connect the micro-USB cable for your Vive controllers into the station and into the PC.3. On the back of the base station is a small pinhole with a little button, use a paperclip to press it in, hold it in, and plug in the power cable. Wait for about 10-15 seconds.4. The base station should start flashing white or blue.5. Scan for the base station in SteamVR and apply the update.6. If that doesn't work and your PC recognizes it as a drive named ""CRP_DISABLED"", make a copy of the firmware.bin that is on there and paste this one in there:https://myou.cat/tmp/firmware.bin7. Unplug the USB and power cable and wait one minute.8. Plug in the power cable again and it should start booting up, then apply the update through SteamVR.Let me know if this works!2",1576286880.0,,,,,,2.0,33662.0,Members,
M018,5,14,Hardware Support,28,Physics & Hardware,155569.0,,"Forget the helmet.. get the BATTLEAXE!!!!    Metal!!      \m/ >_< \m/But seriously I want my DK2 just as bad as anyone else, but find I'm a much happier person when I'm patient, something that seems to be lost on the internet culture.",1406072460.0,155553.0,,,,,0.0,231828.0,Honored Guest,
M018,6,14,Hardware Support,28,Physics & Hardware,830404.0,,"Mradrsaid:Why? - trying to cover up something:)?edited - never mind, not my problem.Johnny's Scale Models Showcasei5 9600k z; 16GB DDR4 3200; 6xSSD; RTX2080ti; Gigabyte Z390D MoboRift CV1; Index; Quest; Quest 2",1601516100.0,830399.0,,,,,0.0,244926.0,Expert Trustee,
M018,7,14,Hardware Support,28,Physics & Hardware,273749.0,,"Jason187781, thanks for making this demo.  It's really cool.🙂I appreciate the friendly UI for adjusting screen percentage as that really helped.   I felt a bit dumb though, because I thought I was stuck in that first room, and was trying to figure out how to get out.   :lol:   Eventually I realized there's a dark corridor to the right of the screen percentage UI.""TomSD"" wrote:I liked the scaffolding. I climbed up and just as the top of the AT-AT's back was passing in front of me, I tried to step off onto it.I just did the exact same thing!   Funny🙂But yeah, the scaffolding is a great way for a player to get a good look at this thing from various angles.Titans of Space PLUSfor Quest isnow availableonDrashVR.com",1431848100.0,273740.0,,,,,0.0,13437.0,Heroic Explorer,
M018,8,14,Hardware Support,28,Physics & Hardware,154786.0,,"I've had 2 x 980 for a while now and am nothing but impressed with them.  They've been super stable so far, are very quiet and put out some incredible performance.  I'm looking forward to what newer drivers will bring to the cards and hope Oculurs releases a new SDK\Runtime to support the new VR functionality in the cards, specifically the new VR SLI mode.",1413035220.0,154559.0,,,,,0.0,639944.0,Heroic Explorer,
M018,9,14,Hardware Support,28,Physics & Hardware,110199.0,,"YES! Finally going into Processing, BC, Canada.Yes.....Yes.",1382937360.0,109864.0,,,,,0.0,,Not applicable,
M018,10,14,Hardware Support,28,Physics & Hardware,253813.0,,"""saviornt"" wrote:120hz.. owch.The other specs I feel are, well, they're DK2 level, which I don't feel isquiteconsumer level.Okay... and that is working with PS4?Excuse my bad english. I speak to you through the google translator.😛",1425363960.0,253803.0,,,,,0.0,652034.0,Trustee,
M018,11,14,Hardware Support,28,Physics & Hardware,22360.0,,",I've responded to your developer support ticket via email.",1542039540.0,4674.0,,,,,,16658.0,Verified Members,
M018,12,14,Hardware Support,28,Physics & Hardware,536858.0,,For me the user reviews seem way over rated on all sites. Maybe that's just me but i just can't fathom the 5 star ratings attached to some of the games & experiences. I mean you go into some of these multi player games that have huge ratings & no body seems to be playing them. So ratings are very untrustworthy for me i feel there is a huge bias in scores for vr titles. A five star game should be something you put allot of hours into because its really that good.but i still appreciate the reviews & work by zenbane even i i feel the scores are inflated its still good to read about the games prior to purchase.,1484275200.0,536755.0,,,,,1.0,33005.0,Superstar,
M018,13,14,Hardware Support,28,Physics & Hardware,780319.0,,"Apps don't work on Quest 2 just cause they work on Quest 1...I've been browsing the forums trying to get an answer to an issue I'm having with a save feature, and many others are having similar issues.",1603679700.0,780314.0,,,,,0.0,845246.0,Protege,
M018,14,14,Hardware Support,28,Physics & Hardware,356829.0,,"Thanks.One more question (sorry for pestering you guys and I really do appreciate the great advice you are giving)...Is there a risk of me hitting a friendly ship if I don't have it targeted? Specifically, when I blasting away at a Wanted target near a Nav point (or RES) and a crazy kamikaze cop runs straight into my line of fire, is there a risk of me hitting the cop? Or am I pretty much safe so long as I keep my target locked on the Wanted guy?",1465376940.0,356783.0,,,,,0.0,49190.0,Heroic Explorer,
M018,15,14,Hardware Support,28,Physics & Hardware,202050.0,,"Sorry, I guess I didn't explain myself well—the problem had nothing to do with the HUD, it was that I felt like my VR comfort was improved after setting the Camera Forward value to -1, even after using Freelook Move In to compensate for the offset.However, the more I experiment with it, the more I'm starting to think that the difference might just be in my head. I did some blind trials and I didn't do much better than 50/50, so it might be nothing after all. Sorry to have wasted your time..!",1420629240.0,201187.0,,,,,0.0,90741.0,Protege,
M018,16,14,Hardware Support,28,Physics & Hardware,251114.0,,"I'm going to implement a UI system at some point later with options. I'm taking everyone suggestions into consideration as options and modes.- I just finished fixing a bug with the rotation. It's a small fix but now it just works like you would expect it to.- The cursor boundary has been removed, and you can recenter the cursor by pressing the R key.- Added Zooming controls for plane and drawing distance.- The rotation pivot point for the drawing will always be in the center.- pressing the 1 key will set your drawings current rotation to default. This is similar to Autodesk Maya's freeze transform option.Here are the new controlls.R key: Re-centercursor1 Key: Set default rotation(Mouse)Left Click: DrawMiddle Click: Move planeRight Click: Rotate planeScroll Wheel: Zoom plane distance(Mouse + Alt Key)Middle Click: Move DrawingRight Click: Rotate drawingScroll Wheel: Zoom drawing distanceWith with all of these additions, you can intuitively draw things in the distance like mountains, clouds, stars, etc...Download (windows):Quick Draw 3D (v1.2)""zbufferVR"" wrote:Maybe, but it is more bout keeping the relative angles of the plane fixed relative to the view direction.So that no only the movement of the head would move the plane, but rotation of the head would rotate it too, to alow drawing in different angles with the same stroke, without haveing to fiddle with right mouse button and unnatural rotation with the mouse.Sorry, a bit in a hurry, I will try to be more explicit later.Oh ok, I think I get it now. So if I were to turn my head 30 deg, the plane would rotate in place 30 deg?Oculus Rift games & test scenes",1412745540.0,251101.0,,,,,0.0,13326.0,Explorer,
M018,17,14,Hardware Support,28,Physics & Hardware,576463.0,,"Until they fix the wonky scaling and giant hands, all this is rather moot for me.",1508464860.0,576461.0,,,,,0.0,197065.0,Superstar,
M018,18,14,Hardware Support,28,Physics & Hardware,261931.0,,"""occhiowalker"" wrote:""vizionvr"" wrote:I'm grow tired of all this speculation and ""sky is falling"" scare tactics.The DK2 runs very well on a 970. Do you honestly think that Oculus is researching ways to make their HMD LESS accessible to the masses? Enough already.The DK2 runs very well on a 970, right, that's why I definitely Crescent Baye CV1 therefore, requires much more powerful GPU housed the most powerful PC. This is already proven by the statements of NVidia who said that she was forced to get out ahead of schedule its Titan (specifically created for VR) to allow Oculus VR and HTC to run some of their latest demo. I do not think Oculus VR does not consider that the price of CV1 + PC is accessible to the masses, I'm afraid, especially after Oculus VR denied that the PC used in demonstrations cost more than $ 2,000. has been shown at CES and at GDC that Oculus Rift Crescent Bay worked connected to a PC equipped with NVidia GPU GTX Titan X which alone costs $ 1,000. That PC that cost $ 2,000 with a GTX 980 which costs $ 550, of course PC + Titan cosata more than $ 2,000. This worries me, because the CV1 ask more power of Crescent Bay. This is not speculation, are facts.What Oculus is using to power their super maxed out demo has very little to do with what Oculus is using to design and test the CV1 for mass consumption.Not a Rift fanboi. Not a Vive fanboi. I'm a VR fanboi. Get it straight.",1429220700.0,261856.0,,,,,0.0,806276.0,Rising Star,
M018,19,14,Hardware Support,28,Physics & Hardware,954914.0,,o3from offline discussions I believe that this issue has been fixed in v38 Oculus PC release. Please let me know if this isn't the case.View solution in original post,1648520820.0,831748.0,,,,,1.0,57460.0,Oculus Staff,
M018,20,14,Hardware Support,28,Physics & Hardware,35662.0,,"On 5/25/2020 at 8:01 PM, LMulvey said:Bumping this. I noticed in the HTC store today they've added another faceplate which allows you to add the Cosmos native faceplate to the Cosmos Elite or other Cosmos headsets (https://www.vive.com/ca/accessory/motion-faceplate/). In it, they tout that it will provide the ""benefit from extra-accurate inside-out tracking"". This is anoutright lie.The tracking is not good with the Cosmos.While I appreciate the updates that they've made to the software, this is becoming ridiculous. Honestly, at this point, don't believe that HTC have any plans to rectify the situation and truly plan to try and gouge people by getting them to pay an extra $700+ to make external tracking work instead of the actual $200 difference in MSRP between the Cosmos and Cosmos Elite. If they truly planned a fairly priced upgrade path for Cosmos users, they wouldn't be continuing to sell the $250 faceplate.I know I'm only one customer but if HTC doesn't correct this, I'll be selling the Cosmos I bought (at a discount because I'm not an asshole) and continuing to recommend people away from HTC entirely if they're entering the ecosystem. HTC is losing a customer for life and I'm certain I'm not the only one. Owning your mistakes and correcting them is an easy way to earn customer loyalty but fumbling it in the way HTC has is an equally easy way to lose consumer trust. I'll happily jump aboard something like a Valve Index instead of HTC.Totally agree with you. And I am telling everyone about this piece of sh...!Bye bye, htc.  Thank you for nothing.",1590886500.0,33384.0,,,,,,33138.0,Verified Members,
M018,21,14,Hardware Support,28,Physics & Hardware,317109.0,,I don't see why we can't just use slim jims as controllers,1420888560.0,317103.0,,,,,0.0,387220.0,Honored Guest,
M018,22,14,Hardware Support,28,Physics & Hardware,265739.0,,I think I notice a pattern. People who had a DK1 first seem to be very happy. People who didn't and expected a holodeck aren't. Looking forward to getting my DK2 in 2 weeks.Good review. Congrats on getting your DK2.People tend to believe what they want to be true.,1415551320.0,265738.0,,,,,0.0,431684.0,Honored Guest,
M018,23,14,Hardware Support,28,Physics & Hardware,624.0,New Vive controllers?,So..... where do we sign up to help with the beta-testing of the new controllers?   :smileywink:,1479233220.0,,,,,,,367.0,Verified Members,
M018,24,14,Hardware Support,28,Physics & Hardware,35604.0,,"HTC, pls come up and admit the faulty and get a responsible action to all Cosmos customer.",1590647700.0,35484.0,,,,,,36283.0,Verified Members,
M019,1,14,Hardware Support,31,Compatibility Issues,21987.0,,This is false that it's sovled.  For some it may have been some kind of PCI-E card slot issue but in general many of us are still having massive performance issues with the CPU being all over the place.i7 7700k 080 ti GTX3200mhz ramwin 10,1540839000.0,4273.0,,,,,,25660.0,Verified Members,
M019,2,14,Hardware Support,31,Compatibility Issues,284819.0,,"I think luciferous is right, the positive folks have become complacent and take VR for granted now. That's not to say it's a bad thing, since if VR is to survive, it needs to provide something to us beyond an initial wow factor. I may not be one of the most verbose users on this forum, but I use Virtual Desktop every day as my main monitor unless I'm watching a show on my computer, and have gotten so used to Team Fortress 2 in VR that I can't even imagine returning to playing it on a normal screen. There's nothing to gush over in the forums in that, but I am a dedicated, daily VR user nonetheless.Those that are displeased will rant until blue in the face.Those that find momentary pleasure in a demo or experience will leave a post or two.Those that VR has found a lasting and vital place in their daily use don't post about it, just enjoy it day by day.",1435095780.0,284817.0,,,,,0.0,8958.0,Honored Guest,
M019,3,14,Hardware Support,31,Compatibility Issues,259139.0,,"Well i completely agree with almost all of you.I agree,especially with the standing theory because as i've already said.. i've got my first sense of presence with the DK2 just standing in the Tuscany demo. I'm pretty sure that if Oculus was showing the DK2 with standing demos they had much better impressions and tought from people.Of course they couldn't do that because they haven't the 360° tracking yet.. but i think it's almost the only reason why they hadn't do the same with the DK2.Of course,the Crescent bay can help a lot thanks to the increased FOV(I repeat.. i'm hoping for a good increased.. something like 10° at least..Anybody knows anything or some rumors about it?) the better resolution,better latency etc.. so this had help a lot for the immersion.However for the sims demos/games.. the sitting experience is pretty much perfect. i think that one of the most immersive thing you can try is a really good sims playing with the DK2 with the wheel and pedals.But TOO much experience and games will not achieve this sense of presence if we haven't a standing experience. Just hoping for Nimble to add something of our body in the game.. and let's hope that in the next future will be a good tech to have all our body in the game.For now,i'm not quite convinced by the Omni or Virtualizer or similar solution.. i'm pretty sure it's not really close to the real life movements..MIND LABYRINTH VR DREAMSMIND UNLEASHED",1418840400.0,259130.0,,,,,0.0,175169.0,Adventurer,
M019,4,14,Hardware Support,31,Compatibility Issues,419148.0,,"""Warthog"" wrote:Think of it as a life lesson... Take control of your current account...😄Old money in a current account makes it a raisin account lol🙂:lol:",1452146760.0,419140.0,,,,,0.0,,Not applicable,
M019,5,14,Hardware Support,31,Compatibility Issues,258822.0,,"Yes, there is a minimum amount of time the warning must be showed for. This is intended.",1415341200.0,258820.0,,,,,0.0,3173.0,Grand Champion,
M019,6,14,Hardware Support,31,Compatibility Issues,108478.0,,"All three have strong unions. I'm not sure about USPS, but i do know that UPS does, IIRC, so does Fed-ex. Canada post has a strong union. Don't know about the US postal folks.Intelligence... is not inherent - it is a point in understanding.Q: When does a fire become self sustaining?",1373772180.0,108471.0,,,,,0.0,8465.0,Protege,
M019,7,14,Hardware Support,31,Compatibility Issues,1187234.0,Application image,"Hello, I'm trying to know how I should name and position (in the apk) the image that appears when we activate the ""meta"" button (Resume / Quit). Currently I found how to specify the splash image (assets/vr_splash.png) as well as the icons (res/mipmap). I'm just missing this image in landscape format.For context: I'm working on a StereoKit rust binding. The apk is produced by cargo-apk.Solved!Go to Solution.",1714079400.0,,1.0,1187242.0,1.0,,0.0,1200329.0,Honored Guest,
M019,8,14,Hardware Support,31,Compatibility Issues,331698.0,,"I activated this new feature for the DK2 screen yesterday, doesn't seem to add any more resolution options though😞Maybe I'm missing a step but I will keep trying to get it working.",1418140140.0,331697.0,,,,,0.0,648843.0,Honored Guest,
M019,9,14,Hardware Support,31,Compatibility Issues,286650.0,,"Sorry, but that system is not sufficient for the majority of Rift software.Running demos on a single screen at 60fps definitely won't cut it. You want to be able to feed the Rift 2 images (one per eye) at a constant 75fps.",1419758640.0,286649.0,,,,,0.0,639944.0,Heroic Explorer,
M019,10,14,Hardware Support,31,Compatibility Issues,274857.0,,"""soxfan335"" wrote:I believe the point which danknugz so eloquently conveyed is not that he hates Nvidia or doesnt like gameworks VR. He was merely pointing out the difference between how they try to come across as having gamers' best interests first and foremost when it seems it is only a means to an end to generate more profit.Λ 100% agree.Danknugz has every reason to be agry at Nvidia. Nvidia is doing the worst in terms of treating gamers. It's cheating, lying, misleading, promising and not delivering etc.And IMHO if someone defends it, he CAN seem like an Nvidia fanboy to others, therefore I think the words Danknugz used might've been a little unfortunate (unless he meant to be rude and offensive) but the fact is - Nvidia promised VR direct long time ago. Since then LOTS of time passed, and all we have are promises, some beta, and the fact that they preferred to shut this features behind their proprietary VR GameWorks, which will be bad for gaming industry, but Nvidia never seemed to be bothered by this fact and I don't expect them to start anytime soon. I don't say they should go out and give their multi-res features to anyone, but the features already used in mobile and AMD VR are STANDARD FEATURES and should not be closed behind proprietary BS, ever. And about ""it's up to the devs now"". Yeah, but the beta was released a year later than promised, and the fact is, that if Nvidia really cared about it, they could've just made a small demo. It doesn't cost that much. They did it in the past multiple times, so what's the point in defending that 1-year delay with argument of devs not doing their part? I don't see this argument as valid.Meanwhile they seem to be backtracking on the 3D vision compatibility they promised. Take a look at the last posts in this thread:https://forums.geforce.com/default/topi... helixmod-/Not an Oculus hater, but not a fan anymore.
Still lots of respect for the team-Carmack, Abrash.
Oculus is driven by big corporation principles now. That brings painful effects already, more to come in the future. This is not the Oculus I once cheered for.",1445381100.0,274844.0,,,,,0.0,303017.0,Heroic Explorer,
M019,11,14,Hardware Support,31,Compatibility Issues,721952.0,,So to be clear: your precise specific issue is that the controller is in the wrong position when you try the sample in the Go?,1533712440.0,721951.0,,,,,1.0,390647.0,Heroic Explorer,
M019,12,14,Hardware Support,31,Compatibility Issues,354177.0,Am I Crazy - Or is the Quality of the DK2 Worse with the 1.3 Runtime.,"I don't know if it is me being hyper critical or if it is true. Has anyone noticed an increase in aliasing and jaggies using the 1.3 runtime in Unity with the DK2? I know that the runtime is met for CV1 but many of us, maybe even most of us, will still need to use the DK2 for development and client presentations and I just want to know if you notice a quality difference between 0.8 and 1.3 on the DK2... or is it really just me?",1459218240.0,,,,9.0,,0.0,610744.0,Protege,0.8 runtime|DK2|DK2 runtine 1.0
M019,13,14,Hardware Support,31,Compatibility Issues,348538.0,,"brian_jewsaid:Hi Avelle1986,in the build, it'll be getting the user from the Oculus software.  Oculus will check to see if you are entitled to the app, if so, it'll give the app the user access token.  It sounds like currently you aren't entitled to the app.  Could you check to see if you have done the following?https://dashboard.oculus.com/application/<app_id>/buildAdd a zip file with an executable file instead it to the dashboard.  You can take the unity build, zip it up and add it there.Add yourself to ""subscribed user"" to your app in the dashboard.  You should be able to see your own app show up in your Library under ""Not Installed"" on OculusInstall it, through the library.  That'll let Oculus know that this machine has the app.From there you should be able to do Unity builds and run them.You can also see our docs here about entitlements: https://developer.oculus.com/documentation/platform/latest/tasks/dg-view-devs/Thank You very much! I will try it!",1463916180.0,348534.0,,,,,0.0,243502.0,Explorer,
M019,14,14,Hardware Support,31,Compatibility Issues,202031.0,,Where can I donate to you guys?I love your work.Keep on doing what you're doing.,1420302960.0,201187.0,,,,,0.0,522384.0,Honored Guest,
M019,15,14,Hardware Support,31,Compatibility Issues,15865.0,,"Hello,I also need vive tracker with meta  and I manage to make it work just fine.Some of these steps might not be needed but that is what I've done:-  Install steamVR beta- Edit <Steam Directory>/steamapps/common/SteamVR/resources/settings/default.vrsettings then set""requiredHmd"" : false""activateMultipleDrivers"" : true- edit <Steam Directory>\steamapps\common\SteamVR\drivers\null\resources\settings\default.vrsettings in the section ""driver_null"" set ""enable"" : true- connect the tracker by USB or using the dongles.Hope this help, cheerio!",1518052680.0,2563.0,,,,,,20764.0,Verified Members,
M019,16,14,Hardware Support,31,Compatibility Issues,99746.0,,"Thanks for the feedback.  I made sure Victor saw your post.It's his work, along with Flame CZE who has helped a lot with the graphics.Also Daniel-CRO and Whiskey did a lot of testing.I was hardly involved until these last few days, improving some text.Do let us know if you find any mistakes or things that aren't clear.The hosting service, rotating cars and track panoramas are new.Live for Speed -www.lfs.net",1409857320.0,99219.0,,,,,0.0,149993.0,Heroic Explorer,
M019,17,14,Hardware Support,31,Compatibility Issues,613843.0,IMGA GLOBAL: TWO WEEKS LEFT TO ENTER OUR COMPETITION,Hi guys!Two weeks left to enter your game and take your chance to win an award during the 14th IMGA ceremony🙂Take a chance now! Cheers !http://www.imgawards.com/developers/submit-your-game/,1513532160.0,,,,0.0,,0.0,446205.0,Honored Guest,Competitions|events|mobile|networking
M019,18,14,Hardware Support,31,Compatibility Issues,876312.0,,"Same issue here, try downgrading to ODH 1.8.0, that's what I'm doing till they fix it.",1626022740.0,874883.0,,,,,0.0,182098.0,Explorer,
M019,19,14,Hardware Support,31,Compatibility Issues,687267.0,,"Everything in this world is cause and effect.Either you updated the SDK, and that caused an issue.  You have a calibration problem.  Your version of Unity has a bug.  Or something is wrong with your project/code.I've been working with Unity since 4.1 and trust me - the one thing it doesn't do well is reliability for fringe frameworks.  Remember, as amazing and fun as it is - it has always really been focused on Mobile Apps.  So only ever upgrade Unity when you absolutely have to. Only upgrade the SDK's you are using in a project with proper source control so you can back out of a change.  This is a very important set of rules to always follow with Unity on *anything*.Now, that said, when you search and don't find other people with the issue - that is a positive sign.  It mostly likely points to something wrong with the project itself. If it was a common SDK issue, you'd have found more information.My rule of thumb is:- Does a fresh simple project with just a camera view and SDK have the same problems?- Do other (new) games have the same problem?  Hopefully you have an old EXE of your project that worked before, does it also have the same problem?If a fresh project has the same issue then we know it is either the SDK version that is bugged, the Unity version is bugged or your hardware is calibrated funny.  You can rule out calibration by trying another game that uses dynamic height - be cautious here, a lot of older games on Rift ""set"" the height the same for everyone - so newer and well made is important.  You need something modern that was working that is an executable that you trust.  If it happens there, you have a calibration issue.  If not, that points a finger at the SDK or Unity, and you can then roll back either to what you were using a month ago.  Patching and updating is not always without consequence.Great - but what if I tried a clean project and someone else's game and the issue didn't occur?  That points the finger squarely at your project, or something wrong with your code.  From there you need to debug and walk through and investigate.",1528372860.0,687266.0,,,,,0.0,1359693.0,Protege,
M019,20,14,Hardware Support,31,Compatibility Issues,613117.0,,Thanks for the tips. Of course the detailed setup is subject to personal preference but it's easier (and a lot less effort) starting with an established setup than starting from scratch.I'm a real-life pilot of light sports aircraft but that seems simple compared to setting up the controls for this game.😉I'm glad I don't need to deal with guns and bombs on my plane in real life.,1502079780.0,613113.0,,,,,0.0,705295.0,Heroic Explorer,
M019,21,14,Hardware Support,31,Compatibility Issues,22611.0,,I see you have a i7 2700K CPU. It is 5 years old CPU I believe.Would it be possible if you can borrow a more powerful rig from friends and test wireless at home with this beta?,1542751200.0,4273.0,,,,,,17464.0,Members,
M019,22,14,Hardware Support,31,Compatibility Issues,159663.0,,Are these updates regular? Is it a monthly thing or somethin'?Intel i7 4770k | GTX 980,1410289440.0,157066.0,,,,,0.0,100039.0,Honored Guest,
M019,23,14,Hardware Support,31,Compatibility Issues,181963.0,,Most of mine were in outlast using tridef. one was when I was walking down a spooky corridor and a guy was just banging his head against a wall.,1396049220.0,181957.0,,,,,0.0,3569.0,Consultant,
M019,24,14,Hardware Support,31,Compatibility Issues,109884.0,,"63xxx here still sitting at processing, though it's possible they're shipped out and the status hasn't updated. As soon as our batch is shipped/arrived I'm sure you guys will be next!",1378325880.0,109864.0,,,,,0.0,254836.0,Honored Guest,
M020,1,38,Target Tracking,7,Object Tracking,285043.0,,"I can't upload attachments :<configLogOculus062415_437pm(https://drive.google.com/open?id=0B0ZOqxcNb9NsNVNpRlpEVTFmNU0)ServerLog_2015-06-22_13.06.33(https://drive.google.com/open?id=0B0ZOqxcNb9NsRXg3VHhMLVRhSG8)output_log(https://drive.google.com/open?id=0B0ZOqxcNb9NsUmYxbmxiNDFQd1k)The game DOES work off the Oculus. But every time I use -vrmode Oculus, it crashes either immediately or the first time I press a key.",1435132080.0,285041.0,,,,,0.0,965524.0,Honored Guest,
M020,2,38,Target Tracking,7,Object Tracking,37575.0,,"Sorry, haven't been pro-active,. covid19!Alienware is dell.. it's mass produced garbage.. uses factory made off the line parts. It's like buying processed food vs non processed, ones cheap garbage, vs one that's expensive and better tasting!But as you've brought alienware, at least it works, alienware pc's are more aimed at gaming anyway, still better than buying anything that's purely dell tagged.Dell and Alienware have high reviews due to newbs and people not so well (informed) on computers, and go with such garbage, it's mass advertised garbage because other companies can't afford such advertising! that and Dell/Alienware pays tons to people that advertise their products.Both Dell and Alienware are 100% primarily built differently with just different tags, (alienware were better before dell took over) Go to google just type in alienware reviews, (Anything not company based, gamerpro e.t.c) just casual buyers like us will all state BAD... unless you've rarely ever owned a pc.As I said, dell and such are terrible mass produced, they are mostly used by SIMPS and extremely basic people... you'd never catch a true PC owner or GAMER with a dell or hp product, that's why people buy CUSTOM BUILDS or MAKE THERE OWN it's cheaper and better, and you know the parts inside aren't garbage.Also you're right not all computers are built equal unless they are mass produced factory line crap.EditedOctober 1, 2020by SanityGaming",1601537400.0,36892.0,,,,,,34974.0,Verified Members,
M020,3,38,Target Tracking,7,Object Tracking,103494.0,,"Updated OP with new Episode 2.Feel free to leave feedback!Also, if you are interested in participating in an upcoming podcast, I would love some more participation!Have you listened to the Rev VR Podcast yet?Listen and subscribe throughiTunesor throughStitcherhttp://www.reverendkyle.com",1375854480.0,103490.0,,,,,0.0,157191.0,Honored Guest,
M020,4,38,Target Tracking,7,Object Tracking,33945.0,,"3 hours ago, Colt said:I started having the exact same issue a week ago... Started playing HL: Alyx and noticed it right away on the balcony regardeless of LOW to ULTRA settings.Reading this thread - interestingly I too have a i7-4770k mixed with a new RTX 2070.Intel i7-4770K, Asus Z87-PLUS, 16GB Ram, SSD, Asus RTX 2070. - HTC VIVE Original + HTC Wireless Adapter.The clue here to me is: I did not have this issue when using my previous GTX 1070, but I recently upgraded to an RTX 2070 and issues started. Now like everyone's graph, I have studdering every few seconds with spikes (blurring the image for a sec) ONLY with the wireless adapter. With the vive cable no issue. Could be a coincidence with a software/driver release... but if not - i'm currently leaning towards the CPU/Chipset not being fast enough to keep up with the demand of the RTX 2070, creating a bottleneck that affects performance on other PCIe cards.. namely in this case the PCIe WiGig card. I tried moving the cards around to ensure they don't use shared PCIe slots - but same result like in this thread - no changes.I'll be switching to a Z390 + i5-9600k, will post an update.. in the meantime, I would recommend (if you can), trying to downgrade the RTX to a GTX and see if that solves the studdering issue?! - just an educated guess for a test.I have a feeling its CPU related and, more specifically, the 'turbo boost' setting that allows the system to overclock your CPU for short bursts of extra processing power. My main PC dose not have a turbo boost and worked perfectly fine with the wireless and my new AMD motherboard/CPU that also dose not use turbo boost has had no issues with this. I would have liked to research it a bit more but my VR motherboard didnt seem to have a way to turn off turbo boost for me to try and run it stability and I didnt have another board to test it on that did.Thus take this as speculation but, since the VR compositor appears to use all additional available CPU power, it may have been pushing into the turbo boost range. Since TB is only supposed to be used for quick bursts of speed (3 seconds?), it then hitches when the boost timer ends. But I have a Noctua CPU cooler that kept the hardware cold enough that it just immediately makes TB available again perhaps. Setting the VRcompositor to high priority means, when the TB drops, the compositor is less likely to be the one to suffer from the sudden malnourishment of processing power.If you have a Turbo Boost CPU and can disable it in BIOS, might be worth giving it a try. Not an ideal solution if that happens to be the case but better than flying blind.",1586169120.0,27497.0,,,,,,31883.0,Verified Members,
M020,5,38,Target Tracking,7,Object Tracking,382598.0,,"""fullmelt"" wrote:Its 8:00 on the west when its 9:00 here so its the same didn't need google had to think for a sec.Is the countdown the same for all time zones?facebook.com/AntDX316",1452028680.0,382591.0,,,,,0.0,723149.0,Heroic Explorer,
M020,6,38,Target Tracking,7,Object Tracking,226915.0,,"""kojack"" wrote:""GedankenGod"" wrote:""ElectricMucus"" wrote:...Perhaps there is a chance Intel releases a consumer GPU some day?They almost did about 5 years ago withLarrabeebut the project was terminated.Terminated as a graphics card. But it's successor, the Xeon Phi, was released as a general purpose accelerator card. The Knights Landing edition is currently on the way (72 core cpu).(There's at least two Oculus employees that worked on Larrabee: Michael Abrash and Tom Forsyth)Orthodox pipelined simd gpus have more GFLOPS, but what good is it when you can't use it? At some point it may be better to have concurrent algorithms over parallel ones.What would be great is if Intel starts integrating a few Phi cores into their Desktop processors and as they are more versatile more people would use them. I imagine if Intel wants it they could even be programmed with C++11 concurrency features. Intel could start a new renaissance in computing if only they stop trying to keep new IP exclusive to high performance products.",1405731120.0,226902.0,,,,,0.0,390652.0,Explorer,
M020,7,38,Target Tracking,7,Object Tracking,62295.0,,Could be Modeled after the Descent FPS Space game from years back.,1366609680.0,62294.0,,,,,0.0,8249.0,Explorer,
M020,8,38,Target Tracking,7,Object Tracking,77023.0,,"""Sharkku"" wrote:And you have calibrated the magnetic sensor and have ""mag yaw correction"" ticked in the oculus config utility? If you have done that, it's possible the earth magnetic field where you are is too weak, or the inclination is too large. Or maybe you have something magnetic close to you that's cancelling out the earth magnetic field.Where do I find a download to the configuration tool?VR Pilot!",1394398080.0,77021.0,,,,,0.0,150285.0,Honored Guest,
M020,9,38,Target Tracking,7,Object Tracking,164110.0,,This is great!  I've been wanting to do the same thing but just don't have the time.  Keep it up!,1401759240.0,164105.0,,,,,0.0,13233.0,Explorer,
M020,10,38,Target Tracking,7,Object Tracking,133237.0,,"I don't understand all the hateful posts about this deal. VR is not just a gaming tool it will ultimately be a social tool to connect people over long distances ( just view Riftmax herehttp://www.virtualrealityreviewer.com/riftmax-theater/). Yes Facebook is one of the largest companies in the world but at its core it still works the same as it ever did connecting people to each other all over the world for free. People seem to hate any company that becomes a massive success and always back the underdog. Just look at how Apple are viewed today.Yesterday Oculus VR were in reality the under dog's to Sony as they didn't have the financial backing needed to push VR globally. Today Oculus VR not only have the means but now also have the platform and the worlds media attention on them and will have a far greater reach and influence over the direction of Virtual Reality in the future. I truly believe that Mark knows VR is the biggest thing to hit global communications since the birth of the Internet and this is why he has put money into Oculus VR.I wouldn't worry about ( Like buttons  :lol: ) appearing in your VR experience anytime soon. Oculus have a pretty talented bunch of people at the top and from what I can see they are not driven solely by money. You just have to watch any interview by Palmer or Carmack to know that they live and breath VR and I would be pretty sure this would be the story all the way down to the person who works in the mail room at Oculus.I for one think that this is a very smart move from Oculus as they would have had a real battle against Sony ( and Microsoft in the future ) to survive. This deal secures the future of Oculus and free's them to develop the VR experience they want to deliver without the financial restraints of the past.The above are just my 2 cents but I would like to say congratulations to Palmer especially, as not only has he kickstarted ( excuse the pun ) VR but he also created an industry for consumer level VR./Edited spelling error :roll:Got a game in development or a cool piece of VR tech you want to show off? We are looking for demos, trailers and all things VR. Just send us a mail and we would be more than happy to feature it on our site.http://www.virtualrealityreviewer.com",1395732180.0,133212.0,,,,,0.0,233446.0,Honored Guest,
M020,11,38,Target Tracking,7,Object Tracking,39735.0,,"Hello dearnay. Yes, and when i press button i need only press button without trigger object behind.EditedMarch 19, 2021by bella-1995",1616109480.0,39732.0,,,,,,44531.0,Verified Members,
M020,12,38,Target Tracking,7,Object Tracking,211107.0,,"Guy who lives in Japan here.  I went to two Oculus meet ups so far and here is what I saw:A spiderman-esk game.A space ship type game.A game where it rains cookies (used the kinect to unable the user to walk around to avoid the cookies.)A 3D walk around of a cathedral.A game with a handshaking device (You simply shook the hand of the person in the game with a ""real"" hand.  If could pulled it and the girl in the game would respond accordingly.)A girl skirt flipping game (gotta have at least one of those! They used Hydra components on a clip to give you the ability to crouch.)A 3D model of an apartment.A ball game where your head tilting controlled a ball.A simple boat game.And most impressive of all.  MORE then half a dozen short films (15min each) where you're in the center of the movie.  The one I chose put us in a forest, we could look all around (360 degrees) The best scene was when a monster was chasing the  main characters, you could look forwards to see them running away of backwards to see the monster chasing them (or side ways if looking a trees passing by is your thing.)Both were tiny shows in tiny spaces and from our tiny Oculus community.  Think of it as you please.",1396963740.0,210991.0,,,,,0.0,231863.0,Honored Guest,
M020,13,38,Target Tracking,7,Object Tracking,181218.0,,"I think we're going to have to wait for them to introduce the DX11 graphics update, they said it would be sometime in 2014",1411003500.0,181179.0,,,,,0.0,615507.0,Honored Guest,
M020,14,38,Target Tracking,7,Object Tracking,184880.0,,"""jojon"" wrote:http://www.titanichg.comBy far, one of the most beautifully detailed experiences I've seen on the Rift.Not a Rift fanboi. Not a Vive fanboi. I'm a VR fanboi. Get it straight.",1428439260.0,184875.0,,,,,0.0,806276.0,Rising Star,
M020,15,38,Target Tracking,7,Object Tracking,108214.0,,"For the beta dll I just downloaded the MGE source code and hooked some code into it to make it work with the rift. Not sure what you mean by ""programming like this"" though.That's weird that you're having trouble with drifting-- I never saw that happen when I was using it because of magnetic yaw correction but I guess your environment might be different than mine. Eventually in the new dll there will be a setting to aim the crosshair with your head when not in a menu instead of having the forward position decouple from the view.As for progress with the new dll I'm afraid there's still little to report. I've had a lot of classwork to deal with and I also haven't been feeling well for the past month or so, so I spend most of my time studying and resting. I did start to take the D3D9Ex thing out of it though, it shouldn't be too long until I can get it drawing the way it was before on all games instead of just one.",1392421620.0,108172.0,,,,,0.0,30761.0,Protege,
M020,16,38,Target Tracking,7,Object Tracking,210272.0,,"""Brodie"" wrote:lewI dont suppose you could definitively answer this question could you:Which would provide the most clearest, flicker and blur free visuals whilst playing a game of around 30-40 fps, the DK1 or the DK2?CheersBrodie.DK2 is the ""clearer"" of the two.  But I would not play a game in either of them at 30-40 fps.  That is a cardinal sin of VR and a sure way to make yourself feel bad.",1396881780.0,210256.0,,,,,0.0,3069.0,Adventurer,
M020,17,38,Target Tracking,7,Object Tracking,39387.0,An honest review,"Friendsand foes! Greetings!Where should I start..I visited a friend just a week ago, because she purchased a PSVR.We enjoyed it, had fun. Reminded me of the time years ago, when I owned a HTC Vive.Immediately when I got home, I went to a website and checked if HTC had any new headsets. Guess what? I saw the Cosmos!Since I owned a HTC Vive before, and it was one of the best headsets back then, I could only imagine the headset being even better now, years after.So, I went ahead and ordered it. I believe it was Saturday that evening, on Sundays no deliveries, so it arrived on Monday. I was hyped!In the meantime I decided to browse the interwebs to find more information regarding this headset. After 1 Google result I already regret ordering it. A whole page full of people complaining mainly about the tracking of the Cosmos.I decided to remain positive, maybe those people had poor lighting, were handling it incorrectly, etc.So. Monday it is. Package arrived. Yay!!https://imgur.com/CzDENVdTime to unpack and install it. Not having to install the base station really makes things easy.Powered it up. Popped it on my head. Screen blurry. Huh? Maybe reposition it, change the straps, etc. Helped a bit.Okay, maybe I gotta get used to it or maybe VR didn't advance this much over the past years, because I was expecting the resolution of the screens to be way better than back then.First few games I noticed the controllers stopped working.Shit. What's wrong!?I Googled some issues, and found out that the Cosmos didn't like white walls.Fine! I mounted a painting, made a few X's on the wall with tape (pfffff), and it stopped losing track of the controllers, somewhat.Great! Time to play some Pavlov, Onward, The walking dead, Boneworks, etc. All games where you're able to aim your weapon.As usual with something you got new, you have to get 'skilled' at it, get used to it. I thought my aim sucked big time, and it would get better over time.I dealt with it. Adjusting settings in the meantime, so I got the best and finest resolution I could get with the Cosmos.1 problem though.... Every time I played for 15-30 minutes, depending on which game, especially Boneworks, I noticed I felt dizzy. Headache. Getting nauseous.Googled this(because, why not?!). Looks like I need to get'VR legs'. Fine. I'll get used to this. Play for 30 minutes and take a break. Eventually it'll be better.I quickly started noticing that when I was wielding a 2H weapon (melee,rifle,shotgun), the tracking wasn't the way I was used to with the HTC Vive. I thought this was also a thing I had to get used to.Since I wasn't getting used to this 2H playing/tracking, I started to look for some Youtube gameplay video's, to compare the headsets with each other. Guess what?! It's not me. It's the Cosmos!More and more people complained about the way the controllers are tracked, the display isn't clear (all blurry on the sides), getting nauseous, etc etc etc.At this point I was like 'Why the hell did I pay 800 euro's for something that isn't working correctly?!'.I tried finding solutions for all these issues, but nothing would work. The most disturbing thing was the tracking. I absolutely love the aiming/shooting in VR, that's why I got the headset in the first place. And to just find out that the tracking is this bad, is a complete dealbreaker.After some more and more Googling, I found out that like every person preferred ANY other headset over the Cosmos.Heck, I even found this link:https://www.roadtovr.com/htc-vive-cosmos-accuracy-test-controller/saying that theCosmos is the least accurate headsetout of all!And at this moment I realized I should next time look up on Google and compare items.Luckily in the Netherlands, we can return items purchased from the internet within 14 days after delivery. You get another 14 days to ship it back.Awesome! I mailed the company I ordered the Cosmos from, told them about the problems, and they agreed with me sending it back. Lucky me!Cosmos packed up again, pretty neat huh?! Like it's never used!https://imgur.com/x2gmZxoYesterday I decided to order a Oculus Quest 2. People were positive about this headset. Couldn't find really bad review about it.Quest 2 arrived today. Couple of hours ago.https://imgur.com/x2gmZxoAt first I was skeptical. ""How could such a cheap headset (over half the price) be better than a Cosmos headset costing 800 euro's?!"".When I unboxed the Quest 2 I was flabbergasted. Sure, the packaging is also nicer than the Cosmos, but I'm talking about when I powered the device on and put in on my head.I immediately noticed that the screen was waaaaaaaaaaay clearer than the Cosmos.Within the 10 seconds I put on the Quest 2, I realised that it's a huge difference. How smooth the controller tracking is, how the 'Guardian Shield (or w/e it's called)' is awesome, their Oculus app works awesome. Everything is awesome on this thing.I immediately fired up Boneworks and boy what was I happy.This Quest 2, not even focused on dedicated PCVR gaming,half the price of a HTC Cosmos. How can it be soooo much better? Usually I don't write reviews about products I like/dislike.HTC released a malfunctioning headset which they shouldn't have. It's not getting fixed, and it can't be fixed. It's the light tracking which messes the  controllers up when you're holding them next to each other or behind each other.The first thing I tried with the Quest 2 was to hold the controllers straight in front of each other, and see if the tracking worked.LIKE A CHARM.I also played 1 hour straight, and didn't even get nauseous. The tracking on the Quest 2 is so subtle, it's a day and night change from the Cosmos.Also I noticed that the screen wasn't blurry at all. On the Cosmos I kept touching the headset and refit it, hoping it would be better. But it didn't get better.Now, if you're a person considering purchasing the HTC Cosmos like me, please don't.I was naïve, thinking it'd be okay, acceptable. But it's not. All those forums/websites/reviews claiming all those negative things, it's true.Still I am surprised about the fact that a product way cheaper is so much better than something that's this expensive.I'm glad we got such good customer protections in the Netherlands, otherwise I'd be stuck with this thing.HTC, too bad you've released this piece of garbage. You know it is, otherwise you wouldn't have released the Elite shortly after.Sorry for the rant, but hey, I'm being honest.Now time to get back to the Quest 2, and enjoy VR like it's supposed to be.Have a nice day!",1613135040.0,,,,,,,43745.0,Verified Members,
M020,18,38,Target Tracking,7,Object Tracking,37780.0,,"denI found thissampleonline,You might need to do some modifications.Replace Input.GetAxis(""Horizontal"") by ViveInput.GetAxis(role, ControllerAxis.PadX)Replace Input.GetAxis(""Vertical"") by ViveInput.GetAxis(role, ControllerAxis.PadY)And Input.GetButtonDown(""Jump"") to any button as you wish.I just add this script to VROrigin and move with Touchpad.You will need to adjust the moving speed.",1602457260.0,37658.0,,,,,,27071.0,Employee,
M020,19,38,Target Tracking,7,Object Tracking,130651.0,,"""unclebob"" wrote:""Gerald"" wrote:So far I only played with mouse and keyboard, I did not like it. My gamepad did not work, I have to read up on why. But I am pretty sure that nothing will beat Hydra style gaming in VR if it is supported the right way. I think it is just not yet possible to use the Hydra with the official mod, but I have no problem replaying this title a few times once they add Hydra support (please let them do that ^^)If its wired you need a driver:http://www.pcmag.com/article2/0,2817,2400283,00.aspWireless you needhttp://www.amazon.co.uk/dp/B0076GYM50/ref=pe_217191_31005151_3p_M3T1_dp_1Down load the xbox controller driver, run the exe, then device manager, find the device not working, click on update driver, click choose driver from list, xbox drivers are at the bottom.Sorted.Worked straight away for me in HL2 after enabling in the Options -> Menu -> Controller tab.There is also a console command exec xbox360 I think.Have funIt is: ""exec 360controller"". It should auto suggest if you start typing it correctly.2500kz
EVGA 780Ti SC
8GB DDR3 Corsair Vengeance
Win 8.1 x64",1368756420.0,130641.0,,,,,0.0,31870.0,Protege,
M020,20,38,Target Tracking,7,Object Tracking,420872.0,Will VR games work across different headsets?,"Will VR be a platform in itself, or will each individual HMD be it's own separate platform? I pray that the former is true.Addendum question for devs - how hard is it to port a non-VR game to VR? Does it require a top to bottom overhaul? Imagine games like Rise of the Tomb Raider & The Witcher 3 - imagine those worlds in VR.😮",1454887860.0,,,,2.0,,0.0,1304213.0,Expert Protege,
M020,21,38,Target Tracking,7,Object Tracking,39432.0,,doraneanPlease use Wave XR Plugin(installed from Unity Package Manager).https://hub.vive.com/storage/docs/en-us/UnityVRSdk.html,1613568360.0,39431.0,,,,,,27071.0,Employee,
M020,22,38,Target Tracking,7,Object Tracking,121995.0,,"I think until VR goes consumer people will just have to be patient as long as developers can still develop ground breaking VR with the way the DK2 is then it should enough! If the way it is hinders development then it will have to change, somehow I don't think Oculus would of released it this way?""Some people say VR can take you anywhere in the world, I say VR can take you anywhere in your imagination"" 

Intelligent-Visualshttp://www.ivvr.ukhttp://www.intelligent-visuals.comhttps://www.facebook.com/intelligentvisuals",1406527860.0,121827.0,,,,,0.0,272737.0,Honored Guest,
M020,23,38,Target Tracking,7,Object Tracking,589675.0,,"Is the S6 Edge a Mali or Adreno GPU? UE4's ES 3.1 renderer doesn't just use GLES 3.1, it also has a bunch of features not found in the ES 2 renderer. To enable all of those features, your device also needs to support FP render targets and shader IO blocks.",1492646880.0,589674.0,,,,,0.0,413384.0,Oculus Staff,
M020,24,38,Target Tracking,7,Object Tracking,214591.0,,"Some great suggestions here - hope OVR respects the valuable focus testing observations here - worth their weight in gold, and I hope the VR community is correctly recompensed for this free marketing. When doing a similar exercise for clients we never get such a wealth, and have to pay through the nose for this kind of thing!https://vrawards.aixr.org/
""The Out-of-Home Immersive Entertainment Frontier: Expanding Interactive Boundaries in Leisure Facilities""https://www.amazon.co.uk/Out-Home-Immersive-Entertainment-Frontier/dp/1472426959",1400802900.0,214538.0,,,,,0.0,231485.0,Honored Visionary,
M021,1,25,Motion Design,12,Interaction Mechanics,310884.0,,"Vireo is free, i can't vouch for if it works well or not. I canceled my subscription to ESO a long time ago. I might try it out again when it goes free to play next month.http://www.mtbs3d.com/downloads-section/viewdownload/17/51But Oh, how bitter a thing it is to look into happiness through another man's eyes.",1424326620.0,310877.0,,,,,0.0,665125.0,Protege,
M021,2,25,Motion Design,12,Interaction Mechanics,17354.0,,"And HTC's page for accessories is error 404'd, and no one has base stations in stock. Makes it difficult to go piece meal.",1524035460.0,3138.0,,,,,,21706.0,Verified Members,
M021,3,25,Motion Design,12,Interaction Mechanics,183366.0,,"""cybereality"" wrote:Not sure if the sleep_for() function is any better.Edit:I just re-read your message and realized you probably meant 'any better' in the context of 'any better than millisecond resolution', not 'any better than a spinlock'.  Disregard if that's the case.  I'll investigate when I get home.Original message:Uh, better than this?while (newTime < absTime){for (int j = 0; j < 50; j++)i = 0;newTime = ovr_GetTimeInSeconds();}Yeah, it will be.  I guarantee you that std::this_thread::sleep_for and std::this_thread::sleep_until will not max out the CPU with a busy wait.  Quite the opposite... they will drop the processor usage for the specified thread to 0.  Quothwikipedia:In general, however, spinning is considered an anti-pattern and should be avoided, as processor time that could be used to execute a different task is instead wasted on useless activity.",1400053380.0,183350.0,,,,,0.0,13912.0,Adventurer,
M021,4,25,Motion Design,12,Interaction Mechanics,218481.0,,"I can confirm that AusPost are very lackluster with their tracking updates, especially for short distance parcels.",1407928740.0,217814.0,,,,,0.0,474815.0,Honored Guest,
M021,5,25,Motion Design,12,Interaction Mechanics,42369.0,Vive cosmos elite black screen with image artifacts,"Hi,  i bought vive cosmos elite and 3 days cant get it to work. At first i was getting errors 210 and 200 with no image and red led. i've submitted a bug report(# 20210912121539). today i've installed a beta versionVIVE Software 2.0.18.5and it fixed errors, but HMD shows me a bad picture with more artifacts(like bad pixels in your lcd display). How can i fix it? My graphic card: amd r9 200 series with latest drivers for him",1631510700.0,,,,,,,49008.0,Verified Members,
M021,6,25,Motion Design,12,Interaction Mechanics,535055.0,,"I swear, some people here are so dumb, they put on a headset and it increases their IQ's!",1472873700.0,535020.0,,,,,0.0,543457.0,Heroic Explorer,
M021,7,25,Motion Design,12,Interaction Mechanics,235077.0,,"I love how this thread keeps kicking off every now and then😛Way to keep me on my toes guys!Okay, I will be looking at that Steam link tonight (work block any game related site, no idea why :lol:), until then I am going to go over the recent comments and amend the list accordingly.A side note, sorry for my temporary absence! Life doing what it does best is causing me plentiful distractions🙂",1415032320.0,235050.0,,,,,0.0,263226.0,Honored Guest,
M021,8,25,Motion Design,12,Interaction Mechanics,174155.0,"Proton Pulse rises, again!",http://www.vanguardv.com/Proton/Something to do while waiting for Vanguard Valkyrie to resurface.  8-),1406564040.0,,,,65.0,,0.0,15851.0,Explorer,
M021,9,25,Motion Design,12,Interaction Mechanics,122186.0,,"Great videos, I liked your YouTube videos.Creative Director at CMSi & occasional freelance graphic designerhttp://www.door15studio.com",1368385020.0,122181.0,,,,,0.0,71756.0,Honored Guest,
M021,10,25,Motion Design,12,Interaction Mechanics,131332.0,,"""onefortyfouram"" wrote:I AM FOAMING AT THE MOUTHi want this new build so badi can feel it in my bonesjust take all my money alreadyI can confirm : you want this new version.😉",1405715640.0,131267.0,,,,,0.0,,Not applicable,
M021,11,25,Motion Design,12,Interaction Mechanics,183061.0,,[list=a]Looks great!I see you already added a Mac build!Can't wait for version 2!,1406249160.0,183056.0,,,,,0.0,8977.0,Protege,
M021,12,25,Motion Design,12,Interaction Mechanics,1085543.0,,"Thank you for this, I'm sure we're not the only ones who've noticed the differences between the PCVR & Native versions of this game.",1695503880.0,940767.0,,,,,0.0,1371764.0,Honored Guest,
M021,13,25,Motion Design,12,Interaction Mechanics,472245.0,,eality What the hell all my lines turn the last character of  the last word into a smiley !!!!,1466768100.0,472243.0,,,,,0.0,793629.0,Heroic Explorer,
M021,14,25,Motion Design,12,Interaction Mechanics,89614.0,,"Come on, guys, be patient! Just wait for the FSX version of DCOC!""Sharkku"" wrote:edit: link to forum postviewtopic.php?f=42&t=20563reddit post:http://www.reddit.com/r/oculus/comments... han_yours/DK1 - previously owned
DK2 - 2014-08-26RECEIVED(ordered 2014-04-24)
CV1 - 2016-05-25RECEIVED(ordered on release day)
Touch - 2016-12-07RECEIVED(pre-order with CV1)",1425793140.0,89385.0,,,,,0.0,247108.0,Protege,
M021,15,25,Motion Design,12,Interaction Mechanics,60086.0,,"""sammy212"" wrote:So when is the keynote speech starting? I cant seem to find anything on it, but would love to watch it live.its was an hour or so ago, hopefully they'll be a stream available soon.",1389159000.0,59874.0,,,,,0.0,262120.0,Honored Guest,
M021,16,25,Motion Design,12,Interaction Mechanics,280069.0,Include files in Early Development (help),"Am taking apart code in the OculusSDK as an early part of developing a project.  Am consistently encountering error C1083: Cannot open include file ""<include file>"": No such file or directory"".  This happens when attempting to build code in the SDK as is.  For instance, when building OculusWorldDemo.cpp, the error reads ""Cannot open include file: ""OculusWorldDemo.h"": No such file or directory"".  When an additional include directory is added (in Visual Studio), the error reads a different file, ""Kernel/OVR_Types.h"".  These files are all in place in the SDK.  Am grateful for help that'll deepen my understanding of what's going on.  Any helpful thoughts as to why this may happen?",1434940440.0,,,,0.0,,0.0,8748.0,Honored Guest,
M021,17,25,Motion Design,12,Interaction Mechanics,39766.0,How can I get the content of the six cameras on the vive cosmos?,"Hi! I am a game developer.I just bought one eye pro and one VIVE COSMOS. For VIVE COSMOS, I want to develop a game which is a little like the AR game, I need to see the environment around me. How can I get the content of the six cameras on the headset ? the 'content' means the video stream. since I need to detect the objects around me through the video, it is better to be the RGB video.",1616340360.0,,,,,,,44076.0,Verified Members,
M021,18,25,Motion Design,12,Interaction Mechanics,136522.0,Infestation (St. Louis Game Jam Game),"Hey Everyone.This last weekend was the St. Louis local game jam. An event where you create a game from scratch in 48 hours. As usual, it was a ton of fun, and to anyone that hasn't been to one, try the next global game jam in January. It's a great way to meet new people and to flex your game dev muscles a bit.Anyway, my team decided (since I had one) to do an oculus rift game. To be honest, it's more of a tech demo then anything, but it's still pretty at least. All of the content (3d models, texture, sounds, music, code, everything) was made over the course of the weekend from nothing, so I'm really happy with the end result of what we got. Here are some screenshots during development.infestation_wip_1.jpginfestation_wip_2.jpginfestation_wip_3.jpgAnyway, I thought maybe some of you would like to test out the game with some life size spiders. If you do check it out, and make a video or something let me know. I'm sure the rest of the people on the team would also like to see it.Just a bit of a warning though, don't shoot too many arrows at once, as it lowers the framerate a lot.OH! AND LASTLY!!! (this is kind of important)The game starts in regular mode. You have to enable the rift. To do that, simply load the game, actually start it. Then press escape (or start on an xbox gamepad) then check the box on the rift. I forgot to program in a button to select things when viewing the menu on the rift, so you have to click to turn off the rift. Then just press escape (or start again) to exit the menu. You can also inver the mouse in the menu.OH! AND LASTLY LASTLY!!!!........ I forgot to program a way to exit the game... so you have to use Alt+f4.To my knowledge, we aren't planning on doing anything else with this. I might fix a few of the things, but knowing me... I'll be to lazy. XDAnyway, here's the link:http://calibermengsk.com/games/unity/OculusRift/Infestation.zip**NOTE: Even though this is ""done"" I put it in the work in progress, as it's got some issues that make it incomplete... like not being able to exit. Also, there were story elements, but we barely got anything in on that. So just ignore the voiced sounds as they don't really mean much of anything at this point.Current Project:Virtual Reality Glove project",1379291040.0,,,,1.0,,0.0,3571.0,Explorer,
M021,19,25,Motion Design,12,Interaction Mechanics,90106.0,Whispers Part 1 - Horror game v1.2 updated: 14/03/18,"Hey all.First off, sorry for all the updates latley, new version everyday since i released but i noticed some things i really had to improve fast, now its currently 1.2. And going to keep that hopefully until part 2 comes out.I finally made a small demo for release.Please bare in mind, this is my first game ever created. And only been working with unity and game develop for about 2 months now.But i hope you will test it and give feedback, good or bad i want all feedback!🙂IF i get positive feedback this will happen:- Bigger enviroment- Solutions (Find keys,notes etc...)- Better assets, will spend alot more moneyAnyways you can always find updates on facebook...http://facebook.com/whispersgameAlso have websitehttp://whispersgame.comWorks best with xbox controller.Updated to v1.1 2014/03/16:- Fixed some bugs- Fixed the endingUpdated to v1.2 2014/03/17:- Fixed enviroment- More scaresFixed update on v1.2 2014/03/18:- Find key to open a door- Some other stuffDownload link:http://bit.ly/OzBi82Object: Walk through the sewers, find the sparkly room.Make sure you walk through it all, and explore everything for the best reactions.!If you like my project and want me to keep going and make it better please donate at my website.Screenshots:Whispers Horror game for oculus rift:https://developer.oculusvr.com/forums/viewtopic.php?f=28&t=6842http://whispersgame.com",1394782920.0,,,,17.0,,0.0,357210.0,Honored Guest,
M021,20,25,Motion Design,12,Interaction Mechanics,622702.0,,Chazmeistersaid:Just get it from the Frontier store. As far as I'm aware it still brings up Frontiers launcher whether you play it through Steam or Oculus Home. What you don't get is people being able to see that you are playing the game from their friends list in OH or Steam when just playing it through Frontiers launcher.unless u put it into steam anyways as a non steam game like i do,1500889080.0,622689.0,,,,,0.0,775843.0,Expert Protege,
M021,21,25,Motion Design,12,Interaction Mechanics,219753.0,,"Yep. Stuck on READY here too. Confidence is not highLocation: Western Australia
Ordered: 28 Sep, 2014
ETA: 11 Nov, 2014
ARRIVED: 13 Nov, 2014",1414390440.0,217814.0,,,,,0.0,509739.0,Honored Guest,
M021,22,25,Motion Design,12,Interaction Mechanics,1026189.0,,"I am deeply saddened by the news that EchoVR will be closing its doorson 1st August 2023. The Echo community is huge, established and it will be a great loss to many of us should the game disappear entirely. This is why I write to you today, to show that there is still demand for the game and I hope that you will reconsider your approach to close down the servers for Echo VR on the due date.We do not need much, or for the game to continue to be developed, simply the request to keep the servers open so that we can continue to enjoy and play this game with the friends we have made and the teams we have formed over the years since the game was released.If it is a matter of cost, I am willing to offer, along with many others, monetary contribution to upkeep the servers. A small subscription fee each month should be enough to keep your servers open and I hope you will read and consider this proposal.The community is huge, still growing, and it would be a shame to cut its potential short. There are community members holding tournaments, finding funding for LAN events and all this hard work will be lost the moment you shut down the servers for this game. Some of us play it daily, for exercise, with friends and for mental health and all this will also be lost.There is no good reason to cut the life of the game short just because you are putting resources into another game. I am not asking much of you, simply to honour the community that has dedicated so much of their time, energy and sweat into what I believe to be one of the best e-sports in the VR world today.I hope this message finds the relevant people with power to overturn the decision in August.I would like to stress the importance of Echo VR to our community and I sincerely hope that you / RAD, reconsiders the decision to shut down the serverson the 1st August 2023.",1675291980.0,1025776.0,,,,,1.0,1497705.0,Honored Guest,
M021,23,25,Motion Design,12,Interaction Mechanics,88832.0,,"I get sick pretty easily in the rift. Almost every game has the potential to do it too. Even in seated cockpit type games. Im hoping that the pow persistence function helps with that and ill be able to get stronger vr legs as time goes on.i7 3820
16 gigs of Ram
GTX 780ti",1394751180.0,88828.0,,,,,0.0,231875.0,Expert Protege,
M021,24,25,Motion Design,12,Interaction Mechanics,188061.0,want to meet VR enthousiasts in KOREA,"Hello,I'm a french VR Artist and I'll be in south Korea (most of the time in Seoul) during the month of April. I'm very interested in meeting the Oculus comunity or anyone working with VR in Korea, maybe exchange information about projects, showcase my work somewhere or simply discuss about the future of VR!FYI:- to see my most recent work you can go there:https://developer.oculusvr.com/forums/viewtopic.php?f=28&t=6220- Or visit my website:http://balthazarauxietre.com/See you in the (Korean) game😉곧 한국에서 만나요",1396312200.0,,,,1,,0.0,36598.0,Honored Guest,
M022,1,2,Comfort Issues,5,Cybersickness,219774.0,,I've submitted a ticket to the support team to see if there has been an issue with the orders not progressing past 'Processing' for a week (strange for Aus and NZ all at once). I'll post an update once I have a response🙂,1414410120.0,217814.0,,,,,0.0,807538.0,Honored Guest,
M022,2,2,Comfort Issues,5,Cybersickness,149619.0,,"I don't envy being cybereality, he probably had 7/1 marked on his calendar as d-day. We're gonna give him PTSD lol",1404179460.0,149573.0,,,,,0.0,219046.0,Honored Guest,
M022,3,2,Comfort Issues,5,Cybersickness,962285.0,,"Hey there! First we would like to commend you for being the gateway for these learners to get the proper education that they need! To answer your question, you will be able to connect all the devices under one account, but please be aware that your students will not be able to operate certain apps/games at the same time. With Unity, we advise to reach out to the developers of this development platform, this way they will be able to assist you properly on making Unity accounts.We understand how time consuming setting up these devices, we would like for you to have a one-one-one with our specialist, so they can provide you with detailed information on how to move forward. We're in full support of your work and are very excited about the program you're providing!",1651898820.0,961900.0,,,,,0.0,16864.0,Community Manager,
M022,4,2,Comfort Issues,5,Cybersickness,239350.0,,"I work for a video game publisher (albeit in the marketing department), so you can imagine there's quite a bit of interest in it. I'll probably end up demoing the DK2 for the entire company🙂On the other hand, my girlfriend is pretty certain she'll get motion sick, so her enthusiasm is a bit more... contained.",1410480660.0,239340.0,,,,,0.0,553264.0,Honored Guest,
M022,5,2,Comfort Issues,5,Cybersickness,278466.0,,The main difference is that you no longer get a black screen on Gear VR.,1445398440.0,278465.0,,,,,0.0,413384.0,Oculus Staff,
M022,6,2,Comfort Issues,5,Cybersickness,494014.0,,Congrats onePCVR: CV1 || 4 sensors || TPcast wireless adapter || MamutVR Gun stock V3PSVR: PS4 Pro || Move Controllers || Aim controllerWMR: HP Reverb,1490877480.0,493570.0,,,,,1.0,88546.0,Consultant,
M022,7,2,Comfort Issues,5,Cybersickness,67396.0,,"I don't wanna side with the troll, but I also have little to no interest in optical tracking due to the limitations.The loss of 360 degree rotation pissed me off when I first saw it, not to mention the potential low field of view on any camera they use. I have a dev kit, I'm obviously along for the ride, so let's find a way to fix this problem.What if they used two cameras from the same location, each of them facing 20-45 degrees apart so as to increase field of view for the positional tracking? Somehow we have to enable complete freedom of movement, sitting or standing. Perhaps there can be more dots added in some way to the rear of the users head?There you have it folks, constructive criticism.",1389812160.0,67318.0,,,,,0.0,,Not applicable,
M022,8,2,Comfort Issues,5,Cybersickness,192348.0,,"""aabel"" wrote:It does change the purpose of the product. With the Rift it's up to all developers to find a use for VR, regardless of what Oculus markets it for. Oculus won't stand in the way of people finding new applications for VR, it's super easy to become a developer for the Rift, not so the Morpheus.If it gives you an idea of the level of institutional dysfunction that Sony suffers from, Planetside2 had offical Rift support in forgelight (EQNext used it too) and was being shown back in August of last year. It wasn't available for players but SOE devs were talking about it and showing it.I am sure there will be people who hack the Morpheus and get it working on the PC, just like people hacked together an API for the PSmove on the PC, but just like the PSmove on PC, the Morpheus will be left in the dust in favor of officially supported SDK's.This assumes that the general market buys a VR device for a non-gaming purpose. It also assumes that Sony will reject products of that same purpose.",1399969200.0,192309.0,,,,,0.0,330218.0,Honored Guest,
M022,9,2,Comfort Issues,5,Cybersickness,491953.0,,"Same as above. I'm ex Army, and Onward is something I'm very looking forward to trying out. I've already bought and installed it for the big day. The other big one for me is Dead and Buried.",1480289640.0,491947.0,,,,,0.0,,Not applicable,
M022,10,2,Comfort Issues,5,Cybersickness,722620.0,Unity and Oculus Go: Preview in Editor,"Apologies if this has been answered elsewhere. Have spent some time searching but have not found conclusive answers.Is it possible to preview my scene in the Editor (or on the headset directly) without building and deploying an APK?In other words is there some way to ""play"" my scene, use the controller, and move the camera around? Either using keyboard controls, or using a tethered headset?",1533735540.0,,,,9.0,,1.0,9413.0,Explorer,editor|preview|unity
M022,11,2,Comfort Issues,5,Cybersickness,241226.0,,"""Darcanis"" wrote:Average.jpgSo true... :lol:Excuse my bad english. I speak to you through the google translator.😛",1427821620.0,241222.0,,,,,0.0,652034.0,Trustee,
M022,12,2,Comfort Issues,5,Cybersickness,233436.0,,"Just tried this, the IPD seems off by miles. Only way for me to play it is with one eye closed.",1406779320.0,233409.0,,,,,0.0,693546.0,Honored Guest,
M022,13,2,Comfort Issues,5,Cybersickness,643939.0,,"This is absurd. Apple changes one function to private in High Sierra and instead of fixing it your response is ""There is no support for newer Mac OS releases currently."" Ignoring every Gear VR developer using OS X.Great job Oculus.",1511830440.0,643933.0,,,,,2.0,132860.0,Explorer,
M022,14,2,Comfort Issues,5,Cybersickness,64814.0,,Perfect solution to make a second devkit release not impact sales of a close consumer release is to price the devkit 3 to 4 times higher than the consumer model.,1377047580.0,64789.0,,,,,0.0,8129.0,Explorer,
M022,15,2,Comfort Issues,5,Cybersickness,39112.0,,Here's the result of the program on my system:QuoteUsing OpenCL device: NVIDIA CUDA  GeForce GTX 1050 Ti  OpenCL C 1.2===================  Platform 0  ===================Name:    Intel(R) OpenCL HD GraphicsVendor:  Intel(R) CorporationVersion: OpenCL 2.1Profile: FULL_PROFILE-------------------  Device 0  -------------------Name:                       Intel(R) HD Graphics 630Type:                       GPUVersion:                    OpenCL C 2.0Driver Version:             27.20.100.8681Global Memory:              4.755005 GBLocal Memory:               64.000000 KBExtension:                  cl_khr_byte_addressable_store cl_khr_fp16 cl_khr_global_int32_base_atomics cl_khr_global_int32_extended_atomics cl_khr_icd cl_khr_local_int32_base_atomics cl_khr_local_int32_extended_atomics cl_intel_subgroups cl_intel_required_subgroup_size cl_intel_subgroups_short cl_khr_spir cl_intel_accelerator cl_intel_driver_diagnostics cl_khr_priority_hints cl_khr_throttle_hints cl_khr_create_command_queue cl_intel_subgroups_char cl_intel_subgroups_long cl_khr_il_program cl_khr_fp64 cl_khr_subgroups cl_intel_spirv_device_side_avc_motion_estimation cl_intel_spirv_media_block_io cl_intel_spirv_subgroups cl_khr_spirv_no_integer_wrap_decoration cl_intel_unified_shared_memory_preview cl_khr_mipmap_image cl_khr_mipmap_image_writes cl_intel_planar_yuv cl_intel_packed_yuv cl_intel_motion_estimation cl_intel_device_side_avc_motion_estimation cl_intel_advanced_motion_estimation cl_khr_int64_base_atomics cl_khr_int64_extended_atomics cl_khr_image2d_from_buffer cl_khr_depth_images cl_intel_media_block_io cl_khr_3d_image_writes cl_khr_gl_sharing cl_khr_gl_depth_images cl_khr_gl_event cl_khr_gl_msaa_sharing cl_intel_dx9_media_sharing cl_khr_dx9_media_sharing cl_khr_d3d10_sharing cl_khr_d3d11_sharing cl_intel_d3d11_nv12_media_sharing cl_intel_unified_sharing cl_intel_simultaneous_sharingMax Compute Units:          24Max Clock Frequency:        1100===================  Platform 1  ===================Name:    NVIDIA CUDAVendor:  NVIDIA CorporationVersion: OpenCL 1.2 CUDA 11.2.109Profile: FULL_PROFILE-------------------  Device 0  -------------------Name:                       GeForce GTX 1050 TiType:                       GPUVersion:                    OpenCL C 1.2Driver Version:             461.09Global Memory:              4.000000 GBLocal Memory:               48.000000 KBExtension:                  cl_khr_global_int32_base_atomics cl_khr_global_int32_extended_atomics cl_khr_local_int32_base_atomics cl_khr_local_int32_extended_atomics cl_khr_fp64 cl_khr_byte_addressable_store cl_khr_icd cl_khr_gl_sharing cl_nv_compiler_options cl_nv_device_attribute_query cl_nv_pragma_unroll cl_nv_d3d10_sharing cl_khr_d3d10_sharing cl_nv_d3d11_sharing cl_nv_copy_opts cl_nv_create_buffer cl_khr_int64_base_atomics cl_khr_int64_extended_atomics cl_khr_device_uuidMax Compute Units:          6Max Clock Frequency:        1620NVIDIA Compute Capability:  6.1,1611273300.0,39105.0,,,,,,40757.0,Verified Members,
M022,16,2,Comfort Issues,5,Cybersickness,168482.0,,"Hi everyone, I also managed to get it working with the RtVR guide; what I have to report though, is that my judder/smoothness vastly improved by doing the following (on Windows 7):go on Control Panel -> Performance Information and Tools -> Adjust Visual Effects e untick ""Enable desktop composition"".Made a world of difference to me. Is this a known trick?DK2andGear VRowner.",1408129080.0,168392.0,,,,,0.0,293695.0,Honored Guest,
M022,17,2,Comfort Issues,5,Cybersickness,180028.0,,"Date: Mar 19, 2014 01:46 PM PDTStatus:Processing:country: PolandIs it still first batch ? or we waiting for second now?",1406211360.0,179830.0,,,,,0.0,486582.0,Honored Guest,
M022,18,2,Comfort Issues,5,Cybersickness,406677.0,,I vote for this future as well. We use Rift for a video player not requesting joypad control and starting the joypad + pressing the A is so annoying ....,1460435340.0,406676.0,,,,,0.0,,Not applicable,
M022,19,2,Comfort Issues,5,Cybersickness,22457.0,,I'm talking about the first generation.  I have the grey logo tracker.,1542297300.0,4690.0,,,,,,23198.0,Verified Members,
M022,20,2,Comfort Issues,5,Cybersickness,1104470.0,Does Meta's Multiplayer services only provide invite multiplayer or is it more similar to steamworks,"I am working on a peer-to-peer vr game and looking into multiple options for multiplayer. I know Steam has steamworks, which acts as multiplayer servers for Steam-only games. I was looking into various OnlineSubsystems (I am on unreal engine) and I found meta/facebook supposedly has one. It is hard to find documentation so I wanted to ask if the multiplayer services can be used for general multiplayer with strangers, rather than friended or party users.edit: wrong category, sorry",1700012100.0,,,,0.0,,0.0,500181.0,Honored Guest,
M022,21,2,Comfort Issues,5,Cybersickness,117527.0,,"""drach"" wrote:""Kirito"" wrote:visting paradise? that would be disrespectful, only god knows how it looks, we humans cant ""create"" how paradise will look like. same with the apocalypse.I did not know that. So is it disrespectful when movies and paintings depict paradise or the apocalypse too? And I remember paradise as having a detailed description in the bible too but I could be wrong. I hope you are not trolling btw.trust me im not trolling and it is disrespectful because we cant even begin to image how paradise will look like, if you are truly religious then you will know that.",1372393320.0,117379.0,,,,,0.0,2748.0,Honored Guest,
M022,22,2,Comfort Issues,5,Cybersickness,210263.0,,"I think there is a bit of a misunderstanding between a game's FPS and a monitors Hz.The screen will update at 75Hz, regardless of whether the game has generated a few frame or not. The display does not wait for your game, it's actually the other way around, if you use VSync (which you should). The graphics card will time the new frames it generates with the display's refresh rate to eliminate tearing.So if your computer can do 100fps but the display can only do 60, the computer will throttle the frame rate down and match the frames with the updates of the display. So your game will only run at 60fps and will be nicely matched on your display.On the flip side, if you computer can only do 40fps and the fresh rate of the display is 60Hz, Your display will repeat the same generated frame to output the 60Hz, but will only be getting updated frames at the computers limit of 40fps.Just as your screen doesn't flicker when it drops to even 1fps in games now, it will not start to flicker in the Rift either.The higher Hz on the display is only a good thing. It will have no negative impact on games which already run at an acceptable frame rate on the lower Hz displays.What you really need to worry about is the increase in resolution. Going from 1280x800 to 1920x1080 is almost exactly double the pixels which your graphics card needs to render. If you aren't seeing 60fps on the Rift now at 1280x800, you are going to really struggle at 1920x1080.Scott VandonkelaarZero Latency - Inversion VR",1396861380.0,210256.0,,,,,0.0,2840.0,Honored Guest,
M022,23,2,Comfort Issues,5,Cybersickness,1164093.0,,I ran into this same issue importing the Avatars SDK. I had to step back to Avatar SDK 24.0.0 and that did work for importing. I suspect that there is something wrong with the latest version installer. Here's the link to download the previous version.https://npm.developer.oculus.com/-/web/detail/com.meta.xr.sdk.avatars/v/24.0.0View solution in original post,1709618400.0,1162696.0,,,,,1.0,1326978.0,Explorer,
M022,24,2,Comfort Issues,5,Cybersickness,250645.0,,"""ThreeDeeVision"" wrote:No, I am talking about right now.  I have the option to opt into a Windows 10 update right now on my Windows 7 64-bit pro.  I would do it if I knew it wouldn't break all my games and Oculus demos.I went ahead and opted in.  It doesn't install Windows 10.  When Windows 10 is ready and becomes available to download, it sets it up so that it will automatically download the Windows 10 update and notify you it's ready to go.  Then you can choose when you want to perform the update.",1434025380.0,250639.0,,,,,0.0,454755.0,Protege,
M023,1,29,Physical Reactions,5,Cybersickness,293458.0,,"""DaftnDirect"" wrote:The Law seems to me to be emphasising the problems of government taking what belongs to the individual and giving it to others to the detriment of the individual.Absolutely, but never forget the basis from which he derived that: that the government has no more right or authority than any individual has. No one, be they criminally minded or not, an agent of any government or not, or an agent of any corporation or not, has any right to collect my data without my explicit consent.** In order to have a just society a government is empowered to collect data on an *individual* who is suspected of a crime, without their consent, by a warrant that is subject to judicial authorization and review. That is the basis of the forth amendment to the u.s. constitution.In all other cases, the collection of an individual's data without their consent is a violation of their right to privacy.I know some would argue that companies have the implicit consent of the users of their software or service, but that is simply bs. If an individual has not been asked directly for their consent, then they haven't given it. The hiding of a company's request or declaration of collecting an individual's data within a ""license agreement"" or ""privacy policy"" is nothing short of criminally minded behavior.",1446964560.0,293361.0,,,,,0.0,1088433.0,Honored Guest,
M023,2,29,Physical Reactions,5,Cybersickness,117941.0,,"hah yep, they are uggs, and yes there is constant cable issues, but i've learnt how to rotate out of a tricky cable situation and have built in a motor reflex action of untangling myself without interrupting gameplay too much. The point of this is to get as immersed as possible, no matter what! I hold my breath when i'm in underwater sections too.",1375982280.0,117938.0,,,,,0.0,,Not applicable,
M023,3,29,Physical Reactions,5,Cybersickness,158250.0,,"""KingK76"" wrote:Holy crap nuggets!  I'm a happy boy.  So I was quite upset last Friday when Oculus had made in error in not realising that my order had already been paid in full. So i was quite happy when the issue was resolved over the weekend.  I am now even more happy to have just seen my shipping notice and it would seem Oculus have expedited my shipment so i will now receive my Rift today. I live in Canada end they sent my rift next day air shipment via Fed-Ex, it went out yesterday wednesday the 20th of August and will arrive at my house today the 21st of August before 5 p.m.. Let's just say that as much as i was upset last week i am more then satisfied with how the situation has turned out in the end. Good job Oculus, I'm a very happy customer.😄Also keep in mind that they aren't making any money off of these dev kits. They are sold at cost, and in some cases are losing money with each one sold.😉So it's very cool of them to have gone the extra yard to correct the mistakes made in your ordering process.🙂",1408583640.0,157066.0,,,,,0.0,296656.0,Explorer,
M023,4,29,Physical Reactions,5,Cybersickness,397918.0,,If Star Citizen does eventually come with CV1 support I'm hoping CIG figures out a way to implement SLI for maximum performance. Can only hope Chris Roberts and his team are among the first to crack VR muti-graphic card support with DX12.,1459454760.0,397915.0,,,,,0.0,753439.0,Expert Protege,
M023,5,29,Physical Reactions,5,Cybersickness,788113.0,Our First Fully Remote 360 Video Location-Based Group Telepresence Event Is Happening Tomorrow,"This was originally posted on the Oculus Go discussion group but figured it could be very relevant here as well!🙂Tomorrow we are hosting the first fully remote location-based group telepresence event of it's kind on any VR headset ever. This is a huge moment for the VR industry, as it brings a whole new level of immersion and interaction by merging the real world with the multiuser social vr world.We have a large wellness retreat happening tomorrow in our application, in partnership with the city of Vancouver, Daily Hive and EWS Events.vancouvervirtualwellnessretreat.com/ewseventsAnyone can download Hoppin' for free on their Oculus Go and join the channel ""vvwr20"" to participate together in the event. Website is hoppin.world or you can find on the Oculus Go store.I would love any feedback you can give on the platform and the event. We are still in Beta but are onboarding new studios and content weekly.If you have any other questions/comments don't hesitate!",1591215480.0,,,,2.0,,0.0,1039494.0,Not applicable,360video|historical|hoppin|oculusgo|socialvr
M023,6,29,Physical Reactions,5,Cybersickness,289619.0,,"I am sorry if I am hijacking your thread OP, but I've been having some questions about the Oculus CV1 release, and I was wondering if these are already answered of if they can be provided with an answer.I've read numerous reports and experiences, where people recommend a minimum of 75 frame per second to experience the Oculus DK2 optimally. I've always linked this to the 75Hz refresh rate, but I am wondering if that assessment is true. I've also read a few interviews where it was explained the CV would have a refresh rate of 90Hz. Does that mean that for CV the target fps is 90? Or am I mixing things up?Put short, what is the optimal fps people should target to optimally utilise the power of the Oculus CV? I am currently, well above the recommended specs of the CV. Regardless, could anyone shed some light on this?",1435464780.0,289607.0,,,,,0.0,,Not applicable,
M023,7,29,Physical Reactions,5,Cybersickness,163989.0,,"""vurt"" wrote:Also charged, can't wait😄When and where, mate?i7 3820
16 gigs of Ram
GTX 780ti",1406122020.0,163847.0,,,,,0.0,231875.0,Expert Protege,
M023,8,29,Physical Reactions,5,Cybersickness,520418.0,,"Hi,I measured the latency in the DK1 and DK2 using method described by Jacobs et al.In principle I ran a very slim OpenGL 4 application which just displayed a full screen quad alternating between full white and full black. Then I recorded the timing values from when the the command is sent until the corresponding change could be recorded by the screen. Note that the Oculus units were used as pure screens, i.e. no lens distortion shaders. For DK2 this means running the unit in extended mode. The values I got were as below (in milliseconds):Oculus Rift DK1 + Vsync Off Min: 16.8 Max: 60.0 Avg: 37.6Oculus Rift DK1 + Vsync On Min: 34.0 Max: 79.1 Avg: 48.1Oculus Rift DK2 + Vsync Off Min: 17.0 Max: 65.0 Avg: 39.6Oculus Rift DK2 + Vsync On Min: 24.0 Max: 70.1 Avg: 43.6I do not have any measurements for running with DirectMode.(Jacobs, M. C., Livingston, M. A., & State, A. (1997). Managinglatency in complex augmented reality systems. In A. van Dam (Ed.),Proceedings of the 1997 symposium on Interactive 3D graphics.ACM Press. doi:10.1145/253284.253306)My experience is the same as yours. A full AR solution ending up around 80-100 ms in total latency.",1469650140.0,520417.0,,,,,0.0,9513.0,Protege,
M023,9,29,Physical Reactions,5,Cybersickness,285849.0,,"""sarthakgupta"" wrote:Hi Vizionvr, wasn't well today and hence was away from the internet. Am trying to get it fixed but still cannot do so, I would like to report one thing I have noticed though. As I had already mentioned I am nearsighted with 4 and 4.25 in left and right eye respectively - the focus is somewhat better if I omit the contacts I am wearing and using the A lenses and rather use the B lenses without any contacts.Would like to know people with similar scenario - is it better for you with contacts or without them?There you are.Read through the thread that I linked to in my previous post. It might be of assistance.Not a Rift fanboi. Not a Vive fanboi. I'm a VR fanboi. Get it straight.",1435293360.0,285842.0,,,,,0.0,806276.0,Rising Star,
M023,10,29,Physical Reactions,5,Cybersickness,103429.0,,"""perry"" wrote:Just placed my pre-order.. EL-0141XXX...I held off on dk1 and am really excited about dk2.  One question... will the new rift have a carrying case similar to what DK1 had?  I didn't see it listed in accessories.I read that it most likely won't have the case. They said that they priced the DK2 as competitively as they could, so the case may have been one thing too many.i7 3820
16 gigs of Ram
GTX 780ti",1395195660.0,103334.0,,,,,0.0,231875.0,Expert Protege,
M023,11,29,Physical Reactions,5,Cybersickness,824731.0,,"I use it with an old Synology 4-bay NAS (410j), and locally stored movies on the headset. I have all my blurays including box sets ripped to the NAS. Pretty much all my stuff is H.264 1080p nd 10,000 kbps and 640 kbps 5.1 AC3. I find my NAS can just about cope with supplying 2 movies to 2 devices simultaneously with these files, not sure how much more it could do. Skybox plays pretty much any movie I throw at it with zero stutter and nice simple interface.13700K, RTX 4070 Ti, Asus ROG Strix Z790-A Gaming, Corsair H150i Capellix, 64GB Corsair Vengence DDR5, Corsair 5000D Airflow, 4TB Samsung 870 , 2TB Samsung 990 Pro x 2, DK2, CV1, Rift-S, Quest, 2, 3, Pro",1600631760.0,824702.0,,,,,1.0,13.0,MVP,
M023,12,29,Physical Reactions,5,Cybersickness,211850.0,,"""Twitchmonkey"" wrote:I don't think we can think about the emergence of VR tech now the way we thought about it up to this point. Has anyone come up with a viable means to simulate smell, taste, and touch in a VR environment?Taste:http://www.fastcompany.com/3024198/reverse-engineered/this-new-tech-brings-virtual-reality-to-taste-...Smell:Seems to be the hardest to recreate atm? Seems like it would be no different than taste buds.. apply a little power and that should cause your nose to pick up nose smells.Touch:Haptics are popping up left and right it seems from touching to feeling.All of em:http://curiousmatic.com/5-amazing-upcoming-virtual-reality-technologies-one-senses/",1403247240.0,211833.0,,,,,0.0,,Not applicable,
M023,13,29,Physical Reactions,5,Cybersickness,40885.0,,"On 3/27/2019 at 12:36 AM, VR Laboratory said:Thank you, I will wait for more detailed advice on setting up.To us two more base stations arrived, in the amount of 10 pieces.In my experiments I want to achieve high-quality tracking for the game for 4 players.Hi - did you mange to solve your issues? would you maybe be interested in sharing some of your experiences?I am about to do a test with about 10 light houses and 8 vive trackers in a 20x20m space (no hmds). I still have not done any testing with more than 4 lighthouses at the same time. On the steam developer forum I have read that one should try to avoid more than three lighthouses overlapping the same spot. Can you confirm that?",1623628800.0,5418.0,,,,,,23281.0,Verified Members,
M023,14,29,Physical Reactions,5,Cybersickness,171378.0,,"Hey gang!I'm the new Community Manager here in the AlterVerse, and I wanted to make sure that you all saw our new video showcasing some shiny gameplay footage.Check it out and let us know what you think.",1426645140.0,171371.0,,,,,0.0,868108.0,Honored Guest,
M023,15,29,Physical Reactions,5,Cybersickness,77081.0,,"Very VERY nice Sky!  Just got my rift last week and this is my new favorite demo.  If you need additional work from an experienced sound guy / composer let me know!  Ive worked on all sorts of games accross many platforms and have recently scored another space sim called Evochron Mercenary, the official Shadowgate remake, and a tactical shooter called Takedown.  My soundtracks to EM and Shadowgate can be found via bandcamp and itunes.  Check out my webpage for tons of music / sound samples:http://www.richdouglas.netMy bandcamp store:http://richdouglasmusic.bandcamp.com/Once again, slick work, would love to work with you on this.Rich",1373142420.0,77063.0,,,,,0.0,164758.0,Honored Guest,
M023,16,29,Physical Reactions,5,Cybersickness,188564.0,,"The point I was trying to make was more along the lines of: Everybody is complaining and will always be complaining. Everybody believes to have a good case and the best reason why OR should ship their particular unit right now.Your best bet at this point is to relax. Whether you're a dev or an enthusiast, you likely have other things to efficiently spend time on - possibly in preparation for the DK2. Is it unfair that different regions get their deliveries at different times? Sure, but such is the way of the world. Oculus certainly has no interest in sending shipments out unevenly just to spite people - it's safe to assume that there are other factors at play here, not all of which can be in any way influenced by Oculus. Does that mean you should just sit quietly and twiddle your thumbs? Not necessarily, but entitled indignation and blind guessing as to why your delivery has not been shipped yet, or envy towards other people who have received their shipment (""But US is already nearing end of July..."") is not helping. There are better and more worthwhile debates to participate in, or at least calmer ways to express dissatisfaction.",1411490940.0,188121.0,,,,,0.0,553264.0,Honored Guest,
M023,17,29,Physical Reactions,5,Cybersickness,346376.0,,Thanks for taking time to post your review.  Did you get a chance to try any of the motion controls like Touch or did you only use a standard controller?http://www.VRuserforum.comHover Junkers Giveaway.http://vruserforum.com/threads/hover-ju ... /#post-608,1452401940.0,346375.0,,,,,0.0,1307317.0,Protege,
M023,18,29,Physical Reactions,5,Cybersickness,702706.0,,"Hey alxis04, if youdisabled all your antivirus software and you're still getting thismessage, please collect your Oculus diagnostics logs using the stepsinhttps://support.oculus.com/172672339980954/and contact support athttps://support.oculus.comso we can help you. Thanks! -RickIf you're the author of a thread, remember to mark a reply as the Accepted Solution to help others find answers!",1551659100.0,702705.0,,,,,0.0,16864.0,Community Manager,
M023,19,29,Physical Reactions,5,Cybersickness,425691.0,,DK1/2 and CV1 use different shops. You'll have to go here for the CV1https://shop.oculus.com/en-us/history/,1452202080.0,425690.0,,,,,0.0,466062.0,Protege,
M023,20,29,Physical Reactions,5,Cybersickness,223481.0,,Very nice ! Can't wait to try the final version🙂!Rift 3d models available here :viewtopic.php?t=1514,1403647440.0,223476.0,,,,,0.0,30359.0,Explorer,
M023,21,29,Physical Reactions,5,Cybersickness,163058.0,,"Yeah I was 4 minutes into the second hour because I was waiting for Cyber to give the all clear. Not worried or stressed though. It will come when it comes. Besides my blender tutorials are going slowly. My 3D skills need improving before I can make what I want to.Michael Tenery, Software, RPG and Game Developer.Imagine Role Playing:http://www.role-playing.com",1406169000.0,162969.0,,,,,0.0,131463.0,Honored Guest,
M023,22,29,Physical Reactions,5,Cybersickness,123741.0,,"I don't need your worldI make my ownMy reply to the tired argument of ""escapism"".",1392407940.0,123671.0,,,,,0.0,269884.0,Explorer,
M023,23,29,Physical Reactions,5,Cybersickness,302120.0,,"Yes, I realize LastPass is still broken on the login page and I will ping the team again to see if this can be solved.AMD Ryzen 7 1800X | MSI X370 Titanium | G.Skill 16GB DDR4 3200 | EVGA SuperNOVA 1000 | Corsair Hydro H110i
Gigabyte RX Vega 64 x2 | Samsung 960 Evo M.2 500GB | Seagate FireCuda SSHD 2TB | Phanteks ENTHOO EVOLV",1432866540.0,302118.0,,,,,0.0,3173.0,Grand Champion,
M023,24,29,Physical Reactions,5,Cybersickness,309681.0,,"Video splitters won't work with the DK2 due to the 1080x1920 output display (90 degrees orientation)Your best bet is to use OBS and capture the rifts display, maximize it on the main display. Works a treat, you can find plenty of best practice details on how to achieve this on Reddit and here somewhere in the forums.I7-4790K - GTX980ti - 32GB - PB287Q - G502 - A50 - GAMEZ4RO - G19s - E17k - Xonar7.1 - Xenyx502 - AT2050 - H105 - T300RS - XBox1Elite - X55- 4K/DK2/CV1/VIVE",1430368800.0,309679.0,,,,,0.0,642984.0,Protege,
M024,1,27,Network connect,18,Streaming and Mapping,168524.0,,"""firstdayreviews"" wrote:Nope says ""PLAY IN VR"" but still have no option to enable VR mode, try all the launcher (-vr -Console) Im in every beta that steam has to offer, ive tried extended, direct, primary secondary, disable OVR enable OVR....No ideaIf it says play in VR then it is working, go to the menu -Which is 2D- start a new game -2D cutscene- and then spawn on the train -2D for about 10 seconds- and then it flashes and you are in full 3D ^^",1408638780.0,168392.0,,,,,0.0,263226.0,Honored Guest,
M024,2,27,Network connect,18,Streaming and Mapping,158725.0,,"Status: ReadyOrdered May 25th, DenmarkBeen living in the real world for too long, it's time for a change..",1409199360.0,157066.0,,,,,0.0,140445.0,Honored Guest,
M024,3,27,Network connect,18,Streaming and Mapping,87264.0,,"""UlteriorMotif"" wrote:What kind of problems?Did you try F11?Thank you! This did the trick. Beautiful demo!",1377850860.0,87253.0,,,,,0.0,46931.0,Honored Guest,
M024,4,27,Network connect,18,Streaming and Mapping,276472.0,Merry Christmas and Happy New Year,"My dear friends, I am wishing you Merry Christmas and Happy New Year!Do you remember yourself as a child? The magical time, when everything around you seemed grand and fascinating? The long awaited moments of fairy tales and dreams coming to life on Christmas Eve?Let the arrow of time reverse itself on this Christmas Eve for you to, once again, set out on a wondrous journey to the magical world of your childhood.I will grant you this opportunity the moment you click this link.http://molodin.org/christmas/Oculus.zip(Oculus Rift DK2 edition)And do remember, by donating (http://molodin.org/christmas/Web.html) you will be sharing a piece of magic with the children in need as it will help me to create a joyful and memorable celebration for them! Ho-ho-ho",1419358140.0,,,,0.0,,0.0,819824.0,Honored Guest,
M024,5,27,Network connect,18,Streaming and Mapping,121195.0,,"For some reason I can get Iracing to go into rift more (it asks whne a track is launched) and while I have the double distortion, I do not have any head tracking?  Any ideas?Thanks in advance!Edit - I simply unplugged the rift USB and replugged it in - everything is working now!  Thanks!",1377140040.0,121188.0,,,,,0.0,13306.0,Explorer,
M024,6,27,Network connect,18,Streaming and Mapping,631357.0,,Echo Arena Looks Awesome! Fooled around with the tutorial! Lets have fun guys! twitch.tv/fishing_24_7,1498178460.0,631348.0,,,,,1.0,330971.0,Explorer,
M024,7,27,Network connect,18,Streaming and Mapping,442002.0,,"when i tried running AC via Virtual Desktop, it was fine until i got to the end of a race and went back to the menus,at which point the rift's screens went blank and VD was nowhere to be seen.  I must have done something wrong i guess.",1470360000.0,441991.0,,,,,0.0,1209474.0,Superstar,
M024,8,27,Network connect,18,Streaming and Mapping,463183.0,,Gonna jump online in about 20 minutes. Before hitting the Quick Game option I will hang out in the lobby looking out for game invite requests.,1482665280.0,463170.0,,,,,0.0,44870.0,MVP,
M024,9,27,Network connect,18,Streaming and Mapping,27562.0,,"I'm glad you were able to confirm we're not crazy. Thanks for the effort.On a seemingly unrelated note, app was made with unity with LWRP, and we noticed that unity's cubemap skybox was very slow. When we replaced it with our own skybox (nothing special, just regular skybox shader) we got a big boost in performance. Probably not related but just mentioning it if something comes to mind to you guys.",1566347280.0,27403.0,,,,,,24373.0,Verified Members,
M024,10,27,Network connect,18,Streaming and Mapping,76548.0,,"ok kids, pop on your headsets, we're going to study the d-day landings.things like that will be cool and teach a lot. Although kids are kids and the response will be:hey mike, lets watch a 360 movie instead",1389978180.0,76545.0,,,,,0.0,262120.0,Honored Guest,
M024,11,27,Network connect,18,Streaming and Mapping,125504.0,,"Not near sighted at all.I was using the B cups just because of the bigger sweet spot, but then switched back to the A cups as I think the limited FOV was adding dizziness and eye strain, like looking through rolls of toilet paper (less reference points when looking around). I still have a hard time sometimes getting the sweet spot right on both eyes, probably because one of my eyes is slightly lower than the other.http://www.virtualreality.cl",1374194400.0,125502.0,,,,,0.0,101691.0,Explorer,
M024,12,27,Network connect,18,Streaming and Mapping,48097.0,Vive Wireless WiGig Card Damaged,"So the vive wireless adapter has three main parts. The wireless link box, the WiGig card, and the wireless transceiver that connects to the WiGig card via coaxial. The transceiver connects to a coaxial cable on the card that then connects to some chip under the heatsink. Well, I was moving my computer the other day and I discovered that the wire that connects the female coaxial cable to the chip in the card got yanked out of the card.I removed the heatsink to investigate, and it appears there was a specific slot it was soldered in to that it got yanked out of. The card itself is not damaged other than that, the light still turns on.Any ideas? I've seen some people get repairs, but I also have tools to repair myself if possible. Alternatively, is there a way to get a replacement card? Any help is appreciated.",1652943540.0,,,,,,,55096.0,Verified Members,
M024,13,27,Network connect,18,Streaming and Mapping,678086.0,,"It appears that while it isn't populated by Start(), it will be populated if you wait a few seconds. Strange.",1532420220.0,678084.0,,,,,0.0,390647.0,Heroic Explorer,
M024,14,27,Network connect,18,Streaming and Mapping,47553.0,,This is really awesome! I watched the small clip of Tron Legacy 3D someone supplied earlier and the depth and detail were better than watching it in the cinema!I agree with a few of the previous comments with regards to the lighting. It should be adjustable via controls so you should be able to dim the lighting even further.Please help getPositronon Steam:http://steamcommunity.com/sharedfiles/filedetails/?id=93056424. Thanks!,1369889820.0,47513.0,,,,,0.0,8978.0,Honored Guest,
M024,15,27,Network connect,18,Streaming and Mapping,196977.0,,"Do you really think that when you produce a ""new"" type of technology and mass produce it, you can leave every single customer (in certain countries) struggle with customs just because technically it is not your problem? Do you think that is a sound business model?More sound than you might imagine.  As stated when you get into dealing with less than straight forward countries your risks and cost skyrocket.  Even if the company doesn't have a global strategist any seasoned operations or marketing manager is going to focus on countries where they can get more bang for their buck, in your part of the world I would put India, China, Korea above Vietnam. The goal being once you get buy-in, especially in China then Vietnam will follow suit.",1406671080.0,196969.0,,,,,0.0,225842.0,Honored Guest,
M024,16,27,Network connect,18,Streaming and Mapping,149300.0,,"""kaetemi"" wrote:""ziphnor"" wrote:kind of reminds me of ""Objects in mirror are closer than they appear"" warning which is not used in Europe eitherThat sounds like a really strange mirror.you'll know when you're allowed to drive.ps:convex mirrors:http://en.wikipedia.org/wiki/Objects_in_mirror_are_closer_than_they_appear",1408322100.0,149201.0,,,,,0.0,258791.0,Honored Guest,
M024,17,27,Network connect,18,Streaming and Mapping,787994.0,,"It took me months to get through Lone Echo (admitted, I didn't play every day and often no more than 45 - 60 minutes), and I took my time and checked out nearly everything - Lone Echo should be about 8 hours. I'm not much worried about the 6 hours estimated playtime in Stormland. Especially not with the open-world and exploration approach - extremely serial games like Doom VFR would be different to me.Oculus Rift CV1, Valve Index & PSVR2, Asus Strix OC RTX™ 3090, i9-10900K (5.3Ghz), 32GB 3200MHz, 16TB SSD""Ask not what VR can do for you, but what you can do for VR""",1573654500.0,787973.0,,,,,0.0,928593.0,Grand Champion,
M024,18,27,Network connect,18,Streaming and Mapping,1048187.0,System Keyboard issues when trying to return focus to Unity app,"I have recently encountered an issue that was not previously happening.When I select a TMP Input Field the Oculus Keyboard appears as desired. However, there are two issues I encounter when attempting to return to my app:1. When I click the enter button, the keyboard close sound plays but the keyboard does not hide and focus does not returned to app2. If I click outside of the keyboard, the keyboard closes and focus resumes in the app, however the state is not correct because if I click on the TMP input field again, the Oculus Keyboard does not appear until I clicktwice.I was not seeing this issue previously, and I am not sure what change introduced this behavior. I have upgraded the Oculus and XR plugins, as well as updating to Unity 2022.2.16, none of which fixed the issue. Has anyone else seen this behavior?I am running Unity 2022.2.16XR Plugin Management 4.3.3XR Legacy Input Helpers 2.1.10Open XR Plugin 1.7.0Oculus XR Plugin 3.3.0Thanks,",1683671100.0,,,,4.0,,3.0,1068754.0,Protege,
M024,19,27,Network connect,18,Streaming and Mapping,130809.0,,"""cybereality"" wrote:Barbie Horse Adventures.No, jk!😉I'm gunning for Shadowun Online.Are you one of those Brony people? lolClick, like & follow development.https://www.facebook.com/Guile3d",1374502500.0,130770.0,,,,,0.0,3661.0,Honored Guest,
M024,20,27,Network connect,18,Streaming and Mapping,49862.0,Hands following head movement,"Hi,I'm currently using this SDK on Unity with my Vive Pro 2 for my master thesis. The gesture detection works quite well, but I noticed that when I'm moving my head with my hands staying still, the hands seems to follow a bit the head movement and then going back to their original position.Is there parameters to play with or something to reduce this effect ?Thanks,Aio.",1667362260.0,,,,,,,57559.0,Verified Members,
M024,21,27,Network connect,18,Streaming and Mapping,116124.0,,"""nellus"" wrote:sorry for my bad mood, I'm on antibiotics.  :lol:You get a pass!  :lol:-: MorbidDonkey :-===================================
LOGISTICS - Oculus Prototype 1",1368179040.0,116111.0,,,,,0.0,14017.0,Heroic Explorer,
M024,22,27,Network connect,18,Streaming and Mapping,452586.0,,You pull the pin out with a button on the controler.,1482287040.0,452581.0,,,,,1.0,,Not applicable,
M024,23,27,Network connect,18,Streaming and Mapping,379442.0,,"So I did try the 'default settings'-workaround, but it wouldn't improve the judder / ghosting-problem...Sometimes the scene does run totally smooth for like 5 seconds, then 'lag' again... Even though it does play at 70-76 FPS...What a bummer...😞",1462760280.0,379435.0,,,,,0.0,,Not applicable,
M024,24,27,Network connect,18,Streaming and Mapping,305096.0,,"""Funkman"" wrote:...How can you not put together a gaming PC for $1000 US, or $1,250 US that will include a GTX980 and reasonable other components?Its really not going to be such a big deal.I knew this sensible post would be hijacked and descend into a ""...its not that big a deal..."" PC price posting session.Look this is straight from the horses mouth:[–]palmerluckeyFounder, Oculus VR 321 points 9 days ago*I am hijacking your post for visibility, apologies.There is a lot of incorrect information in this article - Max is a new hire, and he was definitely off on many things. While he is a technical director at Story Studio, he is not directly involved with Rift, nor is he an expert on many of the associated technologies like tracking or low-persistence. I can't clarify with concrete info on a lot of these yet, but suffice to say that May is no special month for the Rift, nor do we have price locked down for CV1.As a more concrete example, we run everything (including internal prototypes) off a regular Falcon Northwest Tiki with a regular GTX 980, which is our preferred rig for shows as well. They cost ~$2,000, not $10,000, and are one of the smallest gaming PCs you can buy.That buying as a company quantity PC's for demonstration purposes, not an individual going into Fries!So an would you like to tell us again about no need for this hardware? or your sub $1k PC that will run your CV1?PS. 2,000.00 USD 	= 	2,605.38 AUD (minus sound card, keyboard, mouse, cables or monitor)https://vrawards.aixr.org/
""The Out-of-Home Immersive Entertainment Frontier: Expanding Interactive Boundaries in Leisure Facilities""https://www.amazon.co.uk/Out-Home-Immersive-Entertainment-Frontier/dp/1472426959",1423685280.0,305068.0,,,,,0.0,231485.0,Honored Visionary,
M025,1,27,Network connect,15,Server Management,172865.0,,"""drash"" wrote:""TimVR"" wrote:Works with DK1 and DK2That's awesome!  Does it work with DK2 purely by using SDK 0.3.2, or did you have to do anything else?   And what do you mean by ""work"" -- same behavior as DK1 re: neck model and nothing broken?It worked by using SDK 0.3.1 preview. The newer version does not include positional tracking as they stated in the release notes:"" ... The API presented is subject to change, and some new features (most notably DK2 position tracking support) are not included in this version... ""So yes, same behaviour: neck model, rotational and positional tracking. The only thing that was a little off was the deformation in the rendering, but noting very significant. Joe Chen and I also noticed a strange black smudge when moving your head behind objects that stand off from their background color (e.g. Dark object against white background).Drash, If you need help in any sort please do contact me. Developers should help each other, right?😉",1401119940.0,172834.0,,,,,0.0,,Not applicable,
M025,2,27,Network connect,15,Server Management,165853.0,,"""mrcrisp"" wrote:So many people acting like children.So you can't get status of your order- so? You couldn't 4 days ago, you couldn't a month ago- nothing has changed until you know your order is shipped, so be patient.Yes you could get the status of your order. Customer services told me that mine was scheduled for July. Emailed them after ordering on march 30th and was told July. Emailed them 3 weeks ago and was told still scheduled to be July.I might take up praying and hopefully mine will arrive in July like I was told.",1404338220.0,165490.0,,,,,0.0,165778.0,Honored Visionary,
M025,3,27,Network connect,15,Server Management,815079.0,,[UPDATE] I was able to fix this by removing the androidmanifest.xml and recreate it through the Oculus menu in Unity,1577270640.0,815078.0,,,,,0.0,,Not applicable,
M025,4,27,Network connect,15,Server Management,21913.0,,"Finally found the problem on another steam post.. so if anyone else ever has this have them checkCitrix Workspace,  that was the problem for me I un-installed it and everything is working again.Thanks",1540386960.0,4547.0,,,,,,255.0,Members,
M025,5,27,Network connect,15,Server Management,542156.0,,Thank you very much. I hope this is going to change in a better solution for all😉,1488592260.0,542103.0,,,,,1.0,184243.0,Protege,
M025,6,27,Network connect,15,Server Management,47053.0,VIVE Pro & Pro 2  can be compatible  with the INSTA360 pro2,HiI  want to knowVIVE Pro&Pro 2can be compatible  with theINSTA360 Pro 2?Also them can watch  360°  live streaming with theINSTA360 Pro 2?,1649289660.0,,,,,,,54040.0,Verified Members,
M025,7,27,Network connect,15,Server Management,696635.0,,Going to have to grab this one then as I thoroughly enjoyed the original.,1544639340.0,696627.0,,,,,1.0,,Not applicable,
M025,8,27,Network connect,15,Server Management,61536.0,Should the cable from control box to Rift be replaceable?,"With the Rift being worn on our heads and using headtracking to look around, the cable attached to it will be moving around a lot.  Replaceable cables is a feature I highly value in headphones, because that is always the first part to go, and I would rather buy a $5 cable than a new $50-100 pair of headphones.I imagine that over time, the same sort of issues could occur with the Rift, so it might be wise to make that cable easily replaceable.",1371295980.0,,,,9.0,,0.0,3265.0,Explorer,
M025,9,27,Network connect,15,Server Management,46580.0,,"Looking good, man!AMD Ryzen 7 1800X | MSI X370 Titanium | G.Skill 16GB DDR4 3200 | EVGA SuperNOVA 1000 | Corsair Hydro H110i
Gigabyte RX Vega 64 x2 | Samsung 960 Evo M.2 500GB | Seagate FireCuda SSHD 2TB | Phanteks ENTHOO EVOLV",1366089240.0,46575.0,,,,,0.0,3173.0,Grand Champion,
M025,10,27,Network connect,15,Server Management,49564.0,,"If it can help here is the complete log of the XR callsVerbose [GENERAL | xrEnumerateInstanceExtensionProperties | OpenXR-Loader] : Entering loader trampoline
Info [GENERAL |  | OpenXR-Loader] : RuntimeManifestFile::FindManifestFiles - using registry-specified runtime file C:\Program Files (x86)\VIVE\Updater\App\ViveVRRuntime\ViveVR_openxr\ViveOpenXR.json
Info [GENERAL |  | OpenXR-Loader] : RuntimeManifestFile::CreateIfValid - attempting to load C:\Program Files (x86)\VIVE\Updater\App\ViveVRRuntime\ViveVR_openxr\ViveOpenXR.json
Info [GENERAL | xrEnumerateInstanceExtensionProperties | OpenXR-Loader] : RuntimeInterface::LoadRuntime succeeded loading runtime defined in manifest file C:\Program Files (x86)\VIVE\Updater\App\ViveVRRuntime\ViveVR_openxr\ViveOpenXR.json using interface version 1 and OpenXR API version 1.0
Verbose [GENERAL | xrEnumerateInstanceExtensionProperties | OpenXR-Loader] : Completed loader trampoline
Enumerate number of extension properties : Success
Verbose [GENERAL | xrEnumerateInstanceExtensionProperties | OpenXR-Loader] : Entering loader trampoline
Verbose [GENERAL | xrEnumerateInstanceExtensionProperties | OpenXR-Loader] : Completed loader trampoline
Enumerate extension properties : Success
XR Runtime supports 19 extensions
  >> XR_EXT_hand_tracking  (version  2)
  >> XR_EXT_eye_gaze_interaction  (version  1)
  >> XR_HTC_facial_tracking  (version  1)
  >> XR_HTC_vive_srworks_pass_through  (version  1)
  >> XR_MSFT_scene_understanding  (version  1)
  >> XR_KHR_D3D11_enable  (version  9)
  >> XR_KHR_D3D12_enable  (version  9)
  >> XR_KHR_win32_convert_performance_counter_time  (version  1)
  >> XR_KHR_visibility_mask  (version  2)
  >> XR_HTC_vive_cosmos_controller_interaction  (version  1)
  >> XR_KHR_opengl_enable  (version  10)
  >> XR_KHR_vulkan_enable  (version  8)
  >> XR_KHR_vulkan_enable2  (version  2)
  >> XR_EXT_debug_utils  (version  4)
  >> XR_KHR_convert_timespec_time  (version  1)
  >> XR_KHR_composition_layer_depth  (version  6)
  >> XR_FB_passthrough  (version  3)
  >> XR_FB_triangle_mesh  (version  2)
  >> XR_EXT_win32_appcontainer_compatible  (version  1)
Verbose [GENERAL | xrCreateInstance | OpenXR-Loader] : Entering loader trampoline
Warning [GENERAL |  | OpenXR-Loader] : ReadLayerDataFilesInRegistry - failed to read registry location \ApiLayers\Explicit in either HKEY_LOCAL_MACHINE or HKEY_CURRENT_USER
Info [GENERAL | xrCreateInstance | OpenXR-Loader] : ApiLayerInterface::LoadApiLayers succeeded loading layer XR_APILAYER_VIVE_hand_tracking using interface version 1 and OpenXR API version 1.0
Info [GENERAL | xrCreateInstance | OpenXR-Loader] : ApiLayerInterface::LoadApiLayers succeeded loading layer XR_APILAYER_VIVE_facial_tracking using interface version 1 and OpenXR API version 1.0
Info [GENERAL | xrCreateInstance | OpenXR-Loader] : ApiLayerInterface::LoadApiLayers succeeded loading layer XR_APILAYER_VIVE_srworks using interface version 1 and OpenXR API version 1.0
Verbose [GENERAL | xrCreateInstance | OpenXR-Loader] : Entering LoaderInstance::CreateInstance
Verbose [GENERAL | xrCreateInstance | OpenXR-Loader] : Entering loader terminator
Verbose [GENERAL | xrCreateInstance | OpenXR-Loader] : Completed loader terminator
Info [GENERAL | xrCreateInstance | OpenXR-Loader] : LoaderInstance::CreateInstance succeeded with 3 layers enabled and runtime interface - created instance = 0x00000248ff495250
Verbose [GENERAL | xrCreateInstance | OpenXR-Loader] : Completed loader trampoline
Create XR instance : Success

Get OpenGL graphics requirements function : Success
Get XR instance info : Success
Runtime Name: Vive Reality Runtime
Runtime Version: 0.0.1
Get system for HMD form factor : Success
Successfully got XrSystem with id 1 for HMD form factor
Get System properties : Success
System properties for system 1
      Name                        : Vive OpenXR: Vive SRanipalcking
      VendorId                    : 2996
      Max Layers                  : 0
      Max swapchain height        : 0
      Max swapchain width         : 0
      Orientation Tracking        : 0
      Position tracking           : 0
Get view configuration view count : Success
Enumerate view configuration views : Success
View Configuration View :0
        Resolution          :
                Recommended       : 2757 x 3256
                Maximum           : 2757 x 3256
        Swapchain Samples   :
                Recommended       : 1
                Maximum           : 1
View Configuration View :1
        Resolution          :
                Recommended       : 2757 x 3256
                Maximum           : 2757 x 3256
        Swapchain Samples   :
                Recommended       : 1
                Maximum           : 1
Get OpenGL graphics requirements : Success
OpenGL Support :
                Minimum version       : 4.3.0
                Maximum version       : 4.6.1023
Using OpenGL version: 4.6.0 NVIDIA 517.48
Using OpenGL Renderer: NVIDIA GeForce RTX 3070 Ti/PCIe/SSE2
Create XR session : Success
Successfully created a session with OpenGL!

Create play space : Success
Get number of supported color swapchain formats : Success
Runtime supports 3 color  swapchain formats
Enumerate color  swapchain formats : Success
Supported GL color  format: Rgba8
Supported GL color  format: Srgb8Alpha8
Supported GL color  format: DepthComponent16Sgix
> Using preferred color  swapchain format Srgb8Alpha8
Get number of supported depth swapchain formats : Success
Runtime supports 3 depth  swapchain formats
Enumerate depth  swapchain formats : Success
Supported GL depth  format: Rgba8
Supported GL depth  format: Srgb8Alpha8
Supported GL depth  format: DepthComponent16Sgix
> Using preferred depth  swapchain format DepthComponent16Sgix
Create swapchain 0 : Success
Enumerate swapchains : Success
Enumerate swapchain images : Success
Create swapchain 1 : Success
Enumerate swapchains : Success
Enumerate swapchain images : Success
Create depth swapchain 0 : Success
Enumerate depth swapchains : Success
Enumerate depth swapchain images : Success
Create depth swapchain 1 : Success
Enumerate depth swapchains : Success
Enumerate depth swapchain images : Success
Create ActionSet : Success
Create hand pose action : Success
Create hand 0 pose space : Success
Create hand 1 pose space : Success
Attach action set : Success

Init scene loading

Scene loaded
Poll XR events : Success
Begin session : Success
Waiting for XR frame ready
XR wait frame ok
Wait XR frame : Success
Locate views : Success
Sync actions : SessionNotFocused
Begin frame : Success
fAcquire swapchain image : Success
Wait for swapchain image : Success
Acquire depth swapchain image : Success
Wait for depth swapchain image : Success
Using on left eye :
    Color : 0  ImageID : 1
    Depth : 0  ImageID : 7
Release swapchain image : Success
Release swapchain depth image : Success
fAcquire swapchain image : Success
Wait for swapchain image : Success
Acquire depth swapchain image : Success
Wait for depth swapchain image : Success
Using on right eye :
    Color : 0  ImageID : 4
    Depth : 0  ImageID : 10
Release swapchain image : Success
Release swapchain depth image : Success
Fatal error. System.AccessViolationException: Attempted to read or write protected memory. This is often an indication that other memory is corrupt.
   at Silk.NET.OpenXR.XR.EndFrame(Silk.NET.OpenXR.Session, Silk.NET.OpenXR.FrameEndInfo*)
   at EGL.core.openxr.XR_Manager.EndFrame()
   at EGL.core.openxr.XR_Manager+<>c__DisplayClass54_0.<getRenderPassRight>b__1()
   at EGL.core.renderer.EGL_Renderpass+<>c.<doRender>b__29_1(System.Action)
   at System.Collections.Generic.List`1[[System.__Canon, System.Private.CoreLib, Version=6.0.0.0, Culture=neutral, PublicKeyToken=7cec85d7bea7798e]].ForEach(System.Action`1<System.__Canon>)
   at EGL.core.renderer.EGL_Renderpass.doRender()
   at EGL.core.engine.EGL_Engine+<>c.<_initRenderProcess>b__71_4(EGL.core.renderer.EGL_Renderpass)
   at System.Collections.Generic.List`1[[System.__Canon, System.Private.CoreLib, Version=6.0.0.0, Culture=neutral, PublicKeyToken=7cec85d7bea7798e]].ForEach(System.Action`1<System.__Canon>)
   at EGL.core.engine.EGL_Engine+<>c__DisplayClass71_0.<_initRenderProcess>b__0()
   at System.Threading.Thread.StartCallback()",1665456360.0,49548.0,,,,,,57642.0,Verified Members,
M025,11,27,Network connect,15,Server Management,36725.0,,"Hi there,sorry you are right it should be compatible with UE4.24 (I confused v0.9.3 with a different version).I think the error logs you are getting may have to do with the fact that the project in your PC is located in a long path file. Try to copy and paste the project on a different location with a shorter path e.g under C:// drive and try again. I get this error all the time when I am using Unreal Projects under an external SSD with a long path name.",1596151860.0,36690.0,,,,,,33445.0,Verified Members,
M025,12,27,Network connect,15,Server Management,140066.0,,this is the best thing I've ever seen.  gold star.,1395749940.0,140060.0,,,,,0.0,328722.0,Honored Guest,
M025,13,27,Network connect,15,Server Management,116598.0,,"""FinkliusMunkum"" wrote:Cool thanks a lot, everything exactly the same for me except I didn't get the UPS email. But I suppose you either already had notifications setup with them, or somehow they got your email ad from Oculus.Yeah it must have been the latter as I didn't have notifications set up with them.",1378334040.0,116298.0,,,,,0.0,209545.0,Honored Guest,
M025,14,27,Network connect,15,Server Management,1160829.0,,"Okay, I might have to cave and get myselfanothergame, because this looks absolutely awesome! I haven't tried any survival style games in VR yet, but I think it's time to change that with Bootstrap Island.🏝Thanks so muchR2for always dropping great video and screenshots of new and cool games like this!Make sure you smash that Kudos button!",1709084700.0,1156288.0,,,,,3.0,1453810.0,Meta Quest Support,
M025,15,27,Network connect,15,Server Management,29853.0,,", I've created a support ticket with the email address associated with your forum account. Please be on the lookout for that thread.",1574253960.0,29843.0,,,,,,16658.0,Verified Members,
M025,16,27,Network connect,15,Server Management,211097.0,,"""Ibrinar"" wrote:Why this discussion about Japans general game market anyway...I think of this thread like a roller coaster ride. I just go where it takes me even if it doesn't make sense.😄",1396912140.0,210991.0,,,,,0.0,3455.0,Honored Guest,
M025,17,27,Network connect,15,Server Management,307438.0,VR-Sweeper - rebirth of the oldie! (UPDATE 02.08),"Hello! I want to share you my project that i am working with. It is a remake of the old classic minesweeper! Now it is a little different though.. Besides trying to complete levels, you can explore the area and find the easter eggs that i have placed around the maps. You can customize your ship in many ways.. for example changing the paint or just change the color of the flashlight the ship have.I'm having a lot of fun working with this project! Downside is this is taking really big chunk of my spare-time :roll: . Anyway, here is the Facebook-page of the project. You can see all the videos and pictures i have uploaded in there. My youtube page is still a mess so i prefer to give link into my FB-page.https://www.facebook.com/VRSweeperThis is a newest screenshot i took while ago :). You gonna have fun exploring that cave! ph'nglui, mglw'nafh, R'lyeh, wgah'nagl!http://i.imgur.com/s5atzRi.jpgUPDATE 24.7Here is the new video! Got my Oculus Rift working with the game.https://www.youtube.com/watch?v=WK_3-OPkpcc",1436507280.0,,,,4.0,,0.0,289372.0,Honored Guest,
M025,18,27,Network connect,15,Server Management,706390.0,,"Elite dangerous, taking off from a station, flying out through the ""letterbox"" and being presented with an earth-like the station is orbiting is probably one of my biggest ""jaw to the floor"" moments in my 35 years of gaming (I got my speccy for my 7th birthday / xmas pressy in 1982 so quite a long time!.Fiat Coupe, gone. 350Z gone. Dirty nappies, no sleep & practical transport incoming. Thank goodness for VR🙂",1533162360.0,706385.0,,,,,1.0,209100.0,Visionary,
M025,19,27,Network connect,15,Server Management,190325.0,,"There is unigine benchmarks that can be run SBS stereo. I think best settings would be 720p SBS as it will have about same amount of pixels to render as DK2.https://unigine.com/products/benchmarks/I would also considering to go with Intel CPU's, those are just way better for gaming at the moment. I recommend i5 4670K.On the other hand if Mantle gets lots of support then CPU is not that important. Cryengine, FrostBite etc. support or will support it in future. Too bad U4 lack support for it and may never get it thanks to quite warm relationships with nVidia. That said i would still get i5 or i7 as you get better FPS. Every single frame is now needed🙂and UE4 with AMD gfx will need raw CPU power...",1405448940.0,190308.0,,,,,0.0,,Not applicable,
M025,20,27,Network connect,15,Server Management,696308.0,HellBlade weekend deal on Steam. Great game at a good price!,HellBlade is on sale for the weekend on Steam. It's an excellent game and it's at a great price to pick it up..,1536349260.0,,,,14.0,,0.0,165778.0,Honored Visionary,
M025,21,27,Network connect,15,Server Management,225342.0,,"Heya Everyone. A new version of Der Grosse Gottlieb is finally here. Gottlieb has new and improved main menu that will be used for all of the dioramas on PC, MAC & Gear or otherwise.I tried to keep the main menu interface in theme, without breaking the presence. Hopefully it worked. Comments and feedback is more then wanted! If things crash break or does something it shouldn't do send me a PM!Download:http://www.theshoeboxdiorama.com/dergrossegottliebAlso My big diorama project, The Pigeon man, is going strong and I will start sharing stuff from april onwards. Can't wait!Stay Updated :http://www.facebook.com/shoeboxdioramaVisit my site:http://www.theshoeboxdiorama.comTwitter: rombeyond
Download Diorama no.1 : Blocked In :https://share.oculusvr.com/app/blocked-in‎",1427390340.0,225311.0,,,,,0.0,8987.0,Honored Guest,
M025,22,27,Network connect,15,Server Management,204696.0,,Mmmmmmmmm! Baked potatoes!😄But... but... but... I just NEED to know about the Baba! The Baba has me hypmotized! :shock:,1409603160.0,204678.0,,,,,0.0,203280.0,Explorer,
M025,23,27,Network connect,15,Server Management,697507.0,,"Zenbanesaid:I think the term ""wave shooter"" gets thrown around too much. I've played real wave shooters, like Space Pirate Trainer, VR Invaders, and Serious Sam VR. Now those are wave shooters.In games like Contra, you're the attacker progressing through a map fighting enemies who are attempting to prevent you from reaching your objective. In a wave shooter, you stay in one general location as you prevent waves of enemies from reaching their objectives.Who would deny that MPU is a wave shooter? It is what it is.Marvel Powers United VRis an unabashed wave shooterwhere the primary incentive to keep playing is grinding your way to unlocking new costumes and character poses. The game has just one mode which consists of two slightly different phases: 1) defend the nodes, 2) defend the node while bringing eight power cells to the node.  You can play solo (with AI controlled companion heroes) or with up to three friends.https://www.roadtovr.com/marvel-powers-united-vr-review-oculus-rift/i7 9700k 3090 rtx   CV1, Rift-S, Index, G2",1551082380.0,697430.0,,,,,0.0,177251.0,Expert Trustee,
M025,24,27,Network connect,15,Server Management,86314.0,,"Nice escape🙂Had an orignial 'Unreal' vibe to it.I would suggest a sprint function, I know its an atmospheric demo and its nice to soak in the views but for people on a tight time schedule it would nice to be able to get where you want to go and especially get back to where you were in order to take a different route.Bug wise I managed to fall under the menu board at the start and get stuck😉",1389863040.0,86228.0,,,,,0.0,146193.0,Protege,
M026,1,26,Multiplayer,35,Multiplayer,332990.0,,"""acarrilho"" wrote:Quite frankly, considering Oculus is consistently the first to tell people to wait for the consumer version, your frustration is completely your own responsibility. I mean, I get it and can even relate to it, but you can only blame your own expectations. I eventually changed architecture to Intel and Nvidia over the Rift (at no small expense), but I can only blame myself for it.Ok fine then they need to change the description of what they are selling on the website here. DK2 ORDER NOW!! It does not function on 40% of computers. Ok false advertising. Its getting ridiculous, there have been many months between now and the start of this issue.And again no acknowledgement of the issue at all. So really nobody knows if or when Oculus will ever fix this. Rage posting is not the first thing people generally do, they look for answers they raise the issue...they get ignored for months and months...and finally you get these types of posts.",1418201160.0,332980.0,,,,,0.0,228875.0,Honored Guest,
M026,2,26,Multiplayer,35,Multiplayer,5849.0,error 108 headset not detected,"Here is my problem, with each faith that I launch steam vr it may me this message and I do not care anymore. I test everything may port usb, I test several driver, and rebooted my computer several faith and I reinstall steam vr. i also try to work around the linkbox may not do anything. The most intriguing c I could use my helmet 2 days without problems and the impossible.I'm sorry for my English, I'm French and I have a level of Anglai close to zero, suddenly I help with Google translation",1559592480.0,,,,,,,29531.0,Verified Members,
M026,3,26,Multiplayer,35,Multiplayer,91362.0,,"""nedo"" wrote:""zaptruder"" wrote:Also, bought an interior package off the asset store and had a play around with it - it was dramatically off scale, which was kind of fun - not dissimilar to feeling like a large doll in a large doll house.Anyone know what the cause is for this? Is it Unity? The Rift? where's the disconnect occuring in the orthographic chain? The position of the virtual eyeballs?Could this be related to the IPD Settings ?Ie. a child with smaller IPD feels everything around much biggerand the person feels small.More to do with the height/size of the child...",1371757800.0,91359.0,,,,,0.0,32225.0,Honored Guest,
M026,4,26,Multiplayer,35,Multiplayer,47238.0,,"it is the same video for all I can see, but indeed that one has branding. Now not anything against copyright, but less (spam) text is more in my opinion, I will add a copyright thingy with the link.",1389123540.0,47234.0,,,,,0.0,195406.0,Honored Guest,
M026,5,26,Multiplayer,35,Multiplayer,112392.0,,"At first I thought this was going to be a Rift version of the Unity-made iOS game called The Room.   Anyway...🙂""Anticleric"" wrote:in the OVRplayerConreoller script there are settings for ""dampening""Could this affect the feeling of slowness being reported? Everything is currently set at the default levels.Pretty sure that's not it.  The ""slowness"" aka latency is the delay between looking around with the head and actually seeing the view catch up.   The framerate is just fine, moving around is fine too.I wasn't able to get the Oculus Latency Tester to work with this demo, which is odd -- either you're using a brand new version of the Unity integration that happens to be broken (I have tried 0.2.5, but not 0.2.5c), or you're using an odd image effect and/or shader(s) that are preventing the black/white square from flashing for the latency tester.  Maybe that's a clue as to where the latency is coming from.  Are you using some kind of screenspace reflection or GI effect?Titans of Space PLUSfor Quest isnow availableonDrashVR.com",1387262520.0,112385.0,,,,,0.0,13437.0,Heroic Explorer,
M026,6,26,Multiplayer,35,Multiplayer,5668.0,"1.20190410.0 buggy, with random grey screens - not just me, others are reporting it","This1.20190410.0 and/or the firmware it pushed is pretty buggy on what was a fairly solid intel machine (i7 9700k, Gigabyte Aorus Z390 Ultra), if you have Intel, do not do the update as there is no reason.  Also there is no way to roll back.  Hopefully this will be fixed soon, I'm getting random grey screen, it looses contact with base stations and wands at the same time looking at steamvr.  Since the basestations are beacons and don't talk back and forth and it loses the wands at the same time, I'm guessing the ""wireless USB"" part of the wireless is crashing and the headset itself can't talk usb to steamvr.  Unplugging the battery and plugging it back in fixes it - but sucks to be in the middle of a beat saber song and the thing just goes grey.Others are reporting i here over at reddit:https://www.reddit.com/r/vive_vr/comments/bl30bv/vive_wireless_crashing_issue/Can we get a update on this, a fix, or way to roll it back?Nothing else changed, I just did the update a few days ago - still on same SteamVR version, display driver, no windows updates in between - it was pretty simple, before the update - solid, worked well - after the update, buggy...",1557158820.0,,,,,,,29117.0,Verified Members,
M026,7,26,Multiplayer,35,Multiplayer,865033.0,,"I've got the same problem, but the same fix doesn't seem to work for me!  I'm trying to get the customized avatar in the editor with a test user.  I've got a Quest using Oculus Link, and I'm using Unity 2019.4.25 and the Oculus XR Plugin 1.8.1.  I created an app on the Oculus Developer Dashboard (for the Quest). I've created a few test users. I'm targeting PC/Standalone in build settings, even though I plan on switching to Android. I've logged in with one of the test users to my Quest, and I've logged in on the OculusPlatformSettings. I've put the App ID in the OvrAvatarSettings and OculusPlatformSettings (in both Rift App Id and Quest fields). I customized the Avatar for my test user.I perform and pass my entitlement check successfully, then I successfully get my user ID, then I instantiate an Avatar and apply that ID to the OvrAvatar script. I've also tried applying some of the test IDs from the docs page, but I always see the same, unchanging avatar.I'm kinda stuck here. Does anyone have any leads?",1619998440.0,663503.0,,,,,0.0,1370809.0,Honored Guest,
M026,8,26,Multiplayer,35,Multiplayer,196788.0,,"Just check your order status page and see if the account shows as paid. If it is paid in full you are fine.It probably is paid in full if your CC company says it was charged.Fraud prevention frequently delays payments and that can trigger the rejection notices because as far as the automated payment system is concerned it isn't paid. Everyone was so upset that there could be problems when people had their credit cards get canceled or replaced that Oculus put in the system to notify people immediately if there were issues. So now some get notices their cards got rejected when they actually end up paying.Use your resources. We can't check your order status but you can. See if it shows as paid. If it does, you are done.But... but... but... I just NEED to know about the Baba! The Baba has me hypmotized! :shock:",1407268740.0,196782.0,,,,,0.0,203280.0,Explorer,
M026,9,26,Multiplayer,35,Multiplayer,562313.0,,"phillyd023said:is there a way to find out where I can buy a specific item? I have been jumping around to stations looking for missions that I can actually do. took a couple mining missions but it says I need a mining laser. I cant find one in any markets and a lot of the station s I go to don't have a market. beginner help please!!https://eddb.io/It can show you the closest system that might sell an item (stocks vary over time). Very handy site.Author:Oculus Monitor,Auto Oculus Touch,Forum Dark Mode,Phantom Touch Remover,X-Plane FixerHardware: Threadripper 1950x, MSI Gaming Trio 2080TI, Asrock X399 TaichHeadsets: Wrap 1200VR, DK1, DK2, CV1, Rift-S, GearVR, Go, Quest, Quest 2, Reverb G2",1499257080.0,562302.0,,,,,1.0,11.0,MVP,
M026,10,26,Multiplayer,35,Multiplayer,216038.0,,"I personally couldn't read text that well with the Screen Door Effect but find it easier to read with the Matte Effect. The SDE effects everything, the whole screen is a wash of pixels, the Matte cover simply pulls the pixels together again. I personally love my DK2 while I was quite disappointed with it before. My usage has gone up dramatically since I Modded it, however much more content is available I mostly play the same game, Project Cars which just keeps getting better and better...Hurry up and catch up Assetto Corsa, you are close but not close enough yet!CPU: Core i7 4790K Hz
RAM: 16GB Dual Channel DDR3 MHz
GPU: Powercolor PCS+ OC R9 290X 4GB
DK2: Delivered
LENSES: Scratched
SOLUTION: Let me buy replacememnts  :idea:",1416367260.0,215925.0,,,,,0.0,416455.0,Honored Guest,
M026,11,26,Multiplayer,35,Multiplayer,318061.0,,"""ThreeDeeVision"" wrote:I have also read that the DK2 works as a dev kit for the Vive (without the controllers of course), so there shouldn't be many limiting factors in developing for either HMD.!Hido you have links about this? surely if true this is massive (and really good) news?Fiat Coupe, gone. 350Z gone. Dirty nappies, no sleep & practical transport incoming. Thank goodness for VR🙂",1433717040.0,318054.0,,,,,0.0,209100.0,Visionary,
M026,12,26,Multiplayer,35,Multiplayer,14689.0,,"Hi , could you send me a PM (there's a link in my sig) with more details? Ideally, send me a screenshot of the email you received, and include your email address too. If you did get sent the wrong codes, we definitely want to investigate.",1514306220.0,2476.0,,,,,,383.0,Verified Members,
M026,13,26,Multiplayer,35,Multiplayer,15204.0,,"....and nothing.  No change when isolating the headset from wireless signals.  At this point I'm considering getting a refund, I can't find any reason why the performance should be this poor.",1515670740.0,2575.0,,,,,,20216.0,Verified Members,
M026,14,26,Multiplayer,35,Multiplayer,308555.0,,"When people first tried crescent bay they almost all said they felt like the resolution was better on CB than on gear VR, which is impressive given that we now know this is not true. So the optics have come a long way. CV1 I believe has even better optics than crescent bay, so it should be the best experience so far.",1447818360.0,308545.0,,,,,0.0,41895.0,Explorer,
M026,15,26,Multiplayer,35,Multiplayer,971466.0,Entitlement Check Failing,"I have to headsets, each one with it own userI build and run the same apk into both devices.In one, the meta avatar loads perfectly, on the other device (with other user) I get an error:{
    Core.AsyncInitialize();
                
    Entitlements.IsUserEntitledToApplication().OnComplete(EntitlementCallback);
}

void EntitlementCallback(Message msg)
{
    if (msg.IsError)
    {
        D.Log(msg.GetError().Message);
        D.Log(""You are NOT entitled to use this app. Please check if you added the correct ID's and credentials in Oculus>Platform"");
        //UnityEngine.Application.Quit();
    }
    else
    {
        D.Log(""You are entitled to use this app."");
        GetTokens();
    }
}The error says:```users does not have app in library```Any ideas welcomed",1656896460.0,,,,8.0,,0.0,1449405.0,Explorer,
M026,16,26,Multiplayer,35,Multiplayer,82555.0,,Interesting topic of conversation. I've been struggling a LOT with motion sickness. I can generally stay in for sessions up to about two hours but generally start feeling uncomfortable after about twenty minutes or so(especially in unity based demos) I'm trying to use this for architectural walkthroughs but the fact that about 25 out of 30 people who have tried it have felt pretty serious nausea after about 5-10 minutes in makes it a deal breaker in terms of putting in front of clients. Personally I believe this is mainly related to the using the gamepad to rotate view. This weekend I gave vireo a shot with Dear Esther. Unfortunately out of the box the head tracking was set up to be rotating for greater than 1:1 movement. It was a bit weird at first but I found that sitting in a chair the extra head rotation meant I the only stick I was really using was for forward movement as the head tracking was allowing me full rotation without having to spin the chair. What was really shocking to me was three hours later I was feeling zero ill effects. Personally I'm used to feeling quite sick coming out of the demos so this is a BIG step forward for me. I'm going to give it a whirl with other staff members this week. At the moment I'm thinking it might be either the fact that my head is driving the movements in a more natural way might be helping. The other theory is that maybe the disconnect is enough to let my brain know the game world isn't real and it gets less sick. Thoughts?,1370705220.0,82530.0,,,,,0.0,18560.0,Honored Guest,
M026,17,26,Multiplayer,35,Multiplayer,493729.0,,"Good news everyone....we have our first elimination from the tournament. And...it's Frozen...erm, I mean it's me🙂Well...at least it was another close match - after two stalemates npea managed to kill me in the final duel - hat's off to him.I'll be following the rest of the tourney with great anticipation though.....So npea  & one: You two better make sure you get to the finals - this way I can at least claim to be the thirdbest shooter in this game. Also..otherwise my cold dead corpse is going to haunt you both.Intel Xeon E3-1231v3  Ghz -- Kingston Hyper X 8GB DDR3-1600 -- EVGA GTX980 ACX 2.0 -- Asus H97M-Plus -- Asus VG278H 120Hz 3D Monitor",1488168120.0,493570.0,,,,,4.0,845080.0,Adventurer,
M026,18,26,Multiplayer,35,Multiplayer,4712.0,Advise on a new CPU for wireless Vive,"Hi everyone,I currently have a i5-4690 and a GTX 970 OC.I recently got the wireless adapter for the Vive and it works great for games like Beat Saber or Stand Out.But I bought Skyrim VR last week, modded it of course so it looks nice and all, but when using the wireless adapter the game is laggy and the quality is pretty bad overall. When playing tethered tho, the game runs smooth.I checked and my CPU despite giving everything he's got is just not powerfull enough.Does anyone has a Vive wireless setup to give me advises on a specific CPU. My thoughts were going to the I7-8700K, but I rather ask around before investing 450€ in my setup.",1542676980.0,,,,,,,26320.0,Verified Members,
M026,19,26,Multiplayer,35,Multiplayer,400820.0,,"well either no one every plays this or the multiplayer is nerfed and don't work😕i really am not sure which it is😕This is my forum signature.There are many others like it, but this is mine.",1483002660.0,400798.0,,,,,0.0,961697.0,Consultant,
M026,20,26,Multiplayer,35,Multiplayer,550145.0,Dragon Front Pay to Win?,I just started playing Dragon Front. And it really seems like this game is pay to win to get better cards.. I chose Thorn and it seems like all the newer decks are way too overpowered to compete. Is this true?,1491382980.0,,,,6.0,,0.0,453590.0,Honored Guest,
M026,21,26,Multiplayer,35,Multiplayer,58102.0,,"I think we are on the same situation now.While you move your headset, you should be seeing your Game View moves too, am I right?I will try to find out why controllers are not moving and handtracking not working too.Get back to you later.",1712789520.0,58075.0,,,,,,27071.0,Employee,
M026,22,26,Multiplayer,35,Multiplayer,74934.0,,"On an average month I get about a dozen packages delivered, always UPS, and they've never missed a delivery... Grrrrrrrrrr :fist-shake: FEDEX-RAGE!",1375350180.0,74831.0,,,,,0.0,256316.0,Honored Guest,
M026,23,26,Multiplayer,35,Multiplayer,359824.0,,"Hi.We have the same problem. Our game have only 60 or 30 fps. Nothing between. Even in almost empty room. This really looks like vsync. We replaced old ovr scripts but this didn't help us. We are working on unity  5.3.4p1. We have new android sdk and everything is actual.Few observations:- It shows only at scenes where we use occlusion culling- Scene without occlusion culling (like one room) have good performance. 60k tri, 60 batches and stable 60 fps. It's much much heavier than in next example.- Scene with occlusion culling (few rooms). When we look into place, where next rooms should be (behind wall), we get stable 30 fps. If we move camera a bit, than we get 60 fps again. It have drop from 60 to 30fps in one moment, we never get any fps between. We test that in room with 10k tri and 20 drawcalls. So it'simpossible to get such fps drop.Regards,Bartłomiej Galas",1460413740.0,359817.0,,,,,0.0,126112.0,Honored Guest,
M026,24,26,Multiplayer,35,Multiplayer,397119.0,,"You'll get tracking number when the package ships.We also plan on have shipping estimates giving you a rough estimate prior to shipping.AMD Ryzen 7 1800X | MSI X370 Titanium | G.Skill 16GB DDR4 3200 | EVGA SuperNOVA 1000 | Corsair Hydro H110i
Gigabyte RX Vega 64 x2 | Samsung 960 Evo M.2 500GB | Seagate FireCuda SSHD 2TB | Phanteks ENTHOO EVOLV",1453868700.0,397116.0,,,,,0.0,3173.0,Grand Champion,
M027,1,26,Multiplayer,15,Server Management,228932.0,,"Great news!AMD Ryzen 7 1800X | MSI X370 Titanium | G.Skill 16GB DDR4 3200 | EVGA SuperNOVA 1000 | Corsair Hydro H110i
Gigabyte RX Vega 64 x2 | Samsung 960 Evo M.2 500GB | Seagate FireCuda SSHD 2TB | Phanteks ENTHOO EVOLV",1398655500.0,228791.0,,,,,0.0,3173.0,Grand Champion,
M027,2,26,Multiplayer,15,Server Management,24146.0,,"I bought the adapter you posted above,http://a.co/hUIfOXTand I am still getting error -202 Compositor is not full screen.  I have a Vive Pro and a Razer Blade.   Are there additional configurations I need to make on graphics card, etc.?  I've updated to latest drivers, Steam VR, etc.    Thanks!",1549188840.0,3144.0,,,,,,27843.0,Verified Members,
M027,3,26,Multiplayer,15,Server Management,203415.0,,"Yeah it is really disappointing.  You know what? In Korea, they will get their every orders(whenever they made, might be even July) on August 15th. We also deserve to get it like Koreans will get.",1407332460.0,203408.0,,,,,0.0,646533.0,Honored Guest,
M027,4,26,Multiplayer,15,Server Management,39946.0,,"Thankfully my Vive Pro Full Kit (also paid aud$2,000 for this over a year ago) continues to work great.  I have since added Etsy Gear VR lens mod and Index controllers and I'm very happy with all this.  Sorry to hear you are having soooo many problems.  Hopefully it will get sorted out eventually.  Maybe in the meantime you should get a Quest 2 as backup, lol!",1617713880.0,39941.0,,,,,,31648.0,Verified Members,
M027,5,26,Multiplayer,15,Server Management,51830.0,,10000% a huge issue for me as well and I have a very normal sized noggin. Would you be so kind as to share this .STL? Printables has 0 prints for the XRE and this would be an excellent option to have available. Really nice job!,1679912280.0,51806.0,,,,,,60812.0,Verified Members,
M027,6,26,Multiplayer,15,Server Management,835006.0,,"yep, just bought the vader package. Thanks!!",1606450680.0,834989.0,,,,,0.0,631841.0,Honored Guest,
M027,7,26,Multiplayer,15,Server Management,243451.0,,"I don't think NewRetroArcade is intended to be a real emulator frontend.  It only has a Gameboy emulator library embedded in it, and as people have mentioned, you have to manually swap roms out.  I think its meant more as an immersive nostalgia experience.  After all, those are Gameboy versions of the games, not arcade versions.""Falan"" wrote:actually lock them in that environment where they cant even play those awful games but have to watch other older people play them because they are too poor to feed the machines at the local arcade. That would be closer reality for me lol🙂LMAO yeah, I had the same experience.🙂Except I thought the games were freakin awesome because I could never afford to beat them, so I never knew what was gonna come next in the game.😄""freshflesh1"" wrote:To be fair, I would rather my 80s/90s retro experience to be totally separate from a 3D desktop environmentIn general, I agree.  I usually want to experience anything I play, like a retro game, a new game, or a movie, to be totally separate from a 3D desktop environment because these types of things already immerse you in their own environment.  Showing these types of things on small in-game screens in an unrelated environment takes away from the experience.I do play retro games often, but I have to admit I only played them on the in-game screens for a couple minutes.  It might be the fact that it was on the in-game screens, but I just didn't get sucked into the game like I normally do when I play their full versions.Even through NewRetroArcade isn't something I'll be using on a daily basis as a 3D desktop, it is an excellent VR nostalgia experience.  It really feels like you're there.  And making the games playable, even if they aren't arcade versions, added a lot to the immersion of walking around that room.",1415647560.0,243431.0,,,,,0.0,723548.0,Honored Guest,
M027,8,26,Multiplayer,15,Server Management,677128.0,,Just throwing my hat in the ring too. This would help a lot with testing gameplay prototypes.,1559936820.0,677120.0,,,,,1.0,,Not applicable,
M027,9,26,Multiplayer,15,Server Management,202441.0,,"""charlton_3393"" wrote:Hey 2EyeGuy I am trying to compile the latest source of Dolphin on GitHub but no matter what SDK I use (0.6.0.1 or 0.7) it comes up with the following error.""LNK2019	unresolved external symbol _vswprintf_c_l referenced in function swprintf""libovr.lib(OVR_CAPIShim.obj)Everything else compiles fine, what am I missing? would appreciate the help hahaNeither of those libovr versions support Visual Studio 2015. Use Visual Studio 2013 (community edition is free). I know normal Dolphin no longer supports VS2013, but I added VS2013 support back in to Dolphin VR.Currently working on Dolphin VR
Follow along:https://github.com/CarlKenner/dolphin/commits/VR-HydraLatest Version:viewtopic.php?f=42&t=11241&start=1020#p249426",1443475800.0,201187.0,,,,,0.0,3664.0,Adventurer,
M027,10,26,Multiplayer,15,Server Management,772097.0,So like why isn’t Minecraft on the quest?,I mean it’s a great idea and it would be one of the top games on the store,1567327620.0,,,,0.0,,0.0,1048249.0,Honored Guest,
M027,11,26,Multiplayer,15,Server Management,52694.0,,"Looks good and found the tutorials helpful as I just got the headset.I would appreciate it if you provided a way make apk 2d apps landscape. Also, I find the 2d app interaction to be lacking, many of the apps I've tried will not correctly recognize clicks with both controllers or hand tracking.Regarding phone mirroring. I am using a Z Fold 4 and the headset seems to struggling. I start getting lag and visual glitches when mirroring my phone. This includes both mirroring the inner screen and the cover screen. I would like to have the option to have passthrough while using the phone mirroring too (so that I don't have to rely on controllers and directly control the phone in my hands)If there's somewhere better to report bugs and request features, please let me know.Thank you!EditedMay 13, 2023by Hitmobile",1683914280.0,52611.0,,,,,,61786.0,Verified Members,
M027,12,26,Multiplayer,15,Server Management,229804.0,,"Congratulations, the cinema theater looks fantastic! I agree with Tankshell, an integrated file browser is a must, right now you have to manually copy the movie. Otherwise, Cineveo is better and better with each update.Comunidad española de RV / Spanish VR Community",1411959180.0,229800.0,,,,,0.0,14114.0,Protege,
M027,13,26,Multiplayer,15,Server Management,532083.0,,"artteksaid:While I haven't played it yet, there's great reviews for Air Tech Commando, which is RTS in VR. I would imagine something similar could be done with and AoE type game in the future. Would be great to be in the middle of the battlefield PoV. Epic!If anything World in Conflict would be the best for VR.  They have seem to have pulled it from being able to purchase it on Steam.  It could be a sign they don't want the idea stolen for VR.They did bring VR back for FSX but the FPS is really bad for it to even matter.facebook.com/AntDX316",1484498520.0,532079.0,,,,,1.0,723149.0,Heroic Explorer,
M027,14,26,Multiplayer,15,Server Management,99565.0,,I didn't realise that there was much content that worked in Direct mode anyway :s,1407873060.0,99219.0,,,,,0.0,41798.0,Protege,
M027,15,26,Multiplayer,15,Server Management,169581.0,,"I'm doing tutorials in UE4, and building up my collection of rift enabled stuff'n things",1399134420.0,169572.0,,,,,0.0,262447.0,Honored Guest,
M027,16,26,Multiplayer,15,Server Management,49535.0,Focus 3 not receiving UDP broadcasts,"My questions:Does the Focus 3 support UDP broadcasts at all?If so, how do we enable it?If it is enabled but still not working, is it possibly a C# UdpClient issue on the Focus 3? Or is it a Unity thing?We are working in Unity, and have custom C# networking libraries (based on UdpClient) that we've used in Windows-based products for years. This code relies on UDP broadcasts for some features to work properly. Using these libraries in an Android build, the Focus 3 is able to send broadcast messages but does not receive them. I have searched the topic of UDP broadcasts on Android extensively, and applied all of the changes found, but it's still not working. I did run into one forum thread where it was found that the kernel for a particular phone did not support broadcasts. That made me wonder if that's what is happening here. Does the Focus 3 support receiving UDP broadcasts?Socket options set:SocketOptionName.ReuseAddress = trueSocketOptionName.ExclusiveAddressUse = falseSocketOptionName.Broadcast = trueAdded permissions to manifest:android.permission.ACCESS_NETWORK_STATEandroid.permission.CHANGE_NETWORK_STATEandroid.permission.INTERNETandroid.permission.ACCESS_WIFI_STATEAdded code to acquire manifest lockDerived from the discussion herehttps://answers.unity.com/questions/250732/android-build-is-not-receiving-udp-broadcasts.html",1665124560.0,,,,,,,33170.0,Verified Members,
M027,17,26,Multiplayer,15,Server Management,967676.0,,"This looks super cool, so many cool things you can do with passthrough! The beginning felt like it captured how too much VR can leave us feeling disconnected from reality. Great work!Take your destiny into your own hands. Sand cannot keep a shape by itself, but add water and it becomes malleable. Fate can be such, if you add the right element.",1654813860.0,967675.0,,,,,2.0,1427917.0,Retired Support,
M027,18,26,Multiplayer,15,Server Management,1090476.0,,"It was a while ago, memory ain't the best these days.😉",1696920720.0,1090395.0,,,,,0.0,670939.0,Explorer,
M027,19,26,Multiplayer,15,Server Management,688016.0,,Hiativitythank you for your straight answer!🙂i still need to find a solution so what about i switch to Oculus Go? I didn't have a chance to test it yet and would prefer to be 80% sure it will work before i buy... Have you tested it? do you see any limits Vs The Rift? And specifically for me 1) can i copy an unreal app outside the store to test as we can do with rift or gear vr and 2) is there a simple way for the user to reset the view? from what i can read you need a phone to load content so i hope we dont need to keep the phone all the time?,1536595200.0,688015.0,,,,,0.0,607562.0,Honored Guest,
M027,20,26,Multiplayer,15,Server Management,290842.0,Serious Judder in Oculus Demo Scene,"I am having serious judder in the Oculus Configuration Utility Demo Scene (with the Desk).  By that I mean, when I turn my head from side to side at a normal speed, everything ""judders"".  Same thing in the Tuscany demo (where it said my fps was 75).EDIT: since I am not sure I understand fully what judder means, I will describe what I am seeing more descriptively:  when I turn my head from left to right at a normal/fast speed I am seeing double.  Kind of like how the movies make you think drunk people see: there are now two of everything.  The faster I turn my head, the farther apart the two clones of everything become and as I slow down everything merges back together once again.  Is this judder or is there a word for this I am not aware of?My system is:GeForce 980 GTX8 gig RAMi5-4690K 4 core cpu 3.5 ghzEDIT: my monitor is a 1080p Emerson LCD 50"" 60hzGiven my system specs is this normal or to be expected? If not how do I fix it?Zotac GeForce GTX 980 DK2
8 Gig, i5 4690K, Windows 7",1413733920.0,,,,6,,0.0,634218.0,Honored Guest,
M027,21,26,Multiplayer,15,Server Management,22980.0,,"The logs have been submitted, also available to download here:https://drive.google.com/file/d/1NURcKc0tWLqmEXkJhUeFi9QVP4euiN_4/view?usp=sharing",1543923420.0,4800.0,,,,,,26531.0,Verified Members,
M027,22,26,Multiplayer,15,Server Management,208691.0,,"Is there any way to watch (theater style) traditional 3D videos (like some that are found on youtube) that are NOT meant for a 360 or 180 screen? Like for watching them on the Home Theater screen in 3D?Every time I try to load a 3D video, it either loads it as a 180/360 dome/sphere, or if I load it from a browser, it just plays both eye-feeds side-by-side, which is useless. I have little interest in 360 videos, until the quality improves significantly in the future, I just wanna be able to watch 3D movies and such, on a theater screen. There's TONS of content out there, for viewing that way, and it would work perfectly in VR!I'd really LOVE to be able to watch theater-style 3D movies in the Home Theater environment.",1452822660.0,206970.0,,,,,0.0,19011.0,Adventurer,
M027,23,26,Multiplayer,15,Server Management,312204.0,Purpose of Sketching in Character Modeling,Sketch is a key  factor for Modeling . After sketch  Modeling and Sculpturing occurs  and  the final  3D character Model comes out. For the Game Development .http://gameyan.com/3d-character-modeling.html,1441558740.0,,,,0.0,,0.0,1046655.0,Honored Guest,
M027,24,26,Multiplayer,15,Server Management,278301.0,,"How does the latency/performance compare to LFS?A: Because it messes up the order in which people normally read text.
Q: Why is top-posting such a bad thing?
A: Top-posting.
Q: What is the most annoying thing on forums?",1413670380.0,278245.0,,,,,0.0,342143.0,Superstar,
M028,1,17,Installation,17,Installation and Setup,265092.0,,TinyRoom has no such feature. it just closes when device is not detected. But WorldDemo has one. Thanks a lot. ill take a look at it,1425515280.0,265090.0,,,,,0.0,389811.0,Honored Guest,
M028,2,17,Installation,17,Installation and Setup,345206.0,,If that is true then Oculus will need to work on some compatibility solution. Steam is too strong to compete with like that. I can see my self to use Oculus Home along site with Steam but if I will have to choose between those two- steam wins every day😕,1459828200.0,345203.0,,,,,0.0,1270261.0,Adventurer,
M028,3,17,Installation,17,Installation and Setup,556851.0,,"SJD1969said:""Will we ever be able to play locomotion in the campaign? It'd be nice to play and progress with my campaign save.""Dev?Unfortunately I do not think so due to Online leaderboards etc..We are now on Patreon!https://www.patreon.com/mgsstudiosFeel free to have a look around as there are some nice special offfers.Owner of MGSStudioshttp://www.mgsstudios.com",1558460460.0,556551.0,,,,,0.0,284730.0,Heroic Explorer,
M028,4,17,Installation,17,Installation and Setup,37265.0,,"heFutureOk read your post thought about mind control using VR and came up with this objective-c code with an ""escape plan"" which I will make sure and add to all my x-Code projects... I am releasing this under an MIT license.This is my ""Escape Plan"" code.😉in case things get too  :? crazy... I advise all other objective-c devs to add this to their project.   :shock:NSString* Oculus = \l   \a  \n"";Oculus = [Oculus stringByReplacingOccurrencesOfString:ithString:A0""];picker.Oculus= Oculus;In this way... we can be sure to implement an ""escape plan"" in our code as you suggest.  :roll:Wade Watts - Gregarious Simulation Systems",1375280880.0,37261.0,,,,,0.0,28764.0,Honored Guest,
M028,5,17,Installation,17,Installation and Setup,26279.0,,"Hi Andy,Currently leaderboards are created and reset via the online dev console but I have also heard from other devs recently asking for dynamic leaderboards. Thanks for sharing your feedback and I will work with the SDK team to put it on the roadmap.",1560414840.0,5900.0,,,,,,28039.0,Verified Members,
M028,6,17,Installation,17,Installation and Setup,216806.0,,"""herian"" wrote:Hi guys,i'm pretty new to oculus (i'm just waiting my DK2) and i wear glasses too. I've read that there are 3 lens with the oculus, one of them is usefull for myopia? I've something like -3 for eye...DK1 had three sets of lenses. DK2 has 2 sets. Not sure how they effect myopia.i7 3820
16 gigs of Ram
GTX 780ti",1405480500.0,216792.0,,,,,0.0,231875.0,Expert Protege,
M028,7,17,Installation,17,Installation and Setup,268688.0,,It'sThe happeningthat is happening. Perhaps it will happen to be fixed with the next website update.Current WIPs using Unreal Engine 4:Agrona - Tales of an Era: Medieval Fantasy MORPG,1415671140.0,268684.0,,,,,0.0,138067.0,Protege,
M028,8,17,Installation,17,Installation and Setup,439852.0,,also really loved superhot!! i am trying the brookhaven experiment this weekend.. bought it on sale.. they say its great.. and also full touch support now😉,1483665540.0,439841.0,,,,,0.0,112428.0,Protege,
M028,9,17,Installation,17,Installation and Setup,90179.0,,"So just like the author's ONE other post, both threads were created as TROLL SPAM? The OP did not even participate in the other discussion after creating that thread. This one must be the same.This work is licensed under aCreative Commons Attribution-ShareAlike 3.0 Unported License.",1375479780.0,90171.0,,,,,0.0,9021.0,Protege,
M028,10,17,Installation,17,Installation and Setup,144487.0,,Perhaps it works having the camera mounted on the ceiling?,1398286800.0,144480.0,,,,,0.0,390652.0,Explorer,
M028,11,17,Installation,17,Installation and Setup,23026.0,,"Make sure your GPU drivers are up to date first. You can also adjust your Supersampling to improve performance.Open the SteamVR desktop client.Expand the SteamVR drop-down menu.Select Settings.Switch to the Developer tab.Find the section titled Supersampling.Move the slider to the right to increase the rendered resolution, or move the slider left to decrease the rendered resolution.",1544091900.0,4852.0,,,,,,15742.0,Verified Members,
M028,12,17,Installation,17,Installation and Setup,38776.0,,"On 11/29/2020 at 8:15 PM, Dario said:sorry it's not clear, are you using the OpenXR preview runtime for Cosmos or are you using SteamVR? (both won't run at the same time)Hello,If I understand correctly, you should not use SteamVR at the same time as Vive OpenXR.However, I cannot run MSFS without SteamVR. Therefore, I am forced to run both but it does not give me a problem at the moment.",1609332420.0,38319.0,,,,,,33527.0,Verified Members,
M028,13,17,Installation,17,Installation and Setup,381152.0,Vive Pre May Be All You're Getting Come April...,"https://www.reddit.com/r/oculus/comments/41n3mw/i_posted_insider_information_on_vive_a_month_ago/As far as speculation goes, this post and the ensuing discussion really line up with what we are seeing from HTC, mainly the delay from 2015 winter launch window, then the awkward release of a new dev kit, only months away from a public release which we assumed would be a consumer model. And also the glorified pass through camera which may have been meant to do more.The vagueness of their language about the release as leaves room for this speculation:""We will be starting the new year by making an additional 7,000 units available to developers, followed by commercial availability in April 2016.""Notice, they don't actually say consumer model release. They seem to imply that the they will simply make the DK2 commercially available. Maybe this is how everyone understood this, but it seems like there was an assumption that the April shipping device would be a consumer product. When really there is no implication in their blog on HTC to suggest they are shipping any device this year that they wish to call a consumer product.http://blog.htc.com/2015/12/htc-vive-update/",1453188180.0,,,,21.0,,0.0,41895.0,Explorer,
M028,14,17,Installation,17,Installation and Setup,476748.0,,"Yeah, I'm not that impressed with LM either - but it has its limited uses. I didn't think of gloves, tbh - but no matter anyway, as the Touch has gone back and I already have my refund.I'm probably just too old for this stuff, anyway - I'm enjoying the Rift in my flight sims and driving games etc and to be honest I have more of that stuff than I have time for. I can also play Doom3 VR with the K&M or 'pad.Dead & Buried was fun - but I last played it on Saturday and I'm still limping and I can tell you, last night was damn painful. It's okay - I'm content that I at least tried it first.Might be something even better around the corner that I can get on with🙂Johnny's Scale Models Showcasei5 9600k z; 16GB DDR4 3200; 6xSSD; RTX2080ti; Gigabyte Z390D MoboRift CV1; Index; Quest; Quest 2",1481505000.0,476705.0,,,,,0.0,244926.0,Expert Trustee,
M028,15,17,Installation,17,Installation and Setup,190816.0,,Just found a work around! haha1. open radial-G SP Demo (should be an icon on your desktop)2. pick your screen res (I chose 1920x1080 and maximum graphics quality)3. MOST IMPORTANT STEP: CHECK THE WINDOW BOX.4. Check Oculus Mode before game play while still on our desktop screen5. once in game play move the windowed screen over to your EXTENDED (portirat) DK2 screen and6. Fit the game to where your eyes feel comfortable and you can see the whole cockpit in our view7. Play game!Tip: I changed both backgrounds of my desktop and DK2 screen to black because you can't see the desktop background but it just creates a more immersive feel,1409018220.0,190812.0,,,,,0.0,389616.0,Honored Guest,
M028,16,17,Installation,17,Installation and Setup,882058.0,,Myst is being released for PCVR on Steam in 21 more hours: August 26th.I may have to buy this game... yet again. Myst is like my Skyrim. I keep buying it over and over with each re-release lol,1629859140.0,788134.0,,,,,0.0,44870.0,MVP,
M028,17,17,Installation,17,Installation and Setup,2.94e+18,,I had a problem with my display from my VR it saying it 208 error can you help me out,1601491662,3.51E+17,,,,,,924199463.0,FoxBun,
M028,18,17,Installation,17,Installation and Setup,216118.0,,"Hmm. Predictions...I predict:250k preorders (+/- 50k)A manufacturing shortage early on, despite Facebook backing.> 1 million sales in first year, but < 10 millionI will be proven wrong on 3 of my predictions",1397087700.0,216102.0,,,,,0.0,24564.0,Protege,
M028,19,17,Installation,17,Installation and Setup,108505.0,,HA HA - Love it!!!!  Great work - I just wish I could figure out how to import the hands on a controller prefab so that I get start messing around like this!!!!,1370578800.0,108502.0,,,,,0.0,13306.0,Explorer,
M028,20,17,Installation,17,Installation and Setup,275280.0,,"Actually, the Henry premiere only a month away should be interesting as it is likely to be a public demonstration using Touch to interact with the titular character. That should be very interesting, and since it's in Hollywood I'll be doing everything I can to be there.",1434678420.0,275220.0,,,,,0.0,841577.0,Explorer,
M028,21,17,Installation,17,Installation and Setup,114070.0,,Phew! I'm so glad I saw this. I've purchased today and was panicking that the transaction had been declined.I even raised a support query!,1378340160.0,114066.0,,,,,0.0,50296.0,Honored Guest,
M028,22,17,Installation,17,Installation and Setup,204407.0,,I couldn't follow along with the audio as my laptop isn't that great in the audio department... what camera are they using to film with?This is highly interesting to me since I work with a bunch of idiots that don't know the first thing about freaking computers even though they're all college educated A+ cert holding morons with no real-life experience.This would be great to have when I'm doing repairs to instruct them without having to have them over my shoulder and asking me stupid questions.edit: it's only 13:00 EST and have already had to walk people through repairs (you can read can't you? follow the freaking step by step instructions in the service manual ffs) four times today... hence the tone and language of my post.Current WIPs using Unreal Engine 4:Agrona - Tales of an Era: Medieval Fantasy MORPG,1408495260.0,204398.0,,,,,0.0,138067.0,Protege,
M028,23,17,Installation,17,Installation and Setup,3773.0,VIVE Tracker haptic pin output,"I am trying to create a home-made gun to be attached to the HTC VIVE Tracker. As part of that, I have designed a vibration circuit to work with a 3V input signal, and it works fine with 3 volts.The problem is when I use it with the Tracker. I thought it worked at first, but then I noticed that the strength of the haptic feedback was less than when I connected the circuit to a 3V DC output. So then, I measured the output pin with a multimeter, and I observed that the output was about 1.5 volts, half of what's supposed to be. I want to find a solution.An important thing is that I am testing it with a console program I created using the openVR API. To trigger the API, I use the following code://Write the vibration time in milliseconds on terminalcin >> input;if (input == 0) return true; //Program closes if time written equals zerofor (int i = 0; i < input; i += 5) {	vr_pointer->TriggerHapticPulse(id, 0, 5000);	this_thread::sleep_for(std::chrono::milliseconds(5));}",1531942380.0,,,,,,,23579.0,Verified Members,
M028,24,17,Installation,17,Installation and Setup,201335.0,,"""maxcovergold"" wrote:Two things.  First, thank you so much for this.  Though I'm having some issues such as stuttering that mean I can't spend much time in game, this is still a top project regardless and a great demonstration.Two, one of my issues is with Mario Kart, when starting the race there is a floating 2nd screen blocking my view of the track.  The bottom 2 thirds are transparent but the horizon and above just block everything else out.  Is there a setting that can remove this during racing or is it a limitation of the software?Many thanks.There are 8 different versions of Mario Kart. Which one do you mean?If you mean for the Nintendo 64, then there should be a floating transparent screen with the race position and other HUD stuff. It also makes the sky visible, the sky should be everywhere, but it can only be seen through that screen for some reason. But I don't think it actually blocks anything.You can always move the HUD forward and backward with the Shift+. and Shift+/  if you move the HUD all the way in then it won't be visible any more.Currently working on Dolphin VR
Follow along:https://github.com/CarlKenner/dolphin/commits/VR-HydraLatest Version:viewtopic.php?f=42&t=11241&start=1020#p249426",1407813780.0,201187.0,,,,,0.0,3664.0,Adventurer,
M029,1,35,Setup,17,Installation and Setup,35864.0,,"returned my cosmos to my retailer and getting the cosmos elite ( because i don't wanna wait over 10 weeks to get a valve index ) , the Original cosmos was a misstake from HTC's part. and should have never been released. i even doubt they tested the headset before releasing it ( which is f****ing unacceptable ) Yeah if you are a owner of the cosmos headset i suggest you contact the retailer you bought the headset from and write them a mail with clear details & also provide some evidence ( like forum posts, youtube videos about the headsets problem ect.... ) and they should be able to give you a refund or atleast let you be able to add some additional $ to get the cosmos ELITE. if a retailer sends back a device that has clear issues they have to give a refund.  So there's really no reason for a retailer not to accept you're return. ( unless it has physical damage ). Also it's on there end, not your fault the retailer put up a faulty product on their site/shell. I got offered a refund from my retailer even tho i've had it over the 14days mark. I wrote a detailed message with evidence that the headset was faulty and just overall a trash product that shouldn't be sold. I live in the EU and over here we have the consumer protection law. And this headset pretty much breaks all of them.",1591431240.0,34944.0,,,,,,37904.0,Verified Members,
M029,2,35,Setup,17,Installation and Setup,345701.0,Eve Valkyrie can't be launched with a GPU < GTX 970 ?,"Hello,I readhere(in french) that Eve Valkyrie alpha can't be launched with a GPU < GTX 970 (or blue screen). I understand Oculus want a good experience for all of the users. But, what about a GTX 780ti for example ? The performances are equivalent. So, are we talking about performances or age of the GPU ?",1450235340.0,,,,6.0,,0.0,515476.0,Honored Guest,
M029,3,35,Setup,17,Installation and Setup,5383.0,Touchpad Swipe,"Is there a way to detect swiping on different touchpads? Or should each platform's swipe functionality be used? For example, WaveSDK's WVR_EventType_LeftToRightSwipe and similar.",1552980960.0,,,,,,,27634.0,Verified Members,
M029,4,35,Setup,17,Installation and Setup,100730.0,,"""HappyHimitsu"" wrote:Damned if these threads aren't some of the more aggravating things I have read involving VR lately lol.How exactly is it that people think a device for the PS4 threatens a device aimed at the PC market?Oculus has said from the beginning that it welcomes competition as it promotes a healthy ecosystem for VR to emerge.The Oculus Rift is aiming to hit consoles (but Oculus cant seem to get the right technology to get it work on the consoles)VR Pilot!",1395144960.0,100715.0,,,,,0.0,150285.0,Honored Guest,
M029,5,35,Setup,17,Installation and Setup,65362.0,,"""phillipfoshee"" wrote:That's awesome, congrats! How long did you have Ghostship on Greenlight? Are you still planning on updating the demos as you go, or will we be waiting patiently for the final version? ;]Thanks, We will not be releasing any more public demos.  The game is developing that fast it is a lot of work releasing a demo and each new version is much better and bigger and we would rather release the final polished demo when we are ready to release the game at the fall of 2014.  Pre-orders get exclusive alpha and beta access.The last alpha 041 was awesome and contains the middle section of the ship and much more.  We have just finishedalpha 0.42 which has seen many more improvements.The next alpha for release 0.43 is planned for xmas and will include much of the engineering section (back of the ship) and some of the new enemies and some of the new weapons.  We will then be giving early access keys on steam for pre-orders for February/March 2014 where we will releasing the first beta through steam.  The full game is still set for a Halloween 2014 release.Developer of Ghostship and CDF Starfighter.",1386269400.0,65262.0,,,,,0.0,225241.0,Explorer,
M029,6,35,Setup,17,Installation and Setup,820645.0,,"Shadowmask72said:Really interested to see how this looks in non-Oculus headsets (sorry guys). Some really nice texture detail there which shouldn't be missed when playing. That 121 GB install has to be worth it.I hope it's no more than an 80GB download, lol.BTW, normally when patching a game I think a copy of the game (or app) is created in the ""Staging""-folder. I wonder if that means we'll need at least 125GB free space on the drive containing Asgard's Wrath in order to patch the game... Had a lot of ""fun"" with that when patching Marvel Powers United (55GB)  :#Oculus Rift CV1, Valve Index & PSVR2, Asus Strix OC RTX™ 3090, i9-10900K (5.3Ghz), 32GB 3200MHz, 16TB SSD""Ask not what VR can do for you, but what you can do for VR""",1570484940.0,820643.0,,,,,0.0,928593.0,Grand Champion,
M029,7,35,Setup,17,Installation and Setup,534232.0,,"ane there's probably a divide between people who feel it's ok for people to vote for their own stuff and those who don't. I sit on the side of not agreeing with it.  Just because I create the thread shouldn't mean I can't post in it.  Comparing my opinion with someone who worked on the game is incorrect, they are not the same thing at all. It's a bit silly reasoning considering the votes/reviews are a culmination of many peoples opinions not just my own and in fact there are many of these reviews where I've not voted or posted an opinion. I am not in any way censoring anyone here which I've made clear in my above post.I thought my post was simply being honest about how I feel about it, and being reasonable leaving things as they are despite how I feel. In the grand scheme of things, the votes balance themselves out with people posting rather unfair 1 star reviews.  But, good on you for taking things to extremes and seeing it as a power trip.  I could understand if I flat out said ""right, those votes aren't included. So there you rascals"" *shakes fist but that's not what I've said at all. So your call man whether you participate.System Specs: MSI NVIDIA RTX 4090 , i5 13700K CPU, 32GB DDR 4 RAM, Win 11 64 Bit OS.",1472703780.0,534186.0,,,,,0.0,802192.0,Honored Visionary,
M029,8,35,Setup,17,Installation and Setup,268096.0,,"""GalaxyDollVR"" wrote::lol:You so crayzay!(rick thing and that vid)Who is the op? Seems a nutter¡!I hope there are NO oculus exclusives we need VR co tent not oculus content. Surely this is companies just offering support for more hardware which is a good thing, or has it been said oculus rift support is dropped in favour of viveFiat Coupe, gone. 350Z gone. Dirty nappies, no sleep & practical transport incoming. Thank goodness for VR🙂",1425565440.0,268093.0,,,,,0.0,209100.0,Visionary,
M029,9,35,Setup,17,Installation and Setup,60125.0,,"""Tgaud"" wrote:Actually not really.Because the distance of the center of your eyes with he left and right edge would not be the same.neither does the pixel density.ya but Those edge spots dont have to be as high resolution and clear as front vision. Just like our own vision, we see clearly right in front of us but sides are blurred....the curved edges will be to fill those black spots...",1389219420.0,59874.0,,,,,0.0,233821.0,Honored Guest,
M029,10,35,Setup,17,Installation and Setup,68089.0,,"I've added some simple sound to my current demo, using binaural spatialization (via OpenAL-Soft). It's a monolith emitting sound, and it floats up and then across the area...monolith3.pngWorks fantastic coupled with head-tracking. It's also readily apparent how a ""surround-sound plane"" is inadequate. In most games there is little-to-no head-tilt. With this simple case the monolith's hum was coming from significantly above and below my ""listener xz-plane"" most of the time as I looked around and provided useful cues to keep it tracked. With a surround system, this is flattened to one plane (assuming surround-decode headphones as a best case -- room-based speakers have further problems).The point is that with binaural spatialization, the audio cues are consistent regardless of the sound-source position relative to my swiveling/tilting head. With this reduced to one plane (say a 7.1 encoding), the strength of cue is lost the farther from the plane the sound is (it will need to be blended across the channels -- imagine ""straight above""). Note that ""straight above"" happens a lot more when your head tilts around so fluidly.Experience-wise, when the monolith was in-front and above me, it was like I could feel pressure on my forehead. When tilting my head back to put it ""below"" my audio plane, the sound made me aware of my nose and chin... similar to the ""pressure"" on my forehead. In a non-virtual environment I'd assume this was actual sensation of pressure from the sound, so I've never really noted this as peculiar before. I'm not sure if this is psychosomatic, or a mild synesthesia-like crosstalk; maybe just part of how we (or I) interpret sound directionality.",1369222380.0,68066.0,,,,,0.0,8480.0,Adventurer,
M029,11,35,Setup,17,Installation and Setup,496546.0,,"Fu Blight destroys the opponent's mana fragment. Typically when a unit dies, the owner gets back some of the mana they spent on that unit. A blight unit will stop that from happening, so a blight heavy deck will starve out your opponent in due course.",1474665300.0,496539.0,,,,,1.0,237235.0,Heroic Explorer,
M029,12,35,Setup,17,Installation and Setup,685049.0,,"RattyUKsaid:Tim74UKsaid:I think at this stage we all know what is happening... Mr casual gamer has won... and oculus no longer want to support the pc market...  it's standalone all the way... Thanks for supporting us PC crowd as they stick one solid finger up at us.So you think Oculus shouldforcepeople to play multiplayer games?This is a very valid point. There is a strong anti-social aspect that happens with VR due to the fact that VR creates far more presence than what is achieved in Multiplayer games over console/PC. There is a social disconnect on Vanilla platforms. A Headset and Mic with a distant flat screen removes the interpersonal presence. Whereas VR puts us ""in the same space.""Even with me, someone who loves multiplayer and VR, there is a strong need for me to plan and mentally prepare for a VR Multiplayer Session. It is similar (although lesser) to having to plan and prepare to have guests over my home IRL. You have to put yourself in a headspace where you are ready to engage in a close interpersonal manner with someone else. It takes energy; far more energy than just doing something all by yourself.People who buy computer products typically like to keep those social interactions at arms-length. VR violates that safe distance. So multipalyer VR is going to be quite the niche.",1542590280.0,685036.0,,,,,2.0,44870.0,MVP,
M029,13,35,Setup,17,Installation and Setup,244250.0,,"Hey Wmacky,If you have a limited budget and aren't building it yourself, I would hold off on buying anything until Windows 10 is released.  AMD has their new processors and GPUs coming out and NVidia's stuff will come down in price as well.Buy something this summer when the windows 10 PC's hit the market and AMD brings out their answer to the NVidia 900 series.If you are truly chomping at the bit and want to build it yourself, start buying parts as you can afford them and get the best stuff you can afford.  I would shoot for the new LGA 2011-v3 socket, DDR4, and one of the new intel processors.  Get a motherboard that supports SLI, but only get one video card for now (they haven't optimized SLI yet, but they will eventually use SLI so each card will display an image for each eye).i7 5960X GHz | Corsair Vengeance LPX 16GB DDR4 PC2800 | GTX Titan X Pascal | Win 10 64 bit | Asus ROG PG348Q | EVGA X99 Classified",1431036360.0,244246.0,,,,,0.0,337097.0,Superstar,
M029,14,35,Setup,17,Installation and Setup,587174.0,Unreal 4.18.1: UOculusFunctionLibrary::IsDeviceTracked() always return false on GearVR,This occurs on both the 4.18.1 binary and the latest 4.18 Oculus branch!https://answers.unrealengine.com/questions/732689/uoculusfunctionlibraryisdevicetracked-always-retur...Thecontroller works however since you don't know if the user actually hasthe controller active it is not possible to offer both gaze andcontroller support.Is there a quick workaround forthis? As it's very difficult to rollback to 4.18.0 where it was workingand the game is currently live in a sale...,1512613860.0,,,,2.0,,0.0,,Not applicable,controller|GearVR|unreal
M029,15,35,Setup,17,Installation and Setup,290064.0,,"Surprised no one hs mentioned Half life 2 yet, works perfectly",1416259980.0,290055.0,,,,,0.0,774745.0,Honored Guest,
M029,16,35,Setup,17,Installation and Setup,67479.0,,"""Airhogg"" wrote:Hi OmniAtlas,I'm on Avsim rarely...usually mycockpit.org.  I've discontinued using FSX since there is no further development on it.  I'm currently waiting on Lockheed Martin's Prepar3d 2.0 update which will blow away FSX.  This is suppossedly going to fix the 3d lighting issues that FSX had (like runway and taxi lights not being rendered in 3d) and also utilize GPU power vs being so CPU dependent...like FSX was.  I've also read somewhere a rumor that LM is considering adding Rift support.  However, NTHUSIM has announced software (NTHUSIM HMD) that they are working on that will be a conduit for a large number of titles for Rift compatibility and will include support for Rift's head tracking.  This would solve your FSX issue, but you'll still have 2d lighting problems.  I'm not sure if PMDG has Prepar3d support, but I would think that it's just a matter of time if not.  Prepar3d is most likely the future for FSX users.  There are also quite a few old FSX add-ons that are natively compatible with Prepar3d.As a side note, you might take a look at outerra.com.  They have announced that they're also working on Rift compatibility.  They have a beta that you can download that offers a C172 and an Apache gunship that looks to be very promising.One of the designs I used in my cockpit was a curved mirror (like a half dome secuity mirror) with a projector that illuminated inside a frost painted acrylic canopy.  This thing in 3d was amazing, but the image was pretty blurry on the sides (even using warping software), but for peripheral vision it was fair enough.  Also, the projector was 1280x800 in 3d and since it was projected off of a mirror, there was big ""screen door"" effect there as well.  The mind blowing thing was how by altering the convergence, the 3d effect made the canopy in the simulator ""merge"" with the acrylic canopy in my cockpit.  The interior of the aircraft in the game ""wrapped"" around me and offered a very believeable experience.  My curse is that I've had a hard time being satisfied with everything I've tried.  I want it to be as perfect and believeable as possible, so screen door and low resolution will kill it for me.  The Rift offers a very similar experience to what I've tried so I think the potential is finally here.  I know it's in the early stages, but for me to be satisfied, I'd have to have higher resolution (1080p won't be enough if I can't read the instrument panel), and further FOV to get rid of the ""hoodie"" effect...if possible.  Maybe an OLED wrap around screen in time will do the trick.  I'm just glad to finally see a real direction towards a truly immersive experience that can be marketed for home users.  Not everyone can build a cockpit in their attic!  I love the feedback I'm hearing on this helicopter demo.  It has given the best demonstration of what VR flight can be.  The Rift might actually revive this genre.Hi Airhogg, I am also on mycockpit.org; I think I've seen your youtube videos of the canopy, amazing stuff🙂I am in the process of building a cockpit -- BenQ just released an affordable 1080p ST (0.7) model - W1080ST; I'm planning to just project onto a side corner wall with one projector, zoom out with one window view - ~ 120"" -- sure its not 180 degrees, but 120"" I think should be good enough. Have you tried reflecting off a security mirror like Paul Bourke and his 'iDome'?LM (prepar3d) have said they will support the Rift -- there is a thread a few months back on avsim.I got my rift today and have been testing -- very immersive, but it has also made me very sick in the stomach very quickly. The rift is too low res at the current state -- text is barely readable, perhaps it will work for VFR flying.I really hope this turns out to be more then a gimmick and VR will catch on.",1367154060.0,67439.0,,,,,0.0,14033.0,Honored Guest,
M029,17,35,Setup,17,Installation and Setup,741691.0,,"I am very confused. I am currently using the custom hands that Oculus provide.* Edit. I tried making my own script with the code you said, and while it actually fixes the stuttering issue, it means the player hands can not be manually be rotated, so when turning your hands in game is not rotated the right way.**Edit. Both custom hand left and right are a child of Player.So at this point I got it to where the hands dont stutter, but the hands are not rotated the right way... trying to rotate them manually does nothing, it just resets its self, and that I think would be due to the code above which I used in the new script I made.",1571128920.0,741686.0,,,,,0.0,1124642.0,Protege,
M029,18,35,Setup,17,Installation and Setup,213737.0,,"""TomSD"" wrote:I think you misunderstood what he was talking about..?  To me, ""Display needs to be 4k. Content can be 1080p with fxaa"" clearly means 1080p content displayed on a 4K screen.  That's 2MP of content on an 8MP screen.  A ratio of 1 pixel of content for every 4 pixels of display.  To see how awful that is, you can recreate the same ratio on a lower resolution screen.  576p may not be a clean factor of 1080p but it's close enough to get the idea: you have about 1 pixel of content for every 4 pixels of display.  Lack of visual information is the limiting factor here and at this sort of ratio it's severe.  I don't know what ""1080 on 1080"" comparison you're referring to.With the amount of SDE and Pentile used in DK2 our eyes never receive even that 2MP of content. We see awful lot of some dark material. It is more then 50% actually and even more when red only is displayed for example. Then we see more of some sub pixels and less of some sub pixels and we can actually see single one of them. DK2 display is actually not making use the resolution we feed to it.",1409786760.0,213663.0,,,,,0.0,,Not applicable,
M029,19,35,Setup,17,Installation and Setup,358612.0,,"""vizionvr"" wrote:""in6seconds"" wrote:the vive is probably the same as the dk2 steam bought the dk1 and adjusted it to create the viveExactly this. DK2 had full-scale room tracking, tracked motion controllers and on board pass-through video. Oculus chose not to advertise these features and HTC took full advantage of that.  :lol:Have you ever wonder why they didn't? My guess is they either facing with huge technical issue in performance or the cost will ballooned out of proportion if they did it.Just image with touch controller, you need 1 additional camera. So you might need another additional device or camera in order to do the room size VR. Also, they have to sort out the camera fidelity issue with room size distant. Also, software have to be told to take additional device or camera in to calculation. With any additional device, the software has to be modify. Its crazy.",1452592380.0,358570.0,,,,,0.0,941047.0,Protege,
M029,20,35,Setup,17,Installation and Setup,216012.0,,"""Wodloo"" wrote:About the voiding of the warranty. If you were to take the lens out and insert the screen protect through there without undoing any screws would I still have warranty? I don't have my rift yet so this is just speculation.If you are successful doing this, you might have a future making ships in bottles.",1410792720.0,215925.0,,,,,0.0,263592.0,Expert Protege,
M029,21,35,Setup,17,Installation and Setup,81200.0,TerroRift Beta,"Hi Guys, i am actually working in a project called TerroRift, is the first time i use the unity Engine, i am only a web developer but i got the Oculus last year and after playing some Horror Games i decide to build one.If you would like to see some screenshots and videos of my friends reacting to the game you can visit the Game website/ Facebook Page and you can give a Like so i can contact you when the demo is ready, i think it will be in a week, anyway i will also update this post.https://www.facebook.com/terroriftThanks and any suggestion that you have is more than welcome!🙂",1390181280.0,,,,2.0,,0.0,133262.0,Explorer,
M029,22,35,Setup,17,Installation and Setup,97229.0,,"I've read from many Rift reviewers that items in the distance seem much more blurry and ""meh""....I believe Palmer may have mentioned somewhere, like you said, its a result of the resolution.Thats not a direct quote from Palmer, but I use him as an example of the voice of OVR. You know...like Coke is to soda.😄-: MorbidDonkey :-===================================
LOGISTICS - Oculus Prototype 1",1370387160.0,97228.0,,,,,0.0,14017.0,Heroic Explorer,
M029,23,35,Setup,17,Installation and Setup,183676.0,,"Here too,Got a tracking number, maybe the complaints helped, maybe not.My order is due to arrive Friday, so I'm happy now.😄yamamaoto",1406700300.0,183490.0,,,,,0.0,649148.0,Honored Guest,
M029,24,35,Setup,17,Installation and Setup,878837.0,,"Seems both sims are getting great Steam ratings - 91% of 170 Steam ratings are positive for the cooking sim - but this does also look kinda awesome:For the paining sim 100% of about 70 ratings are positive - thus can't be better.Btw, I never liked the Steam rating system. What does positive mean? Would a score of 6/10 be positive? Would a score of 4/10 be negative?In theory, if 155 users each rated Cooking Sim 6/10, then it could match the ""91% positive"". In comparison I greatly prefer the Oculus Store rating system, where you easily can see if a game has an average rating of let's say 6/10 or 9/10, even if both ratings may count as positive experiences. 2c.Oculus Rift CV1, Valve Index & PSVR2, Asus Strix OC RTX™ 3090, i9-10900K (5.3Ghz), 32GB 3200MHz, 16TB SSD""Ask not what VR can do for you, but what you can do for VR""",1627663680.0,878765.0,,,,,1.0,928593.0,Grand Champion,
M030,1,28,Performance Issues,29,Technical Challenges,752829.0,Oculus Go 'Teleportation' doesn't work for me,"Hi,I'm new with Oculus Go development. I am following the following link to create a sample Teleportation project.https://developer.oculus.com/documentation/unity/latest/concepts/unity-sample-framework/I tried to load the Locomotion Scene and installed it in Oculus Go, It runs but my Avatar doesn't teleport from one place to another.Please help.",1566197400.0,,,,1.0,,0.0,946753.0,Honored Guest,
M030,2,28,Performance Issues,29,Technical Challenges,189561.0,,"""shekers"" wrote:So looking back at this thread and base on what i remember,North America has gotten one batch that covered ~7 days of order in the past 3 weeks. During this 3 weeks, Europe (i'm really happy for you guys, truely) has not only caught up to NA's queue (which at one point was 2 weeks behind) but surpass it by over 2 weeks of orders.Can wepleaseget an update cybereality on the NA orders.Sometimes, no news is worse than bad news.They're over a month ahead of NA now, I'm fairly confident that within the next few days NA will get a batch that'll put us around the same day EU is at.",1412835660.0,188121.0,,,,,0.0,518482.0,Adventurer,
M030,3,28,Performance Issues,29,Technical Challenges,188676.0,,"""Jphelan93"" wrote:Dang dude, my hopes of seeing this thing anytime soon have gone out the window. Made my beginning of September.  I have been watching so many amazing oculus dk2 videos I'm dying of excitement to try it out for myself. Never even tried the dk1 so I'm hoping for a mind blowing experience!!  :lol:Same here, ordered at 11th july, Germany.",1411662120.0,188121.0,,,,,0.0,,Not applicable,
M030,4,28,Performance Issues,29,Technical Challenges,52425.0,changing diopter dials and adjusting IPD,I was wondering if there was a way to change the diopter dials and IPD (using the initial setup screens) without having to factory reset the headset. Other family members would like to use the unit and take advantage of the setup screens.1,1682360640.0,,,,,,1.0,61497.0,Verified Members,
M030,5,28,Performance Issues,29,Technical Challenges,166027.0,,"""nalex66"" wrote:I don't understand why it is SO important that we know EXACTLY why they are a bit behind their manufacturing target. Will it change anything?It is not paramount, I agree. However, why do you object to asking questions? Asking questions is important. Are you saying you are not at all curious as to the reason of the delay? You don't want to know how many rifts are shipped per batch, and what the priority rankings of countries are?No, Oculus is not obligated to answer these questions, but asking questions shouldn't be discouraged either.",1404814680.0,165490.0,,,,,0.0,351677.0,Honored Guest,
M030,6,28,Performance Issues,29,Technical Challenges,942744.0,i cant Download the Quest 2 for pc app,"hello, I'm faced with a problem I can't install a program for my computer, writes there is no disk space, although there is one, help who knows please.",1643779500.0,,,,0.0,,0.0,1432254.0,Honored Guest,
M030,7,28,Performance Issues,29,Technical Challenges,353898.0,,"I like it but that is standing on the spot and spinning, we are talking about walking to the edge of the room and then to the other side, it will take move than an elastic band to pull the slack back in.With that I have a slightly better chance of getting the wife to agree to rigging on the ceiling rather than following me about with a cable. My odds have gone from never in a million years to never in 1000 years, not bad going.Asrock Z77 Extreme 4 + 16GB RAM 1866mhz + i5-3570K at 4.5Ghz + Coolermaster Nepton 140XL cooler
Sapphire 8GB RX 580 Nitro+
256Gb SDD Samsung Evo 850 +3x2TB in raid 0 with 64GB SSD cache
Thermaltake Level 10 GT Snow Edition + Toughpower 875w",1452583920.0,353878.0,,,,,0.0,1329344.0,Superstar,
M030,8,28,Performance Issues,29,Technical Challenges,159311.0,,"Date: Jun 8, 2014 11:59 PM PDTStatus:READY: We've successfully processed the payment and information for your order. It will be shipped as soon as the items are available in stock.Central US.",1409814060.0,157066.0,,,,,0.0,615199.0,Honored Guest,
M030,9,28,Performance Issues,29,Technical Challenges,24404.0,,",Glad you were able to get stuff up and running. You had generated multiple support tickets around this behavior - in the future please stick to using a single ticket and continuing the conversation in that ticket.You can always submit a new support ticket by simply email customerserviceort.com",1550677080.0,5255.0,,,,,,16658.0,Verified Members,
M030,10,28,Performance Issues,29,Technical Challenges,845956.0,Ark: Survival Evolved is available now on Steam for $59.99 with official support for the Oculus Rift,I was just wondering if this game can be played on Oculus Quest 2 since it is supported by Oculus Rift. I'm a big Steam Game player of Ark: Survival Evolved and I don't want to pay $60.00 for a game that won't work with my new Oculus Quest 2 that is coming in the mail.,1609250520.0,,,,2.0,,0.0,774159.0,Honored Guest,
M030,11,28,Performance Issues,29,Technical Challenges,159425.0,,"June 17, 2014 08:07 PM PDTStatus:READY:We've successfully processed the payment and information for your order. It will be shipped as soon as the items are available in stock.Ontario, Canada!",1410014220.0,157066.0,,,,,0.0,684205.0,Honored Guest,
M030,12,28,Performance Issues,29,Technical Challenges,221169.0,,"I personally think that for that money its ok, yes everyone knows that it cant beat oculus by quality, but I can imagine that it will be fun to use it with smartphone. Also the portability is great. It seems to me like nice project, so I backed this🙂",1406064000.0,221150.0,,,,,0.0,,Not applicable,
M030,13,28,Performance Issues,29,Technical Challenges,363027.0,,"The last of us was a masterpiece not only in graphics but music,style, gameplay,story,acting.  Pretty much all areas, it even portrayed violence as a means of survival.  Gone home was another great little well made game.  Hopefully we will see more non violent games emerge because of VR.  There are so many interesting non violent games mechanisms that could be explored.Visit my amateur homegrown indie game company website!http://www.gaming-disorder.com/",1451355660.0,363024.0,,,,,0.0,560409.0,Heroic Explorer,
M030,14,28,Performance Issues,29,Technical Challenges,174754.0,,"""Robertlebeard"" wrote:I ordered mine on  Mar 19, 2014 10:45 AM PDT and im still pending.  :evil:  :cry:Don't think we should expect to be in the 1st batch. I ordered 10:03 AM PDT and I'm not expecting to be in the 1st batch.CPU: Intel i7 2600k 3.4Ghz 
GPU: EVGA GTX 780 Ti Classified
Memory:16 GB RAM 
OS:Windows 7 64-bit 
Wheel:Logitech G27
HOTAS: X55 Rhino",1406115060.0,174354.0,,,,,0.0,323052.0,Honored Guest,
M030,15,28,Performance Issues,29,Technical Challenges,549990.0,,"Same error on Unity v2017.3.1p3, Oculus Utilities v1.24.0, OVRPlugin v1.14.1, SDK v0.0.0.",1520872200.0,549988.0,,,,,0.0,1214729.0,Honored Guest,
M030,16,28,Performance Issues,29,Technical Challenges,109143.0,,my DK2 will arrive on monday - so you don't have much time left😉:lol:can't wait!,1412868300.0,109047.0,,,,,0.0,593160.0,Honored Guest,
M030,17,28,Performance Issues,29,Technical Challenges,16956.0,,"Hmm - there is a setting that controller that enables and disables that button. On the desktop version of SteamVR under developer settings there's a box that says ""enable VR dashboard"". Make sure that's checked on. That's a good place to start.",1523265540.0,3064.0,,,,,,16658.0,Verified Members,
M030,18,28,Performance Issues,29,Technical Challenges,642593.0,,"Here's my video, Rebellion join me around(41:30)in the video.https://www.youtube.com/watch?v=emWG7ZC_pfM☆ YouTube 'Content Creator' and 'Steam Curator' ( https://www.youtube.com/user/ParadiseDecay ) ☆ Devs! I'm always on the look out for new and interesting VR experiences! ☆ Oculus Rift CV1 ☆ Windows 10, 64 bit ☆ Intel Core i7-3770 ☆ 16.0GB Ram ☆ GeForce GTX 1060",1494806040.0,642569.0,,,,,0.0,381564.0,Rising Star,
M030,19,28,Performance Issues,29,Technical Challenges,829886.0,,mechwarrior1said:Ugh not even sure why I pre ordered it at this point. I was hoping to at least get to download it early so it would be ready. But here I am at almost 1:00 EST and its still locked in the pre order state. Everyone on Steam is already playing it. I will be using Steam for purchases in the future.They won't even let me refund the game.  Bought it yesterday.,1601340900.0,829879.0,,,,,0.0,419571.0,Adventurer,
M030,20,28,Performance Issues,29,Technical Challenges,37649.0,Built file couldn't get eye tracking data.,"I have imported the SRanipal SDK (SRanipal_SDK_1.1.0.1) into my Unity Project.This program works well, and could get eye tracking information on Unity Editor (Unity 2019.2.15).However, This program couldn't get the information as built file (exe).It seems that the built file couldn't Synchronize with SR_Runtime (Ver.1.1.2.0).It has the same result of the new project that just imported SDK.Is it necessary to edit something Unity's Property, in particular, When I build a program.s",1602025320.0,,,,,,,35692.0,Verified Members,
M030,21,28,Performance Issues,29,Technical Challenges,184583.0,,"Note to future self:Post threads to complain about all the devs who preorders the CV1, it's for consumers, every time a CV1 is going to a dev, it is one less going to a consumer...😉",1407282000.0,184525.0,,,,,0.0,166066.0,Honored Guest,
M030,22,28,Performance Issues,29,Technical Challenges,422985.0,BigScreen (Virtual LAN) FREE on Steam!,"I've been watching and waiting for this for a while and yesterday they announced that BigScreen is being released for FREE on Steam today (28th April).For any that don't know about it already it's a bit like Virtual Desktop BUT multiplayer! You can share the room with your friends from around the world. It has positional audio so you know where the person is who is talking. You all have your own personal screens but if you have something you want to show the others you can push your screen to a big screen up front for all to see.It will be great for general chit chat, watching video's or playing games.Although the main app is currently free they may release paid for additions like avatars and extra environmentshttp://store.steampowered.com/app/457550/I've got it installed now and am typing this on a decent sized curved screen on the balcony:smiley:",1461683640.0,,,,22,,6.0,1137436.0,Expert Protege,friends|games|Multiplayer|social|virtual desktop
M030,23,28,Performance Issues,29,Technical Challenges,163482.0,,"""saviornt"" wrote:but the lulz would be epic. Almost as epic as seeing the boot.ini fiasco with CCP  :lol:ok, had to google this one... not being an eve player, didn´t get it at first.🙂yes, that is epic - and I stumbled over a video from CCP, how they handled the situation internally:http://www.youtube.com/watch?v=msXRFJ2ar_E",1410881520.0,163469.0,,,,,0.0,325158.0,Honored Guest,
M030,24,28,Performance Issues,29,Technical Challenges,48884.0,,"On 7/30/2022 at 12:04 AM, C.T. said:Hey there,The latest plugin does not use facial tracking pose node anymore, we have move to livelink.Are you trying to develop metahuman or purely facial tracking content?We had no luck on replicating your issue here in our end actually, let me know what you think about the comment above.ThanksHi，I'm try to develop metahuman in vr mode.I have found the change, but I cant replicate the behave in blueprint if you changed to livelink mode,because I have to package the content to exe files, one for client, one for server.In particular, why you change  Jaw_open : 0 to 15:0 like this.thanks.",1659289380.0,48583.0,,,,,,55672.0,Verified Members,
M031,1,28,Performance Issues,22,Troubleshooting,164805.0,,"*whistles*  *coughs* ""DK2"" *slips back into the shadows......."":mrgreen:EX DK2/VIVE/PSVR/CV1/Q2/PSVR2 | Currently Quest Pro (PCVR) | VR developerRTX 3080 FE / 12900k / Windows 11 Pro",1409551560.0,164769.0,,,,,0.0,8984.0,Heroic Explorer,
M031,2,28,Performance Issues,22,Troubleshooting,57959.0,,"According to past documents, it says that enabling the camera in SteamVR is necessary. However, is this still the case? SteamVR version 2.4.4 doesn’t seem to have such settings, so is it not required anymore?Can someone please help?EditedApril 3by rio_nkwt",1712070300.0,57871.0,,,,,,68368.0,Verified Members,
M031,3,28,Performance Issues,22,Troubleshooting,337765.0,,"Those who have the beta, how does multiplayer work? In Red Bull Air Racing, unlike Reno air racing, the planes go off one at a time in a time trial format. Can't see how it lends itself to multiplayer, my thoughts were with a game like this it has to be a challenge getting a good time (i.e. a sim). A shame if it's not, as I really like flight sims and watching the air racing so was looking forward to this one...",1465315920.0,337717.0,,,,,0.0,203356.0,Protege,
M031,4,28,Performance Issues,22,Troubleshooting,169968.0,,"""Twitchmonkey"" wrote:""Mradr"" wrote:LOL look at the forums😄VR already manipulating everyone's emotions xDI've been waiting for this for a long time, I'm not about to let corporate or moralistic forces bastardize it without a fight. VR has a ton of potential, but there are still ways to screw it up.If you'd ever had to deal first hand with someone emotionally damaged by trauma or abuse you wouldn't be so quick to write off my attitude in this regard. The ESRB is a corporate and moralistic force and you're happy enough for them to bastardise your 2D entertainment. So I guess we now know where you draw the line - when it's somethingyou'reenthusiastic about everyone else can back off, never mind the lives of other people that will inevitably be harmed. It frightens me that people seem to think the way you do.",1404841020.0,169938.0,,,,,0.0,176124.0,Explorer,
M031,5,28,Performance Issues,22,Troubleshooting,6109.0,"(2 of 2) Display FPGA Update keeps failing, any suggestions?","When I start SteamVR, a ""paused"" message appears. A separate window opens stating ""a component of your Vive hardware requires a firmware update to restore it to an operational state"".When I click continue, (1 of 2) Display Update finishes in about 20 seconds.(2 of 2) Display FPGA Update grinds away for about 5 minutes before failing. This renders the Vive unusable.Ive tried reinstalling steamvr, reinstalling my usb drivers, restarting my computer, replugging in everytihing, etc. im out of ideas",1563036360.0,,,,,,,30060.0,Verified Members,
M031,6,28,Performance Issues,22,Troubleshooting,74481.0,,"Sorry, haven't gotten around to looking into the dual cam controller setup yet.I think I discovered one weird trick that can make the super sampling perform better (latency wise). Well, it doesn't actually make it perform better, but prevents it from performing poorly.",1384361220.0,74411.0,,,,,0.0,19251.0,Honored Guest,
M031,7,28,Performance Issues,22,Troubleshooting,852150.0,,"it works. its a technique that's used by the unreal editor and when its done, its the same sort of baked lightmaps as when using a different technique. It should deploy to the quest without any problem and because its baked, it doesn't require raytracing when running on the quest.",1614307680.0,829839.0,,,,,0.0,659374.0,Heroic Explorer,
M031,8,28,Performance Issues,22,Troubleshooting,123634.0,,"I learned there were no actual Rifts when I got mine and it said ""Development Kit"" in white letters on the front, and the box had a letter that started with ""Dear Developer.""",1374125820.0,123633.0,,,,,0.0,8129.0,Explorer,
M031,9,28,Performance Issues,22,Troubleshooting,567997.0,,"lovethissaid:Damn _ I was just about to reinstall it because I haven't played it yet. But now you say they've broken what VR support it had?Just to clarify, I have a DK2 and until recently was able to play Dying Light on 0.5 with the original VR support on a separate install of Windows. I've racked up 130 hours in Dying Light, all in VR, which I suppose would demonstrate that I'm fairly fond of the game.With the latest update that 0.5 support does indeed seem to have been snuffed but the game can still be played via Steam VR, as stated in the OP. However, visually in VR it is nothing compared to its former 0.5 magnificence, and it doesn't play nearly like the same experience either.Hopefully the recent inclusion of eye tracking is a sign that Techland will sometime deliver the VR support to a state that we all can enjoy, but who knows? The game may even be interesting to someone who hasn't yet experienced it in VR before, so please don't let my rant put anyone off.Kind of disappointing to arrive at this juncture, but you know what they say; the devs giveth and the devs taketh away.",1500519120.0,567983.0,,,,,0.0,228178.0,Protege,
M031,10,28,Performance Issues,22,Troubleshooting,606280.0,,2 secs mate ..just been to the curry house ... I need a poo .. and a quick smoke .. you ok with this ?,1491628560.0,606096.0,,,,,0.0,48403.0,Heroic Explorer,
M031,11,28,Performance Issues,22,Troubleshooting,11548.0,,"wrote:Really? After loading the game at least once it should work?Yeah thats how it is for me on anything from Viveport, infact I think I have even had steam games that don't show on the steam library until I have launched them from the PC interface first.",1499312040.0,1646.0,,,,,,16773.0,Verified Members,
M031,12,28,Performance Issues,22,Troubleshooting,328636.0,,"Without the DK2, I wouldn't be playing Elite Dangerous, IRacing at all right now.I have spent some money on a bit of hardware and got my moneys worth 3 times over.Maybe I am a little too easy to please??Anyway, watched a few vids before I bought my DK2 - one came with a warning ""only a Dev kit"" blah blah....I felt my purchase was made with my eyes open and I have no such regret buying it.As for new stuff, having more choice means the consumer getting a better product overall, I believe. I have no allegiance to Oculus or Vive or whomever and look forward to choosing my next HMD.One thing I do know - I cannot go back to monitors to play games......Nosh",1449335460.0,328617.0,,,,,0.0,782938.0,Protege,
M031,13,28,Performance Issues,22,Troubleshooting,27631.0,,This is a call out to anyone who has a rift already please please please make impression videos and such on youtube. not just videos of you simply playing a rift demo or what. but provide feedback and thoughts (hopefully more positive then negitive) that would really help out! don't see that many videos yet up ..but hopefully soon!,1364694600.0,27627.0,,,,,0.0,3564.0,Explorer,
M031,14,28,Performance Issues,22,Troubleshooting,222098.0,,"Like to read?  Cool, check out my author page on Amazon.  I run free promotions all the time, and you might read something you like,http://www.amazon.com/Michael-Scanlon/e/B00KDPB88U/ref=ntt_dp_epwbk_0",1405541220.0,222080.0,,,,,0.0,155552.0,Honored Guest,
M031,15,28,Performance Issues,22,Troubleshooting,28015.0,,"In Death - is a really nice archery gameRacket Fury - a fantastic table tennis gamebut most importantly: Beat Saber.Imho Beat Saber is to VR what Mario Kart is to Nintendo Consoles, a total must-have and so good that even if you play no other game on the hardware it's still worth it. I have 107 hours in that game now, still not boring.",1568235360.0,27786.0,,,,,,31332.0,Members,
M031,16,28,Performance Issues,22,Troubleshooting,568248.0,Would you mind testing my (Vive) game on Oculus?,"Game:BroomsticksVR(109MB) (Free)Hello!I've been developing a Flying/Racing game for a while now for the Vive, and am looking for a couple of people to try out the free version on Oculus, before I release an early access version with a lot more content soon. It's all about racing around on broomsticks, using power-ups and spells to take out your opponents. The tagline is 'MarioKart meets Harry Potter'.It's built in UE4 and I've been mapping the controls to the'motion controller' variables, so I think it should work, but I don't have access to a Rift to test it out.It requires 360 viewing and touch controllers. If you wouldn't mind testing:Controls:Main menuFirstly does it load into the headset correctly?all the 'load level' buttons work by overlapping them with your hand, (so should be fine)the thumbsticks should move you around (eitherhand) (no rotation)hand triggers should let you pick things up. (there are a few things on the table to play around with, not too important)RacesLeft hand should hold a broomstick, Right hand should have a wand.Trigger on left should move you forwardPointing the left controller in different directions moves you about.Trigger on Right should cast spells if you have a power-up.A or B buttons on Right controller should open up a restart-quit menuFree FlightThumbsticks should move you around (either)Hand triggers should pick up or drop itemsA or B buttons should open up a main menuMenu button on left should open up a menu to spawn in items.(note this mode's still quite buggy as I'm mostly focusing on the racing at the moment)Any constructive criticism or any other comments are welcome!Hope you enjoy it!",1495666140.0,,,,8.0,,0.0,904932.0,Honored Guest,
M031,17,28,Performance Issues,22,Troubleshooting,199574.0,,"Thanks for the OSX release, how long until we've got Linux?I've updated the topic, as I'm using Linux I'd like to know why isn't the Mac and Linux SDKs developed in conjunction with each other? They are both unix based OSes after all.😞I know, I know there are discrepancies in X, Cocoa and such....",1407811320.0,199481.0,,,,,0.0,390652.0,Explorer,
M031,18,28,Performance Issues,22,Troubleshooting,149932.0,,"Still grey ^^Developer of One Secret Fantasy
One of the best virtual reality dating gameswww.onesecretfantasy.com",1404189540.0,149573.0,,,,,0.0,34503.0,Protege,
M031,19,28,Performance Issues,22,Troubleshooting,5293.0,One base station not connecting,"I've searched through a lot of the forum, and the vive subreddit and haven't found a solution to my topic yet:So only one of my base stations isn't connecting to Steam VR. Both stations are saying that they are connecting to eachother (Green light with the red dots). Only one of them is showing in Steam VR. One is showing green, one is showing gray. When I have the headset on, it works as if I am running with one base station, so it works ok if I'm facing the lighthouse that's working, but then gray screens if I look at the other lighthouse.When I ""scan for base stations"", it finds both base stations. When I unplug the gray base station, it only scans for one. Plug it back in, then it finds both again.After about 30 minutes of not getting it to connect, the lighthouse will switch from green light to a blue light, and start making a whirring noise. As if it's spinning more than normal and trying to connect. Unplugging it and plugging it back in will get it to go back to a green light with red dots for a while, while still showing not connected (gray) in SteamVR.I have tried:-restarting steam VR-restarting my computer-every combination of channels on each lighthouse (with both using the sync cable and not).-reinstalling steamVR USB drivers-disabling and enabling bluetooth-Turning off the ""power saver"" functionAny help would be appreciated",1551365520.0,,,,,,,28264.0,Verified Members,
M031,20,28,Performance Issues,22,Troubleshooting,256231.0,,"I won't be upgrading anytime soon not with the amount of stuff that is going to be released between now and the end of 2015. What with Skylake, talk of geforce 980Ti, and now there's the 980 8GB in a couple of months, it seems a total waste of money at the moment. The CV1 isn't even out yet and that's the only reason I would upgrade. Even for the 4k screens the 980 4GB isn't good enough, so an upgrade for me isn't on the cards at the moment.",1415911620.0,256206.0,,,,,0.0,165778.0,Honored Visionary,
M031,21,28,Performance Issues,22,Troubleshooting,34641.0,,Looking at the NV control panal it is connected to Intel.,1587681060.0,34627.0,,,,,,36491.0,Verified Members,
M031,22,28,Performance Issues,22,Troubleshooting,75728.0,,"""pictonicstudio"" wrote:When you blink in real life, you blink in the game.Forgive me for asking, but do you have a plan to determine when the player blinks in real life?",1373109300.0,75727.0,,,,,0.0,13913.0,Honored Guest,
M031,23,28,Performance Issues,22,Troubleshooting,308950.0,,"Fair enough.In the mean time, I'll send Holden an email to find out if the fact that they no longer sell the Kingswood in showrooms is an indication that they plan to withdraw from the Australian market.",1443678420.0,308929.0,,,,,0.0,110244.0,Explorer,
M031,24,28,Performance Issues,22,Troubleshooting,135685.0,,"Though, I do have to wonder what the next years will bring now that tracking hardware is required on the new xbone. Will the idea of an avatar that moves in the virtual world to match your own movements become more ubiquitous? The technology in both mainstream hardware and niche seems to be going in that direction.Code Monkey",1384055880.0,135616.0,,,,,0.0,2659.0,Honored Guest,
M032,1,39,Technical Issues,29,Technical Challenges,139658.0,,"MMOs aren't designed to be good games. They're designed by psychologists to be addictive.Last MMO I played was WoW a very long time ago. Luckily I only spent 960 hours in that game on my main character, which is very little compared to the time some of my friends spent. I really wish I spent that time learning to play a musical instrument or something.I don't care about MMOs. They need to disappear.",1404192900.0,139654.0,,,,,0.0,23563.0,Heroic Explorer,
M032,2,39,Technical Issues,29,Technical Challenges,90231.0,,"Thanks for the positive feedback Peejle!  I appreciate hearing anything.Try a room with 64 portals - it will definitely slow down🙂I thought I had a cheap way to get graphics updating more efficiently, but there is an issue with updating skyboxes through the portals correctly, they need to be updated all the time relative to your viewpoint.  In addition, I don't yet render portals to rooms to portals (your depth of viewing portals is ""0"" in the graph being constructed behind the scenes).But yeah🙂I am still really happy with the update.  And if there is an artist or modeller who wants to make a ""gallery"" environment, or a ""text"" environment (something like a library), then FireBox is all set for it.James",1391741340.0,90182.0,,,,,0.0,24162.0,Explorer,
M032,3,39,Technical Issues,29,Technical Challenges,149232.0,,"I would at least like to see the warning only show for the first application launch after a period of inactivity.  As it is you even see it when launching one VR app from another (like the virtual desktop), which is quite a nag.  It should just be once per session.",1406513640.0,149201.0,,,,,0.0,8569.0,Expert Protege,
M032,4,39,Technical Issues,29,Technical Challenges,408821.0,,"""cybereality"" wrote:I'm paying attention, but the international pricing is complex.It's not a fraud, it's basically how much it costs us to get the goods into those countries.ive already posted how much it costs to ship a larger, and heavier box to NZ, from the US. its $70NZD, not $138USD.if thats what it costs for international shipping by american freight companies, then boycott them, they are ripping you off, and by proxy, your customers.",1452228360.0,408771.0,,,,,0.0,1304233.0,Honored Guest,
M032,5,39,Technical Issues,29,Technical Challenges,1043.0,Vive entering and leaving standby at random times during games,"Hey Vive Community and Vive Staff,I have a problem regarding my headset, like the post title says it enters standby for a second turning off the screen and comes back up a second after. I had an RMA of my base stations and after they came back this started. My Headset and controllers were working fine before christmas on exaclty the same setup.I honestly don't know what to do anymore, I tested everything I found on Reddit and SteamVR with no effect. I spent like 3 full work days total, and still couldn't get those blacksreens to not occur anymore.This is what I could see in all the logs of SteamVR - all other logs have no entries during or even around that time:Sun Mar 12 2017 21:01:45.074 - 0 - entering standbySun Mar 12 2017 21:01:45.470 - 0 - leaving standbySun Mar 12 2017 21:17:40.552 - 0 - entering standbySun Mar 12 2017 21:17:40.950 - 0 - leaving standbyI even tried taping the IR sensor inside the headset with no effect, but there are posts on SteamVR Community and iRacing Forums where other members seem to have similar issues with the same vrserver.txt logs.I don't know if the headset or the linkebox has any technical issues. Base stations and tracking seems fine.On a side note I want to say that one of my controllers also is stuck in a blue led since the Base stations are back - but this seems like it this is a different issues, but just in case. Error log in vrserver.txt:Sat Mar 11 2017 17:24:20.385 - Unable to assign controller roles. Trying again in 2.000000 seconds.Sat Mar 11 2017 17:24:22.400 - Unable to assign controller roles. Trying again in 2.000000 seconds.My system specs are:MB: Maximus Hero VIICPU: i7 4790kGPU: Gigabyte 1080 Xtreme VR EditionAny help or suggestions would be really helpful for me and others.",1489376880.0,,,,,,,15948.0,Verified Members,
M032,6,39,Technical Issues,29,Technical Challenges,167505.0,,10:12am USA order and I just got an email saying my order is being processed.Perhaps this is the 2nd batch since they did delay the first batch by a week. Or maybe Im part of the 1st batch but they just now got to it.,1406192820.0,167457.0,,,,,0.0,468652.0,Honored Guest,
M032,7,39,Technical Issues,29,Technical Challenges,481153.0,,Have they used Spain cartography?i7 6700K GHz | Corsair 16GB DDR4 PC2300 | GTX 1080 Ti | Asus z170-Pro | Corsair RGB Strafe Keyboard | Logitech G27 | Oculus CV1 + Touch + 4 Sensors | Win 10 64 bit | Acer Predator x34 z,1481478240.0,481105.0,,,,,0.0,785685.0,Superstar,
M032,8,39,Technical Issues,29,Technical Challenges,28278.0,Hand pose update rate?,"Hi,I found that the hand pose update is kind of slow when the hand moves out the view.This is easy to reproduce:1. put your right hand in front of your head and let the skeleton model show.2. rotate your head to the right or left quickly while your right hand stays at the same position, you will see the skeleton model follows your head for a short while even your right hand in not in the view.I guess it is caused by the hand recognition or pose update rate, not sure if you notice this phenomenon.Thank you",1569528000.0,,,,,,,20999.0,Verified Members,
M032,9,39,Technical Issues,29,Technical Challenges,192044.0,,"""cptpilot"" wrote:Have you actually tried these? Head tracking wasn't working for me in Elite and Radial-GDK2 positional head tracking isn't implemented yet but we're compiling a list of issues here:http://radial-g.com/?p=501",1406268720.0,192031.0,,,,,0.0,,Not applicable,
M032,10,39,Technical Issues,29,Technical Challenges,949530.0,Promo code,"My friend and I bought Quest 2 same time.  He received promo code 30%  off purchase in oculus store notifications and I received nothing.  Talked to oculus support and their answers “promo code was sent randomly only by the system itself”. We cannot help.   Found this disappointing and unfair where my friend get discount and I do not.  When I purchase more games and receive no 30% discount promo code.As a customer,  I felt like brush off when customer support said cannot help.  I did feel good about owning a Quest 2.  Now have second thoughts because some people get promotional discount and other do not. Where is the fairness?  Customer should be all treated the equal.",1646388120.0,,,,1.0,,1.0,1437048.0,Honored Guest,quest 2
M032,11,39,Technical Issues,29,Technical Challenges,417057.0,,"I am excited at the $600 price. I already have the Xbone controller and wireless dongle. After I eBay the unused Oculus bundled ones for $79 we're at $521. Two launch games $60 a piece now the hardware is at $401.The price is excellent.I spent $800 on my cell phone$1200 on my two video cards$300 on a bottle of bruichladdich😄I have a job, and make money.....maybe the haters need to spend less time complaining and more time getting a better job?",1452179460.0,416971.0,,,,,0.0,1276041.0,Protege,
M032,12,39,Technical Issues,29,Technical Challenges,878298.0,,"For my app, I captured screenshots (and videos) on Unity editor and upscaled them to 2560x1440. It is also because to work around another problem that images taken on Quest have a strange color gamut.Hopefully we have easier way...",1627315980.0,870614.0,,,,,1.0,139453.0,Expert Protege,
M032,13,39,Technical Issues,29,Technical Challenges,337128.0,,"the ticket is still open and hasnt been responded to - my order is still in place. id like to keep this one because its march shipping.If theres nothing i can do about it, fair enough, no need to be a jerk about it though hey mate.",1452277740.0,337126.0,,,,,0.0,1152313.0,Honored Guest,
M032,14,39,Technical Issues,29,Technical Challenges,190092.0,,"Order: 9/3Ready and Processing: 10/21Location: TaiwanStatus never change to shipped nor receive any email, but just got a call from FedEx and they will deliver this afternoon!! Yay!",1413975000.0,188121.0,,,,,0.0,555066.0,Honored Guest,
M032,15,39,Technical Issues,29,Technical Challenges,328069.0,,"Ok. My planning atm is finish the code this wheek and start finishing graphics of the demo. I should have the demo finished in no more than two weeks. I might release a pre-share version here to see if all is right prior to submiting as it takes long to submit a fix and people might get pissed if that hits the share.Consider the fact that I've to integrate the vr with the new sdk and fingercross that is better than previosu because it really did suck in many aspects and was mad unstable for the dev part, at least to my experience.I'll do my best to try to integrate an decent floating UI  but dont expect that in teh first release, (decet aimign crosshair yes is already done).",1431828240.0,328011.0,,,,,0.0,157589.0,Explorer,
M032,16,39,Technical Issues,29,Technical Challenges,852717.0,,"You are configured as rift, and it's need to be android(quest),it's not available for rift, only 3rd-party solution available.",1614556020.0,801483.0,,,,,0.0,314736.0,Explorer,
M032,17,39,Technical Issues,29,Technical Challenges,772514.0,Pinball FX2 VR on Sale,"Just a quick note to let you all know that Pinball FX2 VR is on sale at Steam for the next ~40hrs.  Less than 1/2 the price compared to the Oculus store (cross buy with Quest though) and tables seem to be about 1/3rd Oculus prices.  You cannot add Steam bought tables to the Oculus version, and vice versa.https://store.steampowered.com/app/547590/Pinball_FX2_VR/Looks and plays very well with both my Vive Pro and Quest wireless with Virtual Desktop.  Controllers all work fine and you can use and Xbox wireless controller.  Plays fine with my Rift cv1 but I gotta say it's graphics are a bit disappointing, even with 2.0 SS.  I don't think it's native Oculus because I get the Steam Void when I start it up.  Maybe the Oculus Rift store version is better?i9 13900K water cooled, RTX4090, Z790 MB w/wifi6e, 32Gb 6400 ram, 2x2TB SSD, 1000W PSU, Win 11, QPro, Q3, w/Link and Air Link, Vive Pro1 with Etsy lens mod and Index Controllers",1599897660.0,,,,5.0,,1.0,33641.0,MVP,
M032,18,39,Technical Issues,29,Technical Challenges,42910.0,,"erceptionHi any updates on this? If not can I get an email/contact in HTC that I can direct my question too? Once again this is necessary for scientific/academic reasons, so would appreciate if I could get some help.",1634070240.0,42639.0,,,,,,43579.0,Verified Members,
M032,19,39,Technical Issues,29,Technical Challenges,146239.0,,"Got mine locked in at March 19 at 08:46 AM PDT, Rancho Cucamonga, CA...very excited, should be in the first batch!",1404298500.0,146124.0,,,,,0.0,,Not applicable,
M032,20,39,Technical Issues,29,Technical Challenges,973231.0,Distance controllers - sensors,"Hi,I´m a developer trying to create a training app but i need to use one of the controllers, not as a hand but as an object quite separated from the sensors in the helmet. I´ve tried to set a wide boundary room but only managed to separate the control about a 60 inches form the sensors, then it freezes so it seems not to  be working. Is there any way to increase that distance without the sensors stop working or there is a limit?thanks a lotAlex",1657715940.0,,,,0.0,,0.0,449373.0,Honored Guest,
M032,21,39,Technical Issues,29,Technical Challenges,811510.0,,this game is literally why I and many people i know bought VR set.,1586981100.0,810949.0,,,,,4.0,264381.0,Honored Guest,
M032,22,39,Technical Issues,29,Technical Challenges,274251.0,,"54 NA updates onoculus-tracker.Still no reply from support.Still nocyberinfo.Stillpendingfor Jul 25.:?:I don't wanna start working with theOculus VRtechnology through the ""brain f*ck"" position from KamaSutra.",1413396720.0,274094.0,,,,,0.0,206046.0,Honored Guest,
M032,23,39,Technical Issues,29,Technical Challenges,65948.0,,"""MikeArms24"" wrote:New Update 3/27(Ver. 0.293)Karaoke Update - This update is required for tonight's karaoke night. Updated the stage area and props for reading lyrics, fixed mouse cursor and player graphics bugs. There is a much bigger update on the way very soon which is going to enable some features long overdue for Riftmax Theater. Stay Tuned!Sounds great Mike. Sorry I got your and Caine mixed up in the video  :? i will do an updated video when your larger update comes online.Got a game in development or a cool piece of VR tech you want to show off? We are looking for demos, trailers and all things VR. Just send us a mail and we would be more than happy to feature it on our site.http://www.virtualrealityreviewer.com",1395907500.0,65516.0,,,,,0.0,233446.0,Honored Guest,
M032,24,39,Technical Issues,29,Technical Challenges,262487.0,,"1) 4.6.1 from Epic comes with SDK 0.4.3. If you want the latest and greatest - go to Oculus github and get 4.6.1 from there:https://github.com/Oculus-VR/UnrealEngine. You must have access tohttps://github.com/EpicGames/UnrealEngineto get access to the Oculus branch.2) There are a couple issues with that. The good solution is to call HeadMountedDisplay::EnableHMD (either through Blueprint or C++), but there are several issues with it, recently discussed here:viewtopic.php?f=60&t=19511All of issues will be addressed in 4.8 (from Epic) and maybe in 4.7 from Oculus (again, through github).The best solution at the moment is to use EventTick and run 'stereo hmd' console command from there (if you use Epic's version of UE4 - 'stereo on'). To avoid multiple execution you should create something like a singleton with a boolean variable, to exec 'stereo on' only once.",1422250440.0,262483.0,,,,,0.0,3166.0,Expert Protege,
M033,1,39,Technical Issues,16,UE Issues,228267.0,,"I hope we hear something soon.  Obviously a ton of us are eager for information.  What's the harm in letting us know approximately when they will begin shipping?  Something like we are aiming to start shipping next week, or something like that.  Why hold this info back?",1404109980.0,227926.0,,,,,0.0,30350.0,Honored Guest,
M033,2,39,Technical Issues,16,UE Issues,1004342.0,,Can't enable developer mode on Quest 2 or Quest Pro. Same red text banner at the bottom of the screen. Did a factory reset. We are on a time crunch - please fix!,1670221560.0,892227.0,,,,,0.0,1477661.0,Honored Guest,
M033,3,39,Technical Issues,16,UE Issues,50425.0,,"20 hours ago, Daventrik said:Why is everyone referring to RTX4090? I am using RTX 2080 and i have the screen tearing band that moves up and down. This was happening with the last nvidia gameready driver (v.526) This is the bug effect on v.526 drivers. I've downgraded to version 517 and the bug is different now, it's not a band of tearing effect but the glitch now is on the whole screen and different visual effect more like stuttering making it a little better but still present.Have you tried with even an older Nvidia driver?",1671249720.0,49767.0,,,,,,58681.0,Verified Members,
M033,4,39,Technical Issues,16,UE Issues,135965.0,,"what the hell kind of question is that?You bought the devkit for yourself! not because you were tossing coins into a hobo's hand out can....If you cancel it because it's attached to facebook you merely cut off your nose to spite your face.miss out on the biggest thing to gaming since gaming lol, Oculus will be just fine with or without your inclusion.",1395740460.0,135910.0,,,,,0.0,,Not applicable,
M033,5,39,Technical Issues,16,UE Issues,237562.0,,"""shanecolbert"" wrote:I certainly think if DK2 Lunar Flight was available to play, and everyone could see how wonderful it was, then the project would fair much better. Unfortunately, that's out of Shov's hands, and in the hands of Unity and OVR.Going to check out the demo tonight, and back if I like what I see.Sorry to be late to the table.....but Shov can't implement DK2 compatibility due to Unity?  Wow, that's terrible.  Whats the background on this?😞",1410269340.0,237555.0,,,,,0.0,95346.0,Heroic Explorer,
M033,6,39,Technical Issues,16,UE Issues,276406.0,,"Well that's interesting. I viewed the plugins window for the Infinity Blade: Ice Lands level then closed it making no changes and now the VR Preview selection is available. I'll double check the Grass Lands & Fire lands levels too but at at the moment it appears you don't have to change anything, just cause the settings to refresh. That is way cool, as the Infinity Blade assets are very lush and a great starting point for simulations and games.",1445331060.0,276401.0,,,,,0.0,177369.0,Honored Guest,
M033,7,39,Technical Issues,16,UE Issues,67894.0,,"""Sawersadam"" wrote:In Sydney but in Melbourne from time to time.Would be great to get something together.Cool. maybe we can do a meet up that changes from melbourne to sydney etc.I can setup a meetup at meetup.com ..   ill let the post in the forum linger for a bit before starting ... just to see if we can drum up further interest.    Thanks for your support.Our Website:http://www.virtualreality.com.auOur Youtube Channel :http://www.youtube.com/user/virtualrealityau",1377164880.0,67890.0,,,,,0.0,23782.0,Explorer,
M033,8,39,Technical Issues,16,UE Issues,135478.0,,"""3Dpingster"" wrote:Deal:First follow this guide to get HL2 working on DK2 if you have not already done so.http://www.reddit.com/r/oculus/comments/2dkyf7/half_life_2_now_working_with_dk2/Next download all the files for cinematicmod 2013 from here (Make sure you also download the B1 to B2 update:http://mirror.spiffytek.net/ext/cinematicmod.com/Now this is the most important part, next launch the mods ensure the following graphics options are NOT enabled as they dont allow the game to run in 3D.Vignette Post Process EffectSunrays/GodraysFilm Noire ColoursHEv Suit reflectionsSweetFX Post ProcessingGaussain Blur Post ProcessingDept Of Field With AutofocusAlso dont turn on head bobbing.If you have problems with the view FOV looking odd in the game, simply choose the ""Maximum Valve"" setting and it should look perfect. Then you can enable one graphic setting at a time to see what works for you.UPDATE: As i wrote this guide i fixed the clipped shadoows! I think it was because i enabled and unenabled ""Enhanced Bloom effects"".I really dont know if that was what did it, but now the game looks perfect and very beautiful.I was just about to comment back on the few things I found that might help but it looks like you fixed it without me! :lol: Thanks for the guide! I can't wait to get this working, and if you need any help at all let me know! I owe you one now😛",1410699360.0,134444.0,,,,,0.0,263226.0,Honored Guest,
M033,9,39,Technical Issues,16,UE Issues,828986.0,,Same here.  I created a similar post with my unofficial steps (at top of post)https://forums.oculusvr.com/developer/discussion/comment/732890#Comment_732890,1583195100.0,828985.0,,,,,0.0,670961.0,Heroic Explorer,
M033,10,39,Technical Issues,16,UE Issues,235743.0,,"Nailed the scale, good work !It will be nice for the audio coming from the pilot seat if you separated the voices so you could have 3d positioning for the voices, it's simple to do (as they speak one after the other) and will be very effective.How much ""done"" do you consider this demo ? More work on it to come ? or are you finished ?I am sure that, like me you are wishing for emissive photons form emissive materials !What is the point of simulating correct light physics in UE4 if you can't have the light the way you want !Damn thoses point and tube lights !🙂Welcome tohttp://www.SynthesisUniverse.comit's out there, on the Oculus Share :https://share.oculus.com/app/synthesis-universe--maze--intro-experience",1397875560.0,235733.0,,,,,0.0,3668.0,Explorer,
M033,11,39,Technical Issues,16,UE Issues,164874.0,,Yea I would come back in a yea or so. Stick with Elite Dangerous,1401856440.0,164872.0,,,,,0.0,284130.0,Honored Guest,
M033,12,39,Technical Issues,16,UE Issues,192572.0,,OK so what do I need to do to get DCS working with DK2 and an ATI card? Is there a DCS source out there?,1406896380.0,192526.0,,,,,0.0,314057.0,Honored Guest,
M033,13,39,Technical Issues,16,UE Issues,158337.0,,"Date: May 11, 2014 07:21 AM PDTStatus:PENDING:Germany, DüsseldorfDo you think it's realistic to get the ""shipped Mail"" next week?Asus Strix GTX980; Intel Xeon E3-1231v3 4x 3.40GHz So.1150

Elite:Dangerous and StarCitizen Supporter

Saitek Hotas X55 Rhino 
Oculus RIFT DK2 - sold
Oculus CV1 - canceled
HTC VIVE - Pre-Ordered",1408660380.0,157066.0,,,,,0.0,410793.0,Honored Guest,
M033,14,39,Technical Issues,16,UE Issues,116880.0,,"Delivered On:Wednesday,  02/10/2013 at 15:16It's here under my desk!!!  Finally!!!!!!!!!!!!Intel i920 12gb ram, Windows 7
Nvidia GTX 970 4gb, 120gb SSD, OR Dev Kit 1&2",1380667800.0,116298.0,,,,,0.0,98211.0,Honored Guest,
M033,15,39,Technical Issues,16,UE Issues,361986.0,,"An RPG hack and slasher,,Severance also known as Blade of Darkness. Caves, dungeons, castles,orc's, progressive skills",1479535380.0,361795.0,,,,,1.0,268940.0,Explorer,
M033,16,39,Technical Issues,16,UE Issues,204071.0,,"I'd like to say NOPE but the real answer ""it depends"" - some people are prone to that and others are not, however eventually all of that after-effects will be gone completely and you'll have RL-VR transistion going seamlessly.",1400678820.0,204068.0,,,,,0.0,226987.0,Explorer,
M033,17,39,Technical Issues,16,UE Issues,279156.0,,"Thanks for more positive feedback guys.  I'm still waiting for Oculus Share to approve it.""saviornt"" wrote:PrioVR.Actually, how would this work on say.. gearVR? With Gear, priovr, and a dojo, this could be freaking amazing😄Yeah... that would be awesome.  Positional tracking on the GearVR would be great.  Being able to take a step while you are untethered makes VR much more immersive.""Shadowdawnz"" wrote:From a Animator perspective, if possible, could you make a more seamless transition from attack to idle? Would be pretty cool and i'm sure would add to the immersion. If it was done in Unity, it's been a while, but within the editor there should be some settings you could tweak to achieve those results.Yes it's a Unity program, and the animations can definitely be improved.  I was missing some animations that I needed (such as the fighter stepping forward and to the sides) so I had to improvise.  I'll look into tweaking the animation settings so the transitions are more smooth.""bud01"" wrote:imagine the future in which you can get into a VR wing chun training / combat session online... Yeah that would be pretty sick, for people that have a wooden dummy and some how it is intergrated into the VR experience so that you get trained on how to use the dummy by VR, like guitar rocksmith but for wing chun moves lol.Wing Chun was actually one of the first martial arts I took many years ago.  At one point I tried to actually build a primitive Wing Chun DOS application using an old joystick.I do want to develop some type of multiplayer combat application.",1426352100.0,279146.0,,,,,0.0,28758.0,Explorer,
M033,18,39,Technical Issues,16,UE Issues,357383.0,,"""willste"" wrote:Though portal may naturally lend itself to room scale gaming since the story lends itself to unique moment methods and closed spaces.Apart from when you try to run through a portal...  :lol:Asrock Z77 Extreme 4 + 16GB RAM 1866mhz + i5-3570K at 4.5Ghz + Coolermaster Nepton 140XL cooler
Sapphire 8GB RX 580 Nitro+
256Gb SDD Samsung Evo 850 +3x2TB in raid 0 with 64GB SSD cache
Thermaltake Level 10 GT Snow Edition + Toughpower 875w",1452843600.0,357322.0,,,,,0.0,1329344.0,Superstar,
M033,19,39,Technical Issues,16,UE Issues,178545.0,,I am still mad that I am not taller and blonde...This space available for advertising.,1404805260.0,178536.0,,,,,0.0,143464.0,Explorer,
M033,20,39,Technical Issues,16,UE Issues,63583.0,,No rush on my part!  Looking forward to seeing the updates  thanks again!,1384825920.0,63555.0,,,,,0.0,13306.0,Explorer,
M033,21,39,Technical Issues,16,UE Issues,847416.0,,[Update] Using the Oculus build of the engine from github fixed the issue!,1604707320.0,847415.0,,,,,1.0,,Not applicable,
M033,22,39,Technical Issues,16,UE Issues,215843.0,,"Have a read of the Alan Dean Foster novel Cyberway. It's about this.Actually, just read every Alan Dean Foster book, they are all awesome.🙂Author:Oculus Monitor,Auto Oculus Touch,Forum Dark Mode,Phantom Touch Remover,X-Plane FixerHardware: Threadripper 1950x, MSI Gaming Trio 2080TI, Asrock X399 TaichHeadsets: Wrap 1200VR, DK1, DK2, CV1, Rift-S, GearVR, Go, Quest, Quest 2, Reverb G2",1403372520.0,215833.0,,,,,0.0,11.0,MVP,
M033,23,39,Technical Issues,16,UE Issues,526191.0,,Thank you for your help!Your scene works on my side BUT it is not exactly what I am trying to do.To reproduce my problem:• Deactivate your Camera (4)• On the Camera (0) add FPSWeapon to the Culling Mask list.You'll see that the Cube (4) correctly renders on top of others in Unity but appears to be behind other cubes in the Gear VR.,1478196420.0,526189.0,,,,,0.0,715995.0,Explorer,
M033,24,39,Technical Issues,16,UE Issues,106966.0,,"""BodhiSatvah"" wrote:Turns out, it was just the paperwork that was held up in customs... the actual order had just left California, and is now heading here (Ontario.) 46xxx Will arrive this Wednesday. Stellar!That is exactly what happened to mine. Except that the paperwork was not cleared as I had the company name on the delivery information. They called me to ask for the name/contact of my broker.As soon as you have the name of a company on it, they will cease trying to broker it and call you and ask for your broker.At that point you can try and self broker, if you want.Intelligence... is not inherent - it is a point in understanding.Q: When does a fire become self sustaining?",1373839080.0,106960.0,,,,,0.0,8465.0,Protege,
M034,1,40,Troubleshooting,22,Troubleshooting,190732.0,,"Very nice. Didn't get to read the whole article, but it seemed in-depth.AMD Ryzen 7 1800X | MSI X370 Titanium | G.Skill 16GB DDR4 3200 | EVGA SuperNOVA 1000 | Corsair Hydro H110i
Gigabyte RX Vega 64 x2 | Samsung 960 Evo M.2 500GB | Seagate FireCuda SSHD 2TB | Phanteks ENTHOO EVOLV",1400032620.0,190730.0,,,,,0.0,3173.0,Grand Champion,
M034,2,40,Troubleshooting,22,Troubleshooting,126853.0,,"Time Rifters Laser Gun & Double-Slit ExperimentThe laser gun is another brand new weapon that we've added to Time Rifters. The base weapon is pretty powerful but add upgrades like wave damage, shoot through multiple enemies, and acid to cause even more destruction.BASEUPGRADEDWe thought a double-slit upgrade (as explained in theDr Quantum - Double Slit Experimentvideo) would be perfect for the laser gun. Our plan was for the gun to emit a wave that causes damage to any enemy it collides with, however the combination of the long-range laser and short-range double-slit upgrade are not as much fun as we hoped. We still want to have the double-slit in the game, we just need to find the best way to use it. Any suggestions?Time RiftersProton Studio",1397026260.0,126796.0,,,,,0.0,115461.0,Honored Guest,
M034,3,40,Troubleshooting,22,Troubleshooting,15063.0,,"the report is quite long, what's the best way to send it to you?",1515411300.0,2575.0,,,,,,20216.0,Verified Members,
M034,4,40,Troubleshooting,22,Troubleshooting,781895.0,,So... turns out that one of the gripTransf has the wrong rotation. It should also be roated 180deg around the y axis.Doing this on the CustomRightHand prefab solved my troubles.,1576277460.0,781894.0,,,,,3.0,704615.0,Explorer,
M034,5,40,Troubleshooting,22,Troubleshooting,131635.0,,This is my single most favourite rift experience so far.  Thanks so much🙂First night in survival mode was terrifying.,1375315440.0,131619.0,,,,,0.0,2718.0,Honored Guest,
M034,6,40,Troubleshooting,22,Troubleshooting,520076.0,,I own Onward and use the Rift with 3 sensors 2 on ceiling in opposit corners of each other and the 3rd is set upright facing me . In steam VR be sure to run the Room setup it's best to use front facing but you still have room scale movement. I don't have any 360 % tracking issues at all with this setup. In my opinion i think it's the best touch game out.,1483149540.0,520074.0,,,,,0.0,94492.0,Expert Protege,
M034,7,40,Troubleshooting,22,Troubleshooting,377659.0,,"""Snappahead"" wrote:""galuz"" wrote:Wait... people who invested in a kickstarter, did they get a rift?Yes, backers who bought in to the KS for $300 or more will get a free CV1.I don't mean CV1, I mean DK1?",1452030540.0,377565.0,,,,,0.0,705052.0,Adventurer,
M034,8,40,Troubleshooting,22,Troubleshooting,210630.0,,"Fortunately I already had a bunch of stuff as I've been sim racing for a while.I have an obutto gaming chairFanatec club sport wheel and pedalsI do video/music production as my  main job from home so lucky to have 3 PCsPC 1 (hackintosh)i7 4770GTX 770PC 2i7 4930GTX 670PC 3i5 2500GTX  670Not sure if the 2 670s in SLI will work better than the 770 for DK2Was thinking of getting a flight stick too.., any recommendations?",1405312740.0,210619.0,,,,,0.0,266293.0,Protege,
M034,9,40,Troubleshooting,22,Troubleshooting,230033.0,,"I have no doubt that they can work out a working hmd. However, they fail miserably in the marketing department. The Nepveu guy is killing it.",1412372520.0,230011.0,,,,,0.0,3267.0,Explorer,
M034,10,40,Troubleshooting,22,Troubleshooting,173052.0,Pre-Ordering the DK2 from Germany (VAT/Taxes/Shipping),"HelloI allready have the Oculus Rift DK1 and want to Pre-Order the DK2 as fast as possible, but I wonder why I have to pay the VAT direct at purchase and not at the German custom-service like I had to do last time with the DK1?Cause the Shipping to Grmany is always expencive, two colleagues of mine and I want to order together but it seems the shipping cost just add, so the shipping cost would be 165$, is there any possibility to get a combined shipping?I have allready contactet the Support about this, but they seem bussy and I havent recived an answer for the last three days.Best regardsPatrick",1395939480.0,,,,0,,0.0,207850.0,Honored Guest,
M034,11,40,Troubleshooting,22,Troubleshooting,219463.0,,"""r32godzilla"" wrote:I didn't see anything about it landing in Sydney firstWe know it landed in Sydney first because OVR use a third party logistics company called Commercial Freight and Logistics Pty Ltd who only have a warehouse in Sydney.For anyone else not in Queensland whose tracking info alarmingly says their Rift is in Underwood, Qld - I rang Aussie Post this morning and they were pretty useless. I learned the following, for what it's worth:1. It's not a tracking error - the package is definitely in QLD.2. It could be a sorting error (no kidding) but she didn't know if it's possible, under normal circumstances, for logistics to dictate that a package would take a weird route.3. They won't help until after the target delivery date is missed. For me (Melbourne) this is 2nd October.",1412058660.0,217814.0,,,,,0.0,413239.0,Protege,
M034,12,40,Troubleshooting,22,Troubleshooting,43017.0,,"well. Im *happyface* now. all I got to say is thank you oculus, and it took long enough to show america some love. c;Order 514XX. Status arrived.",1374248940.0,41227.0,,,,,0.0,24423.0,Honored Guest,
M034,13,40,Troubleshooting,22,Troubleshooting,214017.0,,"Patience,yours is next to mine in the red one, at the bottom, on the left...I felt there was no reason to change my Avatar from last time!Check out Orbulus... lose yourself for a bit. (Unabashed plug)Feel free to drop by....http://www.VRCraftworks.comand contact us",1405384080.0,213987.0,,,,,0.0,36214.0,Honored Guest,
M034,14,40,Troubleshooting,22,Troubleshooting,155463.0,,"When I backed the Kickstarter for $300, this was what I pledged for:EARLY RIFT DEVELOPER KIT + DOOM 3 BFG: Try the Rift for yourself now! You'll receive a developer kit, perfect for the established or indie game developer interested in working with the Rift immediately. This also includes a copy of Doom 3 BFG and full access to our Developer Center for our SDK, docs, samples, and engine integrations! (Please add $30 for international shipping)I got exactly what I paid for, plus a very nice case to put it in.  Sure, DOOM 3 BFG didn't pan out, but we already know why that is, and Oculus already made amends by offering other things like Steam credit or Oculus store credit.   On top of these tangible goods, I also got myself a new hobby, and something to be excited about for a full year and a half (and hopefully for many more years).So... the answer to your question is no.Titans of Space PLUSfor Quest isnow availableonDrashVR.com",1395811200.0,155455.0,,,,,0.0,13437.0,Heroic Explorer,
M034,15,40,Troubleshooting,22,Troubleshooting,206900.0,,"""acarrilho"" wrote:""Phil2003"" wrote:Any hints on this? I bought it on Steam, but just cant play it. I wanted to try the demo first, but im unable to download anything from the Oculus share (the ""Accept"" button does nothing for me, no matter the browser).I just get 2 different images on the Rift... with the Rift as my main monitor. All the other demos work fine so far, just this one wont.Are you starting the game from the Steam window? Right-click and select the Oculus option. Doesn't need to be primary. Might not work with direct, try extended mode as well.Argh, shouldve read the first post... adding -vr to the start options did the trick. Funny game!🙂",1410221220.0,206872.0,,,,,0.0,,Not applicable,
M034,16,40,Troubleshooting,22,Troubleshooting,541233.0,,"I bought it, I hate RPG and Dungeon games, I like to see green and trees, But I'm enjoying the game so far!!I don't know if it's my system or the Game, but loading times are really Long and to bad the celtic music during loading times, E wonderful song, but with such loading times it's getting annoying. After you start playing and you forget about it.I had a Game load issue only once, it made me start from the beginning again, I just repeated the loading procedure and luckily the game continued from where I left it.Other positive things are the hidden treasures, makes you want to repeat levels once you have other skills.",1498490820.0,541228.0,,,,,0.0,219040.0,Protege,
M034,17,40,Troubleshooting,22,Troubleshooting,293295.0,,"Ok an update .By putting the DK2 in extended mode , and selecting graphics options - extend  , I have now detected the DK2 as a digital monitor and rotated it 90 degree. I thought I had tried all these things months ago...I can run it in clone mode only at a very low resolution . This is because the laptop max resolution is only 720 X 1360 I can run it as sole monitor at 1080 X 1920 but as it is in extended mode , the run demo scene button stays disabled. So I am guessing now that if I can run anything on it it will have to be in extended mode only .If the laptop had native 1080p I would be able to run Direct to Rift mode then ?I notice many apps only seem to come with a direct to rift compilation and I have to admit that Direct to Rift seems to run flawlessly these days - I rarely have to use the VR Manager any more .So I am stuck with extended mode as the laptop is not capable of the same native res as the DK2 ?",1429647720.0,293294.0,,,,,0.0,445961.0,Explorer,
M034,18,40,Troubleshooting,22,Troubleshooting,48227.0,How do I see the framerate in a UDK build?,"I tried using ""Stat FPS"" in the console, but I don't see the FPS shown anywhere?",1372587480.0,,,,1.0,,0.0,13437.0,Heroic Explorer,
M034,19,40,Troubleshooting,22,Troubleshooting,175948.0,,"""tirako"" wrote:So the china shipping is going on.that's really good news.But I got this:Transaction has been declined [Error: This transaction has been declined]I had check my credit card and it's fine.Is there anyone see this before?Fine as in there are no daily credit limits or holds on the card?-Stuart Bradley Newsom

HS-51XXXXX  Mar 21, 2014 01:09 AM PDTDELIVEREDPortfolio:http://sbnewsom.comFacebook:Click Here",1407237780.0,174354.0,,,,,0.0,18952.0,Honored Guest,
M034,20,40,Troubleshooting,22,Troubleshooting,54333.0,Back to Hogwarts - Walk and fly around the school - V.0755,"Hello Rifters,am I the only one, who wants to walk and fly around Hogwarts castle? I don't think so - so here's my solution:BACK TO HOGWARTS- a free, non-commercial fan project -HogwartsFlugsmall.jpgIt's Version 0.755, but the FINAL VERSION, because I'm running out of my trial license. :cry:Being an absolute beginner, - with no idea of programming -, to the whole topic, don't expect too much. It's just a (huge) demo to walk around Hogwarts on 4 terrains (only 2 more or less ""finished"") with a great looking Hogwarts model (made by DANIO MORENO), music (by HORRORPEN) a lake with an island and a tower on it, forests, animals, farm etc, etc ... and of course a working flying broomstick to fly over it all...Although there would be so much to do (stop the ""funny moving"" of the trees (!), terrain design, repair the corrupted and adds the rest of the Hogwarts model; Adding:  animations, Hogsmeade station, Hogsmeade village, more animated animals, a unicorn, griffon, dumbledore, more sounds, more interaction, game components etc, etc.....), but as I said, I'm running out of the license...Before you start 2 things: :!:1)!!!! ATTENTION: Takes a long time after the ""Powered by Unity"" sign to start !!!!!!2) Two issues (without solution yet): :oops:The tunnel:Normally it takes just a few seconds, but sometimes it seems, that you are stuck in there. You might have to wait to get to your destination. Wait and don't move!Mounting the broomstick for the first time:Sometimes it doesn’t work! No idea, why. No solution yet. You have to start the demo again.!!!! GAMEPAD must be ready before starting the demo to work correctly!!!!I recommend to read the""READ ME"" PDFbefore starting (while downlaoding the demo e.g.). Download it here:https://www.dropbox.com/s/6gftfhfgnfhsd9d/Back%20to%20Hogwarts%20V0.755-%20README.pdfAnd the Demo of course - ""Back to Hogwarts - V.0755""WINDOWS 32-Bit :https://www.dropbox.com/s/8nd52x7m9hibf0k/BackToHogwartsV0755.zipmirror:https://www.mediafire.com/?debkh1ej9di253yLinux built:https://www.dropbox.com/s/o2cveavkjc1fdwk/BacktoHogwartsLinux.zipMac built:https://www.dropbox.com/s/w5bp20cj27dh7e8/BacktoHogwartsV0755MAC.app.zipBACK TO HOGWARTS - THE DEMO""LEVEL 1"" - In the moodYou are at a - very well known - place, enjoying your holidays. While watching the sea and mountains, listening to the seagulls you get in a mood and remember the time at your old school of witchcraft and wizardry. Perhaps there's a way..... Well, why not visiting the OWL statue in the garden....(BTW: Do you know, what the floo network is ??? )""LEVEL 2"" - Back againOf course you know, that there is no direct way to Hogwarts castle, whether by apparation nor by floo network. And so the network transports you to a forest nearby. Follow the way down to Hogwarts Lake. Being there, you have the choice:Go left and follow the way around the lake, passing some sheep and may visit a small farm and follow the way to the Boathouse (you should visit it!) and climb up the stairs to castle Hogwarts – and/orGo right to the ""Crow Tower"" on the island in the lake. Find your hidden broomstick (if you need a way to reach the island - there will be one – remember, it’s Hogwarts nearby😉)Of course, if you fly on your broomstick, you can land everywhere on - even as possible - ground (Terrain & Crow Tower & big courtyard at the entrance of Hogwarts & inside Quidditch stadium & in ONE Hogwarts tower – with the dark brown wooden floor)But don't smash Hagrid's pumpkins with your broomstick !!!😉)I recommend to walk around first and then fly over the scene you have seen as a pedestrian before. But that's up to you. And the terrains on the right aren't finished (and so ""empty"") yet...I also recommend to stay while walking around and to sit while flying...For Game Controls - read the ""Read Me"" file please!!!!I hope you enjoy hiking at hogwarts lake and flying over Hogwarts as much as I do....😄GunairPS: Again, big ""Thank You"" to DANI MORENO and ""HORRORPEN"" and to all makers of the used assets...LocomotionVR.de - Virtual reality in eMotionhttp://www.locomotionVr.deOrganizer ofHANNOVER VIRTUAL REALITY MEETUP& Member ofCOLOGNE VIRTUAL REALITY MEETUPDK2 Status:OWNER SINCE 04.AUG.14Ordered: Mar 19, 2014 09:52 AM PDT",1389308580.0,,,,44.0,,0.0,140898.0,Explorer,
M034,21,40,Troubleshooting,22,Troubleshooting,298212.0,,"""blackguest"" wrote:""shannonb1"" wrote:After the last update I'm not expecting much.Signed the pessimistAh, have hope!  At least wait until it's released before starting the hate.  If anything, we should encourage and support frequent, even if small, sdk and runtime updates.Lol, well if its set to drop this week, follow the Oculus rule of 3....meaning add at least 3weeks/3months",1413955680.0,298203.0,,,,,0.0,3388.0,Explorer,
M034,22,40,Troubleshooting,22,Troubleshooting,424786.0,"Compositor or NVIDIA driver bug when GPU is not busy enough (DK2, GTX750)","Reproducible with OculusRoomTiny (DX11), OculusWorldDemo (DX11)I have a DK2 and an NVIDIA GTX750, which is lower than the recommended spec, but should be enough for development purposes, as I can control how much work I give to the GPU in my engine.The issue is that if I don't give the GPU enough task, after some seconds, the Compositor GPU Time goes up gradually: First 1.7msec, after a second about 3msec then another sec later 5ms, and goes up to 11msec. Queue ahead also goes up to 10msec, and Missed V-sync count goes up continuously, as if every other V-Sync is missed. (In the first seconds there is no V-Sync miss)I can fix it if I render the whole scene several times in OculusRoomTiny.Oculus WorldDemo and Oculus Home works by default, because they give the GPU just enough work. But if I comment out the RenderEyeView() call in OculusWorlDemo, I experience the same problem. A simple Sleep() does not seem to work, I have to actually keep the GPU busy.Everything worked fine with the 0.8 runtime.The issue is either with the Oculus Runtime 1.3 or with the new NVidia driver (364.72). (And maybe only on DK2?)Also, maybe related to this bug, ATW does not seem to work on my setup. When I have the above mentioned V-Sync miss every other frame, I get a kind-of ghost effect, as if two frames are blended together. It is worse than having normal judder I think.While I intend to buy newer video card and a CV1 when I will have some money to spare, I would like to make progress with my development until then. So it would be cool to make this stuff work propery on my current setup. As a workaround, ,can I switch off ATW or dynamic queue ahead somehow?",1459614060.0,,,,6.0,,0.0,310264.0,Honored Guest,
M034,23,40,Troubleshooting,22,Troubleshooting,954764.0,,"Same issue here. Built the example scene to Quest, Everything initializes as expected, but when it gets to SetPlatformCameraMode it remains ""Disabled"" after the call to set it to ""Initialized"". Does this feature only work with an MRC compatible iPhone?",1648437780.0,866334.0,,,,,0.0,454963.0,Explorer,
M034,24,40,Troubleshooting,22,Troubleshooting,104923.0,,"I really love the concept you got so far! Would like to see some sort of robotic arm, to mimic seated movement and leaning.",1392940920.0,104898.0,,,,,0.0,329864.0,Honored Guest,
M035,1,40,Troubleshooting,21,Bug Reporting,505634.0,,"n are you detecting controllers or plan to in the future? I was planning on doing that, but I don't have a Touch yet (not even a shipping email) so I don't know the best way to detect it is.In OpenVR I was going to use either vr::Prop_ModelNumber_String or vr::Prop_Axis0Type_Int32. I do know that the axis type doesn't work with the Hydra (always returns vr::k_eControllerAxis_TrackPad instead of vr::k_eControllerAxis_Joystick), while the model number returns ""Hydra"" and ""Vive Controller MV"" (not really numbers but still different). I was hoping to special case Hydra through the model number and then use axis type for all other controllers assuming that axis type is accurate for the Touch. So I am curious if you have plans and/or if you have looked at these?char modelNumberString[ vr::k_unTrackingStringSize ];int axisType;const char * axisTypeString;hmd->GetStringTrackedDeviceProperty(g_openVRLeftController, vr::Prop_ModelNumber_String,modelNumberString, vr::k_unTrackingStringSize );axisType = hmd->GetInt32TrackedDeviceProperty( g_openVRLeftController, vr::Prop_Axis0Type_Int32 );axisTypeString = hmd->GetControllerAxisTypeNameFromEnum( (vr::EVRControllerAxisType)axisType );common->Printf(""openvr: left model number \""%s\"" axis type %s\n"", modelNumberString, axisTypeString );",1481243760.0,505595.0,,,,,0.0,18776.0,Expert Protege,
M035,2,40,Troubleshooting,21,Bug Reporting,847235.0,,"I'm left-handed, but always use left thumbstick for locomotion. You can carry a gun in each hand - no problems with left-handedness there.Oculus Rift CV1, Valve Index & PSVR2, Asus Strix OC RTX™ 3090, i9-10900K (5.3Ghz), 32GB 3200MHz, 16TB SSD""Ask not what VR can do for you, but what you can do for VR""",1604609880.0,847234.0,,,,,0.0,928593.0,Grand Champion,
M035,3,40,Troubleshooting,21,Bug Reporting,234529.0,,"That's great. But I'm still hoping for ""Oculus rift lets scientists design molecule to cure cancer"". We need some medical and chemistry visualisation software on the Rift. Biology wouldn't be anywhere near so hard if we could just walk around inside a simulation of a cell. Admittedly that's still a long way away.Currently working on Dolphin VR
Follow along:https://github.com/CarlKenner/dolphin/commits/VR-HydraLatest Version:viewtopic.php?f=42&t=11241&start=1020#p249426",1397935080.0,234526.0,,,,,0.0,3664.0,Adventurer,
M035,4,40,Troubleshooting,21,Bug Reporting,535831.0,,"Storm_Cloudsaid:Cheers. There's enough comments to convince this is a game worth playing, but at a premium price I would expect a dozen or more hours out of it. I am the  type of player to milk a game so sounds like that's definitely possible. Longest game I've played so far is Damaged Core, which I though was totally worth the money.I think the big disparity in game times is simply due to the fact that there are puzzle elements to this game. How long it takes a person to either - figure out, or use a guide to get past a given problem can differ greatly. I got about 12 hours out of this game and I believe I consulted a guide twice. I usually consult a guide if I'm stuck for longer than 2-3 hours.All of the Oculus Store games are kind of a bit more expensive than they really should be, I'm guessing the justification is ""that it's VR"" and therefore higher quality. I think this is a fallacy, even though you have a higher quality experience due to VR, those design issues don't really cost more to the developer and the higher price is unwarranted IMO.We should be aiming for play-time-to-price ratio's that is equal or comparable to that of flat games. With that said, I think Chronos comes closest to ""reasonable"" of the Oculus exclusive games that give you a decent play time for the purchase cost.",1478506560.0,535772.0,,,,,0.0,1166878.0,Trustee,
M035,5,40,Troubleshooting,21,Bug Reporting,155419.0,,"I've used the forum technique and it works pretty well, but then I wanted more dynamic skies so I tried out Time of Day(https://www.assetstore.unity3d.com/#/content/7316) and it works great with the rift. If you got the extra coin its definitely worth it.",1398815220.0,155416.0,,,,,0.0,167023.0,Explorer,
M035,6,40,Troubleshooting,21,Bug Reporting,564161.0,,"battleaxe39said:In multiplayer can someone be in vr and another in non vr?, I only ask because there might be some advantages or disadvantages to playing in either modeWe're not there yet, but in the future a ""VR player"" could become a class of it's own in such mixed games, a class that is only selectable by VR users, and that indeed has unique capabilities (advantages and disadvantages) over the ""mere non-VR mortals"" playing with him🙂Tricky to balance for PvP, but not for cooperative modes.",1497043560.0,564148.0,,,,,1.0,360688.0,Superstar,
M035,7,40,Troubleshooting,21,Bug Reporting,57304.0,,"Most exellent posts! I love the feet and waist sensor idea, if properly implemented it could make your avatar truly move insync with you.I can't wait to see it in action!By the way, I not american so metric is fine with me.",1370109240.0,57285.0,,,,,0.0,231863.0,Honored Guest,
M035,8,40,Troubleshooting,21,Bug Reporting,36303.0,,"Hello!I am trying to setup tracking without headset using the null driver according to the Triad guide.I am facing an issue""The base station is not currently tracking.any devices. Make sure it is in view of your headset."".My devices from system report are listed below. I would appreciate if anyone could help.Device 1 - Serial Number Headset Null Model Number NullDongle Version: 68A7C206D9 Version: 1461100729 / 0Camera Firmware: Version not available.VSync to Photons: 0.0111111Display Frequency: 90User IPD (m): 0.063Current Universe ID: 2Previous Universe ID: 0Device Path: /devices/null/Null Serial NumberBest Alias: /user/headDevice 2 - Tracker VIVE Tracker Pro MV HTC LHR-3FD8FA1AFirmware: 1541806442 RUNNER-WATCHMAN$runner-watchmanr-watchman 2018-11-10 FPGA 531(2.19/7/2) BL 1513896911Hardware Revision: product 132 rev 2.0.6 lot 2000/0/0 0Hardware Id: 0x84020006Watchman Firmware: 1541806442 / 0 (2018-11-10)Watchman FPGA: 531 / 531 (2.19)VRC Version: 1541806442 / 1541806442 (2018-11-10)Radio Version: 1518811657 / 1518811657 (2018-02-16)Dongle Version: 1461100729 / 0 (2016-04-20)Supported Buttons: 0Connected Dongle: 68A7C206D9 Version: Unknown VersionDevice Path: /devices/htc/vive_trackerLHR-3FD8FA1ABest Alias: InvalidDevice 3 - Base Station HTC V2-XD/XE HTC LHB-154111B3Firmware: 436Hardware Revision: 0x09000009Hardware Id: 0x09000009Firmware Version: 436 / 436Mode: BFOV Left: 60FOV Right: 60FOV Top: 60FOV Bottom: 60Range Minimum (m): 0.5Range Maximum (m): 5Device Path: /devices/lighthouse/LHB-154111B3",1593645900.0,33314.0,,,,,,38512.0,Verified Members,
M035,9,40,Troubleshooting,21,Bug Reporting,74584.0,,"The idea has merit. Eventually we will be at the stage where Star Trek style full body scan and diagnosis is possible. However, that stage probably won't be for another two or even three decades. Maybe more, maybe less depending on technological advancements. I personally though would say between five years to a decade at the most.",1377378180.0,74574.0,,,,,0.0,232415.0,Honored Guest,
M035,10,40,Troubleshooting,21,Bug Reporting,202750.0,,"Anyone who purchased Alien Isolation via Steam, can you try this test version before I push it as an official update?Just replace your VR Launcher executable with this one:http://www.mediafire.com/download/13qm456v65wbjbf[Obsolete] Oculus Service Manager-https://developer.oculusvr.com/forums/viewtopic.php?f=26&t=11395[Unofficial] VR Game Manager-viewtopic.php?f=26&t=12754",1412900760.0,202568.0,,,,,0.0,283577.0,Honored Guest,
M035,11,40,Troubleshooting,21,Bug Reporting,37546.0,,"1 hour ago, Shogun Shepherd said:Same here... except I at least got 5 month's worth of mine, then all of a sudden black screen after black screen. And it comes back after 5 seconds but either with or no audio it's a 50/50 chance. I think it has something to do with the cord from the headset into the link box. Maybe it's just flawed engineering. I've noticed the area of the cord around the velcro holder on the headset twists and mangles the cord if you turn a lot, mine is pretty ugly looking. I just ordered a new cord and I'm hoping for the best, I can't believe this was worth $900 just to be out of commission relatively soon.If you take off the Vive headphones and use your own, route the cable over your headphone's ear piece and it should help with stability.As far as I've learned, the cable was the issue the whole time. If you turn a lot and don't keep an eye on your cable, allowing it to twist up badly, it will break the cable internally very quickly.So, in short, keep an eye on your cable and don't let it wrap up more than a couple turns or it significantly increases the chance of your cable breaking internally.And for those reading this thread, if you are experiencing the same issues, and are still in warranty, RMA the cable.",1601303820.0,35551.0,,,,,,37418.0,Verified Members,
M035,12,40,Troubleshooting,21,Bug Reporting,43043.0,,51xxx.  USA.  Got the email about 'Will go to Processing in 48 hours' Friday.,1374454140.0,41227.0,,,,,0.0,24401.0,Explorer,
M035,13,40,Troubleshooting,21,Bug Reporting,811085.0,,"Another picture from my future vacation😉Oculus Rift CV1, Valve Index & PSVR2, Asus Strix OC RTX™ 3090, i9-10900K (5.3Ghz), 32GB 3200MHz, 16TB SSD""Ask not what VR can do for you, but what you can do for VR""",1583629740.0,810949.0,,,,,2.0,928593.0,Grand Champion,
M035,14,40,Troubleshooting,21,Bug Reporting,1124723.0,,"Hi.I experience the same thing:New blank project - activate MetaXR (v60 and v59 - tried both) plugin - restart, and preview in VR.This gives the same error and crash as you describe.When trying the same thing in Unreal 5.2.1 with MetaXR v57, it works.So don't have a sollution for now other than reverting to UE 5.2.1.",1703635920.0,1118801.0,,,,,0.0,1477561.0,Honored Guest,
M035,15,40,Troubleshooting,21,Bug Reporting,363282.0,,"That's a shame.I've got some ideas of what they might be doing, but I can't be sure. I might investigate further for the hell of it, but there's not much point.This is why I was always against the idea of sdk rendering instead of client rendering. We create the directx device (opengl context), then the oculus sdk goes off and does secret undocumented stuff to it, possibly leaving it in an unexpected state.If oculus want to keep things like their sensor fusion, camera tracking, hardware interfacing, etc secret, fine. But they don't own the rendering device, we share it with the sdk, therefore any code that touches it should be public so we know what it's messing with.Steam's OpenVR sdk allows users to create their own eye render textures and hand them to the sdk's submit method. It would be interesting to see how their oculus compatibility handles that, are they doing a memory copy internally when using a rift? Or have they found a way around it?",1451474100.0,363275.0,,,,,0.0,11.0,MVP,
M035,16,40,Troubleshooting,21,Bug Reporting,811404.0,,"Locomotion Deep Dive:https://youtu.be/TX58AbJq-xoOculus Rift CV1, Valve Index & PSVR2, Asus Strix OC RTX™ 3090, i9-10900K (5.3Ghz), 32GB 3200MHz, 16TB SSD""Ask not what VR can do for you, but what you can do for VR""",1586156040.0,810949.0,,,,,3.0,928593.0,Grand Champion,
M035,17,40,Troubleshooting,21,Bug Reporting,1040204.0,ovr_AssetFile_GetList() returns an empty list even though assets are uploaded,"Hi,We're adding in-app purchase and DLC support to our Applab app. In-app purchase is approved in data use checkup. We've uploaded an asset and associated it with an add-on and it's visible in the developer portal correctly associated with the SKU.The asset has purchased fine via the APIs and the other IAP APIs are working - such asovr_IAP_GetProductsBySKU.However,ovr_AssetFile_GetList() always returns an empty list on completion when usingovr_Message_GetAssetDetailsArrayandovr_AssetDetailsArray_GetSize.It reports success/no errors.Even though the asset has been uploaded.Is this a bug or known issue? Without this we can't get at the asset ID to initiate downloads.Details:Latest Oculus SDKs (v50) using UE 5.1.1.Example code:OculusSubsystem->AddRequestDelegate(ovr_AssetFile_GetList(),FOculusMessageOnCompleteDelegate::CreateLambda([this, Delegate](ovrMessageHandle Message, bool bIsError){FString ErrorStr;TArray< FAliveInTechIAPAsset > Items;if (bIsError){auto Error = ovr_Message_GetError(Message);auto ErrorMessage = ovr_Error_GetMessage(Error);ErrorStr = FString(ErrorMessage);UE_LOG(AliveInTechIAP, Error, TEXT(""ovr_AssetFile_GetList Error of %s""), *ErrorStr);}else{auto ArrayHandle = ovr_Message_GetAssetDetailsArray(Message);//always returns 0const size_t ArrayNum = ovr_AssetDetailsArray_GetSize(ArrayHandle);Solved!Go to Solution.",1680457680.0,,1.0,1040222.0,1.0,,0.0,688546.0,Protege,In App Purchase
M035,18,40,Troubleshooting,21,Bug Reporting,175577.0,,"Yeah i have to agree with some of the semi-annoyed posts hereI'm from AU, I'm a little annoyed, (but I'm not angry, just disappointed, somewhat understanding) I ordered at around 9:15am my time Mar 19th (3:40PMish PDT), I have just missed out, orders at 3:09 have been fulfilled. so i might be a little jaded, granted.If from what I am hearing is true, the second batch got rolled into the first batch? If that is the case, the first 2 batches only managed to fulfill the first 6 hours of orders in AU? Really? Everyone was sleeping, bar the people that could stay up till 3:30 am on a work day. How many could have honestly been ordered in AU/NZ for the first 6 hours?it really would be nice to get some clarity on when the next batch is coming through, or is the first batch all that has been released, is second batch still being pushed out as normal? or is the 'second' batch really now the 'third' batch?Frustrated.this is a rantI'm sorryjust ignore me please",1406796300.0,174354.0,,,,,0.0,395797.0,Honored Guest,
M035,19,40,Troubleshooting,21,Bug Reporting,590980.0,,"Thanks for answering, i have the hotas, but not installed !!! will give that a try this evening....thanks again",1501308240.0,590978.0,,,,,0.0,1051042.0,Honored Guest,
M035,20,40,Troubleshooting,21,Bug Reporting,622.0,VIVE accessory,"After looking through the vive accessory contest, I am happily surprised to see all the ideas for the weapon accessories and I think it is a great idea. I remember back when I got the old Wii with a sniper game and with it was a sniper with space for the gun on the front and the secondary controller in the top of the grip it made the game more immersive so I think it would be one of the greatest things too happened in addition to the vive it could be even greater if you had a rifle pistol combo so you could switch between them a holster for the pistol and a sling for the rifle and even better would be if they came with different attachments so you could customise it to fit the virtual gun better plus it could possibly give better tracking accuracy for the sensors if the controllers stayed the same distance from each other when playing and the realistic recoil is a really cool idea to but it could give tracking issues.Lets try and make this a reality together!",1479178740.0,,,,,,,5454.0,Members,
M035,21,40,Troubleshooting,21,Bug Reporting,498557.0,UE 4.12.5 Building Shipping build fails :(,I can build development builds no problem. Building shipping builds fails with:====8/18/2016 9:22:55 PM====PERFORMING FINAL APK PACKAGE OPERATION================================================MainFrameActions: Packaging (Android (ETC2)): Program.Main: ERROR: AutomationTool terminated with exception: ERROR: DistributionSigning settings are not all set. Check the DistributionSettings section in the Andriod tab of Project SettingsMainFrameActions: Packaging (Android (ETC2)): Program.Main: AutomationTool exiting with ExitCode=1 (Error_Unknown)Here is the full log:https://drive.google.com/open?id=0Bw...3ByMzJpN0FGT1UHere is a video showing me turning on Shipping build settings:https://www.youtube.com/watch?v=mPZO5N9TLxQHas anyone experienced same issue? How did you fix it ?Thanks,1471516560.0,,,,8.0,,0.0,960639.0,Rising Star,
M035,22,40,Troubleshooting,21,Bug Reporting,134344.0,,"He had pictures of it, other then some scuffs on the face it looked fine. He is a first time ebay seller but PayPal garaunteed the purchase so good enough for me! I figured I'd just re-fabric the part that touches your face or something for sanitary reasons.",1392039300.0,134304.0,,,,,0.0,337993.0,Honored Guest,
M035,23,40,Troubleshooting,21,Bug Reporting,651160.0,,"Look up Forest on the store and you will see an option to install. I think, just trying to remember.When you launch it in steam it gives you a VR option (radio button).",1527628560.0,651045.0,,,,,0.0,3569.0,Consultant,
M035,24,40,Troubleshooting,21,Bug Reporting,629394.0,CV1 poker games review,"Casino Poker VR :+ Tournaments+ Tournament prizes+ Casual friendly : 6 difficulty levels to choose from+Very easy to follow what's going on : Sell all cards clearly, knowwho's turn it is and how much time he has left, who has a mike and if it's switchedon...+ Best NPC audio comments+ Free 1K chips each time you run out of chips+ Easy to mute a player+ Available on Oculus Store+ Big update coming- Gamepad only- Gear VR level graphics (despite specific CV1 version)- Tournament prizes are Gear VR games- No avatar customization : just 3 male and 2 female skins to choose from- No body tracking : No hands and no room scale. Your avatar's neck stretches out if you move from your chair- Closed down for a major update since December 2017Best choice for playing some serious poker and for winning Gear VR games... but no hand gesture controls is dull.MetaTable VR :+ Best avatars : They use your custom Oculus Store avatar+ Hand gesture controls available+ Great graphics+ 5 rooms to choose from+ Most social : Items to share and play with...+ Up to 8 players per table+ Easy to mute a player+ Available on Oculus Store+ Big update coming-Difficult to follow what's going on : Difficult to see the last cardfrom the side seats, easy to miss that it's your turn if you don't focus onit...- Casual unfriendly : No beginner table, and you have to bring ALL of your chips to the table- Stingy : 1k free chips only once per day when you run out of chips- Clumsy hand gesture controls : Bad enough to cost you chips- Small player base, probably due to this ~2 months old game being too stingy with it's free 1K chips delay and too hardcore for new players to survive.- Losing/Winning chips can easily create bad tensions, probably due to the game being too stingy with free 1K chips delay and too hardcore for new players to survive.Best potential for updates and best choice for socializing... until you (or your friends) run out of chips.Lucky Night : Texas Hold'em VR+ Best NPC Dealer, and you can tip her+ Some avatar customization available+ Good graphics+ Clearest interface for displaying results (a giant screen), by far.+ No big update needed+ Free 1K chips each time you run out of chips (does not stack, so you don't pile up 2k in 2 days this way)+ Very generous in daily bonus chips+ BEST (HAND GESTURE) CONTROLS, by far- Not available on Oculus Store- No high end table ?- Player audio doesn't seem to be working- Least social : Players are facing the NPC dealer instead of each otherBest and most immersive VR controls by far... but feels like you're playing against bots.Lucky Night :+ Multiple games, including Texas Hold'em+ Same developers and almost exact same poker game as ""Lucky Night : Texas Hold'em VR""- No playersBest potential as a gaming hub with poker... but no (western) player base for now.",1518256500.0,,,,0.0,,0.0,360688.0,Superstar,
M036,1,32,Privacy & Security,8,Safety,499866.0,,Make sure the Rigidbody is on the same GameObject as the Capsule Collider and is marked kinematic.,1472098440.0,499857.0,,,,,0.0,413384.0,Oculus Staff,
M036,2,32,Privacy & Security,8,Safety,1160720.0,How to fix the warping and grain issue on the Quest headset,"Each camera can work standalone. The time-of-flight sensor does not need to be used to calculate distance or depth. The left camera sends raw image data to the left display and the right camera sends raw image data to the right display. Of course, this would work if the cameras on the front of the headset have normal lenses. If the lens is a fisheye lens, then the left camera would send data to be flattened onto a semi-spherical virtual display. Each camera would get its own semi-spherical virtual display. (Think of Soaring of California ride from Disneyland... that but in VR for the passthrough). The image data would need to be upscaled in real-time before the data can be sent to the virtual semi-spherical display. The brain will be able to automatically infer distance from the two images/videos being side by side.As a result, this will fix two issues with one stone. The first issue this will fix is the warping and the second is the grain in low light conditions.",1709075940.0,,,,0.0,,0.0,1579304.0,Protege,
M036,3,32,Privacy & Security,8,Safety,58473.0,,"Hik Jones,Your study topic and inquiries are quite similar as one of our Virtual Production product.Have you checked with thishttps://mars.vive.com/?And all I can suggest you to contact mars-supportcom first since it's a new professional application and domain.Thanks.",1715213100.0,58251.0,,,,,,20146.0,Employee,
M036,4,32,Privacy & Security,8,Safety,338747.0,,"You were told this the other day:by in6seconds » Thu Jan 07, 2016 4:20 pmMattborkin wrote:in6seconds wrote:I also want to use a laptop, I have no space to put a pc in my room, my current laptop worked well on the dk2 and dk1, so I know laptops are able to run oculus rift, anyone know of any laptops around $1000 or lessWith the specs they are recommending, no laptop under $1,000 will even come close to BEGIN to be able to handle the CV1.I paid 3K for an ASUS gaming laptop last year - it's useless with the new CV1that is a false statement, please do not say things like that, just because one $3000 laptop didn't work doesn't mean its not possible, they make new laptops every yearBig PC, all the headsets, now using Quest 3",1452321720.0,338725.0,,,,,0.0,193750.0,MVP,
M036,5,32,Privacy & Security,8,Safety,10585.0,,I thought 16' was max. If I could keep bases closer to corners would help. Just not sure since would even go beyond 18'. Don't want put tons of holes in ceiling moving them around.,1494483300.0,1276.0,,,,,,16588.0,Verified Members,
M036,6,32,Privacy & Security,8,Safety,397108.0,,"Thanks for the dump. It looks like an issue with our texture management that several other folks have reported. Right now, the safest solution may be to stay on 5.3.5p5 or earlier. We will update the recommended version once we root-cause the issue.(0x6281870F) (nvwgf2um): (filename not available): OpenAdapter12 + 0x13e6bf(0x62831079) (nvwgf2um): (filename not available): OpenAdapter12 + 0x157029(0x62835969) (nvwgf2um): (filename not available): OpenAdapter12 + 0x15b919(0x701DD075) (d3d11): (filename not available): CreateDirect3D11SurfaceFromDXGISurface + 0x2d555(0x701DBE63) (d3d11): (filename not available): CreateDirect3D11SurfaceFromDXGISurface + 0x2c343(0x533346EE) (OVRPlugin): (filename not available): ovrp_GetTrackerPose + 0x32a37(0x5332EED5) (OVRPlugin): (filename not available): ovrp_GetTrackerPose + 0x2d21e(0x5332C6CE) (OVRPlugin): (filename not available): ovrp_GetTrackerPose + 0x2aa17(0x52FB1DA6) (OculusPlugin): (filename not available): UnityRenderEvent + 0xc6(0x010515E7) (TokyoWarfare): (filename not available): Behaviour::Transfer<StreamedBinaryRead<1> > + 0x95547(0x00FCD69C) (TokyoWarfare): (filename not available): Behaviour::Transfer<StreamedBinaryRead<1> > + 0x115fc(0x0131714B) (TokyoWarfare): (filename not available): AnimationEvent::Transfer<StreamedBinaryRead<1> > + 0xf91fb(0x01319C02) (TokyoWarfare): (filename not available): AnimationEvent::Transfer<StreamedBinaryRead<1> > + 0xfbcb2(0x010C0EED) (TokyoWarfare): (filename not available): Behaviour::Transfer<StreamedBinaryRead<1> > + 0x104e4d(0x76C738F4) (KERNEL32): (filename not available): BaseThreadInitThunk + 0x24(0x77665DE3) (ntdll): (filename not available): RtlUnicodeStringToInteger + 0x253(0x77665DAE) (ntdll): (filename not available): RtlUnicodeStringToInteger + 0x21eAre you sure there isn't a file TokyoWarfare_Data/output_log.txt next to TokyoWarfare.exe?",1467760380.0,397092.0,,,,,0.0,413384.0,Oculus Staff,
M036,7,32,Privacy & Security,8,Safety,191107.0,,"$18,000 dollars of awesome? or extremely overpriced?Stupid overpriced.  You can build a hackentosh with the same parts for far less, and have enough money left over to buy a car/feed a few hundred children.Also, macs use server processors.  Great for running servers and doing tasks like encoding audio/video and rendering graphics in maya, but really bad for gaming.You buy low tier apple stuff because you are willing to pay 30% or so extra to be fashionable and have a status symbol, or you aren't technologically inclined enough to make a functioning hackentosh (and youreallyneed final cut pro and/or are obsessed OSX).You buy high tier mac stuff because you are an asshole who only purchases Veblen goods, or your department has a budget it needs to maintain.",1400038560.0,191105.0,,,,,0.0,139930.0,Honored Guest,
M036,8,32,Privacy & Security,8,Safety,24118.0,,"Hi,Thanks for your reply.It is clear that this is an issue.I found this post, too.https://steamcommunity.com/app/358720/discussions/0/1743353164080006297/I am from Japan.We are developing a new medical device with HTC Vive.These are our company's article, and unfortunately they are written in Japanese.But I think you can probably understand what we are doing.https://www.widesoft.co.jp/news/3687https://www.widesoft.co.jp/news/4297Our device works with old HTC Vive Tracker.It worked with HTC Vive Tracker 2018 before firmware update.Now, it does NOT work with HTC Vive Tracker 2018 after update.I am quite not sure what we can do without HTC help.One of solutions is to use AA battery..? But we cannot get ON/OFF from Tracker.",1548903360.0,5129.0,,,,,,27766.0,Verified Members,
M036,9,32,Privacy & Security,8,Safety,13368.0,,I have tried all of the things you said yet it still does nothing...,1508993820.0,2169.0,,,,,,18705.0,Verified Members,
M036,10,32,Privacy & Security,8,Safety,180142.0,,"Quite a few people stuck in processing since Friday morning, heading for 80 hours which sounds bad but of course nothing happens on weekends. Mrob76o yours was just a few hours in processing right, and then changed to shipped on Thursday evening? I'm thinking that a lot of orders should ship today and (maybe) arrive tomorrow, depending on actual stock levels and UPS reliabilty...",1406476080.0,179830.0,,,,,0.0,323258.0,Explorer,
M036,11,32,Privacy & Security,8,Safety,543819.0,,You missed the OpenGl initialization becouse it is probably hidden in the platform SDK ?,1467912000.0,543815.0,,,,,0.0,,Not applicable,
M036,12,32,Privacy & Security,8,Safety,273686.0,,"This was always one of the best experiences in VR. Good luck with the mobile version.AMD Ryzen 7 1800X | MSI X370 Titanium | G.Skill 16GB DDR4 3200 | EVGA SuperNOVA 1000 | Corsair Hydro H110i
Gigabyte RX Vega 64 x2 | Samsung 960 Evo M.2 500GB | Seagate FireCuda SSHD 2TB | Phanteks ENTHOO EVOLV",1415759460.0,273681.0,,,,,0.0,3173.0,Grand Champion,
M036,13,32,Privacy & Security,8,Safety,615555.0,,"Wilsons Heart - not too scary and not really horror, but a few jumps and a good game (so far).Affected: the manor - more of an experience, but still great atmosphereDead Secret - a port from the PSVR, but can be a little tense at times for a point and click game.Alien - when fully released is VERY intense, but is first person and a little 'motion sickness' inducing.You could also check out Arizona Sunshine. Not really scary or horror, but you blast zombies apart so you cant go wrong with that.CPU:Intel i9-10990k.Graphics Card:Nvidia Geforce GTX3080,RAM:32GB DDR5,Viewed on:Oculus Quest 2 or 28"" BenQ monitor (x2),Hard Drive:2TB Samsung SSD (games), 512GB Samsung SSD (OS), 512GB SSD (3d),OS:Win 11 64 bit",1500397860.0,615544.0,,,,,1.0,749698.0,Heroic Explorer,
M036,14,32,Privacy & Security,8,Safety,143476.0,,"1. right click desktop while rift is in extended mode and select graphic options, output to, extended Desktop,Digital Display + Built in display2. Now you should only see part of your desktop. Find the mouse its there it may take a little moving around to find it.3. right click desktop select graphics options, rotation, digital display, rotate to 90 degrees (you might be able to do this step first but this is exactly how i did it)4. right click desktop, select screen resolution and change from landscape to portrait. (here you can also change your screen resolution and refresh rate for the rift)5. Now press the power button on the top of the rift and your desktop will go back to normal6. open the the folder with the game you want to play power back on the rift and put the rift on and select the game through the rift and you are good to goYou only have to do this once. You will now be able to toggle back and forth every time you put the rift in extended mode and power it on it will remember the settingsOn the games that have direct to rift i still click those using this modeHope its not to complicated and hopefully this becomes a little easierNow that i have the settings i want and can see the desktop better through the rift i will probably try to just output to Digital Display and navigate through the rift.",1407888840.0,143473.0,,,,,0.0,,Not applicable,
M036,15,32,Privacy & Security,8,Safety,9810.0,,Try this: steam->library->left down corner->add games->reedem code,1489156200.0,1036.0,,,,,,15934.0,Verified Members,
M036,16,32,Privacy & Security,8,Safety,186884.0,,On a brief side note - can anyone tell me how to access the Nostromo ship please? I have paid for the extra DL content but can't find it in the menu?,1412919720.0,186735.0,,,,,0.0,342437.0,Honored Guest,
M036,17,32,Privacy & Security,8,Safety,40410.0,210: The compositor was disconnected.,"I've had a VIVE Cosmos since November 2019.  It's been working great up until last week.  I have two different VR-capable PC's, and before last week I could run my Cosmos well on either one of them.  Now, the Cosmos struggles to connect on either PC (but it can eventually connect, and once it does it works as well as ever).The last time I plugged it on without difficulties was a couple of months ago; it's been tucked away in its box since then.  When I plugged it in last week, VIVE Console wanted to download an update (to 10.0.14.2, I believe), and it also wanted to install an update to the Cosmos firmware.  I let it do these things.When it was finished updating, it would no longer successfully connect to the Cosmos.  It goes through the normal startup-and-launch sequence, getting as far as saying ""Ready"", which is the point at which it would normally light up the Cosmos display.  Instead, the display remains dark, and the VIVE Console message transitions to saying ""210: The compositor was disconnected.  Restart VIVE Console to fix this.""  It is a lie.  Restarting VIVE Console does not fix this.  If I restart, it goes through the exact same sequence again, and again transitions to error 210.  (Sometimes it gets to a slightly different error message, and invites me to restart the Cosmos instead.  That also doesn't help.)Eventually, after fussing with it for about 90 minutes of watching it fail to connect in one way or another, it suddenly connected and lit up the Cosmos display, and then everything worked perfectly.  But then the next day the same thing happened, it repeatedly failed to connect.  And once again, after a lot of failures, I suddenly saw it connect and start to work again.This is obviously an unacceptable state.  The Cosmos is almost completely unusable like this; I can't fuss with the software for 90 minutes or more every time I want to use it.  It's probably not a problem with the software or hardware on my PC, because it behaves exactly the same way on my other VR PC (which is a very different brand and model of PC).  It could be a problem with the hardware of the Cosmos itself; but if it is, it's not clear what I should do about that.  I've checked that the video cable is securely connected into its socket.What should I do next?Many thanks,David",1621067160.0,,,,,,,46040.0,Verified Members,
M036,18,32,Privacy & Security,8,Safety,474260.0,,"Dominiquesaid:I just use steam voice chat if I want to play pcars or eve with someone else.Thanks, I have thought about that or another 3rd party chat client but I want it in Oculus rift lol , but might have to use steam, I just thought that I might be doing something wrong in oculus and I'm not sure if it is available in oculus so I just put it out there incase someone knew.😉",1470958800.0,474258.0,,,,,0.0,308563.0,Protege,
M036,19,32,Privacy & Security,8,Safety,1042913.0,,"Hey Gregory , i hope that you successed to solve your problem , if not , try to switch to another version of the Java Dev Kit , my project had the same issue and fixed it with this🙂Buuuuuut- now i have just a SDK error , but everything worked fine yesterday.so yeah, UE sucks with android",1681400940.0,1038640.0,,,,,0.0,1510494.0,Honored Guest,
M036,20,32,Privacy & Security,8,Safety,2340.0,connection,can the vive only be connected to a hdmi port on computer i have tried it on a display port with a adapter to hdmi will not work,1512165180.0,,,,,,,19305.0,Verified Members,
M036,21,32,Privacy & Security,8,Safety,109778.0,,"maybe....maybe not. probably not, but it's a close run thing. Next big show that they participate in, is the most likely scenario.It depends on Google, possibly. Who's display they are going to use.IF..Google wants to grab the brass ring, they'll have to introduce their unit first. Maybe.The odds of a July release of a tablet with 7"" 1080P panel just went to a very high level, as of the middle of May.We now have a properly announced product introduction date of a Sharp IGZO 1080p (1200p) panel. It is slated for end of July.Regardless of a Google Nexus release date or a Sharp release date, ONE of those will panels be in the Rift. Unless, of course, it is the same panel. Samsung, IIRC, bought 10% of an ailing Sharp corporation (or the IGZO technology) to gain access to this panel tech.I hadn't bothered to look for a while, as the Google Nexus looked like the only potentially viable panel and now the Sharp panel is moving to the forefront of making that potential more real  with a notably more definite date of release. The first actual known to exist 1080p (1200p) panel thatmightwork. (the connectivity of the panel is not in the public space -yet)Google and Sharp will both want to be the first, so it's now a horse race for those initial few million units sold. Either/or will get that business boost, depending on who gets it out there first.However, Japan only, in July, for the Sharp unit...and probably US only, in July, for the Google updated nexus 7 tablet. Probably both at the end of July, is my guess. This speaks to the idea of them sharing the same panel. Price drops for the current Nexus 7 800p unit started happening just a short while ago, which also speaks to the July date for the new Nexus 1200p unit. Also, the report of Innolux taking on the Sharp IGZO technology, and they made the panel that is in the current Rift, and IIRC, is in the Nexus unit. (The Nexus 7 being assembled by AsusTek- the builder/manufacturer of the Nexus 7 units) (we shoulda had a Nexus model  6 so we could have a picture of Trish or Roy on a Nexus tablet)So the 1080p (1200p) panel, as a possibility... for the Rift - becomes a definite sometime after July.And it's June and I don't have my 800p dev kit yet.http://www.engadget.com/2013/05/15/aquos-pad-sh-08e-7-inch-high-res-igzo-display-quad-core-snapdrago...We may not see a 1080p Rift at E3, but not long after ...it will probably be a real thing.http://www.youtube.com/watch?v=KY9i6lP_CmYhttp://www.androidauthority.com/sharp-aquos-pad-sh08e-tablet-launched-210002/The Sharp Aquos Pad SH-08E for NTT DoCoMo comes equipped with a 1920×1200 pixel IGZO display, not unlike the ones sought after by Samsung for possible use in some of its future devices. It runs Android 4.2 by default.Will it ever be made available out of Japan? For how much? We honestly don't know. But what we do know is that it will be released first in the land of the rising sun in July of this year, so watch out for that.~~~~~~~~~~~~OK. 1920x1200 is a go.Now delivery TIME becomes the major factor, in satisfying buyers of the Dev kit, before the 1200p panel is out there. As for those who might bitch, remember. Dev kit. You were warned.🙂It may not be either panel or the given 1200p panel, at all. But is is probably (very high likelyhood) the worst case scenario.Intelligence... is not inherent - it is a point in understanding.Q: When does a fire become self sustaining?",1370659320.0,109773.0,,,,,0.0,8465.0,Protege,
M036,22,32,Privacy & Security,8,Safety,536841.0,,Shadowmask72said:LZoltowskisaid:eality I don't seem to have the permission to edit this post ... wanted to add the link to Dragon Front BETA Reviews.https://forums.oculus.com/community/discussion/43707/dragon-front-beta-game-user-reviews#latestBit slack there. Added now.Cheers!Core i7-7700k Ghz | 32 GB DDR4 Corsair Vengeance Mhz | 2x 1TB Samsung Evo | 2x 4GB WD BlackASUS MAXIMUS IX HERO | MSI AERO GTX 1080 OC Mhz | Corsair Carbide Series 400C White (RGB FTW!)Be kind to one another🙂,1476159240.0,536755.0,,,,,0.0,42801.0,Champion,
M036,23,32,Privacy & Security,8,Safety,565830.0,,"Thank you for the feedback imperativity. Based on your feedback I switched to openVR instead of the oculus SDK and got it working this is good enough for my needs, but it would have been nice to use the SDK.",1496344380.0,565829.0,,,,,0.0,,Not applicable,
M036,24,32,Privacy & Security,8,Safety,247796.0,,"As said price will be higher (and I already have 2 older xbox 360 controllers).  So they pack it in for idiots who can't understand proper VR control?Now palmer talking about new control? fine but don't push the price up with a shitty gamepad that many of us already have!Disappointing.And no frickin real details on the VISUALS of the HMD (how it looks) just 'the best'??? ok...Also I think if they are about to reveal a proper VR controller they really SHOULD NOT have trolled us with the Xbone controller first, it riled me so much that I don't even care now what they reveal. Hand tracking by the sound of it - well done palmer, but ffs sort out how to present this. Hit with the good stuff first not make everyone think it's a pos with xbone controller.:roll:Oculus touch.. ok... ok........... shame you didn't show us these before the Xbone controller, negative connections with xbone. And what's the point of all this arm/hand tracking if you have to SIT IN A seat and have such a small tracking zone?weird...but well done to Palmer, this is the ONLY interesting bit in the entire presentation, and I like his enthusiasm. Being trolled isn't funny, isn't clever it's just left a bad taste in my mouth and only half an ear on your oculus touch.. bad choice to roll the presentation that way. It was the one thing we were waiting for.EX DK2/VIVE/PSVR/CV1/Q2/PSVR2 | Currently Quest Pro (PCVR) | VR developerRTX 3080 FE / 12900k / Windows 11 Pro",1433987460.0,247778.0,,,,,0.0,8984.0,Heroic Explorer,
M037,1,19,Kids and Students,26,Educational Use,529611.0,,That looks great!Envious of all you folks who can paint and draw.,1481707380.0,529607.0,,,,,0.0,703348.0,Adventurer,
M037,2,19,Kids and Students,26,Educational Use,96075.0,,"""kenchan"" wrote:How about new Kinect for windows version?Cost prohibitive. Microsoft once again screwed the pooch on their marketing. It costs $50 less than a full prioVR suit iirc and from what I've heard through the grapevine, is that it is fairly laggy for using it as an actual game controller, although it works great as a media controller.Current WIPs using Unreal Engine 4:Agrona - Tales of an Era: Medieval Fantasy MORPG",1395908340.0,96056.0,,,,,0.0,138067.0,Protege,
M037,3,19,Kids and Students,26,Educational Use,131865.0,,"I played a little bit of this demo yesterday.  Admittedly I didn't have time to explore the entire structure I plan to do so in the next few days.  I had no framerate issues however I found that the mouse movement speed was way too fast, and seeing as I just got my rift a few days ago, quickly made me feel not so great.The boat on the other hand was by far the best experience of this.  The physics and sound effects are really effective, however I felt as though I was hovering over the center of the boat.  Being up high is good however due to using boats most of my life it was weird being over the center of the boat.  I would LOVE it if the camera was moved just alittlelower down and over the captain's seat.All of the other issues that I had have been covered by previous posts.",1384911960.0,131843.0,,,,,0.0,98321.0,Honored Guest,
M037,4,19,Kids and Students,26,Educational Use,262160.0,,"""KevinLongtime"" wrote:Reminds me of the demo Don't Let Go where at the endthe spider jumps on your face unexpectedlyI closed the app when I briefly saw a video before playing it when it got to that section.I meant in your face VR experiences that having a monitor can never do.  The goosebumps or that was an amazing experience type of feeling after.Once VR becomes common they would invent cheap motion seats.  Also the gun motions in arcade games have died out.  They need to bring that back for the home experience.  The force feedback was awesome when those were new.It would be great to have that kind of technology with the leap motion so you can see the position of where and what you have are at in 3D space for a more immersive experience.https://www.youtube.com/watch?v=nmiayhOAHoUhttps://www.youtube.com/watch?v=DiftHTZxtD8https://www.youtube.com/watch?v=CALrEWOo1yA",1444374960.0,262157.0,,,,,0.0,468707.0,Honored Guest,
M037,5,19,Kids and Students,26,Educational Use,169347.0,,Very well done app.  My kids and I love it.Allowing custom music and word lists would be a nice addition.Is there any way to have high scores saved per rift profile?  I'm currently losing to my 9 year old and want proof if I can beat him.🙂,1407137340.0,169306.0,,,,,0.0,49016.0,Honored Guest,
M037,6,19,Kids and Students,26,Educational Use,181601.0,,I could use a second job.. hint hint😉[Obsolete] Oculus Service Manager-https://developer.oculusvr.com/forums/viewtopic.php?f=26&t=11395[Unofficial] VR Game Manager-viewtopic.php?f=26&t=12754,1407117120.0,181600.0,,,,,0.0,283577.0,Honored Guest,
M037,7,19,Kids and Students,26,Educational Use,28474.0,,"Hi.tsang,Thanks for your feedback and we did see this black screen internally. Still need some time to investigate why HMD setting may cause error for this kind of independent camera from Unreal.",1570400100.0,28209.0,,,,,,20146.0,Employee,
M037,8,19,Kids and Students,26,Educational Use,491091.0,,I've been working the last few hours on trying to get a seamoth and get self sufficient farming fish.  Had to use the console and cheat for the seamoth though.  The mobile vehicle thing is bugged.,1467099420.0,491085.0,,,,,0.0,1149679.0,Expert Trustee,
M037,9,19,Kids and Students,26,Educational Use,108111.0,,"""gray"" wrote:- Ambi-lights in goggles for periphery.- Wireless.- Ambi-lights in goggles for periphery-> Patented by Apple- Wireless.-> not going to happen any time soon, not even in the consumer version.",1369847400.0,108088.0,,,,,0.0,2827.0,Honored Guest,
M037,10,19,Kids and Students,26,Educational Use,115553.0,,"Most of the videos do not reflect a limitation of the Rift, but instead reflect a limitation of the individual making the video. Typically, they just record a cloned display and then call it a day, without any sort of post processing done.",1387410660.0,115548.0,,,,,0.0,8129.0,Explorer,
M037,11,19,Kids and Students,26,Educational Use,135234.0,,"I'm currently having issues with my Oculus Rift trying to run Half-Life 2: Episode One.  No matter what settings I specify, the dual images of the game are too large and go off the screen to the right, and the stereoscopic images in the headset are not aligned properly.  I have a Macbook Pro 15"" Retina display using the HDMI input.  The Tuscany demo works just fine but HL2 does not.  I have the latest drivers installed for the video card (GeForce GT 650M).  Has anybody come across this?",1389876660.0,134444.0,,,,,0.0,355858.0,Honored Guest,
M037,12,19,Kids and Students,26,Educational Use,295159.0,,http://vrfocus.com/archives/18448/oculu... s-weekend/Another chance to see oculus!maybe some news will come of it!I5-4590 - 16 gig Corsair Vengeance - R9 390 4gb - 500gb 850 EVO -Consumer VR enthusiast,1436294760.0,295143.0,,,,,0.0,722893.0,Honored Guest,
M037,13,19,Kids and Students,26,Educational Use,28768.0,,"Hiiet,Thanks for letting us know about this. Currently, there is no option to turn it off. You can try to see if there's a way to brighten your environment you're playing your VR in. This will also optimize your tracking.Our team is working on a solution to handle this warning box and it'll be addressed in the next updates you'll receive.If you like and have the time, you can send us an issue report through your VIVE console about your tracking. The issue report will collect your logs and be sent to our engineering team to help address and improve tracking for the next updates. Here are the instructions to do this:Thanks for your patience.Steve",1571217900.0,28738.0,,,,,,29067.0,Verified Members,
M037,14,19,Kids and Students,26,Educational Use,196324.0,,march 19th 3:11pm  usa texas  changed to processing,1407222180.0,196306.0,,,,,0.0,13561.0,Honored Guest,
M037,15,19,Kids and Students,26,Educational Use,324106.0,,"""morenosuba"" wrote:the most important part of VR is that as soon as you start to feel even slightly weird you have to stop using it for the day. this is imperative. you have to stop before you start getting the nausea.trying to ""push through"" will only increase the nausea, AND it will make it come faster the next time. If you ease into it, making sure you never get to the nausea point, your body does become accustomed to it. then you can go hours on end without many problems.for me personally, i've found that some games are just not good for VR. i don't know if it's the optimization, or the low fps, the movement speed, or just how the game is rendered....it just doesn't agree with me. one such game is TF 2, i just can't play in with VR. it makes me sick. however, Skyrim i can play for hours without much problem.how fast the character moves is also important. even in Skyrim i usually start off by walking slowly around for the first couple of minutes and not doing any sudden spin moves. then, when my brain catches up with it, i can move more freely.having said all this, i'm sure there are some people that are much more prone to nausea than others, just like sea sickness. some people rarely get sea sick, other just think about a moving boat and start feeling queasy. i myself don't get sea sick easily.When movement is fixed, as in Haunted Rift, no problem. But ten minutes walking around in the Rftmax Theatre and I get sweaty, and feel a little off-colour...It's odd, because I'm not prone to motion sickness - I took flying lessons when I was eleven, no sickness at all. But flying about in VR? Not good! I, too, don't suffer from sea-sickness or car-sickness.It's not just an issue with DK2.  I get the same queasiness to a lesser extent, though not walking around, when viewing VR in a smartphone headset I guess it's an eye-ear, motion-balance thing that'll probably be sorted out as the tech improves.",1442735700.0,324103.0,,,,,0.0,1042465.0,Adventurer,
M037,16,19,Kids and Students,26,Educational Use,498360.0,,"Hi,so .. seems I found out what I was doing wrong.What I was doing wrong was taking some sample code ( i.e. the samples supplied ) study it a bit, think ""I should got the most part"", implement some stuff as it was in the example and then find out that ""what was there was not exactly what you needed"".Now I forgot to say two things ,1. that I am using MSAA2. that there's a point where I stolen bits and pieces of the OculusTexture class from OculusRoomTinyNow if you look at main.cpp of that, around line 55 you will see :ovrTextureSwapChainDesc desc = {};desc.Type = ovrTexture_2D;desc.ArraySize = 1;desc.Format = OVR_FORMAT_R8G8B8A8_UNORM_SRGB;However a bit further down ..D3D11_RENDER_TARGET_VIEW_DESC rtvd = {};rtvd.Format = DXGI_FORMAT_R8G8B8A8_UNORM;rtvd.ViewDimension = D3D11_RTV_DIMENSION_TEXTURE2D;Second problem by trying to understand how MSAA was working/used I had a look into the OculusRoomTinyAdvanced example and I found out that the MSAA textures where declared and used like DXGI_FORMAT_R8G8B8A8_UNORM, not knowing precisely ""why"" I assumed ""maybe for some reasons has to be like that ?"".In short .. putting both thing to DXGI_FORMAT_R8G8B8A8_UNORM_SRGB sorted all the problems out.Now the stuff looks nearly identical in both versions.",1475463600.0,498353.0,,,,,0.0,141846.0,Honored Guest,
M037,17,19,Kids and Students,26,Educational Use,299881.0,,Thanks very much for these pictures🙂I can see how you have set it up. I'm thinking of doing this now. Get the 970 now and upgrade later maybe. Nice setup!,1417110060.0,299872.0,,,,,0.0,28764.0,Honored Guest,
M037,18,19,Kids and Students,26,Educational Use,506054.0,,"I think I did something wrong during the install. I own the steam version of the game. I I installed it and reinstalled it. I zipped the textures into the game directory. I then zip the Oculus mod into the game directory. When I start the game in vr, it starts fine. When. Selecting campaign, the screen splits, and the top half of the screen is code, and there is green text. It freezes at this screen. It says loading sound, etc. One thing I am confused about is in the read me file of the mod, it says create a clean install dir.Am I supposed to create a new folder  in the install directory and not install the mod in the existing install directory?",1483264020.0,505595.0,,,,,0.0,1029825.0,Explorer,
M037,19,19,Kids and Students,26,Educational Use,29161.0,,"BTW, I have finally decided to ride the Cosmos issues out.  At least for the next month or two.  In the meantime I will only use my Cosmos for flight and racing sims (which all work well without Cosmos controllers) and I'll use my good old Oculus Rift cv1 w/2x sensors for everything else.  Fortunately most of my Viveport games work well with my Rift and, with a little super sampling, almost look as good as well.",1572359160.0,29054.0,,,,,,31648.0,Verified Members,
M037,20,19,Kids and Students,26,Educational Use,371786.0,,"I hope DK2 will survive and not die shortly. Oculus need to remember that they sold the DK2 almost same price as the consumer version. I bought mine very much recently and would be a shame to throw it away. If that would be the case I will surely than get an HTC Vive or wait for the ps4 one and not oculus, as it is ridiculous to make and sell a developer kit for $500 and stop supporting it after a year or two.",1456581000.0,371784.0,,,,,0.0,1285543.0,Expert Protege,
M037,21,19,Kids and Students,26,Educational Use,69569.0,,Love the diary - keep going!Does the  IPD settings stick per demo?Also when using a cup does moving the screen change how far seem to be away visually from your eyes reducing fov? Is it easy to get it back to factory settings?,1380873240.0,69562.0,,,,,0.0,225263.0,Honored Guest,
M037,22,19,Kids and Students,26,Educational Use,28493.0,Vive Cosmos Firmware Update Info ?,I've noticed over the last few days the Cosmos' firmware has been updated 2 maybe 3 times ? Is there any chance you guys at HTC could do a post in the Cosmos section of the forums letting us know what you updated ? Would be cool to seeur T,1570438980.0,,,,,,,31824.0,Verified Members,
M037,23,19,Kids and Students,26,Educational Use,177290.0,,"the only thing they promised was that units would start to ship in july. and that is happening. they dont have a shortage, because their goal was met.",1404776220.0,177282.0,,,,,0.0,,Not applicable,
M037,24,19,Kids and Students,26,Educational Use,68100.0,,"""atavener"" wrote:I hope this helps explain the situation. I was on the verge of drawing diagrams, but my drawing skills have degraded back to 2-yo with a crayon.Thanks for the explanation, it definitely helped (though now I'm longing for those crayon diagrams...)So, let me make sure I understand correctly.  GSound takes a single source and wavetraces it, resulting in many contributions to the final sound that hits your ear.  The complaint is that no additional processing happens at this point to model the ear/head/shoulders.  If an HRTF was run on each of these contributing rays, would you be happier with the lib?I gave a glance at OpenAL-soft's HRTFimplementationand it doesn't seem too insane.  Seems like it wouldn't be too hard to add to GSound, though I may be glossing over some significant details.  I'll see what the GSound author thinks... even if the CPU cost is high, it would be a cool feature to have.  Also, the source code is available on the author's website, so I'm not sure what you mean by it being ""closed"".""Tgaud"" wrote:Best 3D audio immersion , furthermore when using headtracking :http://www.psykoaudio.com/GetPsyko/PsykoCarbon#axzz2UCoZ7eiyI agree with sth in that this is not the solution to VR immersion.  One huge problem with these multi-speaker headsets is that the drivers are simply worse because they are physically smaller.  In generally I think it is better to have one good driver for each ear and simulate the spatial effects in software.A very real problem with these 5.1 or 7.1 headsets (and products like Astro's Mixamp) is that they simulate surround soundon a plane.  sth mentioned this, but it is important enough to reiterate.  You can tell if someone is in front, behind, or to your sides, but you cannot tell if they are above or below you.  This fact alone is enough to look into a better solution which, as mentioned, will likely be the software processing of sound sources delivered to a normal set of 2 speaker headphones.",1369347540.0,68066.0,,,,,0.0,8488.0,Explorer,
M038,1,23,Linux OS,33,Cross-platform,174508.0,,"""Belisarius"" wrote:Fairly sure that I have never anticipated anythingeveras much as the DK 2. I really hope that I am not in the percentage that gets nausea in VR!Seriously?  You've never anticipated anything else this much?Something that young teen boys anticipate for years and years.The day finally arrives and you get to do it, but after all the hype it ends up disappointing you and the person you're with?I mean watching Star Wars Episode 1 in the theatre.Get your mind out of the gutter.  Come on now.Any sufficiently advanced technology is indistinguishable from magic.
- Arthur C Clarke",1405897920.0,174354.0,,,,,0.0,348941.0,Expert Trustee,
M038,2,23,Linux OS,33,Cross-platform,445621.0,,"vannagirlsaid:ParadiseDecaysaid:vannagirlsaid:ParadiseDecaysaid:Im confused now, I have 2 versions in my Oculus store, which is the new build?the one that will work with touch?I don't have touchahh that makes sense why you ask nowI just finished you Landfall video, very funThanks.☆ YouTube 'Content Creator' and 'Steam Curator' ( https://www.youtube.com/user/ParadiseDecay ) ☆ Devs! I'm always on the look out for new and interesting VR experiences! ☆ Oculus Rift CV1 ☆ Windows 10, 64 bit ☆ Intel Core i7-3770 ☆ 16.0GB Ram ☆ GeForce GTX 1060",1488057480.0,445500.0,,,,,0.0,381564.0,Rising Star,
M038,3,23,Linux OS,33,Cross-platform,445546.0,,"I would just like to say, the only thing I struggled with was controls. I think I would have prefered turning to be on the Left Thumbstick, Up/Down and strafe on the Right Thumbstick. So maybe add an option to select or change control methods.☆ YouTube 'Content Creator' and 'Steam Curator' ( https://www.youtube.com/user/ParadiseDecay ) ☆ Devs! I'm always on the look out for new and interesting VR experiences! ☆ Oculus Rift CV1 ☆ Windows 10, 64 bit ☆ Intel Core i7-3770 ☆ 16.0GB Ram ☆ GeForce GTX 1060",1485935280.0,445500.0,,,,,1.0,381564.0,Rising Star,
M038,4,23,Linux OS,33,Cross-platform,330181.0,,"I have 2 Win7 machines, one has 2 560 ti cards one has 2 gtx 760 cards, Both machines can run Iracing flawlessly with over 100 fps in the rift or on 3 screens at Max settings.extended mode.",1421355840.0,330166.0,,,,,0.0,251207.0,Protege,
M038,5,23,Linux OS,33,Cross-platform,41575.0,,"1 minute ago, ManxJason said:They are not built with the Wave SDK at all, which I assume is why they don't display in the default Shell Library.. Do you know if it's possible for an app to correctly display (even without being built with the Wave SDK) by ensuring the following?Configure App Capabilities — Wave VR 4.1.0 documentation (vive.com)Sure, it may show up in the library, but I'm not sure if you can run it without issues or even launch it.",1626669480.0,41570.0,,,,,,29315.0,Administrators,
M038,6,23,Linux OS,33,Cross-platform,218978.0,,EDIT: *cancel that....my mistake. I thought Oculus never recieved my order on April 22 but I found the email that says they did. Phew!Still pending.......HURRY UP!  :cry:what's this extra CC charge about when it ships? I already paid for shipping in my order. $467.00AU shipped. So what's the Credit Card charge when it ships? What am I missing here? Is my wife in for a rude shock on the statement when it ships? What's the charge for and how much is it?James McDonald - EnthusiastCurrent Setup:Make:27 inch iMac (Running Bootcamp Windows 8)Processor:3.5 GHz Intel Core i7 (boost to 3.9 GHz)Memory:32 GB 1600 MHz DDR3Graphics:NVIDIA GeForce GTX 780M 4096 MBRift:Dev Kit 1 and Dev Kit 2,1410187980.0,217814.0,,,,,0.0,284974.0,Explorer,
M038,7,23,Linux OS,33,Cross-platform,42386.0,,"erCould you try click on ""Check packages""? Will it fix your errors?For Wave XR Plugin's camera, you just need to add below items(Camera and TrackedPoseDriver) to your scene,Let me know if you still having issues.",1631551380.0,42370.0,,,,,,27071.0,Employee,
M038,8,23,Linux OS,33,Cross-platform,24713.0,,"Hey John,I did try bypassing the link box. Also I don't have any HDMI cables which are skinny enough to fit into the HMD at the moment so I can't rule that out.",1552389240.0,5352.0,,,,,,28417.0,Verified Members,
M038,9,23,Linux OS,33,Cross-platform,187970.0,,I would bet that is very closely guarded...But... but... but... I just NEED to know about the Baba! The Baba has me hypmotized! :shock:,1400200140.0,187921.0,,,,,0.0,203280.0,Explorer,
M038,10,23,Linux OS,33,Cross-platform,293077.0,,"Ok, i will try it.On the website are not many informations, and the screenshots are to dark to see enviroment.😉",1414077300.0,293069.0,,,,,0.0,597228.0,Honored Guest,
M038,11,23,Linux OS,33,Cross-platform,245829.0,,"""vizionvr"" wrote:You can't go wrong with a set list like that to start out with.🙂There's really no setting up Virtual Desktop, you run it like any other app. It's pretty painless actually. My opinion: the best 3D in your face demo (and game) is BlazeRush. Be sure to check it out.Also , just to let you know, Sightline may be a bit juddery at times on lesser graphics cards.SightLine ran fine with my GTX 970. I actually preferred ""Welcome to Oculus"" and ""From Ashes"" over SightLine. SightLine was great, but I had to swing my neck around for 20 minutes straight! I see they have a mode where you can just press a controller button to advance instead of having to keep turning. I'll give it another go tonight in that mode.",1424229300.0,244873.0,,,,,0.0,725143.0,Honored Guest,
M038,12,23,Linux OS,33,Cross-platform,215317.0,,"Agreed.  Though I would like the more Ender's game like view of the battle field.  Playing a homewolrd like game with Ender's game/Minority Report interaction would be off the charts.Playing a Total War game where the world is before you and you can zoom in and out.  That would be amazing.  One moment you are commanding troops with gestures on the over world map the next you are zoomed in FPV seeing your armies engaged.Funny even back before these official OR forums existed I suggested on the MTBS forums that space and Total War like RTSs would be one of the best VR experiences.  Then so many argued VR was best for FPS.Fundamentally the games follow the VR good practices a lot more than so many others.I was going to procrastinate today, but it looks like its going to have to wait for tomorrow.",1400779920.0,215316.0,,,,,0.0,28958.0,Explorer,
M038,13,23,Linux OS,33,Cross-platform,191720.0,,Won't be ready until they add in support for DK2. DK1 and DK2 are very different animals.,1406637120.0,191719.0,,,,,0.0,302573.0,Explorer,
M038,14,23,Linux OS,33,Cross-platform,164325.0,,"Are you setting the rift up as the primary display in Windows when using it in extended mode in the Rift control Panel?  That works really well for most demos, can be a pain in the ass with the rift being your primary display though.  If I put the Rift on Extemded mode all the Fullscreen software still goes to the primary display, so the Rift has to be set as primary in Windows AFAIK.The display cloning the DK1 used was really simple to get working in comparison to the DK2 extended mode, I guess that doesn't work with the DK2 mainly because the portrait orientation of the DK2, which is why direct access will be awesome when all the bugs are worked out.  I really like the clone design of the DK1 though for showing non rift wearers the output with barely any extra overhead, if the CV1 was 1920x1080 instead of this 1080x1920 stuff that would work just like the DK1 which I'm kind of hoping for, direct access with slightly lower latency or cloned displays that people not wearing the rift can see.",1409480460.0,164307.0,,,,,0.0,242913.0,Explorer,
M038,15,23,Linux OS,33,Cross-platform,43415.0,,"HichisunsunThanks for providing the info. I have checked the arfoundation_with_vive_handtracking_20211030.txt. Here is related parts from the file:10-30 16:42:53.092: I/Unity(6528): enabled
10-30 16:42:53.092: I/Unity(6528):  #0 0xbe6e5819 (libunity.so) ? 0x0
10-30 16:42:53.092: I/Unity(6528):  #1 0xbedaaa9f (libunity.so) ? 0x0
10-30 16:42:53.092: I/Unity(6528):  #2 0xbe8d55e5 (libunity.so) ? 0x0
10-30 16:42:53.092: I/Unity(6528):  #3 0xbe8d5551 (libunity.so) ? 0x0
10-30 16:42:53.092: I/Unity(6528):  #4 0xcd8c8da6 (Unknown) ? 0x0
10-30 16:42:53.134: I/Aristo(6528): Starting Vive Hand Tracking SDK 1.0.0 as 32-bit binary
10-30 16:42:53.148: I/Aristo(6528): Selected camera 0I can see that after you enabled GestureProvider script, GestureProvider directly starts the detection with android camera. This means that is does not detect ARCore. Since camera is already used by ARCore, Vive Hand Tracking will fail to start.However, there is something strange here. From GestureProvider.Start function (line 90-111), there should be logs that output engine selection process (no matter success or fail). But I cannot find any of these logs. So I think GestureProvider.Start may be already called before you enabled it from the script.I would recommend you to check it in Unity Editor: 1) make sure GestureProvider is disabled in the scene 2) make sure GestureProvider script remains disabled after entered play mode in Unity Editor 3) you can manually enable GestureProvider from inspector and see if there are logs from GestureProvider.Start function in the console.Another solution is that, you can completely remove GestureProvider in the scene and AddComponent in ARSessionWatcher.run function after ARCore is enabled.",1635709680.0,42489.0,,,,,,27994.0,Verified Members,
M038,16,23,Linux OS,33,Cross-platform,212640.0,,"I updated Doom 3 BFG to support the Bink cinematics (which had been removed from the open source). It also supports the RoQ cinematics from the old Doom 3, and will use them instead if they are present. The cinematics are used for: The rotating planet in the title screen, the background in the text intro screen, video feeds on monitors, the video on the triangular pillar when you first enter Mars city, video-disks, hell breaking loose, etc.You probably should use the Release exe file. The Retail build wasn't working, so it isn't included. I wasn't sure exactly which ffmpeg dll and exe files were needed, so I just included them all, some might not be necessary.https://dl.dropboxusercontent.com/u/101772879/Doom3BFG-VR5.zipIt isn't using the new SDK or even the screen calibration info in the old SDK yet. I'll fix that next.Currently working on Dolphin VR
Follow along:https://github.com/CarlKenner/dolphin/commits/VR-HydraLatest Version:viewtopic.php?f=42&t=11241&start=1020#p249426",1397710860.0,212630.0,,,,,0.0,3664.0,Adventurer,
M038,17,23,Linux OS,33,Cross-platform,324519.0,,"Great thank you again from prompt response! Then I will download the 4.7-np, try, and then report back🙂The Leap integration was included in the official Unreal github repository build. Just not in the regular release of Unreal through the launcher.Link:https://forums.unrealengine.com/showthr... post227875",1427427420.0,324481.0,,,,,0.0,313060.0,Explorer,
M038,18,23,Linux OS,33,Cross-platform,188162.0,,"""Baesky"" wrote:The Order Page said:""New orders are expected to ship within 6 to 8 weeks.""My pre-order time: 2014.06My pre-order status: PendingNo joke?even i order now, you will shipping it in about 2 month and my order is june and i got nothing?Depends on what part of the world you live in.",1410662340.0,188121.0,,,,,0.0,296656.0,Explorer,
M038,19,23,Linux OS,33,Cross-platform,13916.0,,"I did not get fallout 4 code or the deluxe audio strap even though just before I placed order it said the sale included vive, audio strap and fallout 4 and worst thing is when I contacted vive they said I bought it before sale but I clicked on the sale offer that said buy now and you get all those, I'm very disappointed",1511911620.0,2163.0,,,,,,19226.0,Verified Members,
M038,20,23,Linux OS,33,Cross-platform,183786.0,Final Fantasy XIII Trilogy for PC! Want VorpX support!,"So apparently it was announced by Square Enix that the Final Fantasy XIII Trilogy will release on PC, with Final Fantasy XIII to release this coming October 9th, and the other 2 following in 2015 on PC.I know Final Fantasy XIII wasn't a great game compared to the old Final Fantasy Games, but I have to admit that the graphics were awesome, and I for one wouldn't mind seeing Lightning and the crew in stereoscopic 3D on the Oculus DK2 on PC. Imagine seeing the summons and fluid battle system in glorious 3D, running through the beautiful looking backgrounds, of course all of this will be in Third person though (like Lucky's Tale), and maybe go into first person during a talking scene. Not sure how positional head tracking would be of any use.Imagine seeing this sort of scene in stereoscopic 3D:http://www.ps3attitude.com/wp-content/uploads/2012/02/Final-Fantasy-XIII-2-Cocoon.jpgI can only see this being possible on the 3rd party Software called VorpX, and I really hope Ralph will give Final Fantasy XIII support for VorpX.🙂So who else thinks this is a good idea and would love to go though the final fantasy XIII trilogy on the Oculus Rift?I reckon it would revitalise this sort of genre if they put native support though. You would actually feel a part of the final fantasy story. I have played though Final Fantasy XIII and XIII-2 but have not gone through Lightning returns though.",1411170420.0,,,,0,,0.0,563240.0,Honored Guest,
M038,21,23,Linux OS,33,Cross-platform,986133.0,Afterlife VR has launched - 9/10 average rating on Steam and supports native Oculus drivers!,"Launch trailer:This may look like a spooky horror game, but so far it's more like a thriller and an adventure game. To my great surprise the game started directly on my Rift CV1 when trying the game for the first time - so had to take off the Index and put on the Rift CV1, as native Oculus drivers apparently had the highest priority - and Rift took over, lol.This is a dark game, and it worked great using the Rift CV1 with oled panels. With the RTX 3090 I got solid 90 fps using highest graphics settings and Rift CV1 ss 2.5 (27 mill pixels per frame).RECOMMENDED SYSTEM SPECS:Requires a 64-bit processor and operating systemOS:windows 10Processor:Intel Core i7-7700 / AMD Ryzen 5 2500XMemory:16 GB RAMGraphics:GTX 2060DirectX:Version 11Storage:7 GB available spaceAdditional Notes:VR headsetsThe game feels kinda old-school, like it was in development for many years - and maybe it has been. A few days ago the game was fully released, thus is no longer early access:https://store.steampowered.com/app/1528020/Afterlife_VR/The game has great dynamic shadows, but probably is more of a 7/10 rating to me. 9/10 of Steam users like the game, and it's only $14.Some shots:Oculus Rift CV1, Valve Index & PSVR2, Asus Strix OC RTX™ 3090, i9-10900K (5.3Ghz), 32GB 3200MHz, 16TB SSD""Ask not what VR can do for you, but what you can do for VR""",1663356720.0,,,,6.0,,3.0,928593.0,Grand Champion,
M038,22,23,Linux OS,33,Cross-platform,137031.0,,"I ordered on the 9th of October.  This is my fifth week of waiting.  So I should expect to be getting the processing email this or next week.  This is not always the case.  I have seen orders that have been placed and then shipped with 2 to 3 weeks.  That is the only fault I have with the system.  All shipping should really be done on an as ordered basis.  Not when they get to it.  This is the one thing they need to work on.  I hope they get it right before they launch the consumer version.  Of course, they should be building the consumer version long before they advertise it as ready for sale.  Get a good stock ready for the influx of orders.",1384223580.0,137008.0,,,,,0.0,126718.0,Honored Guest,
M038,23,23,Linux OS,33,Cross-platform,449262.0,,"Ok, problem solved.I was trying to avoid updating to 5.4 since we are about to release the game and this sudden changes of version usually brings problems, so, as you suggested, I removed the Oculus Audio SDK installed files. After that, I downloaded the last Unity Oculus Utilities version.I had not downloaded that  before because in the release notes it was especified that there could be problems with Unity 5.3.6 related to the Neck Model, but I just gave it a try and everything works fine now.Thanks both of you for your answer, is good to know that there is someone in the other side willing to help us🙂",1473622080.0,449255.0,,,,,0.0,211734.0,Explorer,
M038,24,23,Linux OS,33,Cross-platform,322398.0,,Unreal demos should run smooth on your machine.  I have less for specs and can run unreal coaster full settings no judder.You should try Surge on oculus share it's a wicked unreal demo.  If that doesn't rum without judder I would suspect drivers or some kind of issue... latest runtime with newish Nvidia drivers might help... Is it direct mode you are trying?  You could also try it on extended to see if it makes a difference.,1433848920.0,322397.0,,,,,0.0,328648.0,Protege,
M039,1,24,Mac OS,33,Cross-platform,360869.0,,Two displays at what resolution each?  I assume this is to drastically also increase the FOV? >150?My estimate for the rift will probably be around £400 or so,1451118240.0,360862.0,,,,,0.0,1087756.0,Protege,
M039,2,24,Mac OS,33,Cross-platform,335524.0,,"Interesting, thanks.However, I am not sure how to make actual stereo skybox in Unity, since regular skybox is a built-in shader according to Unity docs:http://docs.unity3d.com/Manual/HOWTO-UseSkybox.htmlAny ideas?Thanks!",1450612620.0,335520.0,,,,,0.0,960639.0,Rising Star,
M039,3,24,Mac OS,33,Cross-platform,265111.0,,If there's not a release this year I will protest with drums outside their offices until I get a pink CV1.Rendering/Game engineer,1428783180.0,265103.0,,,,,0.0,868447.0,Honored Guest,
M039,4,24,Mac OS,33,Cross-platform,599777.0,,"elbofforsaid:nalex66said:someoneDidnt even mention it was me, sat all high and mighty in the dnb tourney as undefeated.I appreciate not wanting to show you have had contact with us loser bracket nubs but dam that hurt😞Sorry,forkindly invited me to play Ripcoil and didn't mock me too badly as I got my bearings and tried it out for the first time.Since you've signed up for the new Ripcoil tournament, I'm sure you'll get your chance to defeat me in virtual battle.😉DK2, CV1, Go, Quest, Quest 2, Quest 3.Try my game:Cyclops Island Demo",1489969740.0,599765.0,,,,,1.0,9.0,MVP,
M039,5,24,Mac OS,33,Cross-platform,97635.0,,"Alternatively, there are people on these forums who would probably be happy to quickly throw your blender models into udk or unity and make a rift version for you, its not that much work.",1367650740.0,97631.0,,,,,0.0,8230.0,Explorer,
M039,6,24,Mac OS,33,Cross-platform,686539.0,,Mind Labyrinth is now 20% off for the first time!https://www.oculus.com/experiences/rift/1978368332236407MIND LABYRINTH VR DREAMSMIND UNLEASHED,1542425880.0,686538.0,,,,,0.0,175169.0,Adventurer,
M039,7,24,Mac OS,33,Cross-platform,190493.0,,"""obzen"" wrote:I could see two versions, possibly. one 1080p, one 1440p, more expensive. 1440p is 75% more pixels than 1080p, also means, more exclusive hi-spec panels (for the performance required), more difficult to source, maybe not as good response and refresh rate, and also would require beefier GPUs. 1080p would be much easier to source, IMO, and will go easy on hardware.If it's just a matter of swapping panels and controllers, it could be a possibility. IMO, it sounds much more complicated and expensive than the 1080p option. I'm even questioning if the resolution gain would be actually that noticeable. Unless you go say, 4K. Dunno really, could be wrong, and 1440p does bring noticeable improvements.Well if they released a 1440p version then you can just down-scale a game or demo to 1080p if your computer couldn't handle it.😛The 1440p screen also might actually end up looking better at 1080p than a 1080p screen would at the same resolution, but don't quote me on that.",1396296060.0,190486.0,,,,,0.0,13227.0,Explorer,
M039,8,24,Mac OS,33,Cross-platform,12578.0,,"ThanksSince I have two Vive's running on differents machines, I've installed it onto both PC's, using my single Vive login.If what you state is possible,  then it's the ONLY time I've ever had a licensing issue such as this, and I have hundreds of Steam titles and quite a few Oculus titles on both PC's, with zero issues...I can login and play anything on either PC without restrictions.Same goes for gaming consoles, no restrictions per single user account across multiple same consoles.I will test out your theory and login/uninstall Tilt Brush from one of the PC's, then check to see if it will work on the other.Will report back on the resultsASAP.",1504451760.0,1962.0,,,,,,16916.0,Verified Members,
M039,9,24,Mac OS,33,Cross-platform,24920.0,,"I just checked out the Kickstarter for Firmament. That is exactly the type of games I love.I have to get in on this Kickstarter. Thank you for the heads up on this game.As far as it comes to my new HTC Vive system, What best describes it for me is WOW,This went far beyond what I had hoped for. First day I easly forgot where I really was and bumped into a wall, LOL. Thank you for your reply. I too am a big Cyan fan, I have all of the myst series.Again, Thank you :robothappy:",1553613060.0,5404.0,,,,,,28537.0,Verified Members,
M039,10,24,Mac OS,33,Cross-platform,169413.0,,"Steer clear of the helix roller coaster or at least proceed with caution. And with any of the demos, at the first sign of uneasiness close your eyes and remove the rift.",1409175600.0,169397.0,,,,,0.0,523070.0,Honored Guest,
M039,11,24,Mac OS,33,Cross-platform,193728.0,,"""richhard1"" wrote:""Carandiru"" wrote:""tcla75"" wrote:It works great for a few minutes but then my graphics card temp goes over 100c and causes the computer to crash. This is the only app that does this. Even very graphic heavy games work away fine.Wow that's amazing really, what Graphics card and system specs do you have?I'm running a Radeon 290 and my temps are normal.I would strongly suggest an FPS limiter, lower or prevent any over clocking, check for dust in your vents, generally though the temperature should never breach 90 maximum!, even at full pelt.If your PC shuts off anyway, I'd also check the bios for maximum cutoff temperatures for both CPU and GPU. your airflow needs improving by the sounds of it.I only saw the replies to my question now after giving it a break over xmas. I usually try and google any problem I have because there is nearly always someone else that has the same issue somewhere in the world but this one had me stumped. I checked to see if it was dust causing the problem and what I found out was something that was very unique indeed and very unlikely anyone else would have been suffering the same problem. A year ago I upgraded my graphics card to a radeon 7770. I needed to upgrade the power supply also which left a spare wire left over that at the time I must have missed. When I opened the computer today I could see that it was resting on the graphics card fan. I removed the wire and checked the benchmarks again. Now I don't know what the average speed of a graphics card fan is so I checked the screenshot I had before I removed the wire. It was showing 45 rpm. After I removed it 1230 rpm. That was obviously the issue and it is running at a nice 60c to 80c now while the app is on. Needles to say my computer is not crashing now.",1420613820.0,193258.0,,,,,0.0,617894.0,Honored Guest,
M039,12,24,Mac OS,33,Cross-platform,185489.0,,"This is meant to be a developers forum after all. Not exactly the most ideal place to get news about the goings on of things outside of indy development. If you just want info and enthusiast conversation, Reddit is the obvious choice for those things. I'm not a developer right now, but I enjoy the topics that come up and enjoy seeing what people are working on. When I really just want casual conversation about VR and all things enthusiast, I go to reddit.Personally, nothing about Oculus or VR says ""meh"" to me. I think we're are privileged to be here to witness the birth and early life of a new medium that's going to have a huge impact on the future of so many different things. It's exciting as hell and moving at a blistering pace when you consider where VR was just a mere two years ago.i7 3820
16 gigs of Ram
GTX 780ti",1402451580.0,185474.0,,,,,0.0,231875.0,Expert Protege,
M039,13,24,Mac OS,33,Cross-platform,1025926.0,,"I started playing Echo nearly a year ago when I first bought my Quest 2, and nearly a year later it is still the main game I play, I am part of a massive community with over 1000 members all of whom came together in their love of Echo.We are like family, we have spread out to other games, but our love for Echo is 1st, if it needs to make more money, charge us for it please, but please don't take away our home.",1675210860.0,1025776.0,,,,,5.0,1497406.0,Honored Guest,Save Echo VR
M039,14,24,Mac OS,33,Cross-platform,504022.0,,"Oops01said:Hey guys is it worth buying Alien Isolation to try it with either one of these fixes, if so which one of these fixes would you recommend?Neither VR nor Stereoscopic rendering is somehow going to magically make A:I a different or better game. Maybe more immersive and atmospheric (which is a plus) but at a lower perceived resolution, greater risk of nausea and possibly graphical artefacts,I'd say that if you haven't decided from game reviews or word of mouth that A:I is the sort of game you like and is worth buying, then it probably isn't worth getting it just to try it in VR or Stereoscopic. And if, for you, itisworth getting, then it's worth getting anyway🙂[edit]As for which fix to try, why not try the cheap/free stereoscopic solution first, and if that leaves you yearning for proper head-tracking VR, read up on VorpX and decide if it's worth the price. Some people love it and aren't bothered by its limitations, others feel very strongly that it's not worth getting.",1487562480.0,504003.0,,,,,0.0,,Not applicable,
M039,15,24,Mac OS,33,Cross-platform,51102.0,,"""Birdy"" wrote:1080p is even crapy 4k is the new standart if you dont understand the need use your wire frame rendered game againprobably you will undestand it then afterIt's not a new standard, it's an emerging technology that is still expensive as hell. We're nowhere near having enough saturation to produce cheap 4k panels for smartphones, let alone having the requisite media or graphics capabilities for producing content.",1376274420.0,51022.0,,,,,0.0,8129.0,Explorer,
M039,16,24,Mac OS,33,Cross-platform,187116.0,,"""jamesh2263"" wrote:The new sdk must be so close to release nowCan't wait to try the new rift even Tuscany with positioning tracking and the new screen it will look amazing I'm sureBut we do need the new sdk ASAPThe new sdk can't be used until the dk2 is out.i7 3820
16 gigs of Ram
GTX 780ti",1404966600.0,187106.0,,,,,0.0,231875.0,Expert Protege,
M039,17,24,Mac OS,33,Cross-platform,71487.0,,"""Hlao"" wrote:""rupy"" wrote:I'm also making YASS, but mine will be MMO!Your game launched, then the window froze, then it unfroze and there was the trial thing and sound but otherwise black screen...The game takes a little while to load, and when it does the screen will fade in from black, during this time you can see the trial message and hear sound. The fade in should only take a couple of seconds.What kind of specs does the machine you are running it on have?It's a HD4600 I think, latest generation Intel integrated.""It's like Homeworld in first person.""Disable Aero and vSync for a completely simulator sickness free experience with 2xHz FPS.
Keep the config utility open for tracking to work.",1389910380.0,71477.0,,,,,0.0,23672.0,Honored Guest,
M039,18,24,Mac OS,33,Cross-platform,238662.0,,"Damn near a quarter of the demos I've downloaded were blocked by Chrome for being suspicious.  I just say, ""No, Chrome.  You don't know me.""  I haven't been infected yet.  And I don't run any AV software - causes more problems than it's worth.  By the by, this is coming from someone who led development on an anti-malware application. :lol:  So shut that nonsense down, and party!!  Really, if it's on Oculus Share, you have little to worry about.",1410331020.0,238661.0,,,,,0.0,363167.0,Honored Guest,
M039,19,24,Mac OS,33,Cross-platform,189901.0,,"""shim2"" wrote:I don't understand why they have to ship like this. It's so amateur, it's unprofessional and it's down right sloppy.I have no problem with the company, and can live with the time wait (tho Im REALLY hoping to my Aug1 order responded to soon)But I do agree with the above quotedThe batch shipping is unfortunate.For the $75USD paid to ship to NZ, I dont see why it can't come straight from a single location??Then we'd all get them in order of purchasedOh well..........patience😐-PDrift VFXVisual, Virtual , VerticalWant 970GTX on Macbook for good FPS?https://forums.oculus.com/viewtopic.php?f=26&t=17349",1413638100.0,188121.0,,,,,0.0,521118.0,Rising Star,
M039,20,24,Mac OS,33,Cross-platform,166256.0,,"""mikesummer"" wrote:I’m reading this thread since 1 of July. It’s a some kind of funny, how manyPeople complaining about lag of Information or just about not having the DK2right now in their hands…I know that people often whine about ""lag"" but here we should be talking about ""lack"".  :lol:Greetz from Munich Germany!Khazar = biggest champion of all.. just sayin'...  :ugeek:DK2 Status: ARRIVED AND WORKING
Arrival: 29.07.",1405270500.0,165490.0,,,,,0.0,283592.0,Honored Guest,
M039,21,24,Mac OS,33,Cross-platform,753575.0,,"Zenbanesaid:Beat ya to it!https://forums.oculusvr.com/community/discussion/comment/692307/#Comment_692307❤️Awesome - didn't see your post before now. Maybe it's good to give the subject more attention in it's own thread (many who have already completed Moss might never notice the DLC otherwise) - or the moderators can of course feel free to delete this thread.I did provide a video though - and tried not to give spoilers😉Oculus Rift CV1, Valve Index & PSVR2, Asus Strix OC RTX™ 3090, i9-10900K (5.3Ghz), 32GB 3200MHz, 16TB SSD""Ask not what VR can do for you, but what you can do for VR""",1561742520.0,753573.0,,,,,1.0,928593.0,Grand Champion,
M039,22,24,Mac OS,33,Cross-platform,146719.0,,"Jeroen, we don't have any way of knowing. There is a thread that seems to be holding fairly accurate for orders placed in April/May, but we just don't know delivery for orders placed today. Doubtful Oculus can even tell you.But... but... but... I just NEED to know about the Baba! The Baba has me hypmotized! :shock:",1408840860.0,146718.0,,,,,0.0,203280.0,Explorer,
M039,23,24,Mac OS,33,Cross-platform,354636.0,,"The general shipping costs of airmail,  specially quick airmail regardless of shipping agency is expensive.Any parcel up to around 3-5 kilograms (ors its lbs equivalent)  already costs around 35-45 bucks.When using dhl/ups/fedex 2-3 day service you are already paying an easy 50-80 bucks.Etc.",1452528120.0,354629.0,,,,,0.0,1347377.0,Rising Star,
M039,24,24,Mac OS,33,Cross-platform,50837.0,,"46 minutes ago, DaddyDubz said:So here is my question.  I've been following this *explicative* thread for FAR too long waiting on someone at HTC to get off their insanely comfortable lazy *explicative* rear-ends and FIX THIS *explicative* problem.  I purchased my Vive Pro 2 from Amazon (Amazon was the seller) back in mid October 2022.  Because Amazon started their holiday return season for anything purchased from October - Jan 31 I can return this thing.My question to all of you is - do I remove the lighthouses from my walls and pack all this hunk of crap up or do I continue to sit here like a lap dog and wait for someone at HTC to give a *explicative* about their customers and address this problem?  I can play beat saber.....that's it.  For everything else I have been forced back to my Q2 since I purchased my 4090.....MONTHS NOW.SHAME SHAME SHAME SHAME SHAME SHAME SHAME SHAME SHAME SHAME SHAME SHAME SHAME ON HTC.  More concentrated on releasing their crappy new AR headset no one with a right mind will purchase than addressing the issue completely BREAKING their only ""pro"" consumer headset.  Excellent *explicative* idea.  Bloody brilliant.So....RETURN?  Or stick it out?Hate to say this because I really do love my Vive Pro, but honestly if you are still in the return window I'd advise returning it. The Vive Pro 2 is quickly becoming an antiquated headset and there are MUCH more exciting HMDs coming out in 2023, both basestation tracked and inside out thanks to the push for all headsets to utilize at least 2000x2000 per eye miniLED and pancake lenses. The Vive Pro 2 may have a high resolution but it's sweet spot is terrible and for what it costs, it's kind of not worth it. I 100% struggle to recommend this headset in 2023, and I'd even go as far as to say it was the same for the end of 2022. If the 4080 and 4090 didn't have the SAME ISSUE with the Vive Pro 1, I'd recommend that with basestation 2.0's and index controllers as a hold-over (you can get a Vive Pro used for $300 or less) but alas, even the original Vive Pro and I spent over a week exchanging emails with technical support until they simply stopped replying after blaming my PC for it and telling me to install drivers from mid 2022... on a 4080.Like I said earlier.. if you've got the itch and deep enough pockets for a significant upgrade just go with a Varjo Aero, it'll be a better experience and the one issue I had with mine (usb cable was acting funky) they literally sent me a replacement cable overnight with only 2 email exchanges, not even asking for the bad one back or anything.",1674569460.0,49767.0,,,,,,59450.0,Verified Members,
M040,1,24,Mac OS,25,IOS Development,34319.0,,"I don't hear anything from the European people here? Did someone get any mail from Oculus? I know they are at 47xxx in Europe. I am 55xxx. Anyone heard something?Order: 55xxx
Europe, The Netherlands.
Status:Processing",1373388240.0,32850.0,,,,,0.0,154011.0,Honored Guest,
M040,2,24,Mac OS,25,IOS Development,34046.0,,"1 hour ago, Shen Ye said:Okay we will take a look at the logs - could you do another report issue so we have the logs with the latest nvidia drivers please? Thanks!Sure, I've done it. The code is 20200408163740Than you again for your time. I really appreciate it!",1586331780.0,33948.0,,,,,,35854.0,Verified Members,
M040,3,24,Mac OS,25,IOS Development,319952.0,,"""Malkmus1979"" wrote:Not to nitpick your point, but it's a company newsletter of which only 2 of the 5 entries are about mobile. I really don't think they're referring specifically to mobile with that last line. Surely there will be some mobile stuff at E3, but I think that's what GDC was mainly for, and with the GVR 2 coming out this week I don' t think there's much more they can reveal in that department.Oh I thought the render the metaverse was gear vr. I could have sworn someone said that contest was gear. So two general announcements with render the metaverse and new staffing, gear vr stuff, then the comment at the end. It just seemed a bit weird to have the two previous paragraphs be about gear vr and then hop into oh yeah we have some cool stuff at E3 if it wasn't at least somewhat gear vr related. you may be right that there is some mobile and then also some pc based stuff.",1430797020.0,319917.0,,,,,0.0,485270.0,Explorer,
M040,4,24,Mac OS,25,IOS Development,332332.0,,Thank you for a forum to develop!😄Going to need a lot of help understanding what works and what doesn't. Lot of trial and error... and feedback.,1424848440.0,332330.0,,,,,0.0,24461.0,Honored Guest,
M040,5,24,Mac OS,25,IOS Development,38787.0,(Solved) Vive Console crashes during install.,"When running ViveSetup the app crashes every time during the ""Preparing"" phase of installation.SteamVR ""sees"" the headset and displays on the computer monitor what I should be seeing through the headset, but the headset remains in sleep mode (red light) and the display remains black.I've tried running it in Admin mode, restarting the comp and running it, moving which USB and DP slots the headset is plugged into. Nothing has worked.I just need to get the drivers installed but can't do that.",1609403520.0,,,,,,,42274.0,Verified Members,
M040,6,24,Mac OS,25,IOS Development,265711.0,,"Really...? You made a horror game, and suddenly remembered some people have cardiac deficiency?😄Man, you can't feel accountable for people's health problems, which are ultimately their own responsibility. Some forms of entertainment are not for everyone. We wouldn't have horror anything if the authors accepted that sort of responsibility.G3258 z
GTX970
8GB RAM
Windows 7 64",1413237960.0,265702.0,,,,,0.0,563561.0,Explorer,
M040,7,24,Mac OS,25,IOS Development,239293.0,,"Very good oculus integration. coptit modeling is awsome and the graphics really good (and smooth). If I could advise a menu to set up the inputs.... my Saitek X52 is recognised but for some reason the rudder axis is set to ""full right"". After some unplug and restart, I was able to have it almost centerd so I can fly with my joystic, without rudder. Many thanks for the direct mode!!😄",1410672780.0,239275.0,,,,,0.0,612692.0,Honored Guest,
M040,8,24,Mac OS,25,IOS Development,345280.0,,"Anyone figure out which fruits work best with which garden plots? If not, starting in a couple of days when my garden is ready again, I'll systematically do one fruit in all three plots to find out results for all fruits. Yeah, I could cheat with the time settings but not worth the effort.",1461591420.0,345236.0,,,,,0.0,14127.0,Rising Star,
M040,9,24,Mac OS,25,IOS Development,129285.0,,Wow it seems that my order can be found on the UPS site and it's scheduled for delivery on wednesday! Is Oculus VR still having problems sending out those tracking numbers? I thought they fixed it.,1383834360.0,128991.0,,,,,0.0,125822.0,Honored Guest,
M040,10,24,Mac OS,25,IOS Development,358606.0,,"I don't think Oculus really cares if anyone buys the Vive over the Rift.Why you ask? Well because they have FB backing them, and Mr Z knows that this isn't going to be profitable or mainstream for a while.Oculus Vision was to get ""Quality VR to the masses"", it doesn't matter if it's a competitor doing it.Edited: Spelling corrections.CPU: Intel i7 4770k 3.8ghz (water-cooled) | GPU: G1 980ti 6gb |  G.Skill Ripjaw's 16GB DDR3 1600mhz | 28"" Samsung LED 4k monitor (60hz display port) )",1452582420.0,358570.0,,,,,0.0,30697.0,Explorer,
M040,11,24,Mac OS,25,IOS Development,443516.0,,"Sorry, there is no longer a way to disable low persistence.",1470181080.0,443515.0,,,,,1.0,413384.0,Oculus Staff,
M040,12,24,Mac OS,25,IOS Development,611222.0,Bodies and hands in VR,"Hi all,I was wondering why in most games the developers only render the players hands and not the body. Some games won't even show your hands (hello, Fallout VR!), which in my opinion destroys immersion almost completely.In Lone Echo for example, you can see your whole body when you look down and this was something that made me feel like I was really there on that station.I haven't played Arktika.1 yet but I was instantly disappointed when I saw the floating hands in the trailers.So, is it so complicated or hard to render a body or what do you think why devs won't allow us to see our avatars in game?Thanks for your thoughts!",1513406160.0,,,,4.0,,0.0,791405.0,Expert Protege,
M040,13,24,Mac OS,25,IOS Development,493730.0,,"Are you around Zenbane?  I'm-a-callin you out, boy.Big PC, all the headsets, now using Quest 3",1488168900.0,493570.0,,,,,0.0,193750.0,MVP,
M040,14,24,Mac OS,25,IOS Development,108723.0,,"This is a mistake, and a misunderstanding. Oculus can't charge GST. It will surely get sorted out.",1395342900.0,108695.0,,,,,0.0,38709.0,Honored Guest,
M040,15,24,Mac OS,25,IOS Development,73996.0,,"""darren"" wrote:I just wish there could be a priority queue for actual developers.The problem there is how do you define who is a developer and who is not, anyone could be a developer if they chose to be, as such it would be a grey area where people would end up arguing that their development team was more important than someone elses or indies complaining that they were shunted back in favor of major developers.Given the nature of the product, its fair for those that supported oculus from the beginning or early on to receive their units before those just arriving, we will all be given the opportunity to obtain better hardware in the future but for the time being the fact there is a waiting time at all is a good thing as it shows the demand for an unfinished development model of a product is high, and the sales of that hardware go towards Oculus in improving the retail product and increasing support and awareness, ensuring a solid and long lived life cycle.In short, i understand your frustration, but we need to find patience.",1373039460.0,73994.0,,,,,0.0,138092.0,Honored Guest,
M040,16,24,Mac OS,25,IOS Development,332615.0,,"If you really have to go for a laptop you will need something like this at the very least:http://www.amazon.com/MSI-GT60-DOMINATOR-1065-9S7-16F442-1065-15-6-Inch/dp/B00O4ORNDA/ref=sr_1_2?ie=...GTX 970M graphics card is the bare minimum for the rift, still not ideal.The only laptop gpu that handles DK2 well atm is the 980M, but you would need to spend at least 2000$ on the laptop.If you opt for a desktop however you could get a pretty high end build for 1000$-1500$.",1421886420.0,332607.0,,,,,0.0,615539.0,Honored Guest,
M040,17,24,Mac OS,25,IOS Development,333770.0,,"Wow, incredibly great news!   Really appreciate it.",1449543240.0,333765.0,,,,,0.0,13437.0,Heroic Explorer,
M040,18,24,Mac OS,25,IOS Development,218312.0,,"Just let you know guys I have posted in ""8 august update"" asking what is goin on whit Australia to Cyber, and the post has been removed. I was super polite so not really sure what does it mean.Lets try you guys to do the same to see what happens.",1407539340.0,217814.0,,,,,0.0,423670.0,Protege,
M040,19,24,Mac OS,25,IOS Development,623701.0,,Thanks erson! This totally fixed it for me as well.,1502837640.0,623666.0,,,,,0.0,772948.0,Honored Guest,
M040,20,24,Mac OS,25,IOS Development,715115.0,Reviews of Games and Apps on Oculus Website?,It'd be great if Oculus allowed you to review Oculus Go games and apps through the website rather than just through the phone app.  I'd much rather do my typing on a standard keyboard.  Maybe this is already possible for Rift owners.Oculus--Do you plan on adding this feature in the future?,1529375100.0,,,,1.0,,0.0,170430.0,Explorer,oculus website|VR Reviews
M040,21,24,Mac OS,25,IOS Development,30852.0,Any chance 3in1 cables are going to be re-stocked?,"We all know how long the 3in1 cables last, so is there any chance that the Vive store will be restocking them for the Vive any time soon? Thanks in advance!",1577453040.0,,,,,,,33914.0,Members,
M040,22,24,Mac OS,25,IOS Development,1053333.0,3rd party bluetooth access denied after update to firmware version 53,"I've got an app which talks to a 3rd party bluetooth device (https://www.attys.tech/). This app has been working just fine on the app lab since March. Now suddenly I'm getting the error message:java.lang.SecurityException: Need android.permission.BLUETOOTH_CONNECT permission for android.content.AttributionSourced38: AdapterService getBondedDevicesMy manifest file has the appropriate permissions:uses-permission android:name=""android.permission.BLUETOOTH""uses-permission android:name=""android.permission.BLUETOOTH_ADMIN""uses-permission android:name=""android.permission.BLUETOOTH_CONNECT""uses-permission android:name=""android.permission.BLUETOOTH_SCAN""This behaviour has changed out of the blue without my intervention so I suspect that a recent firmware update has disabled bluetooth access, even with the permissions in the manifest.This is a biofeedback app and it needs to measure the heartrate. Without the bluetooth connection it's pretty much useless. I'm giving a demo in front of people this Thursday. This looks like a serious bug. Even if I run the app straight from Android studio it won't let me connect to my Attys.",1685418660.0,,,,1.0,,0.0,1467676.0,Protege,
M040,23,24,Mac OS,25,IOS Development,45985.0,Brand new 2021 Base Station 1.0 breaks on SteamVR firmware update?,"I bought a brand new Vive Base Station 1.0 and the serial sticker says manufactured 2021. When I go to update it, the device nearly bricks/doesn't work until I use the well-known leaked firmware reset procedure. I have checked by taking a phone pic of the sensor all appears to show correct.I there an issue with my device or firmware? I'm going to chase it up with support also.",1643541720.0,,,,,,,52698.0,Verified Members,
M040,24,24,Mac OS,25,IOS Development,37158.0,,"DearPH LinThank you very much for your check and the information. It is really helpful.Best regards,imarin181",1598831760.0,36548.0,,,,,1.0,31921.0,Verified Members,
M049,1,15,Horror Game,23,Horror Game,3374.0,Vive Pro,"I notice a full package is out now (in the UK) with the vive headset, two wands (which are blue like the headset) and 2 new base stations all for a measly sum of £1496.99 (thats including enterprise advantage)  aimed at commercial.A few quick questions1.  Are these blue controllers the same as the original ones just blue or are they physically different.2.  Am I right in thinking that the 2.0 basestations don't work with the original headset?3. Other than roomscale size what other benefits do the new base stations add?",1526434500.0,,,,,,,16773.0,Verified Members,
M049,2,15,Horror Game,23,Horror Game,204573.0,,"""Hadwell"" wrote:Because the hardware at the moment is constantly changing...every new version of HMD that comes out has new lenses, new screens, different interfaces, different methods of tracking, etc... also nobody knows what the minimum specs for PC's will be by the time CV1+ comes out...Could not agree more ll - but the DK2 is as close as we will get to the final hardware bar the final tracking camera (CV1) - why FB/OVR has not released the PC ""minimum specifications"" to run VR using this system, or a QA process for software submission on this platform - or even the requirements of support of SteamVR - are questions yet to be answered even addressed.Lets hope E3 is enlightening.https://vrawards.aixr.org/
""The Out-of-Home Immersive Entertainment Frontier: Expanding Interactive Boundaries in Leisure Facilities""https://www.amazon.co.uk/Out-Home-Immersive-Entertainment-Frontier/dp/1472426959",1400793840.0,204535.0,,,,,0.0,231485.0,Honored Visionary,
M049,3,15,Horror Game,23,Horror Game,379260.0,,"The DKs were sold in two methods, via PayPal and via Card.The PayPal method automagically took all the money needed to cover the HMD, shipment and VAT if applicable.Card method took 50$ as the advance, and when the order went into Processing phase, rest of the money was taken.I personally preferred the PayPal method and I do hope Oculus will enable PayPal transactions for this time as well (even though I don't see a reason why they won't be able to).😉DK1:ReceivedDK2:(Jan 26) Pending=>(2nd Feb) Processing=>(3rd Feb) Shipped=>(6th Feb) ReceivedCV1:(Jan 6) PendingRig: i7 4770 / GA-Z87X-D3H / GTX 760 / 16GB RAM",1452010140.0,379258.0,,,,,0.0,253616.0,Protege,
M049,4,15,Horror Game,23,Horror Game,478871.0,,"Awsedrftgsaid:whoa182said:You sort of forget that your body isn't tracked... anyone else noticed that when playing? lolYeah, I tried to kick!Yes! I was covering tight behind barrels, frantically pulling my legs in, being afraid this frickin' bullet was going to hit my feet that where seemingly standing out of my cover🙂",1481597820.0,478822.0,,,,,0.0,1164083.0,Adventurer,
M049,5,15,Horror Game,23,Horror Game,481853.0,,"jezzy450said:Add me guys, I love this game too... jezzy450 on oculusMaybe a wrong thread then lol, OP posted how he dislikes the game and thinks it's overrated. However I made a small thread for fans of the game. I'll add ya anyway, good luck if you want to compete for ranks, Wildt and I have the top spots from what I've seen.https://forums.oculus.com/community/discussion/48236/space-pirate-trainer-leaderboard#latest",1484442120.0,481834.0,,,,,1.0,143899.0,Expert Trustee,
M049,6,15,Horror Game,23,Horror Game,88878.0,,"""drash"" wrote:""ianmacmillan"" wrote:I'm not sure I understand what your guys' complaint is. Are you saying you don't like it when your character moves in the direction you're 'looking' (your head, as opposed to the direction you're 'facing', as you state...presumably this means your body, yes?). If so, then I agree -- you should be able to keep walking in the direction your body is facing, independent of your head rotation. That said, though...For me, it's often difficult to tell which way my head is turned relative to my body because the subtle clues I get in the real world, whereby I can see my body and shoulders in my periphery, are gone when inside the Rift. I wonder if it would be possible to include a body model in such a way as to provide the missing head/body relationship clues in the limited periphery provided by the Rift?Sorry if I wasn't clear on my terms, easy to forget to indicate whether I mean physical vs virtual!   Yes I do mean when my VR body is facing in some direction, I'd like to be able to walk straight for some predetermined amount of time, and look around to take in my surroundings along the way.   Imagine walking straight forward along a tightrope, but you still want to look around while moving along the tightrope.  Can't do that with this particular control scheme where your VR body's ""forward"" is directly tied to your headlook direction.Anyway, as far as knowing which way your VR body is turned relative to your VR head, I think if apps/games can take advantage of yaw drift correction then that's not too much of an issue.  For me at least, I know when my actual head is facing forward (I think!).   I guess an indicator (or body model) wouldn't hurt though.I actually can't tell with any precision if my head is turned WRT my body, particularly if it's only turned just a few degrees. I need to be able to see my torso to know with absolute certainty how much my head is rotated, most importantly so I can re.center my head quickly and accurately.",1370356020.0,88857.0,,,,,0.0,42395.0,Explorer,
M049,7,15,Horror Game,23,Horror Game,169931.0,,There is all ready a thread about this:viewtopic.php?f=26&t=11153&p=148086&hilit=Cascaded#p148086,1406551860.0,169927.0,,,,,0.0,3455.0,Honored Guest,
M049,8,15,Horror Game,23,Horror Game,810855.0,Business Edition of Oculus Quest is not playing videos.,"I have an apk file that my team has been working on, it works and plays video fine on the standard Oculus Quest but the Business edition will not play the videos...I'm using the Unreal engine 4.25, the video files are .mp4 files and are queued to play when the app starts. When I sent the exact same .apk file to each headset, the Business edition will not play videos. Can someone help me find what I am doing wrong?",1597709940.0,,,,3.0,,1.0,189807.0,Explorer,business|occulus apps and videos|Oculus video|question
M049,9,15,Horror Game,23,Horror Game,232463.0,7 Ways the Oculus Rift will change Entertainment.,"...according to Rolling Stone Magazine's, Mark Yarm.  What do you think? Agree? Disagree? What's a magazine?http://www.rollingstone.com/culture/news/7-ways-the-oculus-rift-could-change-entertainment-as-we-kno...Article highlights for people with no fingers:The Rift was developed with gaming in mind — and all indications are that the titles developed for it are going to be intense. Even the demos can be frightening, says Oculus' Vice President of Product Nate Mitchell.You want to attend the Fuji Rock Festival, but airfare to Japan is pretty steep. In the not-too-distant future, you'll be able to watch live shows from anywhere in the world from the comfort of your living room and feel like you're there.Bailenson predicts that in the future, the viewer will become more of an auteur, or at least a casting agent. If someone creates a 3D model of an actor, it will be possible to put said virtual thespian into another role.https://soundcloud.com/tim-chaisson-1",1397690220.0,,,,1,,0.0,138053.0,Adventurer,
M049,10,15,Horror Game,23,Horror Game,761541.0,Oculus Browser WebVR,Can we able to Develop WebVR application in Oculus Browser using Unity?,1561989180.0,,,,0.0,,0.0,,Not applicable,
M049,11,15,Horror Game,23,Horror Game,108909.0,,"""captaintrips"" wrote:Can we please just start locking these shipping/conspiracy threads? Please? It's really becoming annoying, and over abundant. It's contaminating legitimate threads and burying them under sob story after sob story.Oculus has said their piece about it over and over. There's no need to continue to flame forums with this kind of moping around.No offense but it is your own choice to look in the box is it not?  It's rather obvious by the titles of these threads what is inside of them and nobody is making you post here either.  It isyour own choiceto be annoyed by it, none of us can do that for you.The internet is a very big place full of a lot of people, you can't expect everybody to share your point of view.On nearly every shipping thread you are there to tell people 'Oculus said all they can say, or want to say, leave it alone', like you're intimidated by the prospect that they are going to close the doors on everybody if people speak up about what they desire. I'm not saying that is the reason you are doing it, but the similarities are there.   Don't forget that if it wasn't for people speaking up we wouldn't have received the official shipping thread that so many people had asked for.In case you missed or didn't understand the post Oculus made, they never once mentioned how they would handle the Canadian issue specifically and many Canadians on the forum would like to take a chance at having it addressed, as well as other people who still have questions. How does this affect you other than the fact you get 'annoyed' seeing the threads?Cheers captaintrips, the journey is just beginning and as time goes on and problems are ironed out there will be less and less threads filled with people voicing their concerns and you should find it easier to manage your aggravation I would imagine.I for one am a firm believer that if you want something you speak up about it, be it political or otherwise; and although some people may find they have an 'annoyance' problem as a result of it, it will happen regardless.My best advice would be to just skip past the shipping threads like they didn't exist, you will only give yourself a headache by insisting that you involve yourself in something that you do not want to be a part of.My own post before yours was a joke by the way.  I'm not sure if you really believed I was whining, and that prompted you to post or not; or if it was just the tone of the thread in general but either way,Good Luck and Good Night.“If you are willing to look at another person’s behavior toward you as a reflection of the state of their relationship with themselves rather than a statement about your value as a person, then you will, over a period of time cease to react at all.”
(~I really gotta remember this shiz~)
― Yogi Bhajan",1372170000.0,108838.0,,,,,0.0,18920.0,Protege,
M049,12,15,Horror Game,23,Horror Game,25930.0,,"We've seen it before a few times. It probably isn't indictative of any problems. If you want, you can send it in for repair and get it fixed.Thank you,-John C",1558427700.0,5752.0,,,,,,15742.0,Verified Members,
M049,13,15,Horror Game,23,Horror Game,136280.0,,"""Shadowless"" wrote:What is changing?  Why?  What's the big hoopla about?  I don't use Facebook, so I can't say they're good or bad.It'll be business as usual at OculusVR....as long as they tend to their crops.......GOD HELP THEM IF THEY DON'T TEND TO THEIR CROPS!!https://soundcloud.com/tim-chaisson-1",1395733380.0,136279.0,,,,,0.0,138053.0,Adventurer,
M049,14,15,Horror Game,23,Horror Game,347998.0,,"jelly_multiplayer_7.pngDownload the Win64 Build (Oculus DK2, 0.8 runtime, Leap Motion, Orion runtime):https://www.dropbox.com/s/kgyfvk4z1muz4es/WrenAR_Jellies_Multiplayer.zip?dl=0I've got most of the multiplayer issues worked out. Now multiple people can be in the same world, each with a unique avatar, unique image passthrough feed, and unique avatar and LEAP motion control. I added in some keyboard controls per feedback to allow people to move around within the space. Try it out!!Multiplayer:You can connect via Matchmaker (Host and Create/Join) and also through LAN (Host/Client)Avatars:I built this guy in about 1 minute, so think of it as a placeholder - Of course custom avatars down the road...His head will rotate in the direction of your HMD. Bodies don't rotate yet, but I'll put in some controls for this soon.New Controls:WASD - This will move you aroundLook in the direction you want to go for forward and back WSAD will strafe you.M: Mirror I put in for testing, it is computationally expensive, so if you notice aframerate drop, disable by toggling ""M"" againUp Next:Seeing other people's hands/fingersVOIP with LipSynchCleaning Up Lobby Buttons and making it more Oculus/Leap friendlyjelly_multiplayer_6.png",1457062020.0,347973.0,,,,,0.0,389954.0,Explorer,
M049,15,15,Horror Game,23,Horror Game,210856.0,,"Come on! Where's cyber when you need him?Wait, I have an idea!cyberlight.jpg",1405309620.0,210834.0,,,,,0.0,246040.0,Honored Guest,
M049,16,15,Horror Game,23,Horror Game,446971.0,,"Bought it, like it a lot also.Minimal interaction and very short, but very well done! Polished visuals, relaxing and very immersive 3 scenes. I need to migrate to a larger play area to make use of a little walking about which this benefits from... my study space pretty much keeps me pinned to standing in one spot.13700K, RTX 4070 Ti, Asus ROG Strix Z790-A Gaming, Corsair H150i Capellix, 64GB Corsair Vengence DDR5, Corsair 5000D Airflow, 4TB Samsung 870 , 2TB Samsung 990 Pro x 2, DK2, CV1, Rift-S, Quest, 2, 3, Pro",1482047220.0,446968.0,,,,,0.0,13.0,MVP,
M049,17,15,Horror Game,23,Horror Game,779748.0,,"^^Thankfully i ditched the present iteration of Who back last season, so that 15 seconds of off the cuff dramatic visual fluff from a Dr Who show 44 year ago, that the present show runner decided to use as a basis to change 57 years of show lore has not, for me anyway, changed that lore, but my condolences to all those that saw the trainwreck happen live, right up there with ""where were you when Kennedy was assasinated"", to tell your future decendents. lolCV1/Vive-knuckles)/Dell Vr Visor/Go/Quest II/ PSVR.",1585667520.0,779712.0,,,,,0.0,874879.0,Expert Trustee,
M049,18,15,Horror Game,23,Horror Game,51681.0,,"Hi, any news on the topic? Do you know if there's another way to reach the development team beside this forum for this sort of questions?",1678960260.0,51081.0,,,,,,50652.0,Verified Members,
M049,19,15,Horror Game,23,Horror Game,511460.0,,"Caspersightsaid:mmm that's strange, have you tried just typing ""caspersight"" in youtube? thanks for the heads up buddy🙂Link above works :smiley:",1469415840.0,511455.0,,,,,0.0,51833.0,Protege,
M049,20,15,Horror Game,23,Horror Game,188890.0,,"Just information please. We have to know by respect for developers. We can wait, but respect is important.",1412049120.0,188121.0,,,,,0.0,672274.0,Honored Guest,
M049,21,15,Horror Game,23,Horror Game,271866.0,,"In my case, the 5 year old that tried it only did UE4 RC for a few minutes because she was throwing a fit if she couldn't try it. The rest were 7 to 12. The ones that were viewing Titans are 12, 10, and 10.Total time was about 2 hours for all of them combined. Some of the longer journeys were the older ones because of Titans. Nobody did a straight run for any length of time besides Titans. All supervised and always making sure they were comfortable and not feeling sick.But... but... but... I just NEED to know about the Baba! The Baba has me hypmotized! :shock:",1413173760.0,271860.0,,,,,0.0,203280.0,Explorer,
M049,22,15,Horror Game,23,Horror Game,178779.0,,"""nka"" wrote:Why would DK2 be cheaper?CV1 maybe...Hell, no.",1399617180.0,178757.0,,,,,0.0,390652.0,Explorer,
M049,23,15,Horror Game,23,Horror Game,506355.0,,Great job with the upgrade! Really impressed by all the features you got in!Cant wait to try it. What a glorious day with this update and robo recall released at once.,1488422400.0,505595.0,,,,,0.0,123732.0,Expert Protege,
M049,24,15,Horror Game,23,Horror Game,168666.0,,"""whalan84"" wrote:This is the thanks they get for trying to help you out? If correct price was disclosed there was going to be this delay anyway... they tried to circumvent it for you. There is plenty to be upset at times regarding Oculus and shipping but I wouldn't have thought this would be one of them.And if I had knowingly lied to customs, I would have had at least an extra penalty placed on top of my purchase, and at worst criminal charges with the Rift being seized.If they had contacted me before doing this, I could have told them ""No, put on the honest price. This is not worth screwing around with customs"".As it stands, this was done1) Without my permission2) Without knowing they had done soIf no one had noticed, and then customs had found out down the line, I would have been fucked. By extension, the people who did this without alerting me can get fucked to the exact degree I could have been.NZ DK2 Order:  May 26, 2014 06:00 PM PDT
Status:Delivery Complete",1411605300.0,168623.0,,,,,0.0,663555.0,Honored Guest,
