mapping_id,within_mapping_sample_index,user_topic_id,user_topic_label,developer_topic_id,developer_topic_label,user_id,review,review_date,review_rating,review_feedback,Review_ID
M001,1,3,Customization,9,Customization,7.65611982369674e+16,"i've tried a lot of demos for the rift and this is one of my favorites so far.  it has become my go-to for showing new people what vr can do.  

i especially like the little surprises.  (the fruit basket is my favorite!)

so many gamers don't realize that good vr has nothing to do with running around maps and down corridors with a gun: it's all about hanging-out in cool settings like this one.

i can't wait to try it out on a vive!  i may watch all my tv shows here.

i also look forward to the galleon you guys are working on.",1435786360,0.632981479167938,1,440774
M001,2,3,Customization,9,Customization,theCuttlefish,"i think i liked the story in raw data more, but this had a fun arcade feel that made killing hordes of enemies more fun.  probably the best looking shooter i've played so far in vr.",1509333814,4.0, ,314396
M001,3,3,Customization,9,Customization,,monke game gud (except racist people d:),1675493678,,,132170930
M001,4,3,Customization,9,Customization,cess128,"i've been playing this game for nearly 2mo.  didn't lose weight much but getting shape  💪.
i wish there was stretching classes as well. stretching is really important before and after workout. tried few dance classes but after over an hour workout, real good stretching class is needed. 
other than that, love to challenge  for higher score .
oh, the burning calories count is way more higher and actual.",1613100214,4.0, ,172595
M001,5,3,Customization,9,Customization,jamesgrote,"i really like the explore option.  you can just move the balls around painting the air. the environments are really beautiful and relaxing. 

i would like to see other tracking options. following the moving spheres is anxiety-inducing at times.  instead of moving spheres, how about hoops appearing and you just need to move through the next hoop. that would be simpler and more relaxing as an option.",1589253814,5.0,"Thank you for your feedback!❤️

We'll test hoops as a potential feature and if this works well add into the options area.

Glad to hear that you've found the 'explore' mode! Many people don't find it. Hint for those reading: it is secretly behind you on the main menu.

Simply sharing that we have a big update going live this month which will more than double the content in the app. We hope you have a chance to enjoy it!",77879
M001,6,3,Customization,9,Customization,7.65611984157342e+16,literally a masterpiece! you have to buy a vr headset for this game. only thing is it can make you sick at some parts,1584580510,0.0,0,718732
M001,7,3,Customization,9,Customization,7.65611981566652e+16,"best game ive played on vr atm, very engaging and extremely immersive, i have played this on the htc vive and now htc vive cosmos with external tracking works great. soon to play this on the valve index. i also have the kat vr loco although cant figure out how to get it trakcing on this.",1591275060,0.0,0,663614
M001,8,3,Customization,9,Customization,7.65611981468733e+16,rabbit from manhunt but a girl tells you to catch shells that are not normal,1631096692,0.0,0,410604
M001,9,3,Customization,9,Customization,,"the rating of this game is undeservedly low. there are a lot of undeniably weak aspects in this game, but in general it deserves attention. i bought the game, went through and absolutely do not regret it.",1672074983,,,129352002
M001,10,3,Customization,9,Customization,Shadowdeath6673,stride is a good game if you want to get away from pain/gorilla tag. i think they should add multiplayer. that’s all folks!,1646320980,5.0,Hey! Thanks for the feedback. We are glad that you liked our game. Mutliplayer mode is already in development and it will be released really soon.,303905
M001,11,3,Customization,9,Customization,,"imma keep it real this game sucks. too short. the avatar changing is stupid and boring, i never use it unless i have to. the physics are worse in every aspect than boneworks. music is worse. the levels are insanely short with literally 0 interesting puzzles
just bad. not worth the money. 
i bought this game to play boneworks 2 not boneworks(with mod support and worse physics this time)",1665235706,,,123535394
M001,12,3,Customization,9,Customization,7.65611979888405e+16,"really enjoyed the story, going to replay it soon.

the two downsides i got with this game is - if you move in real life, you will move ingame, but a) it might glitch you into some spots, where getting out might be tricky and b) if you turn using the thumbstick then, it will still turn around the axis from where the game expected you to be, instead of where you actually are

but if you can deal with that (i definitely could) - the game makes up for it damn well. i got it on a sale for 9€ and damn, it surely was worth that money.",1533679480,0,1,686312
M001,13,3,Customization,9,Customization,Radders8,scary!! the gun is good but hard to use.,1515727414,5.0,"Thanks Radders8! We changed the gun system to make it easier :). If you have any ideas or improvements for chapter 2, please feel free to send a message on facebook @moonfoxgames. Thanks Moonfox Games",40719
M001,14,3,Customization,9,Customization,7.65611979719056e+16,"just a sub-par zombie wave shooter. graphics aren't impressive. controls are functional. some locomotion. there's nothing here that really stands out. 

i refunded this and went back to walking dead: saints and sinners instead.",1615116680,0.519841313362122,0,391903
M001,15,3,Customization,9,Customization,shlua,the game is fun and i've played for sometime and it just seems like its all quest unless i have not gotten further in the game. feels like it is just the same thing over and over,1643690940,4.0, ,285087
M001,16,3,Customization,9,Customization,7.65611981687023e+16,"it is quite good, but also quite overpriced for the amount of playtime you get from it (outside from showing it to other people which will totally make it seem it doesn't last like 1 hour), and now with the dumb decision of removing certain scenes that made the game quite impactful (and could have been easily skipped with a toggle the same way some games have blood or violence toggles) i can't say i recommend it, buy it with a huge discount or just ****** it (ironically you would get the better experience if you do the second option, which is so dumb but it's true)",1643051741,0.517713308334351,0,612144
M001,17,3,Customization,9,Customization,7.65611979703293e+16,"gtx 1060 gameplay: (with commentary)
https://www.youtube.com/watch?v=gzj3yx4_e1q

my thoughts:
a basic but fun and short experience with some of the best vr visuals and graphics to date. this feels a precursor for something bigger and more fleshed-out on the horizon. those rat models though, so awsome in vr!

game details:
step into the warhammer fantasy world like never before in this short and fun vr experience. as an aspiring hero, you need to prove your worth by outsmarting the cunning skaven, using your expert marksmanship and keen melee skills. for the empire!",1495558197,0.345553904771805,0,446623
M001,18,3,Customization,9,Customization,7.65611979643527e+16,"i was really quite surpsrised by climbey. the graphics and art style leave a lot to be desired, but the rest of the game blew my expectations away.

climbey is a fun, simple game with potentially infinite content. this is the exact type of game i want to see on vr. easy to pick up yet is challenging, has responsive controls, and tons of non-repetitive content. it doesn't require a lot of room to play either, despite how much movement is in the game. most of your real life movement will be arm flailing. your character is far from stagnant, however. the walking mechanic has restored my faith that future vr titles can do locomotion well. it works well and feels natural. jumping works just fine as well, but it's tricky to be accurate with it, and is one of the hardest parts of the game. i'm not sure if i have just gotten more use to vr or if it's the natural movements you have to make with your body to walk and jump in this game, but i did not feel any m otion sickness.

the user created levels expand the potential content of this game to the moon.  it's fun sitting in a lobby with other players and listent to the chit chat as every tries to make it through a course someone created.

the game is a bit physically demanding. not to a great degree, but enough to break you out in a sweat. just know what you're getting into. this is not a relax and unwind kind of game.

i think climbey is a must-have for new vr owners. don't pass it up because it looks lackluster like i did initially. looks can be deceiving.",1484118481,0,0,514420
M001,19,3,Customization,9,Customization,retro berries,i had this game for a while and it didn’t work so i did a factory reset and it worked! and the game is awesome but it has frequent crashes and not perfect but i recommend it￼￼,1642543800,4.0, ,105759
M001,20,3,Customization,9,Customization,7.65611979703293e+16,"vr | gtx 1060 (6gb) gameplay (with commentary):
https://www.youtube.com/watch?v=oqgzjwkcebk

my initial thoughts:
a slick highly polished arcade shooter that oozes quality, class & quantity!
(see my video above for 1st impressions!)",1508245913,0.286464720964432,0,450751
M001,21,3,Customization,9,Customization,7.65611981077861e+16,"last july, i went to the first stop of the htc vive live truck tour in san diego. i expected to try out a virtual reality headset and either be unimpressed or think it was kind of cool. then they loaded up tilt brush as my second demo and i could paint and actually see depth as i painted in three dimensions. this was a huge deal to me as i can't see 3d in movies or in those magic frame pictures that require you to be able to see 3d to appreciate.

i drew some flowers that day and signed a letter e for the first initial of my name.

six months later i got to draw a purple monster that started out as a hut and ended up looking like a pac-man ghost in front of skillman and hackett at the steam vr developer showcase. it was a pivotal moment in my life where i could thank the creators personally for one of the most remarkable art applications available on the market.

despite the sappy emotional story, i encourage everyone at any age to pick up the vive controllers and create something in tilt brush. i can't wait to see what fellow vive owners and their friends come up with now that it is commercially available!",1512649952,0.563492059707642,0,432271
M001,22,3,Customization,9,Customization,7.65611981736244e+16,hello everyone. to new comers to vr or people who have a had a vr but wanted to try a vr shooter. let me be the first one to say this is the game to start with. there is a lot of players on it in the various game modes and lots and lots of maps to play on. the steam work shop is pumping out new maps every week so be sure to get the most popular ones for lobby in game. i myself am addicted to the game mode push. and some maps ive played on be it base game or community that are just so mucg fun i forget i have work in 6 hours and should sleep xd.,1643145941,0.0,0,568011
M001,23,3,Customization,9,Customization,7.65611981871181e+16,this better be a dream with all the sweat deals i can get at geico!,1645767371,0.0,0,694055
M001,24,3,Customization,9,Customization,PRCNet,"exceptionally early, a very large amount of stock ue or ue marketplace meshes, sfx, particles.

i'd wait until they finish the title.",1544585014,3.0, ,341643
M001,25,3,Customization,9,Customization,roboticnerd,i reinstalled it and it works again though ,1461036214,4.0, ,10257
M002,1,6,Game Graphics,4,Graphics Optimization,SukMyDiglett06,really good game. as others have said reminds you of zelda. only thing i would ask for after beating the game is some hints in the main menu about the god powers and reminders on how use them. unless i just missed it.  sometimes you forget certain ones. other than that great game beautiful environment and excellent story with about 10 hours of solid game play. no glitches. satisfying combat.,1564543414,5.0,"Thanks for the feedback! When you are stuck on a puzzle that requires a certain God power the coinciding feather will start to glow a bit. However, we know that's pretty subtle and appreciate the request for a more obvious tip!",79677
M002,2,6,Game Graphics,4,Graphics Optimization,7.65611980845386e+16,"a full piece of art. again, valve has reinvented the gaming world.
16 hours of full joy. nothing else to say here.",1587558251,0.0,0,545762
M002,3,6,Game Graphics,4,Graphics Optimization,nfoland,"loved playing this on switch. got s+ on nearly every song on hard but the controls here are bit awkward and i'm sometimes struggling to get b ranks on hard while medium is too easy. using both hands for the face buttons is definitely challenging though some may like how that makes the game feel new. i'm getting better with it but would prefer the ability to use a different controller to have all face buttons on the right hand and left hand for movement and beats.
also the movement is controlled with either stick which makes the ship unintentionally move around when i barely touch the right stick as i'm hitting the a and b buttons.
add additional controller support or a way to fix some of the traditional controls and it'll be perfect! love seeing and hearing the game in a whole new way!",1644283320,4.0, ,300243
M002,4,6,Game Graphics,4,Graphics Optimization,Floksy,i give you 5 stars cos i know that this project have to be awesome but after first screen with play list i see only black screen. this is not works. no one video. p.s. i use samsung s7 edge. ,1458357814,5.0, ,60237
M002,5,6,Game Graphics,4,Graphics Optimization,jerry_jaxoni,you look around at something moving for a while. and then it's over.,1480994614,2.0, ,14149
M002,6,6,Game Graphics,4,Graphics Optimization,,had issues getting the game to launch on my quest 2. keep getting a fatal error when launching the game.,1695525409,,,146904611
M002,7,6,Game Graphics,4,Graphics Optimization,7.65611981062887e+16,this game has restored my faith in humanity,1613868901,0.0,0,423158
M002,8,6,Game Graphics,4,Graphics Optimization,chris.corleone.148n,"great app, i honestly don't know how i ever lived without it.",1649364660,5.0, ,99848
M002,9,6,Game Graphics,4,Graphics Optimization,7.65611981945959e+16,"its a good excersies game and it feels like your sliceing those cubes like there made out of whiped cream made into box shaped pieces (yes your dang right i stole that line from upisnotjump) if you wanna sweat your balls off then feel free to play this game on expert + anyways good game id reccomend
",1623400388,0.522058844566345,0,622103
M002,10,6,Game Graphics,4,Graphics Optimization,,it is a very good game for vr but 30$ no 30% for a gorilla game is to much nad you get hurt alot,1671781677,,,129078087
M002,11,6,Game Graphics,4,Graphics Optimization,7.6561198199271e+16,overall a pretty fun game. its quite fun throwing planets into orbit and seeing small planets make the larger ones wobble. if you like games like ksp you will like this,1507927621,0.553197085857391,0,691558
M002,12,6,Game Graphics,4,Graphics Optimization,7.65611983026454e+16,the game is awesome! and just wanted to update.,1544662051,0.0,0,668863
M002,13,6,Game Graphics,4,Graphics Optimization,7.65611980180151e+16,"simply amazing!  these dev's have a grasp on vr that most could learn from.  sure it still in early developement and it slightly lacking in the variety of aliens and building and bot options.  however i still managed to get lost in the game for hours... i hit lvl 50 and was thinking....""i sure hope there is a leader board"".... sadly not yet.  looking  forward to more updates.     some more objectives, maybe the ablity to unlock more stuff. :)",1465961595,0.503308951854706,0,453153
M002,14,6,Game Graphics,4,Graphics Optimization,7.65611983102652e+16,actually a good game with great soundtracks... i suck tho,1647201491,0.523809552192688,0,617982
M002,15,6,Game Graphics,4,Graphics Optimization,Sparky901,"this game was fantastic, the atmosphere, the puzzles, the story, were all amazing. please, please, please, spread the word as this game deserves a sequel. the vr experience was amazing and well worth the money. if you love puzzles and escape rooms with no looming threat, this is the game for you. a quiet and intricate game that was clearly made with love. happy solving and remember to keep your eyes open detective....",1644555180,5.0, ,131407
M002,16,6,Game Graphics,4,Graphics Optimization,ShellySchmoo,"update - server came online again and it was working again! i am looking forward to the addition of extra courses, and a tutorial would be fab!

my partner and i both bought this yesterday and had an 18 hole round, we had an absolute blast!
we’ve just gone to play it tonight and it’s so buggy and we can’t even play a match. when opening the game it says ‘checking for updates’ but doesn’t actually come off that unless you press the back button. the clubhouse is a little unintuitive, and the left handed play is also a bit glitchy, sometimes taking a few restarts of the app to get it working.
it’s a fab game but still has work to do to iron out the kinks. now to try again to see if we can start a match. here’s hoping!",1660517100,5.0,"Hello, ShellySchmoo:

The servers are down now. We are now working to set them up.

Hope you will soon fix our rating! 😉

Best 
AAA Games Studios Team",300770
M002,17,6,Game Graphics,4,Graphics Optimization,FallenAngel,"this whole game. i mean all of it. has dark and beautiful story telling. i felt what the main character felt the whole way through, mainly because i mentally went through the same thing, but not as fun. when i was getting to the end of the story. i felt familiar pains. i wanted to cry at some points because the story was told in a way that i could connect it to when i went through it. the developers did a beautiful job.

if anyone that's interested in trying the game reads my rating just buy the game. it's filled with action and a story. 

and to the devs. thank you for such an emotional ending. i loved it even though it was so heart felt. i'm trying not to spoil anything and i hope i didn't for the new players that experience this game. 

this is one that hit me hard and kept me on my toes. this is the first scary game i played in vr and i'm so happy i chose this one to start off the horror games.",1594092214,5.0, ,77090
M002,18,6,Game Graphics,4,Graphics Optimization,7.65611981392624e+16,i hope the developer is reading this review because this game will be even better it ever got updates.,1558641686,0.0,0,487155
M002,19,6,Game Graphics,4,Graphics Optimization,7.65611979694151e+16,"good, but just good. i didn't say ""wow"" like i did for beat saber. honestly, the song for ""synthmas"" is really cool to do. but the rest are not really good, at least not for me.

in terms of fun factor, i really liked that beat saber is rewarding full range movement. it gets you point and it's just cooler to watch. here, in synth riders, it's too easy. you just need to be at the right spot and force/directional movement does not matter.",1639952642,0.464448869228363,1,737043
M002,20,6,Game Graphics,4,Graphics Optimization,danestrom,"great game. very immersive. it's one i keep coming back to on the go. why the one star? because as previous reviewers have mentioned, none of the tables shown at the to of this page are included with your purchase. you'll need to spend an additional $15 to get et, back to the future and jaws.",1529637814,1.0,Hi! Thanks for your kind words and we are very happy to hear that you enjoy the game. We are also very sorry for the confusion caused by the image showing the Universal-themed games. We'll be more attentive towards matters like this in the future. Thanks for playing!,66177
M002,21,6,Game Graphics,4,Graphics Optimization,7.6561197991334e+16,"i did not realize that this was a reskin of beat saber. that's what it is. line up your glowsticks to the lines that show up on screen. no strategy, no planning, no tactics. just flail wildly until it gives you commands you must promptly obey. 

i really don't like rhythm games and that's what this ultimately is. if that's your jam then this is for you. if not then don't waste your time.",1611463758,0.301084786653519,1,730441
M002,22,6,Game Graphics,4,Graphics Optimization,chadheilig,"another none vr game trying to be sold on rift... sigh you can't even get through set up because they are not designed to interact with the oculus headset on and when you take it off to do it from the keyboard, it says the screen errors out saying that i no longer have my headset on... wow what a waste of money!!",1546053814,1.0, ,359943
M002,23,6,Game Graphics,4,Graphics Optimization,7.6561199096946e+16,i love the game but i'm still a bit upset that we still don't have an the update for stamina.,1626587507,0.665341377258301,1,705942
M002,24,6,Game Graphics,4,Graphics Optimization,7.65611980627601e+16,"2017 vr shooting in a 2021 vr game is so fun. if only i didn't have 8 other games capable of the same or better quality at half the price or cheaper. 

everyone says its left 4 dead in vr, and i mean... concept wise it is, but its poor execution. its just not in a state i would say is ready for a release.... or $40.",1639766662,0.504954814910889,0,700174
M002,25,6,Game Graphics,4,Graphics Optimization,TheHood2003,the gameplay mechanics of this game are awesome and the game is very fun. the story isn't really great though.,1591586614,4.0, ,313718
M003,1,6,Game Graphics,11,Rendering Issues,7.65611983886903e+16,"(disclaimer: i was gifted this gem to review it, i don't even know why you would give me that much power but i really really apprechiate it! also i was told to beat the shit out of the game and tell the devs over any flaws on a rather [i]direct[/i] review example of mine (windlands if you're wondering). basically the disclaimer shouldn't mean anything but here you go)

[h1]a game for all the grappling hook enthusiasts or otherwise movement interested parcour junkies - it's not an indie endless runner as i thought when i skipped past it*[/h1]

first of all, it's a must have for every grappling hook enthusiast that has vr, these are the best grappling hooks i've used this far (didn't bother with windlands 2 for now though but i still definetely had my fair share of grappling hooks) and after my 2.6 hours i've gotten a really good feeling for these bois. fine tuning jets included (brilliant idea on that note lmao).

playtime wise i've completed the main story and 9/20 (edit: 30 total, another 10 in beta testing right now so 40 coming total) of the races with the last one taking me ages to get a run with a finish (id rather try again than slow down significantly) - the levels get longer and harder and its really getting on your rage meter if you're tryharding like me for no apparant reason, but more on that later.

you definetely shouldn't buy this game for its story, rather for grappling hooks and soviet jokes (always lifts the mood with your friendly neighbourhood russian) -  [b]seriously if you're searching for some new movement based vr game this is the gem you've been searching for[/b], altough pricy for the playtime (on one playthrough aka the bare minimum) it's well worth it if you wanna spend your time perfecting your times on the time trials and get to that number 1 spot on the leaderboard. 
[i]movement based games were dying out and vr is reviving them, you gotta love this industry for that[/i]

even though the devs aren't russians they nailed the (russian) music - it fits the game [u]so so so well[/u] and at the trials and certain parts of the game there is a good amount borrowed from hardbass and i love it to the moon and back!

also; theres not a single loading screen, it really keeps the paste of the entire game going and it's just sooo smooth...
[i]seriously thats soo0 nice to have even though i have no idea how the devs held those loading screens so short that they are nearly seemless, i'm so much all for it,[/i] [b]extra especially in vr![/b] - i guess that art style doesn't just make it special visually but also somehow kills [u]any[/u] loading time and fps lacks, [b]i have a gtx 1060 6gb and an i7 8700 (installed on my harddrive even) and what can i say? - seemless loading and steady fps, really unlike anything before this.[/b]

critique: 
roof. the only bad / annoying thing that i found for myself were places you got stuck on and lost all of the momentum, but the better you get the less you hit walls / the ceilings etc etc so it gets significantly less annoying but for the learning process that was the only really annoying thing i found in there.

replay value: [u]yes[/u]
if you're planning on getting your moneys worth if you define that by the playtime than you're not gonna have a hard time with this indie grapple mastery gem - you can even get into speedrunning the game and, well, its perfect for replaying, not just the time trials. speaking of which -

time trials: like i said, for now ive only played 9/20 of the trials but they are definetely becoming harder and longer (significantly) and i will definetely at least try them all out and have a go at the leaderboard for some that got me in the top 30 without donating 3 kidneys to one level but i'll update this if anything more important is going to pop up regarding that (i don't think so, the concept is pretty simple (as its supposed to be))

[/u]also you definetely feel like you're that comrade in the game cover - even though this pose (stretching your arms behind your back) may give you and your hands / room some bad flashbacks over gorilla tag i didn't once have a problem with this game taking up too much playspace - and i'm gonna measure mine just for this review.

~ 180cm x 145cm ; not much but my hands and wardrobe could keep their virginity for today, no problem.



*i found it in my discovery list and i normally dont skip past games like these on sight - but my list was filled with unimportant shit and for some reason i saw it as an pricy endless runner and that just hurts my head in retrospective, like how... good thing they made this terrible mistake and gave me a copy to review ha",1627498083,0.534883737564087,0,399350
M003,2,6,Game Graphics,11,Rendering Issues,,"this tool is no longer needed, most vrs come with this built in, there is no need for this anymore. i give it a d rating.",1708908778,,,159291662
M003,3,6,Game Graphics,11,Rendering Issues,,honestly the best vr rhythm game i've played so far. it's like a mix of drumming and raving and dancin and glowstix and cute cats worth worth much fun,1663443794,,,122393522
M003,4,6,Game Graphics,11,Rendering Issues,,i highly recommend this game it is very fun.but when you downlooad this on steamvr you can download a soundboard to make peoples days and have fun! 67% of the community is very nice and not toxic,1702936362,,,153882110
M003,5,6,Game Graphics,11,Rendering Issues,,very great game ttt was fun and tdm is meh it needs spawn protection,1680682462,,,136137353
M003,6,6,Game Graphics,11,Rendering Issues,Mister_Holiday,"i’m a big fan of virtual travel. i love finding 360 degree videos on youtube of interesting places and touring them virtually. this is even better. beautiful digital recreations of amazing places, with greater interactivity than a video. i’ve been pacing myself, limiting myself to one locale a day.  i’ll run out soon, but hopefully they’ll keep the updates coming. also, major bonus points for including an oculus home environment! why don’t more apps do that?",1663987620,5.0, ,289300
M003,7,6,Game Graphics,11,Rendering Issues,adam.stevens.2273,love the game but the songs get repetitive how do you add custom songs,1575948214,1.0,"Hi, you can add custom songs by copying them to ""CustomSongs"" folder on your device. See this page for more information: http://songbeater.com/custom.html Contact us at info@songbeater.com in case of any questions, thanks! :)",45221
M003,8,6,Game Graphics,11,Rendering Issues,7.65611979922103e+16,"absolutely awesome! left 4 dead in vr. 
++
guns feel really good, 
graphics are good enough, 
lots of zombies on screen at once,
good variety of difficulties
very fun with friends

--
only 5 short levels,
no real campaign story to speak of,
could use more guns!
tldr: more more and more!",1639348797,0,0,700290
M003,9,6,Game Graphics,11,Rendering Issues,shard master 71,"i honestly can't belive this game is running on a mobile processor. the graphics are stunning it has selections for sitting and standing playing options which i love. this is just a very polished game. i haven't been this suprised graphically since red matter : this is truly a rift experience on a mobile device, and shows what can be done when time and thoughtfulness is brought to bear.",1574565814,5.0,"Hi there! Firstly we want to convey our sincerest apologies for how late our response is to your feedback. We appreciate looking back we should've actioned our early post launch reviews a lot sooner. We're sorry we didn't and we hope you can forgive us for that. Secondly your incredibly positive review is massively appreciated! :) It's very humbling to compare us to some of the visuals which can be experienced on a PCVR game. :) We're not sure if you're aware but we do also have a steam and rift version of the game so if you have a gaming PC or laptop you can play our PC version of the game. We're also cross buy enabled on oculus so you'll get the rift version for free. :) We certainly spent a long time developing the game across all platforms and we aimed to have everything ready on those platforms for the same date. Obviously with the quest there were some sacrifices we made but at the time we got it as close as we could with what we hard to work with. :) Not sure if you've followed our progress with Espire by the way but we've also spent the last 18 months or so improving the game where possible. The visuals you loved in the game post launch have now been significantly improved further so you'll see things like reflections and roughness on certain surfaces, more solid looking textures, better meshing etc. We also improved on the enemy AI detection and stability so guards will react more realistically and detect you in areas you would expect and won't detect you in areas you wouldn't expect them to catch you. :) Game performance is also a lot smoother and loading times have been heavily reduced. :) We also found time to incorporate additional content into the game in the form of new challenges. These bring new category types such as intel and weapons which can provide some unique gameplay as well as a couple of new weapons and new maps. :) We do hope you'll check the game out again if it's been a while as we trust you'll love the improved present version of the game. :) Thanks again for all the amazing support and again very sorry for our late response. :)",156378
M003,10,6,Game Graphics,11,Rendering Issues,Sir_Corgus,"these games are just way too short and don't have much replay value. as a star wars fan, i enjoyed it, but disappointed overall at the length of each episode.",1603077814,3.0, ,153557
M003,11,6,Game Graphics,11,Rendering Issues,xkeeper2020,"omg this game is soooooo awesome 
you get to feel like a rock star like all the other rock gods. can’t stop playing lol
now all i ask is next game please make it vr drums . but again you guys rock ……. thank you 😊 🤘🤘🤘🤘",1666731600,5.0, ,302937
M003,12,6,Game Graphics,11,Rendering Issues,lancaster184,"i have quite a few creative titles on the oculus, sketch vr , tilt brush , graffiti kings, sculpt vr, but i think this is the most enjoyable, the simplicity of just painting is great and feels real, no gimmicks just painting. if you are on the fence just jump in and get it it's defo worth the 6 or £7. it would be great to have a smaller canvas and tiny brushes to simulate painting on an easel maybe a mixing palette so it's all to hand. i see the devs are very responsive on reviews and i realised this game is still very much in development, if they continue to add and evolve, this is on its was to being even more awesome.
update: the devs are great, they have listened and delivered what the user's wanted, we now have a changeable canvas size and easel so you can sit and paint , you can place it on the floor and go crazy on it, or continue to work on a massive canvas on the wall, new smaller brushes and paint pens add another option for detail, you can paint on a tiny canvas and scale it up to a giant size or vice versa, it's awesome. i think the game has been properly released now so costs a bit more but is still a good deal. less than a few pints and the fun lasts longer.",1666336200,5.0, ,258490
M003,13,6,Game Graphics,11,Rendering Issues,7.65611980367798e+16,"it was alright, wouldn't say it is worth the price but for what i paid 15 dollars it was",1537878693,0.0,0,455356
M003,14,6,Game Graphics,11,Rendering Issues,"
                                      greenlit                                  ","
                     everything about bartender vr simulator shines, and it’s easy to get lost trying to make the drinks without messing up. i’ve never done any kind of bartending, so i can’t speak to how accurate the drink mixtures are (or how they taste, being virtual and all) but it’s still a fun experience that showcases virtual reality and room-scale very well.                  ",1520996400,80%,,618
M003,15,6,Game Graphics,11,Rendering Issues,7.65611979850457e+16,okay now this is a vr game i can get lost in for hours. i haven't played that long but i already know that i love it. a story driven campaign with gesture based spells you can cast with beautiful graphics and environments? yes please. highly recommend this game!,1638335968,0.466666668653488,0,589134
M003,16,6,Game Graphics,11,Rendering Issues,7.65611979708362e+16,"certainly one of the better vr games. a must have unless your easily frightened as this will most likely frighten you.  its really quite unnerving to have a zombie sneak up behind you and start attacking you.  why is it that when you die they keep attacking... it really does give me chills.  

it would be kind of cool if i could wield the frying pan since its in the game... maybe it would make it too easy, but i just want all these zombies dead...er.",1510983283,0,0,436273
M003,17,6,Game Graphics,11,Rendering Issues,,played a couple of hours of this with my wife as the pc player. it's a lot of fun shooting the undead together.,1690124122,,,142647861
M003,18,6,Game Graphics,11,Rendering Issues,kaoscupcake,"just wanted to lay down a quick review of this game as i'm not very far in yet..

as a person that's fairly new to the quest and vr gaming in general, i first want to say this title, along with a couple others, are literally the reason i made the quick purchase of the quest in the first place! man! i mean after looking at the trailer and then coming into this game with absolutely no real expectations, i've got to say this game completely surprised me with how awesome it turned out to be. it's challenging, addictive, and the scenery alone is honestly more than enough to keep me playing!

i'm still hoping to get more accurate though 😂.
anywho if you're having doubts about being a noob and not finding this game...just go for it! this game is well worth every penny!",1595647414,5.0, ,176661
M003,19,6,Game Graphics,11,Rendering Issues,ButterKing666,"this is the first vr game i’ve played associated to a recognizable intellectual property, that being star wars, so it was nice playing something that seemed familiar. there is a fun story mode about darth vader trying to get this item, and a light saber dojo where you fight robots, kinda like the wii sports resort sword game.",1577762614,5.0, ,124982
M003,20,6,Game Graphics,11,Rendering Issues,,"honestly the most fun i've had in vr and the main reason i still throw on the headset from time to time. the throwing just feels good, every completed pass is satisfying, and being able to scramble with the joystick + move around irl is awesome. if you enjoy the sport it's a must-play title.",1708824578,,,159201167
M003,21,6,Game Graphics,11,Rendering Issues,7.65611979657351e+16,"rapidly becoming my second job.

 might as well get the s.t.a.l.k.e.r. comparisons out of the way now:  it's not 1:1 but man the vibe is there.  there aren't any npcs like duty or freedom, but after that it's mostly all here.  throw something at an anomaly so you can avoid it.  get snuck up on by a low opacity monster.  pick up a magic jewel from the middle floating train wreck.  use a console command (conveniently placed right in the pause menu) to unstick yourself from some geometry.  a lot of care has been put in to really give an authentic feel that this is what it'd be like if massive radiation spills were magical.  i have traversed areas suspended in time and warped in space, inimical to life and alien to human minds.  

the game borders on simulation.  it's more than just the part where you have to clean your own guns.  in combat, if your magazines run empty, it'll be some time before you can put bullets back in them, and if bullets are not boxed, you will be reloading by hand.  i do not recommend going into the zone without a complete weapons check and maybe a couple spare mags in your backpack... which you access by pulling it around off your back, and storing in a 3-d pack.  items can overlap in this ""hammerspace"" and if you don't keep your bag organized, you will at best be frustrated, and in an emergency, probably killed.  going out in the dark is extremely ill-advised and i've had to crash out in an empty grain silo to wait out the night.  i sit on the mattress, crack open a can of moose meat, and play a cassette i found next to a dead scientist.  when i clean my guns, i light a cigarette first.  i have to clean my room.  it's full of loose ammo and half full ammo boxes.  i am dangerously close to listening to hard base and wearing adidas during play.  i don't own adidas, and i worry that i would not hear police mimics over the cyka blyat.  

this is as close to enjoying camping as i've ever been.

i am always wanting to go back.  i look forward to it. i think about it while at work.  it is impinging on social time.  the atmosphere and exploration approach super metroid.

a few notes:  the index is not explicitly supported according to steam every time i launch the game.  i'm not sure if the issues i have are a function of that or deeper ingrained.  i find my body alignment is often off to the side, which makes getting things out of my side pouch a little cumbersome.  overall body mapping honestly could use a little polish.  i've had mission critical items spawn in the middle of anomalies.  weapon handling is adequate, but not as good as say, pavlov.  the available items for purchase are both a credit and detriment: while the selection isn't great, it also kinda serves to reinforce the idea that the berlin wall fell like a couple weeks ago or something.   there's also this thing where... they're not blowouts.  the ""tide"" is a wave that wipes and resets the zone every 4 days or so, but also removes artifacts, which would be fine, except this includes the ones you've got in your camp outside the zone. to my knowledge, there is no way to stop thi. if you find an artifact that does something cool, you have until the next tide to use it.  otherwise you might as well sell it. 

why did they hang the carpet on the wall?


but overall, this is one of the few games i'd watch others stream.  the world is that interesting.  it's simultaneously alienating and cozy, hostile and inviting.  i'm going to be here a while.

",1638568761,0.523809552192688,0,363732
M003,22,6,Game Graphics,11,Rendering Issues,BLClark19,"really fun, simple experience. the mechanics come off as weird at first, but after a couple of minutes i realized i was over complicating the game. fantastic controls. the aesthetics are gorgeous. my friend and i spent quite a bit of time standing around and looking at stuff.

needs avatars, even something simple. other than that, perfect game.",1613791414,5.0, ,201697
M003,23,6,Game Graphics,11,Rendering Issues,SwarMC,"all the people complaining fail to realize this is something new to the oculus and not a full and ready to release game which is why it’s free, it’s not fair to hate on the developers when they have out the original for free.",1663084140,5.0, ,292938
M003,24,6,Game Graphics,11,Rendering Issues,Arion lord of Atlantis ,i was worried about this being the first vr that i have done. love it! the game takes you thru what seems life real life war. easy enough to learn. i am about 1/2 way thru the single player then moving on to the multiple player. love this game!!,1640985300,5.0, ,289746
M003,25,6,Game Graphics,11,Rendering Issues,"
                                      Sebastian                                  ","
                     never let me get past the main menu. would not recognize my vive controllers.                  ",1575860400,20%,,2955
M004,1,22,Light Design,11,Rendering Issues,7.65611980525515e+16,fun application but doesn't work on youtube 360 videos unless you have windows 10.  i'm not ready for that sort of... commitment to my vr just yet.  i wouldn't be ready for windows 10 if the headset came with a handset and able to give hand....  well you know.  this is something that the developer should tell you before you purchase it.  about the youtube problem.  not the other.,1469037614,0.482450515031815,0,443048
M004,2,22,Light Design,11,Rendering Issues,Capt and Mrs R,"the multiverse and infiniverse are pre-beta apps that present a proof of concept / idea of what could be! a virtual reality world with socializing, playing games, relaxing, shopping, attending concerts, shows & live events. what sets them apart is the ability to customize your apartment and/or storefront easily without having to know how to code or hire a coder. communities of people are already forming. the possibilities are endless at this point. the developers are doing a great job at making sure the users are heard on their discord. i’m excited to see where this app goes and be part of it!",1644851340,5.0, ,91922
M004,3,22,Light Design,11,Rendering Issues,GrumpySoldier,"i was initially disappointed by this as it appeared to be a 2d game adapted for vr, but i soon forgot about that 'cause i was too busy laughing. it loads quickly, is great for killing a few minutes, and i play it almost every time i use my rift.
so much entertainment for so little hdd space. :)",1507433014,5.0, ,356238
M004,4,22,Light Design,11,Rendering Issues,7.65611984091096e+16,"without mods this game is a 6 out of 10, it gets pretty boring really quickly. the game with mods though the game gets a bit more fun but sometimes it can get super boring to play, idk how people with more then like 75 hours play this game a lot. the games a 7 out of 10 but from time to time it can be fun",1629602613,0.0,0,657013
M004,5,22,Light Design,11,Rendering Issues,Lixenite,"gameplay 10/10
visuals 10/10
comfort 10/10
story 10/10
overall 10/10
this is my personal opinion as a new vr user",1669596960,5.0, ,117369
M004,6,22,Light Design,11,Rendering Issues,,"great performance (oculus cv1), funny, smart. fun but a bit short.",1657835792,,,118821764
M004,7,22,Light Design,11,Rendering Issues,"
                                      David                                  ","
                     its like spiderman with sink plungers!
had to stop playing as motion sickness bad.                  ",1608433200,40%,,4679
M004,8,22,Light Design,11,Rendering Issues,7.65611991343533e+16,"ok this is one of my favorite games of all time because of modding and the physics...

if you can, 
buy it now
bone/10",1636248818,0.0,0,710424
M004,9,22,Light Design,11,Rendering Issues,7.65611979796696e+16,"it's gal gun, in vr, with all the events, the special attack, and the story ripped out of it.

why couldn't that stay in? probably for the same reason the camera blacks out if your headset goes below a certain height...",1507591331,0.607580840587616,2,684003
M004,10,22,Light Design,11,Rendering Issues,7.65611984135295e+16,"there were neither hotdogs, nor horse shoes, nor hand grenades :(",1620002824,0.322334438562393,4,468872
M004,11,22,Light Design,11,Rendering Issues,dr.markmurphy,"this froze up my oculus go as it perpetually downloads and never completes the download, rendering my unit useless.",1546226614,1.0, ,45597
M004,12,22,Light Design,11,Rendering Issues,7.65611979833438e+16,"this is one of my favorite vr fps games.  realistic without being too realistic.  hard enough to actually be challenging.  there's been complaints that the devs have been focusing too much on the standalone game...but i say be patient.  as a dev myself, there's a lot going on behind the scenes.  i'm really looking forward to all the additions.",1633396573,0,0,734154
M004,13,22,Light Design,11,Rendering Issues,lynn,i would like my 29.99 refunded. i can’t even get past the first tutorial game and then it asks again for a user name which won’t load. then it freezes….repeat. i want it deleted and refunded.,1659851280,1.0,"Hey there Mysis,

My name’s Tom, I’m one of the newer Customer Experience Managers at FitXR.

I just wanted to come back to this review to let you know about some of the changes we’ve recently introduced to the app. I completely understand if you’re no longer interested in using FitXR - but a lot has changed lately, and we’ve been trying hard to listen and learn from the feedback of our community.

We know we handled the transition to membership poorly, and we really are sorry for the dissatisfaction caused; we’ve now altered the Home Screen for any Legacy customers, so that membership is no longer the primary focus - though it’s available through the Account section of the app in case you wanted to expand your library of content.

In addition to that, all previously available DLC add-on packs have now been released for free to all Legacy users - and we’re also adding in one extra free class every month from our brand new classes, so that there’s something fresh to look forward to; and so you can see how the quality of content is improving over time.

Again, totally respect if the app is no longer for you, or you’ve found an alternative provider, but I just wanted to reach out and let you know that we’re trying to make things better - and a lot of our former users have agreed the changes have been a step in the right direction.

Best,

Tom
FitXR",170827
M004,14,22,Light Design,11,Rendering Issues,7.65611984254121e+16,some how i still suck but it such a good game 10/10,1626488852,0.0,0,621546
M004,15,22,Light Design,11,Rendering Issues,,"add mods then it makes up for the sucky + small campaign.
1. small campaign -1
2. you need mods to make the game entertaining -1
3. good physiques +1",1693693841,,,145554568
M004,16,22,Light Design,11,Rendering Issues,,"[h1]experienced on the meta quest 3[/h1]

you can view my gameplay & early impressions here: https://youtu.be/la1rssxigyw

[u]this is a neutral recommendation.[/u] i'll be honest, i didn't really enjoy playing this game, but i do think there's enough here that i can at least give it a neutral recommendation, which doesn't exist on steam. i would definitely give it a sideways thumb if possible. i think the game has merit, if nothing else, for its unique gameplay for vr. 

i would describe this game as a mix of auto-battler, action rpg hack n slash, card summoner, and rogue-lite. it has an interesting premise and a promising gameplay loop that can be improved upon and refined. however, currently, as is, it's just too simple and the jankiness / bugs bring the experience down. i didn't have fun, but i could see others who are into auto-battlers maybe enjoying this, even if it's pretty basic. the game seemed to be mostly about making one strong card and spamming that ability. are you doing enough damage is the strategy. if not, try again after upgrading some more.

game is running on the unity engine. on my rtx 3080, i was getting a steady 72fps (default on q3). i did experience some bugs, the biggest one being that i would get stuck in the terrain. you do have full locomotion & smooth turning available. you can play seated or standing. 

needs fine-tuning on the gameplay loop before i could recommend, plus more polish overall. auto-battlers are fun because they are like a spinning plate challenge. you have to keep them all spinning or the whole thing falls apart. there's really only one plate in this game that you need to worry about and that's why it fails.

[b]rate 5/10.[/b]

[quote]please note: i received a free steam key through the steam curator connect program. if you enjoyed my review, please consider joining my steam curator group [url=https://steamcommunity.com/groups/oculus_wmr]oculus rift reviews.[/url][/quote]",1709275402,,,159590230
M004,17,22,Light Design,11,Rendering Issues,,"this crap and a rip off because it does not work with the meta quest 2 vr headset 

do not buy",1709414639,,,159718739
M004,18,22,Light Design,11,Rendering Issues,YoungScoops2,this game is ok for some people but for me it isn’t fun because there is no multiplayer to help you defuse the bomb and unless someone is helping you.and in my opinion it isn’t very fun for me,1666135020,1.0, ,231491
M004,19,22,Light Design,11,Rendering Issues,7.65611980523534e+16,"charming vr diorama experience, definitely worth checking out for free.

works on reverb g2.",1620029300,0.0,0,407921
M004,20,22,Light Design,11,Rendering Issues,RichyB-JP,"just when you think you're getting used to flying your plane, you bank a bit too sharply and your stomach lurches as you see the ocean swim into view in front of you. 
honestly it never gets old - great balance, fine controls on the gear vr controller (which you need in an aircraft simulation) and replayability in trying to get gold on your missions - not as easy as it sounds!
this game applies all the true tenets of vr - the main one being you have to actually use your head movement to assist you in the game (otherwise landing is pretty difficult!) 
recommended!!",1509333814,5.0, ,33323
M004,21,22,Light Design,11,Rendering Issues,7.65611979951284e+16,"i'm on a watch list now.
triggers feel unresponsive
is really good stress relief
literally took this game as a bribe to get my covid shot.
thanks brother.",1619052311,0.47826087474823,1,368314
M004,22,22,Light Design,11,Rendering Issues,7.65611983699046e+16,this game helped me discover that i am a sociopath thanks blade and sorcery.,1606274196,0.0,0,661506
M004,23,22,Light Design,11,Rendering Issues,Hermanje,"absolutely awesome, i can't say enough about this one!",1611372214,5.0, ,214185
M004,24,22,Light Design,11,Rendering Issues,7.65611982719252e+16,game was very enjoyable to play through. my girlfriend and i bought this as a fun way to celebrate our anniversary during covid. this game constantly has you guessing what to do next but keeps you on your toes enough where you don't want to stop playing. highly recommend!,1609698037,0.0,0,383004
M004,25,22,Light Design,11,Rendering Issues,7.65611980466579e+16,"man i suck at this game, but it's a vr category.

it's still a great game.",1577904163,0.523809552192688,0,634980
M005,1,36,Sound Design,34,Audio and Visual,7.6561198126592e+16,this game is like nothing else in vr. i don't have too many vr games but it would be hard to find anything better i feel. definitely pick this game up and support this developer!,1509213592,0.0,0,475094
M005,2,36,Sound Design,34,Audio and Visual,7.65611991106852e+16,i play beatsaber to forget about suicidal thoughts 👍👍👍👍👍👍👍👍👍,1642389447,0.892329037189484,51,618865
M005,3,36,Sound Design,34,Audio and Visual,1llusion_lost,very fun game to play 10/10 you should buy it there are a few bugs and make the game a little bit of an eh but still one of my favoret games so far,1662935520,4.0, ,348917
M005,4,36,Sound Design,34,Audio and Visual,7.65611980017678e+16,"the hub music is already 25€ worth, so i have completed the game in 5 hours while i have carefully explored the world. graphics is beatiful, gameplay is something new, the story and storytelling is so naah.
",1609988771,0.56521737575531,2,381842
M005,5,36,Sound Design,34,Audio and Visual,,"the game might be good but i refunded it due to how dark and blurry it is. i'm playing on quest 2 with the max resolution possible in the oculus app and while, for instance, boneworks looks clear, this particular game makes me physically sick after a while because of its visuals. this may be a personal issue though, but something for you to keep in mind, nonetheless. if i could, i'd put a neutral rating for this review as it doesn't really do the game justice",1676314382,,,132789519
M005,6,36,Sound Design,34,Audio and Visual,Slick1984,"i must start by saying that i had to reset my view on the oculus dash, to have the start button placed in front of me for this app. the green button was placed behind me initially. once i saw that it was behind me, i pressed the oculus button and reset my view, then went back into the app and it was in front of me.

after going through their new user set up, it placed me in my home. i explored and played with the rockets, but i was there for the spacewalk. on your wrists you have a menu. there was a nasa live channel, so i went there. it was interesting watching them get suited up for the event. it's very tedious getting in and out of that equipment. the actual walk was scheduled for battery replacement and upgrade. the amount of care and safety needed for this is always on their minds.

i did explore a little more, but had to leave due to having to go to work. i found it a pleasant place. i did not install this app for the social aspects and maybe that's why i enjoyed it so much. at 6:00am et not many people were around.  i will continue to look in on some special events and am excited about the other areas yet to be released.

i have found that i can make myself unseen and unheard. excellent.",1596425014,5.0, ,341054
M005,7,36,Sound Design,34,Audio and Visual,7.65611980236e+16,"i like the approach on movement in vr and hope to find similar 
systems in other games.
besides i think this kind of developers humor is priceless ;)
""great work.there's nothing to find up here though.
i mean, except for this text.""",1492442668,0.0,0,588202
M005,8,36,Sound Design,34,Audio and Visual,7.65611981036336e+16,"guys, this is a great vr game.

edit: after a few more hours this has become my go to game and its still in early access! 
to the devs, please add the option to check your health somehow like (look up at the sky with your hand up or better yet in the popup menu for weapon stats) for people that hate having a ui in our vr view. more content would be great too! 10/10",1592785275,0.0,0,731092
M005,9,36,Sound Design,34,Audio and Visual,7.65611980832585e+16,bruh i dream about the light shows this game has especially with mods.,1615761543,0.0,1,623987
M005,10,36,Sound Design,34,Audio and Visual,Tylerin8K,"mac support is excellent. performs very well when you have your network set up properly. and supports resolutions far beyond 1080p, unlike virtual desktop. coworking element is really cool. suggestions:

- let us upload our own 360 photos
- add more environments. 

5/5",1603509814,5.0, ,237303
M005,11,36,Sound Design,34,Audio and Visual,7.6561198171057e+16,no locomotion support. shows oculus controls when using an index. this is lazy development. i refunded.,1654450159,0.244899913668633,0,426865
M005,12,36,Sound Design,34,Audio and Visual,Torlorien,i've owned premium bowling for several months and have really enjoyed it. i recently tried the other new bowling game and quickly requested a refund. this one  feels more authentic. if they update the avatars i'll happily raise this to 5 stars.,1622431414,4.0,Thanks Torlorien! We worked hard to make Premium Bowling feel as authentic as possible. We are working on avatars and in-game video/music player already so looking forward for the fifth star! ;),235510
M005,13,36,Sound Design,34,Audio and Visual,7.65611980462872e+16,this without a doubt should be the first vr game you buy. mod it and enjoy teh hec out of it,1606193287,0.0,0,626987
M005,14,36,Sound Design,34,Audio and Visual,,"very short but quite good ""escape the room"" game.

the game takes place in an air balloon, theres been an accident and you have to fix broken stuff to survive your imminent crash, this isnt a ""puzzle"" game, you do tasks in order to survive. 

you do these by using a tool on a broken thing, or pulling levers... basic stuff like that... whats really special about this game is that some of these things are being done on the outside of the balloon, the sense of height and danger, at least for me, was pretty exciting, sealing a leak felt pretty ""intense"".

you get a 45min countdown that you cant pause, i think is more than enough time to finish the game, it took me ~15min to finish it the 1st time and then i did an ""expert"" speedrun in like 5min.

the only ""glitch"" i found if it can be called that, is that when i had to reattach a part, i first tried to glue it, and thats not how its done, but the issue is that the glue gun leaves a permanent wad of glue on one of the attachable parts and that made me think i had to/could glue it. in any case it didnt block from doing it the intended way.

while the game is short i think its one of those one off experiences that are totally worth it for everyone.",1684081121,,,138298296
M005,15,36,Sound Design,34,Audio and Visual,7.6561198001959e+16,"it's just not a good vr experience:
- the games are not interesting.
- there is no onboarding of new players.
- the graphics are very rudimentary, even by vr standard.

some other reviews say this is more like a test than a game well... it shows.

go play rec room instead.
(state of the game as of 2018/06/07)",1528346536,0.0,0,503448
M005,16,36,Sound Design,34,Audio and Visual,filan.fisteku.524596,"one of the coolest games on vr, great job!",1522207414,5.0,"Thank you so much Filan! Working on polishing chapter 2 right now and If you have any ideas for the game, love to hear your feedback on our facebook @moonfoxgames. Thanks, Moonfox Games",40713
M005,17,36,Sound Design,34,Audio and Visual,7.65611983240194e+16,"just the other day, i was-a talking with-a donkey kong, and he said, ""ooo ooo ooo ooo oh oh ooo aaaa aaaa!!""",1615050507,0.0,0,422251
M005,18,36,Sound Design,34,Audio and Visual,,"played 20 hours in the alpha and the development team makes great and fast improvements to the game. at it's current state, there are some bugs which hinder the experience. 

overall, it's tarkov in vr which has a compelling gameplay loop. the pvp is really fun and looting is addicting.",1679377260,,,135078936
M005,19,36,Sound Design,34,Audio and Visual,frank.bagnuolo,only complaint i have is that it wasn’t longer! but tons of replay ability and i can’t wait for the dlc. best multiplayer game for the quest so far hands down and one of the best games period,1575775414,5.0, ,146831
M005,20,36,Sound Design,34,Audio and Visual,7.65611983395295e+16,i played this game once and it froze. my second try at this  game and all that appears is a hour glass with the intro tile of the game. this is unacceptable. i want to play the game not look at a intro page for 3 minutes. please fix the game or just remove this from steam.,1604211179,0.545454561710358,0,397111
M005,21,36,Sound Design,34,Audio and Visual,TWO-DOWN,"i'm kinda new to the whole vr scene. not a whole lot of games up under my belt. yet! but for an idea of reference saints and sinners the walking dead, creed boxing, and the reborn just to name a few. this game goes so much harder than any of those hands down the best yet five stars get ready to rumble",1622863414,5.0, ,75437
M005,22,36,Sound Design,34,Audio and Visual,7.6561198095658e+16,"tl/dr: play pavlov instead

this game used to be visually appealing enough to counter the lack of content, but now the graphics and sound have been axed to make it support the oculus quest 2. of particular annoyance is the now lack of transparent magazines on a number of weapons that used to have them.; its handy in a realistic shooter to be able to tell how much ammo you have left, but no longer. 

the ai are not particularly bright if you want to play co-op, expect them to just wander around in the open shooting at you and/ or blunder into your position regardless of how much you attempt to suppress them as if they were zombies as opposed to actual armed opponents.

additionally note the devs of this game have turned off comments on all their updates which is a huge red flag for where this game and any sequels are headed. 

if you're looking for a co-op shooter experience i'd suggest pavlov vr with one of the numerous cod zombies maps from the workshop; at least those ai are actually supposed to wander straight at you. for pvp i recommend the same.

steer clear of this, i suspect its only going to get worse.",1623812740,0.505516052246094,0,497535
M005,23,36,Sound Design,34,Audio and Visual,DiamondTechFire,"first off, i really enjoy this game. i feel as if the free flight gives me a lot of freedom for just enjoying the scenery. the different jobs can be challenging and fun. you can really spend a good amount of time perfecting your piloting skills. however, i feel there could be a lot added and/or changed to make this game even better. first off, the addition of more aircraft, like gliders, paramotors or parachutes can really add more to the feel. these would give even more options to how you can experience this game. second, the addition of more airports. these would really sell the feel of flying. overall, this game is really fun and i reccomend it to anyone wanting to do acrobatics, get a feel for flying or just relax, however, the game would be more fun with the addition of new craft and airports.",1665002760,4.0, ,78238
M005,24,36,Sound Design,34,Audio and Visual,,"its a very good game, but with no updates and being very repetitive. its a solid 6/10",1687080459,,,140267169
M005,25,36,Sound Design,34,Audio and Visual,7.65611981213987e+16,"large open world vr sci-fi shooter. a.i. robots attack you as you explore the strange landscape. blast them away with rockets or slice off their parts with the blade. non-stop robot violence.
https://youtu.be/thxvtbh98ms",1620245909,0.478731989860535,0,727166
M006,1,1,Audio Interactions,34,Audio and Visual,7.65611981668823e+16,"after initially playing on this, and then putting it aside, i decided to give it another go when street view was added. i really enjoy the new street view aspect, but wish you could go forward and backwards while in that view like you can on a computer. maybe that'll be implimented in an upcoming update at some point. while using it, i was able to see a bunch of cool hangars built into the mountains on an air force base by our house though. if you'd like to see it, here's the video: https://www.youtube.com/watch?v=gfzl1a3asii&t=1935s",1507513705,0.0,0,439532
M006,2,1,Audio Interactions,34,Audio and Visual,7.65611979704138e+16,"large potential, but barebones at the moment. it feels polished and bug free. but once again, its in that cheap cartoony look, which probably appeals alot to kids. i loved the boat & farming. but a ton more content needs to be added. 

i'm almost afraid it will be just another abandoned shovelware so i'll change my review to positive once they add more.",1573075114,0.512902498245239,0,379941
M006,3,1,Audio Interactions,34,Audio and Visual,Jerf123,"i love resident evil 4 but i was skeptical to how it would translate to vr. my biggest worries were the ""flat"" cutscenes and the graphics on the quest 2. those became complete non issues. once in the game it looks authentic and beautiful, the controls have tons of options and it plays incredibly well. the cutscenes when in game do not detract at all. excellent experience!

one small thing. the height when standing can't be adjusted and i often felt shorter than the game intended",1666620120,5.0,"Thank you so much for your review. We've heard your feedback and are happy to announce that we'll be including more options coming in January for height adjustment, left-handed controls, and more. See this blog post for more information: https://www.oculus.com/blog/fan-favorite-the-mercenaries-dlc-coming-to-resident-evil-4-next-year-on-quest-2/",224102
M006,4,1,Audio Interactions,34,Audio and Visual,fraser.joshua0,the whole game is stunning. it feels like more of a movie than a game at times. and unfortunately it doesn't allow a lot of exploration. you must follow wherever it leads you and you have to stand in one place very often while the dialog is happening. but i don't care because it was so well done!,1666192980,5.0, ,121983
M006,5,1,Audio Interactions,34,Audio and Visual,Chiara,"this game has three modes: 1. you build a snow fort out of snow cubes and then take out a snowman who is hiding behind its own fort; 2. you take out waves of approaching snowmen while using your snow fort for cover; 3. you are responsible for setting up the snow fort and maintaining it while your snowmen fight off waves (my personal favorite). it's really polished, with some beautiful and distinctive art direction, very little aliasing (except on the instruction sheet), and the helper character fox is actually adorable and not annoying. unfortunately there are so few players right now that i couldn't try multiplayer. my only small complaints were that it doesn't appear to use rift audio by default, so you have to set rift audio as default device; and that it's a bit difficult to squeeze a snow cube into a tight space, which is important for a secure fort. occasionally, i was able to get the physics into an unstable equilibrium where i'd constantly hear sounds of cubes colliding with one another.",1482981814,4.0, ,325222
M006,6,1,Audio Interactions,34,Audio and Visual,,i loved it! the puzzles weren't too difficult and the way the story plays out is very charming. it's just a shame it's so short. i would definitely recommend it for the experience.,1656231992,,,117637591
M006,7,1,Audio Interactions,34,Audio and Visual,Dasknocker,"netflix on oculus seems like a poor imitation of any other device's netflix app. poor quality, stuttery, baffling design choices, poor lighting, laughably bad controls. fuzzy gray background with low reosution icons? extremely limited resize and orient options? nonexistent sharing and social connection options? seriously, click any button anywhere to pause but only able to replay by clicking the miniscule 'play' icon? 
app and video frequently freezes, requiring a force quit.",1576985014,2.0, ,143600
M006,8,1,Audio Interactions,34,Audio and Visual,,"this game. what can i say about it. i absolutely love it! it's my favorite game. there is something very addictive about the looting system this game has. i have so much stuff that i can open a guns and ammo store, jewelry, pharmacy and grocery store...

besides the awesome looting system it's also better then chapter one because there are more locations, more weapons, you can play at night (which can be quite terrifying), a scary antagonist (gerik) and you can wield a freaking chainsaw!

a few glitches do exists, but for me they aren't gamebreaking. if you love zombies, the occasional jumpscare and scavenging, this game is definitely for you.",1710974025,,,161027345
M006,9,1,Audio Interactions,34,Audio and Visual,,this game is very fun you should play this game it is amazing and so fun :),1684511346,,,138554706
M006,10,1,Audio Interactions,34,Audio and Visual,NeX-B-Nimble,been playing this game for over a year now and its still fun everytime i start a run for earth. it's the perfect level of ruthlessness and fun and every time i unlocked a new gun or ship made dying that run worth it anyways.,1548300214,5.0, ,322794
M006,11,1,Audio Interactions,34,Audio and Visual,BLACKHAMER68,this game has an amazing balance of horror and action how the environment changes from light and outside to in dark narrow spaces no cliché jump scares or anything really kept me looking behind me the entire time,1600917814,5.0, ,77049
M006,12,1,Audio Interactions,34,Audio and Visual,pj656,"okay second time writing this review. honestly this game led to me punching my wall earlier because i could not recentre the game as my opponent was constantly running out of my guardian and into my wall wall and i could do nothing about it. my play area is roughly 3mx1.8m, and the game forces me to play facing the shorter of the 2 lengths. i believe it would've still happened with a fuller 2x2 area. 

that being said the game is a good workout for £6 when i bought it. gameplay is very good and certainly gets you sweating, would be nice to get more opponents for flavour but the game has a decent replay value with a lot of flexibility in choosing opponent settings. sometimes i have tracking issues playing the game but i suppose that's more the quests fault.

but not having the ability to readjust is just a massive mistake in my opinion. i know i could enjoy this game without worrying about my boundaries if i could play it facing the length of my room, but it feels so restricting not having this choice. 

at the end of the day it's not bad,but it would be genuinely one of the better quest games regardless of price if ityou could use the recentring feature",1587180214,3.0,"Thanks so much for reconsidering your review. You've shared some valuable info in this post, and I think I can help get things working well for you. First, though, please absolutely make sure the boundaries you've drawn only include areas you're willing to move and punch within and that you don't have them right up against the edge of a wall or other obstacle. It doesn't have to be a huge gap, but you do want to leave a little margin of error in case the Quest didn't put the boundary exactly where you thought you drew it. If you're in roomscale mode and your boundaries are clear, you should be all set as far as the opponent staying within your free space. The game itself is actually designed around 2m by 1.5m of space as a minimum (up to 4m by 4m maximum), but I list 2m by 2m on the Quest because that's what Oculus lists as their minimum roomscale size on Quest. The way the Quest picks its ""forward"" direction is a little mysterious to me, but I have a couple of ways in the game that you can change it. First, if you want to pick a completely new forward direction for the game to use, hold down the menu button for a couple of seconds - i.e., the button that's like the normal recenter button, but on the other controller. I use that one because the Quest handles recenter requests itself instead of passing the request on to the game, and it doesn't do anything for games that are in roomscale mode (the Rift lets the game handle the recenter request even when in roomscale mode, and that version of TotF uses the normal recenter button to pick a new forward direction, as you'd expect). Doing this will take whatever edge of your play area (the red rectangle on the floor) that you're looking at and make it the new ""front"" side. The next thing you can do is go into the in-game Settings menu and change the ""In-Match Turn Direction"" setting. That makes your forward direction different when you're in a match compared to when you're not in one. You can use that to, for example, make the menu screen be 3m side-to-side while having the matches be 3m front-to-back, which is probably what I'd recommend for the shape of the play area you have. Please feel free to email me at fyiandev@gmail.com, and I'll be happy to help if you have any questions about getting these configured. Thanks!",254918
M006,13,1,Audio Interactions,34,Audio and Visual,,"i found that for the first 3-4 hours, you don't get the avatar switching option and it makes for a very boring 3-4 hours. then the physics can be painful a lot of the time, making it very irritating to climb and very tedious to move certain objects. the story, whilst admittedly no one plays for the story of this game, is so incoherent that it makes it difficult to understand you're current task and how to progress. there is also some parts in the game where the respawn is so far behind that dying, means you have to repeat the last 5-10 minutes over, which can be incredibly exhausting after numerous attempts. combat can also be painful if you find yourself out of ammo, having to use your fists or objects around you to kill multiple people is annoying.

outside of that though, the guns are terrific and the avatars are incredible, all having unique powers that greatly improve the puzzles and the combat. 

unfortunately, based on my current experience and all too many issues i have with the game, i cannot recommend it.",1667130569,,,124652637
M006,14,1,Audio Interactions,34,Audio and Visual,Worpath,we need more resolution oculus please!!!!!  you will go through the content very quick so the total price is controvertial...go in knowing that...but still worth it in my opinion for the unique experience and potential.,1494732214,5.0, ,358689
M006,15,1,Audio Interactions,34,Audio and Visual,,this game has no sticky grip for offhand aiming meaning if you're on vive and like me are missing your left middle finger then good luck trying to enjoy this game by shooting into the sky the entire time,1692735082,,,144813115
M006,16,1,Audio Interactions,34,Audio and Visual,7.65611980891962e+16,"add mutiplayer mode please,that will be perfect !",1576639116,0.523034572601318,1,472159
M006,17,1,Audio Interactions,34,Audio and Visual,,"this game is easy to pick up and difficult to master, you will die a lot, but you will also have a lot of fun. this game is best to play with friends but you can play alone and still have fun. this game still has bugs to be worked out but that is the cost of playing a early access game. the bugs are not game breaking, mostly just annoying. overall, 8/10",1719444354,,,168287436
M006,18,1,Audio Interactions,34,Audio and Visual,7.65611980942353e+16,"i'd like to thank the dev for making this game, anytime i'm too stressed or not able to think clearly this is a perfect escape. seriously this little demo has saved me more than a few times. play it, you won't regret it.",1585725003,0.87024998664856,1,375984
M006,19,1,Audio Interactions,34,Audio and Visual,,"the only game of the genre i come back update after update.
edit: the full release is great, combat is smooth as ever, the campaign is very fun but the format is quite repetitive,i haven't get all shards yet so it might progress differently.",1712701493,,,162570685
M006,20,1,Audio Interactions,34,Audio and Visual,A-Strike,it is a really fun game and being able to use the force is awesome. lightsaber dojo is much more fun than the first one and the storyline is way more action packed,1613445814,5.0, ,153432
M006,21,1,Audio Interactions,34,Audio and Visual,7.65611979637849e+16,"the developers must have been huge fans of half-life, doom, boneworks and many others. imagine having played all of the mentioned games and deciding to build your own 3d vr 1st person shooter. but you are 12 years old and heavily influenced by morning childrens tv. the scenery is very much a plethora of block type models, some textures are a little more complicated but nevertheless the game is still quite enjoyable featuring its own version of the headcrab. boneworks version is just a crablet. this one is more mechanical - indeed when you destroy it expect to see a  mix of nuts, bolts and cogs as the fiend explodes and fades off into cyberspace. worth paying for but dont expect an epic journey more a pleasant stroll. controls are easy to grasp and your pistol has never ending ammo. their version of the portal gun uses a limited supply of floating goo that you can find throughout the game although to be honest the instrument never seems to need reloading!! there is also a couple of bosses who do take quite a bit of punishing before succumbing to your will. well made and glitch free - get you some.",1646293369,0,0,396573
M006,22,1,Audio Interactions,34,Audio and Visual,nyracuil,i can't wait for the next game to come out! i love how i can play on every mushroom drum i stumble across- i could jam for hours on all the cool instruments scattered around the maps,1663953060,5.0,"Hello nyracuil, thank you for taking the time to write a review. We are continuing to update Ionia with more gameplay, which will be downloadable for free. Please join us on our Discord to share feedback, see updates, and receive exclusive downloadable content. The link can be found at www.rotu.com.
Kindly,
Anna from the ROTU Team",292587
M006,23,1,Audio Interactions,34,Audio and Visual,,super fun game. cannot wait to see what is to come. :)))),1669165208,,,126124069
M006,24,1,Audio Interactions,34,Audio and Visual,,"development is still going strong after nearly a decade on this excellent gunsim!

check out take and hold for a roguelike experience on three varied maps",1703980657,,,154850735
M006,25,1,Audio Interactions,34,Audio and Visual,HeatherLFeather,"i was amazed by being so close to these incredible and realistic dinosaurs! i downloaded it because streaming it was pixelated for me. i’d love to see more like this. the huge t-rex was especially exciting. this doesn’t last a long time, but it’s free, so how can you complain?",1661957220,5.0, ,207940
M007,1,7,Game Interface,24,Environment & Interface.,7.65611980120199e+16,"it's cool when it works, but i wont support the game allowing you to buy chips for real money, gambling addiction is not a joke or something to be abused for money making.

+ pros 

+ lots of fun props to play around with
+ good player customisation
+ lots of cool poker locations

- cons

- can't hold on to anything with valve index as holding a fist is necessary, and the millisecond one finger moves the tiniest bit, anything i hold will be dropped. which basically means i can barely hold anything, and pretty much not throw anything at all. there doesn't seem to be any settings to avoid this what so ever (like just using regular controls for non-index)
- the potential for gambling addicts to spend thousands of dollars on fake gambling currency. i personally think there should be a hard limit to the amount of chips u can buy.
- a lot of annoying kids.
- props can get quite annoying
- constant crashes
- incredibly bad luck, or purposeful coding?: when you've run out of chips, all you can do is spin a wheel once every 8 hours (so most likely less than twice a day) outside of that you have to pay with real money. i've spun that wheel 100+ times now, and i've never won anything above 13k. on the same note, the ""spin & go"" mode where you gamble for a random amount of money. i've played 20+ games of this, and always gotten the lowest number every single time. other people i've talked to say the same thing, they always get the minimum and have never gotten a ""win"". this may just be an amazing coincidence, but it sure works wonders to make players desperate for a win in this game. especially if someone was playing 100k tables, and is now forced back to 5k tables cause nothing rewards money in this game outside of paying with real money. gambling addiction is scary as f**k, and i hate to see signs like this that they're designing the game to make you a gambling addict. especially after playing with this drunk guy yesterday, who just threw a million chips away on terrible pre flop cards for an hour, someone's gonna get hurt.",1595921899,0.503056466579437,1,738490
M007,2,7,Game Interface,24,Environment & Interface.,7.65611979704659e+16,although i'm new to vr and have a very small amount of time in this game.. i like it! shooting representations of actual people instead of cartoonish orcs has a certain appeal not found in the latter.  feels good.  looks good. price is right.,1577486143,0,0,690060
M007,3,7,Game Interface,24,Environment & Interface.,7.65611980387409e+16,amazing life-like simulation of original pinball games. works amazing on htc vive cosmos elite.,1609030025,0.486486494541168,0,563448
M007,4,7,Game Interface,24,Environment & Interface.,7.65611980393843e+16,"one of the worst vr games i ever laid my hands on.
they did not even try to make this a pleasant experience!",1593095962,0.523809552192688,0,606824
M007,5,7,Game Interface,24,Environment & Interface.,1punch9898370,this is one if not the best vr port i have ever played every thing fells so fresh and responsive it fells like it is an entirely new game stuff like fallout vr and skyrim vr are fun but they don’t fell 5 star they fell a lot more like it’s a beta or alpha while this is a lot more top shelf it fells like it was released for vr rather in 2005 on the gamecube the gameplay is fun and it is worth your money a fifteen hour game for 40 dollars heck yeah in conclusion this is a masterpiece no matter if you play it on vr or not i definitely recommend both the vr port and the original,1666736640,5.0, ,222764
M007,6,7,Game Interface,24,Environment & Interface.,APzero1215,tried to look down the hall way. almost shat myself. 10/10,1642299960,5.0, ,261328
M007,7,7,Game Interface,24,Environment & Interface.,7.65611979703293e+16,"1st impressions video with commentary // oculus rift s // gtx 1060 (6gb):
https://www.youtube.com/watch?v=9f90pipkhsq

my initial impressions:
have you ever fancied being a ghost buster in vr?  well now is your chance.
hunt ghosts, spooks and hidden items in this unique, charming and procedural level generating spooky world.
nice production values but the game can get repetitive.",1571151369,0.408124715089798,0,691809
M007,8,7,Game Interface,24,Environment & Interface.,"
                                      Brian                                  ","
                     just an amazing app for relaxing and zoning out to the pretty colors!                  ",1627009200,100%,,6640
M007,9,7,Game Interface,24,Environment & Interface.,7.65611983879337e+16,"i might have played this for 23 minutes, but holy shit its fun! its quick paced, keeps you on your toes with the varying enemies, and the guns are fun to watch work and load, the bow update makes it a bit more tedious since it requires you to pull it back, but its still fun regardless! 15/10, def a must try if ya like face-paced and pixel-y styled games.",1605019373,0.0,0,611162
M007,10,7,Game Interface,24,Environment & Interface.,7.65611981354186e+16,"i do enjoy it when you cut the block, but it does remind me of pancreas... lungs cancer",1599836751,0.0,0,628607
M007,11,7,Game Interface,24,Environment & Interface.,"
                                      J                                  ","
                     not bad but i think it needs locamotion (like onward).                  ",1522378800,60%,,8454
M007,12,7,Game Interface,24,Environment & Interface.,7.65611983723157e+16,i love this game soooooooo much thanks for the fun experince,1573008966,0.0,0,614011
M007,13,7,Game Interface,24,Environment & Interface.,7.65611979633618e+16,a great addition to the half-life series. play half-life like never before!,1606340732,0.523809552192688,0,537437
M007,14,7,Game Interface,24,Environment & Interface.,7.65611988467585e+16,"phenomenal interface, just takes some time getting used to.
the more you use it the more you realize how well thought out it has been so far.
has become my go to vr tool for 3d creation of assets & worlds.
",1634247332,0.0,0,564372
M007,15,7,Game Interface,24,Environment & Interface.,7.65611988610674e+16,"the base game has great mechanics but seem kinda unfinished and lacking after a while, but with mods it's definetly worth it tho",1653139462,0.0,0,582106
M007,16,7,Game Interface,24,Environment & Interface.,7.65611990726803e+16,soooooo good best graphics ever downlod if you have a vr,1646431419,0.0,0,417353
M007,17,7,Game Interface,24,Environment & Interface.,7.65611979617594e+16,"performance sucks, lots of ghosting. weapons are huge in your hands, totally out of place, terrible vr port. couldnt play more than 30 minutes.",1628996827,0.746684491634369,0,599810
M007,18,7,Game Interface,24,Environment & Interface.,7.65611982396978e+16,"walks around for an hour, shits self over own footsteps, grope the nut, quit. 10/10",1647632721,0.474137902259827,0,403580
M007,19,7,Game Interface,24,Environment & Interface.,7.65611979703293e+16,"1st impressions video with commentary // oculus rift + touch // gtx 1060 (6gb):
https://www.youtube.com/watch?v=gupxx9svism

please note: steam do not allow nutural reviews, this would be a nutural review. i am giving it a thumbs up for now as the developers have a road-map and i have faith they will make this into a really great experience.
please read my comments below and also watch my video to see what i like and do not like about this game.

my thoughts:
i can see the potential in this game and the more i played the more i was starting to enjoy it. i think people new to vr will really enjoy this title if it's their first action arcade space shooter, but for vr vets used to games like eve valkyrie they might be slightly disappointed.
i mention in my video some changes i would like to see and if the devs can sort this out, i'll be back for another look.",1548179146,0.408051311969757,0,751772
M007,20,7,Game Interface,24,Environment & Interface.,7.65611980434428e+16,"the first game you should try if you get vr, and a fun introduction to it for friends and family. even better with mods!",1609175823,0.0,0,626170
M007,21,7,Game Interface,24,Environment & Interface.,7.65611980191394e+16,"boxvr is an amazing workout. i frequently play beatsaber, ohshape, and pistolwhip, and i can say nothing gets my heart rate up nearly as well as boxvr. i've been playing boxvr for 20 minutes a day for a couple months now and i'm losing a pound or more a week easy. would highly recommend as a virtual workout.",1587942709,0.523809552192688,0,671567
M007,22,7,Game Interface,24,Environment & Interface.,7.65611979703065e+16,"visually polished, but internally empty. i got this (because it was on sale and) because i wanted a 10-15 minute ""class"" cardio experience wherein you show up, do the workout, and leave to do some non-vr strength exercises afterward. 

the workouts are just tracks with prompts coming at you to some (not all) of the beats, like a medium guitar hero level. and they went all in hoping you'd like the appeal of boxing to songs you'd hear in the background of grey's anatomy. it's hard for me to get in a zone when i'm boxing to safe hip-hop with lyrics like ""you know what happens when your life doesn't matter, right? you get deleted. are you going to work in a cubicle?""

and the tracking is off. it has to be. this is the only reflex-heavy vr game i own that doesn't register some of my movements, and the only setting (aside from audio) is a latency parameter with zero help on how to calibrate it. this wouldn't bother me so much if they just had a zen mode for users like me who don't give two craps about our score.

and that's the last bit: there's only three environments, the workouts are just thrown at you in a library with zero tips on what to expect, alongside trainers who i have no idea who these people are or what their workouts mean, and there's nothing here to guide you. just start a track, punch a bit, and stop. see your high score? good job i guess. no incentive to improve it.

i'm comparing this to knockout league, which i got more of a workout from in their reflex alley set to stamina mode and just using my own music from spotify. way more gameplay, way more of a workout, way more fun.",1590427084,0.526627242565155,1,671524
M007,23,7,Game Interface,24,Environment & Interface.,7.65611990904923e+16,i had all the things set up to launch and it wont work please someone help,1624063681,0.433070838451386,0,423980
M007,24,7,Game Interface,24,Environment & Interface.,BLADE_13,great graphics and mechanics. wish was little more offline modes. but still 9.8/10,1559273014,5.0, ,346604
M007,25,7,Game Interface,24,Environment & Interface.,7.65611979889185e+16,punch 'em. grab 'em with ye hand. rip their head off with ye other hand. instant hulk.,1500019197,0,0,587100
M008,1,41,UI Design,0,Layout Challenges,7.65611981959361e+16,"absolutely the best gun simulator for vr. the developer is also working quite hard on updates and such, it's cool to watch the dev blogs as well for the new upcoming features.
take and hold is also a great game mode.",1645922496,0.0,0,466758
M008,2,41,UI Design,0,Layout Challenges,7.6561198313131e+16,"great game! very accurate feeling, everything works well.",1517539746,0.509927153587341,0,490622
M008,3,41,UI Design,0,Layout Challenges,7.65611980560339e+16,"while i have no experience with the regular pc version of the game, i can say that the vr version is one of the most innovative games that i have seen in a long time. the shooting and the dodging of the bullets in vr can let you live out the dreams of being neo from the matrix. you can really tell that the developers had a great time making this game and their effort shows. i only wish it was longer.",1575086056,0.0,0,613969
M008,4,41,UI Design,0,Layout Challenges,,one of the most realistic game in vr in term of physic and gameplay!,1669509716,,,127129019
M008,5,41,UI Design,0,Layout Challenges,7.65611980716035e+16,"this game showcases many of the possible things that you can do with vr games. it can be a little jank at times, but overall the physics and movement were fun and felt surprisingly realistic. i loved the gunplay and combat in this game, you get some cool weapons to play around with, but i wish there was a way to reload akimbo weapons without having to drop one to reload the other. also, i'd like to see more guns and melee weapons to use (shotguns are something i was really craving in this game) as the feeling of using the same pistols, rifles, knives, etc. wore off after a few hours. 
tldr: the game is incredible and is a must play for vr owners",1592429832,0.0,0,717245
M008,6,41,UI Design,0,Layout Challenges,7.65611980557269e+16,"the game has a good atmosphere and  decent visuals. get a bit closer and the rougher edges and textures are apparent. i wouldn't knock it for that since i spend most of my time avoiding rounds and collecting tablets.

combat with the bishop character is quite enjoyable and a good starter. he is pretty strong out-of-the-box, and unlocking his dual wield upgrades make him a blast to play as.. the other characters have novel abilities and a great to play with at times, but my play style lends itself better to pistols.
 
the story is a cyberpunk melodrama. it tries to be thought provoking, but i personally can't take it seriously.

all in all, it's a fun wave shooter to turn your mind off to",1622273351,0.527027070522308,0,454978
M008,7,41,UI Design,0,Layout Challenges,7.65611980319059e+16,"ok so far ive played 3 hrs and i broke my ceiling fan glass light covers, and threw the controller across the room, and when i was swinging my racket i bruised my knuckles  when i hit the wall so to tell the truth i love this game 10/10.
i guess i went a little crazy at first but now i  have my room mapped out and doing alot better serving , swinging my racket, and backhand, the game is real as you can get it took me 1hr to learn how to serve but after that it felt pretty good. for vr its awesome just make sure you have some room and watch out for the ceiling fans.  just buy the game  its fun as hell !!!!!!!!!!!!",1579340764,0.516082882881165,2,477974
M008,8,41,UI Design,0,Layout Challenges,,"i attached 2 kettles, a toaster, and an axe together to make an ultimate weapon of mass destruction that broke the entire game basically.",1672182844,,,129468841
M008,9,41,UI Design,0,Layout Challenges,Cheryl Leon Levy,i really loved this one! it was long enough to keep me interested and intrigued. i want to wait a while and hopefully forget most of the puzzles so that i can play it again! a lot of fun and very well done.,1670058240,5.0, ,142628
M008,10,41,UI Design,0,Layout Challenges,7.65611981946188e+16,watched bloq go zooooooom. tried to swing at bloq. realised i had punched my monitor. bought a new one. watched bloq go zoooooooom again. swung and hit bloq. passed level. felt accomplished. cried in pain becuase my arms were sore after playing the game for 4 hours straight.,1600551979,0.52173912525177,0,628483
M008,11,41,UI Design,0,Layout Challenges,tresch,"there's a long standing vr issue where the inventory ui (the in-game tablet) is positioned just a few inches from your face, making it impossible to read without a headache. i am immune from almost all forms of vr sickness and have no problem with all but the most egregious violations of best vr practice. i play fps shooters with full locomotion and even without snap turning, etc, no problem. this game is 100% unplayable. within seconds i started getting a headache from crossing my eyes at the tablet. the developer has mentioned a few times that they are looking at a fix but it has been many months (a year maybe?) since the problem was brought up. i can understand the game being on the steam store since non-vr players play it, but it has no place here in the oculus store. it's been long enough that i can no longer forgive it due to the ""early access"" tag. this isn't early access, it's no access. if i could get a refund i would.",1544412214,1.0, ,360150
M008,12,41,UI Design,0,Layout Challenges,,once you get it running properly (which isn't easy) this is one of the mos fun games on vr. really good gun manipulation with decent gun play. dint buy this game unless you are willing too trouble shoot it tho,1683476001,,,137954245
M008,13,41,UI Design,0,Layout Challenges,7.65611980650984e+16,easily one of the best vr games i've played. buy a vr just to play this game on god.,1633041527,0.0,0,527265
M008,14,41,UI Design,0,Layout Challenges,7.65611980550245e+16,"pretty lame combat, the procedural part is cool, but without any decent combat to back it up it's not really worth the effort.",1567434514,0.460925042629242,1,381359
M008,15,41,UI Design,0,Layout Challenges,,"its bad. sight attachments on guns is crappy. graphics look like they are from the late 90's, and that's on ultra mind you.",1689734741,,,142380301
M008,16,41,UI Design,0,Layout Challenges,"
                                      David                                  ","
                     great game - simple as that.  my son and i have been enjoying this wave shooter for hours.  my only suggestion - add a restart option at the end of each round.                   ",1552878000,100%,,8195
M008,17,41,UI Design,0,Layout Challenges,7.65611980523261e+16,"...and i really loved the non vr version... why the hell am i not even allowed to use a keyboard? no effort was put into this.

....you still really should play the non vr version ;)",1536691527,0.454060137271881,0,479585
M008,18,41,UI Design,0,Layout Challenges,moshmetalhead,my mother is handicapped and she's always in pain. she loves this app because it helps her to relax and forget her pain. there isn't much to do with this app but look at the beautiful scenery.,1592364214,4.0, ,219010
M008,19,41,UI Design,0,Layout Challenges,7.656119808018e+16,"have not played very long due to just aquiring my vive very recently but have been wanting this game for awhile and now that i i have it, it was money well spent i could play this all night, thank you.",1510655960,0.547325074672699,0,579000
M008,20,41,UI Design,0,Layout Challenges,7.6561198079384e+16,clunky controls and repetitive after 30 minutes,1560376508,0.460076063871384,0,435344
M008,21,41,UI Design,0,Layout Challenges,7.65611980653841e+16,"love it. i am running below the minimum specs and i am still getting solid fps and response from the game. 
",1585003524,0.527559041976929,0,561673
M008,22,41,UI Design,0,Layout Challenges,,is neat. a lil jank but can't wait for mods to come out,1664512941,,,123044660
M008,23,41,UI Design,0,Layout Challenges,QuicheK,"this was something very different for me and i really enjoyed it. it made you think. the girl really made you want to communicate with her so that you can save her and save yourself. especially great for someone who is unable to stand. you get the sense of what it feels like to be in a chair and unable to move. you have to use your head to point, but you still need to be able to squeeze your controller. great buy.",1648084740,5.0, ,70592
M008,24,41,UI Design,0,Layout Challenges,soUNlovED,for some reason it only displays in black and white no color.,1510197814,2.0, ,311983
M008,25,41,UI Design,0,Layout Challenges,7.65611980712941e+16,"so tranquil. please do try this, and stay around for one of the events too",1639786139,0.489130437374115,0,610412
M009,1,41,UI Design,24,Environment & Interface.,7.6561197991936e+16,"this game is incredible. did you listen to all the cores in slingshot? so funny! it was great to hear rick & morty in there, too.",1469241275,0,1,465762
M009,2,41,UI Design,24,Environment & Interface.,7.656119808776e+16,"this might have been the most amount of fun i've had playing a video game in a seriously long time. this game was incredible and definitely worth the hype. i couldn't see half life in 2d ever again after playing this. please play this game, it's completely worth it.",1587048913,0.0,0,546459
M009,3,41,UI Design,24,Environment & Interface.,7.65611980718359e+16,"early impressions:
it's fallout 4 in vr, and it plays surprisingly great.  i had to do the dsr fix to get it working last night, but the beta update they just pushed should in theory get rid of that.  honestly this game plays better than i expected it to, and performance seems great.  i wish they would include some more graphics options, as i think my computer has some overhead before it starts running into performance problems, but i also understand the goal to get this out and run stably for most people.

i really loved fo3, but have never actually played fo4, because i was waiting for the vr version to come out, and it seems like everything i was hoping it would be.  i can't wait to immerse myself in the game again tonight, which is something i haven't really felt about a vr game since the first few days after star trek: bridge crew came out.
",1513124468,0.498489439487457,0,603373
M009,4,41,UI Design,24,Environment & Interface.,sippy_cup,"this is by far my favorite game in vr, i'd been waiting for it to come to quest and i was blown away when it did. the campaign's great, and the multiplayer is even better! the weapon movements are super satisfying, and the environments are super immersive. this is a must have for any headset! great job dev's. can't wait for the dlcs!!",1585106614,5.0, ,145751
M009,5,41,UI Design,24,Environment & Interface.,7.65611980598589e+16,"it was pretty cool to go to spain during the lockdown, but then i threw up.",1638230536,0.0,1,438384
M009,6,41,UI Design,24,Environment & Interface.,7.65611980565096e+16,"one time i decided to do some grudge matches after not playing for awhile. first match went great, took a breather, and then i immediately collapsed to the ground after attempting to crouch in the second match.

this game isn't the best or most polished vr experience out there, but it is a fun game and an even better workout. easy to play, enjoy, and destroy your legs/shoulders. its also got some neat side games that are fun to do as a warm up or as actual training for hard matches.",1605026631,0.0,0,491510
M009,7,41,UI Design,24,Environment & Interface.,7.656119797095e+16,this feels pretty polished.   it is a lot of fun.  the graphics are high quality.  you get to  set traps before each wave.  you control when you are ready.  you can very quickly shot arrows to improve you aim.,1500769212,0,0,595177
M009,8,41,UI Design,24,Environment & Interface.,MiaJames13,"can say how much i love this game, it really is the flight sim i have always wanted! good sound and video, hand tracking can be lost at extreme head turns. i bought this as my first game so it proved to be a bit disorienting, but i quickly got use to it and have no issues. the walk around based should be kept to normal human movement as it can be jarring. i can’t wait until some one does a wwii, korea, or even desert storm flight sim (hint hint)",1641695160,5.0, ,295929
M009,9,41,UI Design,24,Environment & Interface.,Mrlong2323,"absolutely amazing, app he first level i fell completely on my a$$ while trippin! absolutely worth all $34 buckaroos !!",1615173814,5.0, ,220119
M009,10,41,UI Design,24,Environment & Interface.,7.6561197988929e+16,"early access review july 2, 2020

this game is really, really fantastic.  it takes advantage of what makes vr great, and it avoids a lot of aspects of vr that can be immersion breaking or disappointing.  it's got some ways to go before i can really call it a game, but it's a really cool vr flight sim sandbox.  

there's only a couple of other things i'd like to mention about this game.  first, if you are an older gamer then this game might really trigger some nostalgia.  playing this game brings me back to the feeling of playing games during the 486 to pentium era of gaming.  you can feel the exploration of the medium, and it feels new and exciting.  especially if you use to play flight sim games of the past, this game is a must purchase.

finally, you need to accept that this is not the most complete when it comes to missions and structure.  there are apparently custom scenarios you can load, but the game ultimately unfolds by you just flying around like a maniac.  if this game ever gets multiplayer, oh boy, it's gonna be good.",1593732672,0.526627242565155,0,680081
M009,11,41,UI Design,24,Environment & Interface.,fadey-chan,i have been playing recroom for a good 2 years and i finnally made the switch from console  to vr i wish you do not have to buy hair colors but its still great,1604114614,5.0, ,141278
M009,12,41,UI Design,24,Environment & Interface.,7.65611980670829e+16,"my name is saber and i like lightsabers.
what more could i have asked for.

p.s this game is really cool",1525206398,0.523809552192688,0,650476
M009,13,41,UI Design,24,Environment & Interface.,Roughpineapple1,the hands are a little off but overall it’s one of my favorites,1592882614,4.0, ,163495
M009,14,41,UI Design,24,Environment & Interface.,"
                                      Charles                                  ","
                     this game works very well with oculus quest wireless with vd. 
nice graphics, nice effects, nice menu system and environment with foreign language localization, plus good songs.  
hats off harmonix, this game is almost 5 star game, well done !
however, the game is far too difficult to be interesting. 
it would take a lot of practice to be good at that... (unless you're a fan of that kind of beat sync game). too bad !                  ",1610161200,40%,,2937
M009,15,41,UI Design,24,Environment & Interface.,7.65611980828359e+16,"downloaded and was looking foward to trying for the free weekend, but gives me an error with easyanticheat not being able to launch. i've installed it directly with the setup for onward with no luck.",1541903226,0.414970189332962,0,500221
M009,16,41,UI Design,24,Environment & Interface.,,"the game looks great but the world moves when i turn my head, with pimax crystal, and it is not a performance issue.

i hope the devs can fix it, or implement openvr as well

edit: deactivating openxr toolkit solves the problem",1697781378,,,148524847
M009,17,41,UI Design,24,Environment & Interface.,,"one of the best vr campaigns i have ever played. it is pretty short, but it's totally worth it. think doom 2016 but vr.",1713934558,,,163482759
M009,18,41,UI Design,24,Environment & Interface.,Mblabla2,make a hand brake and make it so u ster with your hands not joystick,1613359414,3.0,"We already have immersive steering and boost button, originally boost lever. You can activate via option > control > immersive.

From our experience, the brake lever would be too demanding to use but we can consider it. Would you mind trying the immersive option and letting us know your experience?",136281
M009,19,41,UI Design,24,Environment & Interface.,7.65611980489934e+16,"runs way smoother then fallout 4 vr.
- it just works.",1562003662,0.0,0,607872
M009,20,41,UI Design,24,Environment & Interface.,7.65611980405321e+16,"
pretty good coaster for the price. one of the better cheap ones. would of been a little better if it lasted a little longer but i can live with that. seemed a little odd not seeing tracks on the floor in the later stages of the ride but again, can live with that. was expecting the ride to go faster as you went down the vertical drops but it didn't. if the devs tweaked that a little it would be an improvement. all in all i would recommend in its current state, but if the devs extended the ride of tweaked a few things i would give a big thumbs up.",1514373830,0.550827443599701,0,701223
M009,21,41,UI Design,24,Environment & Interface.,7.65611984405646e+16,"beautifully crafted, soulful and poignant and moving.",1625249084,0.0,0,390411
M009,22,41,UI Design,24,Environment & Interface.,,"does not correctly works on vr, just gets myself out of my bounds i tracked in vr",1670266741,,,127994040
M009,23,41,UI Design,24,Environment & Interface.,,0.4 hours of real gameplay (~5 hours to get all cards drop). doesn't worth a price even on sale. i won't say that this is even a game. looks like a small demo that was very polished. also don't see any reason that this game are a vr only title: there are no movement or interactions (except separate mode when you can pet holo).,1664148970,,,122840953
M009,24,41,UI Design,24,Environment & Interface.,7.65611980185774e+16,"this is probably one of the best vr or well, story experiences one can have. honestly one of the few games that got me fully immersed, the physics are amazing and the ending is something else. do not miss this if you have vr, i'd highly recommend using with the index but i'm sure it's just as good without too.

10/10 2020's game of the year in my opinion. if theres a game to get vr for this would be the one.

(played on a htc vive with index controllers)",1593143067,0.52173912525177,0,542330
M009,25,41,UI Design,24,Environment & Interface.,7.65611981157097e+16,"overall, its just a vr must have. there is definitely something here for everyone, it can be exercise, casual, competitive, and everything in between. very high skill ceiling that surprisingly is tied to your physical ability, so the more you play the better you get because your muscles will actually build endurance.",1608258603,0.0,0,626438
M010,1,16,Input Methods,3,Input Methods,7.65611979730627e+16,"worth every penny. this is one of those simple games you go back to often, either as a ""vr warm-up"" or for a longer session trying to beat that high score.",1461766981,0,0,478927
M010,2,16,Input Methods,3,Input Methods,7.65611981465225e+16,well i liked this game..  the only problem is the number of songs... and my bad stamina for that game t.t,1525579699,0.0,0,649443
M010,3,16,Input Methods,3,Input Methods,7.65611981223924e+16,"for what it is, its a decent game, by all means it has a decent mechannic, jank, and a pretty good atmosphere, but theres an extremely apparent problem throughout the whole game,

its piss easy, 
i struggled with the first one throughout countless attempts to complete missions, took time to research,
in this one i just went in, hit his chest with a hammer and got out his bones and just ripped stuff out like it was christmas day, the game doesn't punish you either for doing things that make the game easy, not only does one vr control make life easier, however, 2 vr controllers make the game extremely easy and almost no room to fail, with one hand just hold the green syringe, and the other hand go to town on bob, its not a hard thing to do and once you get the hang of it, its extremely easy to just drive through each level, 
i played the game for 40 minutes, and i completed the whole game or what i could find of it, i could have done it in less time, however at the start where i was immersed i found it fun to take it slow, and pretend how i was the surgeon, however that went out the window when i just found out its easier to hit their bones and then pack the organs back in

overall, is it a game?
it is a game

is it a good game?
its a decent game, its just incredibly easy and extremely short",1593999557,0.523809552192688,0,513478
M010,4,16,Input Methods,3,Input Methods,veerolve,"as i mentioned in my other reviews for the other episodes, i have to agree with what others have mentioned regarding pricing for the episodes and their short experiences.",1575775414,3.0, ,193231
M010,5,16,Input Methods,3,Input Methods,angiejr1979,"i tried the demo out of curiosity with zero intention of dropping yet another 30 bucks on a game after the obligatory beat saber purchase. from the first moment in game, the movement and combat is intuitive and engaging, the environment is stylized but beautiful and the mechanics can evoke a sense of wonder (ie: first time in ""god mode"" pulling on a tree to make it grow). the boss fight at the end of the demo required strategy and movement and provided a real sense of accomplishment on defeating it. had no qualms buying it immediately and can't wait to see the rest of the game.",1559964214,5.0, ,79776
M010,6,16,Input Methods,3,Input Methods,7.65611989124992e+16,"very nice game for what it is now. buggy but that is expected right now. lots of potential. needs option for sitting players. awkward when holding two weapons to reload. just a whole mess of things that need to be cleared up but once it is finished, i think we have the next best fps here. if they could polish this like borderlands 2, this game will be sick. the gun store is like a kid in a candy store! just need to perfect the controls and make the story more intriguing. too bland of a story. good work so far guys, keep at it and this game will go far.",1576707728,0.0,0,735543
M010,7,16,Input Methods,3,Input Methods,7.65611982905226e+16,"first of all, damn!
for only $40hkd im surprised how such a simple game can be so fun. for starters, i love what they did with the aiming mechanism. where you have to look to shoot, and i also love the fact that there are multiple weapons that you can choose. this game is a must if you're too lazy like me to get up and actually move. well done people.",1526708393,0.46539381146431,0,446746
M010,8,16,Input Methods,3,Input Methods,7.65611981196747e+16,"think left for dead with in vr. the game looks amazing,with a few updates it will iron out some of the bugs. definitely a game that looks like its a triple aaa title",1639139211,0.0,0,700417
M010,9,16,Input Methods,3,Input Methods,7.65611979704959e+16,"this was an amazing experience, but please i wish they would put back the giant spider in the secret shop! it was such a tease to see that in the demo videos and not be able to expeience it. at least give someone the option to have it there...or send me a patch with the code so *i* can see it.  other than that, it's one of the best collections of demos to introduce one to vr.",1504578823,0.541302621364594,0,464986
M010,10,16,Input Methods,3,Input Methods,,its fuhn but you have to have a good keyboard,1717115529,,,166366996
M010,11,16,Input Methods,3,Input Methods,christopherdoublesky,"awesome, this game keeps your attention , not since  paranormal activity, have i played ,play it it is very scary, thank you oculus!",1505791414,5.0, ,56666
M010,12,16,Input Methods,3,Input Methods,Jerriann,this game is fun it runs well. it is a puzzle- hidden object game i wish the next level was ready that is why i only gave it 4 stars,1491103414,4.0, ,37738
M010,13,16,Input Methods,3,Input Methods,,"abandoned game full of broken promises, the devs abandoned this pcvr version to make a quest version which then got abandoned for a sequel for quest that is supposedly never coming out to pcvr",1700590328,,,150562869
M010,14,16,Input Methods,3,Input Methods,,"i love this game especially when i cant go to the gym irl it helps me get my fix, although i wish there was a campaign belt system where you had to follow a set story to get to that champions spot. instead of the posters on the wall it should be belts that range in rarity as you beat more fighters.",1683946952,,,138215454
M010,15,16,Input Methods,3,Input Methods,7.65611981924819e+16,a perfect game if you want to instantly break anything in your room and your fingers,1615232927,0.0,0,422080
M010,16,16,Input Methods,3,Input Methods,7.656119904459e+16,"‘hammerborn: tears of mani’ is a pretty basic survival style game in which you have to craft things like tools and torches in order to stay alive and fight off the monsters. the good news is the game does have a procedurally generated land so it will never be the same environment twice, but this is no minecraft. this is a very basic indie survival game with space, empty graphics and not much content at all at the moment. there is no storyline here, no missions, just exploration and survival. for me personally, it was far too empty for its own good. the environment was empty and boring and the crafting pointless and frustrating, especially having to pick each item up one at a time. maybe with time, this will be worth a look, but for now, i won’t be recommending it. - see gameplay video for more - https://youtu.be/zebidfjiwzk",1651583917,0.605734765529633,2,751801
M010,17,16,Input Methods,3,Input Methods,7.65611980410411e+16,"i love vanishing realms, except for th- [auto pause enabled.  stand in the center of the play area and then hit resume].  that, i can't stand how frequen- [auto pause enabled.  stand in the center of the play area and then hit resume].  arrrgh!  talk about taking you straight out of the ex-[auto pause enabled.  stand in the center of the play area and then hit resume]",1462253121,0.338035583496094,6,431793
M010,18,16,Input Methods,3,Input Methods,marcos.gibo,this is really sucks. i don't think so... why oculus accepted this???,1618716214,1.0, ,115657
M010,19,16,Input Methods,3,Input Methods,JamesDWestoby,"but doens't seem to work with isos - i normally get a box set out of the library, rip them and watch in slower time (and,m yes, i do delete them afterward). but tryingn this on one (|supoergirl as it happens) didn't bring up the disk menu for selection etc. this might be intentional - but overall it does seem to be usable but i don't really watch online videos (well, except crunchyroll which is paid for). also seems to default the size oddly - the iso was 16:9/2.35 but seemed squashed.

fix them and i'd happily spend some money on it. heck, it won't be in the powerdvd range (which i have).",1573442614,4.0,"Thanks for the feedback. If possible, please share with us a small clip of your video at support@skybox.xyz so we could test it and locate the problem. We have tested several ISOs before and didn't encounter the same issue as yours. Thank you and looking forward to your email. Cheers.",330607
M010,20,16,Input Methods,3,Input Methods,7.6561198130707e+16,"ive been on the vr bandwagon since the htc vive in 2017.

this is the best vr game to ever come out.

if you have a vr this is a must play. the less said, the better. play half-life: alyx. 

its worth every penny",1618227517,0.476190477609634,0,530459
M010,21,16,Input Methods,3,Input Methods,,"so, i've played a few hours, i'll say it's a great fun game, great way to kill some time with arcade style mechanics, a good story that's not too complicated and endless designed levels that are different every time, i can say this game is worth picking up!!!",1685079392,,,139002893
M010,22,16,Input Methods,3,Input Methods,7.65611981363315e+16,always loved the game and it's excellent in vr with all of the mods out now. one of the best vr games for me.,1598143037,0.0,0,606541
M010,23,16,Input Methods,3,Input Methods,,"fun game, especially with mods. can sink a lot of hours into it just exploring and overall great game would recommend",1651768605,,,114994926
M010,24,16,Input Methods,3,Input Methods,,"it's a very good game, constantly being updated  with new content. very easy to pick up and play.",1668518573,,,125521523
M010,25,16,Input Methods,3,Input Methods,xGothicPunkGirlx,"great ap.  free with no catches. solid all the way around.  i appreciate people not being able to just jump into a room. 
but
more of a wish, than a complaint. i wish there was a way to meet other like minded people in this other through random luck.  groups or communities.  find others with similar backgrounds or interests.  

seemingly the only way to converse with other people is irl friends with vr of course or through random luck.  best i can figure is you randomly ask someone to join your group or ask to join theirs.  hoping you have something in common, not knowing what they are even discussing atm..  

i only tried this for a couple hours, so i could have missed something, but i dont think i did.  if this is the case, i feel that would keep many, myself included from using it.  as luck has it, everyone i know with vr has psvr or sparingly use their index.  so, luck of the draw for me i guess

for instance, it was my hope to possibly meet other lbgtq vr users in my age bracket or other fans of movies and gaming in my age range.  doesnt seem like thats the case. bummer",1605497014,4.0, ,91524
M011,1,16,Input Methods,36,Controller,Sn_kus,"cool game! strongly recommend!
looks like zero-g games in ender's game!",1590809014,5.0, ,150078
M011,2,16,Input Methods,36,Controller,,you're laughing. aaa titles are claiming immersive game play when this exists and you're laughing.,1718646243,,,167577095
M011,3,16,Input Methods,36,Controller,ST0CKY,"thank you! thank you! thank you!
this is the app that i've been waiting for somebody to build for years and years!
it has banging tunes all set to a storyline that drops into the action at the right time and makes you feel like a bad mofo!
love it! 
it's all about the campaign/story mode! i'm jumping back in now!",1644263460,5.0, ,117337
M011,4,16,Input Methods,36,Controller,7.65611979707544e+16,"timetodie is a fantastic concept. a roguelike in vr? sounds great! the execution however is a bit broken at this early stage, but i still had fun with it.

https://www.youtube.com/watch?v=wfdq1cyicog",1507903611,0.386049330234528,0,610150
M011,5,16,Input Methods,36,Controller,Holy4D,"i love the app, i love what they are doing. it’s a wonderful educational experience. the image quality is better than most in vr but this would just rock if it were crystal clear 4k. im curious does anyone know what breed of dog was seen in the video of indonesia?",1591673014,3.0, ,248296
M011,6,16,Input Methods,36,Controller,7.65611981175335e+16,"for the little time i have played this game it was all done when i first picked it up. the game doenst feel exhausting. i have been able to find a match fairly quick in the aus region. unity engine. most likely using photon as networking solution. probably one fo the best games i have played in vr to date, the only game i have been able to paly multipler with and its fantastic! get it while its on sale. the graphics are ok. i expect most of them to be replaced later as they seem more like asset store stuff however this shouldnt put you off as the game itself is actually really fun.",1498289482,0.0,0,519496
M011,7,16,Input Methods,36,Controller,,"probably gave me suspiciously larger forearms, but its fun",1684428084,,,138497624
M011,8,16,Input Methods,36,Controller,7.65611990282228e+16,"loving this so far, the developers have done an amazing job! fast , exciting and immersive! wow! looking forward to getting back in there!",1627768393,0.506079018115997,0,415799
M011,9,16,Input Methods,36,Controller,7.65611991228161e+16,this game is amazing. i had originally bought it on the oculus store and i have been playing for about 2 years. i just bought it on the steam store so i could get mods and the mods make it so much better. if you are buying this games i recommend that you also get mods.,1642953929,0.0,0,618758
M011,10,16,Input Methods,36,Controller,7.65611981119148e+16,"i'm into non-plane flight simulators, mostly birds, so a dragon sim appealed to me (and hey, it was cheap).

this game is a bit of a mess, but a fun mess.  you can fly as a dragon or a dragon rider (two available pov) around fairly small worlds, finding stuff (easter egg hunt) and taking little flight challenges like destroying balloons or making it through a long series of floating hoops.

i find the controls a bit counter-intuitive (prefer flying games where you use your arms to flap, rather than just moving joysticks) but after 15 min or so you can get used to them.  the animated dragons are actually not bad, with some nice surface detailing on the saddle, wings, etc.  the landscape is fantastical of course, and the flight physics are arcade-level;  but it has a kind of wacky charm that draws me back for casual play.

the controls are a bit complex for really young players, but for age range 10-up it is good colourful fun.  some violence appears to be possible (there are attack commands) but so far, playing casually i have had no antagonistic experiences.  the dragons can swim underwater as well as fly, which adds a bit more variety to the experience.  so what we have here is kind of like an airplane sim (control a flying craft using joysticks and buttons) with the graphics and feel of a bird sim (flapping wings, gliding and diving, hovering etc).

some kids are really, really into dragons :-)  and for these kids, this game would be a perfect match.  but even if you just like arcade level flying, it offers colourful fun.  don't expect any story line, deep engagement, or serious puzzle solving and you won't be disappointed.  it's a nice vr showcase app because of the scenery and flight options (all the way from passive tourism for newbies, to full control and aerobatic flight for the more advanced vr user).",1612575564,0.0,0,389574
M011,11,16,Input Methods,36,Controller,7.65611979866594e+16,"it's a cheap fun little game and brings me back to the good old rampage days!

the graphics aren't aaa quality but they don't need to be and i think it would take some of the fun out of it they were.
the music can really get on your nerves though especially the ice cream truck!

https://youtu.be/qoxncjplmqq

all in all you really can go wrong with this game, even if you only play it for a little bit it's definitley worth the money :d",1491580004,0,0,575292
M011,12,16,Input Methods,36,Controller,wendyrobb,does the dev team not bother responding to reviews? doesn’t work with go controller so take that out of the description,1584242614,1.0, ,67160
M011,13,16,Input Methods,36,Controller,violinnickt,"and the only game i went to review, that alone should tell you something :d works perfectly on quest 2, great mix of fun and exercise - it really is a workout! and cannot be faked by flicking wrists or otherwise learning the mechanics - you have to reach, lean, crawl, jump - and it's so much fun you really wanna keep going :)
after learning the basics you realize that there is a lot of strategy and depth to it. plus the ranking system, plus the upcoming updates - i don't think it can get boring anytime soon :d
the only debatable thing is the price... 10€? feels like stealing to me... if they ever get wiser, and make it a 30€ title - just know, it's still worth it :)
see you at the arena. i'll be there ;)",1607311414,5.0, ,167784
M011,14,16,Input Methods,36,Controller,7.65611981134842e+16,one of the best vr games. if you have any love of planes get this game,1645038850,0.0,0,677773
M011,15,16,Input Methods,36,Controller,7.65611980695295e+16,"hard bullet has proven to be one of my favorite sleeper vr games/experiences. while it started off fairly rocky with janky gunplay and movement, the devs have done masterful work lately, especially with the latest ""physics update"". while this game is far from complete (audio for example isn't amazing), it offers some excellent physics based gun/melee weapon play on a variety of different levels against ai that is surprisingly not half bad. the look, feel and graphics are improving month by month. with each update i grow to love this game more and more and can't wait to see what the devs have in store moving forward.",1629080770,0.0,0,395672
M011,16,16,Input Methods,36,Controller,Dio,"edit : the swat is here on rift (link)
thanks to whom ever decided put it up fnially.
thank

ps : 5",1626924214,5.0, ,326170
M011,17,16,Input Methods,36,Controller,7.65611981273727e+16,"i don't have much to say about this game other than it's got the most realistic guns in all of vr, and good ways to use them all

also the dev is amazeballs",1574239684,0.0,0,472523
M011,18,16,Input Methods,36,Controller,Cyda,"not bad gameplay as long as you can live with it 'as is', a little bit rough bit rough around the edges but good fun with mates. don't buy this if you expect updated content or qol patches.",1537586614,3.0, ,322814
M011,19,16,Input Methods,36,Controller,7.65611981941566e+16,"
this marks the beginning of vrmmorpg. reminds me of sao",1643426995,0.0,0,407228
M011,20,16,Input Methods,36,Controller,7.65611980983406e+16,"i was looking for a few free games to tryout. what an absolute treasure this was to find. not only can i not play this game for more than 3 minutes before having the same effects as eating a spider's eye in minecraft, but i also could not fly in a straight line. don't touch the steering joystick unless you want to do 1000 flips in under a record breaking time of 1 minute.",1546431007,0.441077440977097,19,753843
M011,21,16,Input Methods,36,Controller,7.65611990584164e+16,addicting.  warning you may get nausea's the first few times,1626474403,0.0,0,711641
M011,22,16,Input Methods,36,Controller,7.65611980607602e+16,"nvm really fun game probably one of my favotrites over killing floor 2, has alot of weapons and would be more dope with some killing animations and new map like nazi zombies",1539922540,0.519999980926514,0,488064
M011,23,16,Input Methods,36,Controller,,"great game, a bit short but still very fun, mechanics are great and you still will shit yourself just like on propagation, highly recommend but don't expect to get heaps of gameplay time",1703132606,,,154039955
M011,24,16,Input Methods,36,Controller,7.65611988690133e+16,"pleasantly surprised by the speed of development update the dev is giving out, the new single-player mode reminds me alot of gorn, but its way harder and provdes more of a chanllenge, and the thrill and fun of killing all those ragdolls is also executed verywell, however i would like to see some kind of leaderboard and background queue for pvp to be added",1541465167,0.500959694385529,0,703033
M011,25,16,Input Methods,36,Controller,7.65611979875308e+16,"fantastic game.
it's a series of escape room setups all wrapped up with a classic spy theme.
each level does an amazing job showing you what to do with very little hand-holding.
great music, narrator and comfortable controls.
would love to see a sequel.",1585969572,0,0,591347
M012,1,18,Interaction Methods,12,Interaction Mechanics,,"very fun, great gun mechanics, best with friends",1678022394,,,134119683
M012,2,18,Interaction Methods,12,Interaction Mechanics,blessingsmilove,amazing like wow how can you come up with this??,1649197200,5.0, ,302155
M012,3,18,Interaction Methods,12,Interaction Mechanics,,"helping me loose weight, and enjoying songs i never heard before at the same time ^w^ the stages could use alot more flare, but since im only useing this as excersise then i dont mind looking at the boring 3 same baggrounds and same coor/shape notes that you are hitting, i would say 7/10 mostly for the excersise",1673366284,,,130577848
M012,4,18,Interaction Methods,12,Interaction Mechanics,monke gamer in vr,when i open vrchat i spawn between the square and the go button,1666171080,4.0, ,82028
M012,5,18,Interaction Methods,12,Interaction Mechanics,instamemegram,"i played this game on psvr, and it was fun, but the cord and camera made it hard to rotate and actually look at certain stuff. i’m really glad that it was released on oculus quest, my brother really enjoys job simulator, so he loves it too. you’re actually able to turn around without tracking getting you down. i love it so much, thank you for the oculus quest port of the game!",1586661814,5.0, ,269760
M012,6,18,Interaction Methods,12,Interaction Mechanics,red2000,"really disappointed with this, can’t even get it to open after the updates. paid for nothing, disgusting you don’t even get a choice anymore.. they obviously saw the popularity and only interested in the dollar and not the people.",1666639320,1.0,"Oh no, somethings not right here! You should be able to open FitXR and if this isn't working, then we need to get this resolved. Please could you pop us an email at support@fitxr.com and let us know a bit more about what's happening here? We hope to hear from you soon!",170386
M012,7,18,Interaction Methods,12,Interaction Mechanics,RíoLuz,i loved this. would have normally given this a five. the latest update took away an awesome user interface and makes it so hard to find the type of class you want. and i do not want a subscription.   can you please roll it back?  give me what i paid for?,1618629814,1.0,"Membership is completely optional for people who already owned FitXR. If you decide it’s not for you, you’ll keep all the workouts you had before membership, including any DLC packs bought, forever. And you'll continue to have the new multiplayer feature and environments — plus, you'll still receive future updates, including access to the intro classes of our new HIIT studio.

We're working hard to add new features and make FitXR as great as possible.",171977
M012,8,18,Interaction Methods,12,Interaction Mechanics,mpotter21,some great photos and experiences but limited without the option to search for a specific image,1478489014,3.0, ,60762
M012,9,18,Interaction Methods,12,Interaction Mechanics,7.65611981888946e+16,"this game is amazing in its alpha stage; one step above trickster in my opinion with the depth of lore and dungeon exploration. a couple issues i've found is that smooth turning will occasionally do a snap-turn which is frustrating in the heat of battle and i wish archers could use crossbows. this is honestly on par with some of the greats from non-vr libraries and i absolutely recommend it as one of the best out there. i look forward to playing through this as development progresses to a full release with potentially new levels and classes. i will finish an impossible run if a magic class is offered as i'm going through with both the warrior and archer now. i'm guessing i'm around half way through at about 5 hours of play which is far longer than most of the current vr titles last. 
-played on vive cosmos",1578428315,0.0,0,598950
M012,10,18,Interaction Methods,12,Interaction Mechanics,7.65611979685532e+16,"how or can i switch to left handed player? 

if i cannot then its rubbish.",1481484351,0.303777456283569,0,491053
M012,11,18,Interaction Methods,12,Interaction Mechanics,paul.taylor.526875,the most relaxing and fun experience currently in vr. the developers keep adding content and improved mechanics and really listen to the player base. give it a try. you won't be disappointed,1672235100,5.0,"Thank you for enjoying our game, paul.taylor.526875.
We keep improving our game for our fans.
Happy Fishing!",215271
M012,12,18,Interaction Methods,12,Interaction Mechanics,nvandyne,"i love the game. i love how you have different endings, i love the mechanics, i love the story, i love that it makes you answer questions to make sure you’re keeping up with the story, and i love that you have to put together clues so that in the end you get to pick who the killer is, but it freezes quite frequently. i’m not sure if that’s something on my end or if that’s something wrong with the game itself. usually when it freezes i can just restart the game and it won’t freeze for a while, but i’m almost at the end of the game, and after i pick the killer and go into the freezer it freezes and won’t let me go anywhere. i’ve restarted it idk how many times, and it keeps freezing in the same spot. i can’t move forward or click anything, but i can move my head around. please fix this so i can finish the game!!",1587266614,4.0, ,69560
M012,13,18,Interaction Methods,12,Interaction Mechanics,tylandio-man,"this game is so fun and addicting! i love it! i just recently got my oculus quest and this is the 1st game i bought! (well actually, it’s the 3rd game i bought because i bought all seasons of vader immortal)",1580700214,5.0, ,192396
M012,14,18,Interaction Methods,12,Interaction Mechanics,d43m0n_5l4y3r,"i've been wanting to pick this title up for a while now and finally did when it went on sale. i was reluctant to buy it because at first glance it looks like your typical micro machines style racer.

how very wrong i was. this is pure car...nage. the cpu cars are challenging. the weapons are powerful and the turbo boosts will have you tensing every muscle in your body. 

the career mode is brilliant, it allows you to unlock new racers by playing. you get micro achievements during each race like scoring a double kill or surviving a rocket blast.

there are races where you and the cpu racers are being chased down by a giant machine. it sent my adrenaline through the roof trying to escape it while navigating tight turns while using the rocket boost.

the graphics are on par with the industry right now. i wish i had picked this up sooner because i have definitely been missing out. great game.",1550546614,5.0, ,28630
M012,15,18,Interaction Methods,12,Interaction Mechanics,taquitobuddy,"i am so bad at this game.  there has literally never been a video game i have been worse at in 30 years of playing video games.  gonna give it 4 stars because it has a great song selection, and i can't give it a fair review being so bad at it.  needs a much  better tutorial to help people who suck at it not suck quite so bad. 
 also, the guide orbs don't help at all.  back to beatsaber for me.",1572837814,4.0, ,335016
M012,16,18,Interaction Methods,12,Interaction Mechanics,7.65611980243511e+16,"really good fun if you're looking for what is essentially the counter-strike of vr games. workshop support, fun custom modes, lots of customization weapon wise. 8/10 

pros:
- workshop content
- fun gunplay
- customization up the wazoo
- custom game modes

cons:
- wished importing the workshop stuff was easier
- wished placing ladders in my game didn't crash my project
- (not really on the dev but on the community) toxic players. which sucks because they can just straight up shoot you in the back of the head as soon as the round starts if you ""took their kill"".",1609311355,0.0,0,573826
M012,17,18,Interaction Methods,12,Interaction Mechanics,7.65611980235142e+16,"note: played on an oculus rift

i was excited to get into this one because of the good reviews, but holy cow, i don't understand why it has a very positive rating at all. almost everything about it... the movement, the combat, the graphics, the animation... everything, really, is bad.

let me start with the controls. it has a simple teleport and rotate locomotion, with teleport bound to left stick and rotate bound to right. except, it isn't really rotate, it's kind of a flicky-jumpy snap rotate, where you point the thumbstick in a direction, then when you release it, you'll face that direction. it doesn't work very well, it's hard to get facing exactly where you want it to, it seems to sensitive and needs to have some kind of deadzone. robo-recall is an example of this type of  movement done well. of course, if you can rotate freely in your play area, this really isn't an issue at all. the teleport itself works fine enough, but there's no kind of cooldown or restriction on it, so when you're in an enemy area, you can just whiz past everything and ignore it if no combat is required.

another thing, every action, including open inventory, pick up item, pick up weapon, sheath weapon and fire weapon, are all bound to the same trigger. the secondary, middle-finger trigger (you know, the one usually used to grasp things in vr games?) is entirely un-used. i don't really understand this... it simplifies things a bit, but when i shoot myself in the foot with a crossbow bolt when i'm trying to draw my sword, it gives me the impression things could be a bit more intuitive.

the colors in the couple landscapes i saw were a generic, deserty dull brown. neither the textures or models were of considerable quality. pretty excusable for a free vr game, to be honest. but the animatons are noticeably terrible. everything moves very unnaturally and stiffly, not convincingly humanoid at all, but the worst part is the transitions. literally every creature has no transition animations or frames. stuff will be sitting at a campfire in an awkward idle cycle, then when you get close enough for it to aggro, it'll pop up onto it's feet and start moving towards you immediately. it doesn't stand up slowly, or even quickly jump up - it's literally one frame it's sitting, and the next it's angrily charging at you. it looks like a cash-grab 3d action phone game or one of the unity asset flips people sell for five bucks on steam.

now the combat... man, it's pretty weak. visions of twilight princess on the wii come to mind, and even then i'd say that game does it better. the hit detection and implementation of the shield seem awful for a game focused mostly on sword and board combat. stuff would hit me when i actively moved my shield in the way of the attack, and passing your sword through something doesn't guarantee a hit, even if you were moving the sword fast enough. at the same time, sometimes i would accidentally make hits when i was just transitioning to another weapon or rotating to block an attack. wiggling your weapon hand in front of you seems to be the best strategy, as i managed to clear the entire first enemy area by aggroing everything with my wicked fast teleport skills, then huddling in corner with my shield raised, and waggling my sword back and forth at the wrist like i was shaking up a spray can. 

i mean, give it a try, apparently there's a lot of content, and it's free, so there's really no risk... but i had a hard time squeezing any enjoyment out of this. i am genuinely confused at the people giving this glowing reviews, it makes me feel like there's something i missed or that isn't working for me. the people saying ""hit detection is bad, but the rest is really good!"" are liars or dumb, because the rest of this game isn't good either.",1543861675,0.575820863246918,0,682559
M012,18,18,Interaction Methods,12,Interaction Mechanics,scuttlebucket,"nothing comes close to golf+ with pro putt. i can be a stud or a slacker and golf+ allows me to be as good, or bad, as i want to be. love this game!!",1653144480,5.0, ,186429
M012,19,18,Interaction Methods,12,Interaction Mechanics,7.65611982999925e+16,"temple raid is a simple, fun and accessible vr scavenger hunt game. i enjoyed looking in every nook and cranny to find the hidden gems and artifacts. i also really enjoyed the climbing and puzzle interactivity in game. the climbing actions felt very natural and encouraged players to explore beyond just their eye level.",1513899474,0.474137902259827,1,689152
M012,20,18,Interaction Methods,12,Interaction Mechanics,7.65611981434767e+16,"[h1]ryzen r5 1600 | 16gb ram | gtx 1080 ti | oculus rift[/h1]

i super-sampled the game at 1.5pd via oculus tray tool and played on the high preset. throughout my play through, i only dropped below 90fps while looking at the structure being built off in the distance while standing next to the guy outside. other than that, performance wise, the demo ran great. after i began to pick up objects i immediately realized that the game featured dynamic depth of field. and while it's not perfect, it's pretty freaking cool! this feature is something we're expecting to built into the next-gen vr hmd's but on a physical, more accurate level. in saying that, this software implementation isn't bad though. after i finish typing this, i'm actually going to go back in there and try to get the three achievements.

the only two things i don't like about the demo/would like to see change or adjusted is the rate of speed at which your characters rotate and crouching. instead of pushing both thumbsticks forward to sprint, give users the option to click in their thumbsticks/touchpads (one time) to start sprinting. although the current method does give users complete control over their speed, some may prefer an alternative method of input. with the current build of the demo, when a user crouches it appears that the floor is raised upward towards the user to make it easier to grab/interact with objects.  while i can see this being useful in some cases, this does break a users immersion so adding an option to enable/disable this setting would be nice.

[h1][u]things i liked[/u][/h1]
[list]
[*] dynamic depth of field
[*] on the fly orientation reset
[*]  an on the fly toggable sit/standing option
[*] adjustable graphics (low, medium, high) pd stays at 1.0
[*] on the fly toggling for a fov limiter while moving/sprinting
[/list]

[h1][u]things i would like to see change[/u][/h1]
[list]
[*] crouching options
[*] advanced graphics options
[*] an in-game supersampling slider
[*] add the option for 180°/quick turning
[*] make the characters body stick to the player v.s. moving in increments.
[*] snap turning only works while stationary | slow, smooth turning is enabled while moving (for immersion maybe but it's not terribly slow)
[/list]

while reading other reviews i did find it funny that some people gave up on the game simply because they couldn't get past the first ""puzzle"".",1536552660,0.501597464084625,0,741053
M012,21,18,Interaction Methods,12,Interaction Mechanics,Fancy_robot,"this a modern comic book and i am glad that purchase it, i have seen all figurines when i stare at a box with light blue outline.  i gave 5 stars for the graphics and style.",1668770460,5.0, ,35176
M012,22,18,Interaction Methods,12,Interaction Mechanics,7.65611989540799e+16,"i've played so many vr games. this is the only one so far that i couldn't help but make an all-out trailer just for the hell of it. it eventually became the trailer you see on this page. 

when you talk about vr games that genuinely offer something special - that you can't receive anywhere close to the same level from a flat-screen game - this is one of the few that exist right now. essential.

also, if you have the stomach for it, for the love of god... play with the mods you obtain. highly recommend too much jets and extreme spin mode if you want to cheer and laugh uncontrollably.",1589392709,0.0,0,589935
M012,23,18,Interaction Methods,12,Interaction Mechanics,7.65611980278476e+16,to start - buy the game -- this is why you have vr room scale to begin with !!  i always way over think - to buy or not to buy -- so happy that i have this game.  you can read more detailed reviews but this is sooo much fun and vr shines !!!,1513558232,0.0,0,693894
M012,24,18,Interaction Methods,12,Interaction Mechanics,7.65611981523878e+16,best vr cricket in the market at the moment. enjoy every moment of it!,1623810639,0.0,0,747648
M012,25,18,Interaction Methods,12,Interaction Mechanics,kurt.jeffers.9,i love this game. i can’t wait to play it everyday. my only wish is to be able to play with other players in survivor mode. i would love to create villages with other players.,1650239880,5.0,"Thanks a lot for your feedback - we will be adding co-op later in the future as an update, so stay tuned!",293913
M013,1,18,Interaction Methods,20,Player Interaction,,this game is so cool unique fun addicting literally the best game ive ever played and im not just saying vr game im saying game of all time also ff16 but anyways please buy this its so fun,1720733814,,,169630137
M013,2,18,Interaction Methods,20,Player Interaction,GhostintheMaze,"as a longtime 40k fan i have had my eyes peeled for the videogame version that would satiate my appetite for this amazing universe. so many games have tried and imo failed to give satisfying , visceral, and an approachable view into the world, but battle sister finally succeeds!
what i am most impressed with is how smooth and well thought out the game play is. things that would be annoying such as dropping ammo you meant to put away, stashing weapons, checking ammo, dual wielding and reloading have all been thought out to where the game either knows what you're doing and acts accordingly or there are assists built in to make things easier.
the graphics are great and it was amazing to bend down next to a wounded sister, see the model react accordingly, and get feedback when i placed my hands on the character.
i've only begun my journey but so excited to discover all the details put into this game!",1607484214,5.0,"Hey Ghost, really appreciate you taking the time to write this review, and such a lovely one too! We hope you enjoy the rest of your journey in the 40k universe!",265721
M013,3,18,Interaction Methods,20,Player Interaction,7.65611980305086e+16,"one of the better looking games for the htc vive, it has some beautiful environments and a lot of fun interaction. i love the movement and look of the hands, and the backpack system is awesome.

the beach chapter is a fairly good experience to bring out for friends and newbies when you are showing them the vr for the first time. there's a fair amount of high quality content here for someone looking to complete the game though, especially if you take your time and look for all the hidden cassette tapes and listen to them. a few of the puzzles might be a bit difficult but just look at the steam forums to get some hints if you need them.

if ever you wanted to be inside a myst game, this does a fairly good approximation of one. looking forward to the next chapter!",1465837583,0.0,0,429699
M013,4,18,Interaction Methods,20,Player Interaction,LeMieux01,freeplay is fun but i cant play the story mode. it forces a spectator camera which freezes the game and everything on my computer. it closes steam oculus and freezes the computer for about 5 minutes.,1563161014,1.0, ,345399
M013,5,18,Interaction Methods,20,Player Interaction,xKnucklesx,as title says it's my favorite game on the quest 2 it's lots of fun although the addition of a skill tree or something would be neat,1642459800,5.0, ,136881
M013,6,18,Interaction Methods,20,Player Interaction,7.65611980600282e+16,even though the sticks you're wielding are not sabers it is a great game. best rythm game you can get.,1562013738,0.0,0,641012
M013,7,18,Interaction Methods,20,Player Interaction,7.65611989656382e+16,the part where you need to connect to a radio signal is very hard and  also i am too short to play this game. don't buy this if you are short. (no offence if you are short),1636431969,0.442675173282623,0,396524
M013,8,18,Interaction Methods,20,Player Interaction,7.65611984208849e+16,do you want story? then get alyx. do you want arena modes and zombie modes? then get boneworks. i personally would recommend getting both because it shows you how great vr is but if it's a choice between the two then this is the only criteria needed. i love having spotify play in the background as i destroy wave upon wave of random creatures so this game gets support from me.,1577669457,0.0,0,720989
M013,9,18,Interaction Methods,20,Player Interaction,,i don't take my crazy pills they make me crazy,1677820269,,,133956523
M013,10,18,Interaction Methods,20,Player Interaction,DonnyReeds,"the graphics are great, the story is great and i love how challenging it can be",1650168480,5.0,You are too kind! Thanks a lot for the review and we will continue working to make the game even better :),293997
M013,11,18,Interaction Methods,20,Player Interaction,WJT-211,"short and sweet, great story, would like to see more stuff like this in the future",1599881014,5.0, ,192045
M013,12,18,Interaction Methods,20,Player Interaction,Mafelesque,"i have played competitive when i was young.
this game is really amazing, after 5 minutes you forget that you are playing in vr.",1642354260,5.0, ,95548
M013,13,18,Interaction Methods,20,Player Interaction,7.65611983671059e+16,"what a joke of a ""vr port""these lazy developers thought they could fool people with this cash grab...",1645276786,0.246613532304764,0,427447
M013,14,18,Interaction Methods,20,Player Interaction,GlitchVertex,fun! that is what i have to say it is fun and get you thinking the bow and arrow are fun to use the puzzles are great but they can be too hard somethings there have been times i have had to search up guides of the levels,1591327414,4.0, ,116612
M013,15,18,Interaction Methods,20,Player Interaction,7.65611980256555e+16,"vtol is probably the most immersive flying experience i've ever enjoyed, i would definitely recommend that anyone interest in sims or vr try vtol.",1597613708,0.489323854446411,0,679860
M013,16,18,Interaction Methods,20,Player Interaction,Simon,thoroughly entertaining on so many levels?? literally. (i can?? believe i just said that) but had to lend my enthusiasm to these reviews because walkabout mini golf is really what vr is all about. the actual gameplay is convincing even though you will immediately feel like you are a cartoon character. and the learning curve is very satisfying. getting a hole in one (not as hard as all that) will still make you punch the air with triumphant joy. totally worth every penny so get out there and have a giggle.,1646548440,5.0, ,199457
M013,17,18,Interaction Methods,20,Player Interaction,7.65611989564298e+16,"its not meant to be half life 3 because its not meant to be played without vr.  you can with the mod - and i get big fans of the ip who cant afford the hardware want to - but they wont actually get the game they think they are getting.  

the experience, gameplay, length, content, emotions, sense of wonder etc between those two mediums are apples and oranges.  and this game was made specifically for citrus lovers.  if you are walking down a tunnel on a pc game it may take you 10 seconds with very little emotion.  just getting to that next fight, barely taking in the visuals.  but if you are inside the game, and you are actually walking down that creepy tunnel...light on ammo...unsure what is going to jump out at you and cause you to fall over your desk chair or slam your hand against a wall...that first time is a lot more than 10 seconds and you love and appreciate every second of it.

truly the first near-perfect vr game of its time.  (best played with the corresponding valve controllers but probably a minor inconvenience otherwise).  not meant to be 40+ hours - it's vr.  not meant to be constant action and unlimited ammo - there are other great vr games for that stuff.  only meant to be a promise of everything this branch of gaming could be if developers were willing to take the risks.  

hopefully it is just the beginning...not just for valve but for the industry...though 2 years later and there is still little at this level to compare.  

so don't buy it if you want to just play a normal pc mod. watch a youtube run through or summary instead and save up for the head gear. but if you have vr and haven't given it a go...you are missing something magical.",1645563917,0.783721446990967,0,524058
M013,18,18,Interaction Methods,20,Player Interaction,7.65611983478433e+16,doesn't hold up to new vr games for the price if you want a better zombie vr game play saints and sinners,1625930183,0.454545468091965,0,433500
M013,19,18,Interaction Methods,20,Player Interaction,7.65611980665902e+16,"[h1] experienced on the oculus rift with touch controllers [/h1]

after about 10 minutes of playing this game, i really wanted to request a refund. however, i figured i should at least play 20 minutes more before i do any kind of review. well, i am glad that i did not request a refund because although this is not a great game by any stretch of the imagination, it actually has some very epic moments.

i'm rating the game a sale price rating of 6/10. so i'm not saying it's a really good game. what i am saying, is that this game is definitely a good deal for $5. you're getting quite a bit of content here. so the negative reviews mention walking around and just hacking away at enemies. 

however, there's more to the game than that. in fact, you can teleport or move in 3rd person full locomotion. i suggest you move in 3rd person full locomotion at all times and forget teleportation. teleportation is very bad in this game and i imagine it's a reason for a lot of the negative reviews. take off the option for the boundary guard as well. yes, this game automatically adds another space guard for your vr space. why? i have no idea.

once you get used to the 3rd person full locomotion, you see that moving in this game is actually pretty fast. it's not sluggish at all. you'll be quickly moving from location to location. and soon you'll discover a secret which lets you magically auto teleport to witch area locations. 

the inventory system is also weird. you press y on your oculus controller and you'll see everything you have floating in your space. then you click to read its description and consume or use it. there are lots of items in this game and soon your inventory will be an unwieldly mess. i suggest just eating as much as possible. try different weapons. i prefer double swords myself. or double mace weapons.

the main criticism is that you just hack and slash in this game. there's some truth to that, at least superficially. there is actually a stamina system in this game to prevent you from wildly swinging away. of course, you are op. you'll be taking down several enemies in no time once you figure out what the game wants you to do. basically, the trick is to block when you can and yes you can shield bash and then swing at the openings you see. i found that a bottom up and diagonal approach usually worked. but as long as you see an opening, swing away. 

there's also different types of enemies. all sorts of humans with different weapons. goblins. spiders. this tall father type dude and his midget son, i believe? they were awesome to cut down. and the map is pretty big. i spent 45 minutes in the game and not anywhere close to finishing the first quest. 

rate 6/10. 

p.s. use your weapon to break vases, chests, barrels, etc ... there's loot everywhere! oh and check out the cemeteries!",1530338311,0.533898293972015,1,521731
M013,20,18,Interaction Methods,20,Player Interaction,7.65611980965549e+16,"this is a super massive vr game, a most have! but there are som issuse that i hope will get fixed. i had to mod and read hours on the internet to find the fix, and it all sums up to be lighting problem that curse my game to super lag. and my cumputer is high quility eq. so the mod that fixed it for me ""alllightsoff"" it turns of all ""light"" so you need to use flashlight ""pipboy"" to see but atlest it works..",1529084905,0.0,0,601678
M013,21,18,Interaction Methods,20,Player Interaction,7.65611980695272e+16,"it's scary that they choose to release so close to population one but truth be told, this game stands on its own two legs. i was given a copy of this game for review and almost wrote it off before even trying it. well shit... i'm ridiculously happy that i played it. it's a combination of unreal tournament, titan fall 2, quake... all in vr.

this is an experience that shouldn't be missed and is easily one of the top games vr fans should own.",1604602050,0.590341508388519,0,403226
M013,22,18,Interaction Methods,20,Player Interaction,Spekladie,this was so interesting. being able to hold items and turn them around and see the amazing detail up close and personal was really fun. thank you for a history lesson that i would gladly take again and again!,1667935200,5.0, ,91356
M013,23,18,Interaction Methods,20,Player Interaction,,"one of the coolest vr pvp games with unique physical combat. 

combat mechanics are extremely satisfying and skill ceiling is very high. physics of projectile collisions is impressive and provides additional depth to fights.

it is pc only for now, so playerbase is small but it is great: experienced players often limit their moves against newbies and even teach correct technique. pve content is extremely limited though, so when no one is online there is not much to do other then practice combos.

works on reverb g2",1686854329,,,140114405
M013,24,18,Interaction Methods,20,Player Interaction,Gopnik,it’s just amazing honestly some of the most fun i’ve had in a while,1577330614,5.0, ,152822
M013,25,18,Interaction Methods,20,Player Interaction,7.65611982332224e+16,"when playing the game all of a sudden it just pops up waiting constantly and won't let me play i would hate to refund the game but i might have to 
",1600455649,0.476190477609634,1,394553
M014,1,8,Game Mechanics,32,Game Elements,Y_w,this is one of the best for games i have played.,1604287414,5.0, ,212584
M014,2,8,Game Mechanics,32,Game Elements,7.65611980302319e+16,vr must-have if you like rhythm games even just a tiny bit.,1561792940,0.0,0,642208
M014,3,8,Game Mechanics,32,Game Elements,theonlyryson,i loved the action the story overall great game also i like the first game being set on mustafar,1627356214,5.0, ,122818
M014,4,8,Game Mechanics,32,Game Elements,7.65611980729884e+16,"who thought that a. it was better to have a hand thruster than use your arms to grab surfaces for this vr zero-g experience, b. thought it was a good idea to have impact damage to boot, c. made the shots ricochet, d. made all weapons fast-firing and, d. allow self-damage? every firefight is the player blasting aroound a hallway taking damage from hitting the walls while the room is filled with projectiles from both him and the enemy currently on the other side of a wall.",1511161702,0.650947093963623,1,691159
M014,5,8,Game Mechanics,32,Game Elements,,"easier to play on steam, very active, and engaging. i rate it 10/10.",1685383729,,,139226262
M014,6,8,Game Mechanics,32,Game Elements,ash.chetri,for some reason it disconnects every 3 mins and i can't watch anything...,1511321014,2.0,Can you send the video to support@skybox.xyz? We will solve the problem.,29363
M014,7,8,Game Mechanics,32,Game Elements,,game sucks if you have to play it alone... waste of time,1705093806,,,155840819
M014,8,8,Game Mechanics,32,Game Elements,BabyJew33,"this game is very fun, even if you beat all the champions you can have an endless amount of fun in the custom game mode with all the weapons and gadgets you get from beating a champion",1643981640,5.0, ,272769
M014,9,8,Game Mechanics,32,Game Elements,7.65611980052664e+16,"mind=blown.

the only negative thing i will say is it took me 13 hours to beat the game. not sure i'd say vr games are worth $60 with only umpteen hours of gameplay. catch it on sale if you can!",1617248770,0.521912395954132,0,530869
M014,10,8,Game Mechanics,32,Game Elements,Nestch,"ok just to start off, i love this game. it’s funny, fun, self away, everything, but i i’ve run out of things to do. once you complete the main levels, this isn’t much you can do. sure you can updraft your weapons, but there isn’t any point after that. if there was a dlc or free play or even co-op, i would give this 5 stars, but right now it just needs more.

this is completely unrelated but there is this glitch in which if you got to weapon select, go into your back weapons, drop one on the floor, go to hip weapons, pick up the big weapon, then put it in your hip placements, which can make it so you have four shotguns. i honestly don’t think this should be fixed, because this game is already easy, and this makes it more fun.",1617074614,4.0, ,86359
M014,11,8,Game Mechanics,32,Game Elements,DigiDuff,"edit: just read a review saying right when it starts getting good, it pulls a to be continued card and part 2 will have to be bought separate. this game seems way too over priced for half a game and really don't like that i'm gonna have to pay the same price to finish, didn't see that mentioned in any of the advertising, so i'mma just refund it and wait till both parts are on sale later down the road. when i saw the dlc add on the main screen, had no clue they ment the ending of the game, that really rubs me the wrong way, dlc should be addition side quests, or a different character during the same time, not the rest of the game. at least title the game ""episode 1 or part 1 or something so people know they ain't getting a full experience. removed a star due to this 

i'm about an hour in, so will update if i feel the need further through. it's alright, nothing too special. really don't like how you can't really interact with random objects, even quest items are ungrabbable until the person talking to you says you can which is pretty immersion breaking. also the dinosaur isn't very spooky, and the animation when you get caught is very short and pretty lame, makes it a lot less scary because there are really no stakes when ya get caught. it just opens it's mouth and then fades after a second.  heart rate hasn't gone up once since turning it on, which stealth games tend to do for me.  also i thought i had read that the game used your mic to alert the enemies when ya make noise in real life, but doesnt seem to do that, i been talking lots of smack to the dinosaur in my hiding spots, and none have noticed. 

also no difficulty setting? seems pretty easy so far, but once again, i'm only an hour deep. another thing that sorta bugs me, is there really hasn't been any lore, outside of what the person on the radio tells ya. would love to find documents, or photos, etc. to really flesh out the game and give the environment a lil more character. there should be all kinds of computers with emails and stuff you can read, even if some are just funny and don't add to the story, games like these sorta need those elements. 

game play is decently smooth tho, and i'm sure many people will get some good jumps outta the game.",1608348214,2.0,"Thanks for taking the time to write a review DigiDuff and we apologise for not being clear that this is the first half of the story. We've taken note of your feedback and added a sentence to the store description that states 'The story continues in 2021'.

We hope to see you back once part 2 launches in 2021 :)",232465
M014,12,8,Game Mechanics,32,Game Elements,McLitt702,i agree with jack. 3d should be on there. best app overall,1457666614,5.0, ,59726
M014,13,8,Game Mechanics,32,Game Elements,ReneQuest2,"wish i could play it on pcvr to but have i to pay again €25  for that.
is that fair...????",1621221814,4.0, ,73515
M014,14,8,Game Mechanics,32,Game Elements,profd78,i dont really understand the hype for this game.  it feels decidedly average and if the store allowed for refunds i think i would take it.  which is in stark contrast to the hype people have been pumping about this.,1482722614,3.0, ,325169
M014,15,8,Game Mechanics,32,Game Elements,derma71,"i love this game sooooo much.   i’m 71 and it gets my heart rate up and running.    yesterday i had a loading problem all day.  it wouldn’t load at all.  i tried uninstalling and reinstalling a few times and nothing helped.   but i’m sure the tech team is working on this.
helppppppppppp",1610076214,5.0,"We're so sorry to hear you've been experiencing these loading issues - I'd like to reassure you that the team are working hard to resolve this as quickly as they can. In the meantime, would you be able to drop us an email at support@fitxr.com so we can help you further and provide a workaround?",172636
M014,16,8,Game Mechanics,32,Game Elements,AbrasiveChris,fantastic fun well made and works really well,1651593840,5.0, ,198611
M014,17,8,Game Mechanics,32,Game Elements,7.65611983322484e+16,"i recommend buying the game, but only if it's on sale and if you don't want to play it for the gameplay aspects but rather for seeing your favourite psychonauts characters up close and experience the story in vr, because that part is really well made... the gamplay aspect on the other hand is rather boring in my opinion... but as i said, the visuals and immersion are amazing",1596878625,0.0,0,704051
M014,18,8,Game Mechanics,32,Game Elements,7.65611980156052e+16,"game is a fun wave shooter with a touch of comedy.
build your gun with variants parts to change it's power / attack speed / bullets and more.
select a different shield to totally change how you play.

it's a cool arcady shooter.",1483107034,0.494791686534882,0,492940
M014,19,8,Game Mechanics,32,Game Elements,"
                                      Grayson                                  ","
                     the hit detection is awful ill duck a jab and she will still get me aeful game do not buy                  ",1562900400,20%,,1353
M014,20,8,Game Mechanics,32,Game Elements,,valve has got to keep on making bangers like these,1720555157,,,169444179
M014,21,8,Game Mechanics,32,Game Elements,jimmybenton1980,"i personally love vrchat it’s all i play on quest and i have a lot of friends and it has helped me express myself more then i can in reality and it’s rlly fun but i’d like to report an issue i have on the app when i got to turn on the physic bones things in versions it doesn’t so the channel button.
 thank you",1650679320,5.0, ,80162
M014,22,8,Game Mechanics,32,Game Elements,Flamekraiken,"update: don't buy it for the pvp, spawncampers have basically destroyed the community. it takes forever to find games with people at times, and it usually ends up being someone who kills you once and spends most of the rest of the match keeping you from getting more than 5 steps out of the spawn. 

original: 

i seriously regret having jumped the gun on my previous review. 

i encountered an apparently very rare bug where the game doesn't save, but this isn't a part of the game. survios support was very fast in responding to my email, and the issue was fixed within a matter of hours of me emailing them. 

this game is a hardcore action game, that feels very fluid. i started out using the teleshift function, but now i play with walking locomotion, smooth turning, and the comfort mode turned off. 

the game is very solid, from the wave defense campaign and cooperative, to the king of the hill style pvp which is reminiscent of overwatch in that the characters are all distinct in how they can be played. 

despite my strong words previously,
raw data is a game worth having. 

rather, if you have vr, and don't have this game, you're wasting time and money.",1505532214,5.0, ,358781
M014,23,8,Game Mechanics,32,Game Elements,7.65611981457599e+16,"good game, physics are cool. really enjoyed it.",1606435600,0.0,0,715175
M014,24,8,Game Mechanics,32,Game Elements,,quite possibly the worst money i have ever spent,1679950509,,,135567774
M014,25,8,Game Mechanics,32,Game Elements,DrewRogers3,"a great mix of simulation and pick up and play.  the story is a bit short but free flight is pretty cool.  honestly the game is worth it alone just to experience flying around in vr.  this is the type of game vr is meant for.  having said that, i'm a huge flight sim buff",1548213814,5.0, ,344750
M015,1,12,Gameplay Complexity,32,Game Elements,JiMFiGGY,it was very cool but short and would like to see more dinosaurs.,1489029814,3.0, ,13759
M015,2,12,Gameplay Complexity,32,Game Elements,7.65611979996075e+16,"i am not sure if i enjoyed this game, or was forever traumatized.
it was overall fun, and it's free for the single player.

a few things i would improve, but it's free, no complaints.
also, remember that the handgun has a flashlight and the shotgun does not. i didn't realize it most of the first playthrough.

",1647277442,0,0,400274
M015,3,12,Gameplay Complexity,32,Game Elements,7.65611980443388e+16,"its pretty good, but the physics, and climbing can get annoying and tiresome.",1585454153,0.51871657371521,0,718480
M015,4,12,Gameplay Complexity,32,Game Elements,7.6561197993671e+16,"best vr game i ever played, wish averyone had the hardware to run it. more people need to play this
",1634591332,0,0,526993
M015,5,12,Gameplay Complexity,32,Game Elements,darthplonkusvr,"looks cool can’t play it though cause i had to send my left controller back for drift problems 
edit: this games really fun unable to count the amount of times a have been scared by a scorpion or a snake",1652371140,5.0,We are glad you could experience the game after getting your controller back :) Thanks for the review!,293747
M015,6,12,Gameplay Complexity,32,Game Elements,jpaparoni,you really feel like you’re there! i was scared multiple times and it’s quite an amazing game. well worth,1581996214,5.0, ,124881
M015,7,12,Gameplay Complexity,32,Game Elements,7.65611983343717e+16,"i love this game, dont get me wrong but its almost been 4 months without an update and there is only so many times you can blow up a convoy before it gets boring.",1540668025,0.522471904754639,0,680831
M015,8,12,Gameplay Complexity,32,Game Elements,chainoflame0711,when i play the game the game keeps blinking and i can’t play,1626060214,3.0, ,82410
M015,9,12,Gameplay Complexity,32,Game Elements,LaDiablo,"there is some stuff to nitpick like reload.


but wow what a experience. must have!",1616297014,5.0, ,211908
M015,10,12,Gameplay Complexity,32,Game Elements,,"i believe this is a must have game for vr. it's the perfect game to relax and play and is a ton of fun with friends. 

10/10 would hit a ball into space again",1658253071,,,119084273
M015,11,12,Gameplay Complexity,32,Game Elements,,this game is shit and a motherfucker and the controllers are motherfuckers and the bugs are motherfuckers and playstation is a motherfucker and oculus is a motherfucker and the tokarev is a motherfucker and the pkm is a motherfucker and the luger is a motherfucker and fuck beso_4 ??,1671912314,,,129197310
M015,12,12,Gameplay Complexity,32,Game Elements,levi1750,the game was absolutely amazing there are some bugs but they should be fixed in the near future and  the views are amazing and i think that there should be a small chance for the public events to mutate to make all the monsters stronger or for the waves don’t have two and spawn all of them at the same time,1643476440,5.0, ,284524
M015,13,12,Gameplay Complexity,32,Game Elements,7.65611980614793e+16,graphics were fine previously now not so much,1596220853,0.519226312637329,0,498820
M015,14,12,Gameplay Complexity,32,Game Elements,7.65611980243404e+16,"finally i can train myself how to get a vasectomy in the shower all by myself caw caw 

thank you tornado studio caw caw",1632104390,0.27981099486351,12,426503
M015,15,12,Gameplay Complexity,32,Game Elements,Muskey365,a little monotonous but still a good shootem up 7/10,1484018614,4.0, ,67361
M015,16,12,Gameplay Complexity,32,Game Elements,,this game be really fire ooh ooh ah ah monkey,1705092643,,,155839731
M015,17,12,Gameplay Complexity,32,Game Elements,7.65611979667438e+16,"built ground-up for vr ""crafting"" really is crafting (in return to minecraft where everything is done via controller and menu) by attaching blocks to each other and creating new things this way.
the graphics are a matter of taste - the default setting with the very high bloom rate is a bit annoying, but you can change that in the settings.
i've played the game with my acer wmr head set and it runs fine on windows mixed reality as far as i can see. even the controllers where changed to represent the original wmr ones - not every developer is so devoted to wmr.
i can recommend this game if you like crafting games - just keep in mind that it's still early access and there is apart from  minecraft-ish building not much to do at the moment of this review. but it's fun enough nevertheless.
[edit]typos...[/edit]",1524385564,0,0,616816
M015,18,12,Gameplay Complexity,32,Game Elements,7.65611981822748e+16,kinda got stuck for hours on some parts and almosted smashed my index out of pure rage but over all cool game i give it a 34 peppermints out of 2 paper straws,1625348809,0.0,0,528797
M015,19,12,Gameplay Complexity,32,Game Elements,Niko7654,"my friends convinced me to buy this game. at the time when i bought it, it was on sale so i was like “alright i’ll try it.” this game is so fun. we all had so much fun with this game and it’s a great workout. by the time i took the headset off i was covered in sweat! this game really gets your heart pumping and that’s a good thing. great game i’m really enjoying it.",1559618614,5.0, ,309311
M015,20,12,Gameplay Complexity,32,Game Elements,brentwilliams251980,i love this game this game is awesome problem solving the way it should be,1584415414,5.0, ,38451
M015,21,12,Gameplay Complexity,32,Game Elements,7.65611981478892e+16,fun to wield a lightsaber (modded in) and just slice an enemy in half like a piece of cake.,1597908403,0.0,0,662393
M015,22,12,Gameplay Complexity,32,Game Elements,cam0722,"although the game started out a little rough, the updates are truly making this a good game. i’m excited to see what the mele weapons bring to the game, especially if i get a katana or two",1601090614,4.0,"Hi cam0722,
Thank you for your review and for esteeming our work – it’s very important for us. 
It’s nice to hear that you liked our game. 
The melee weapons update is the thing we’re now actively working on and this will be our next update. 
Also, by the end of this year (after melee weapons), we’ll release the horde mode update. 
Hopefully, you’ll like it and, maybe, you’ll revise you rating, as we would be very glad to get 5* from you.",129368
M015,23,12,Gameplay Complexity,32,Game Elements,7.65611980245338e+16,"only played this for a short while, but wow, what great graphics - downside is that i i need a bigger play space for all the ducking and weaving.  really liked the combat, and looking forward to more time with this.  i hope you keep adding content.",1514056866,0.0,0,599162
M015,24,12,Gameplay Complexity,32,Game Elements,josejfm,really good but they need more ride only have 1 and they say to go to www.rilix.co.  to get more rides but is in portuguese and they dont give you the option to get or buy more ride they want you to buy the hole system,1478229814,4.0, ,49111
M015,25,12,Gameplay Complexity,32,Game Elements,7.65611980062636e+16,"i love fracked on psvr so much so i leapt at the chance to play on pc and it does not disappoint. amazing gameplay, superb cover mechanic i've never seen before and beautiful visuals. audio is very immersive and gun play feels very clean and intuitive. ignore my 2 hours in game i've played more on playstation and it will grow soon",1652125887,0.522293031215668,0,427704
M016,1,42,VR Elements,32,Game Elements,citizen12,started playing this on the go and now have it for rift.  nice work with the adaptation for touch controllers! love how the only way to keep the music coming is to keep smacking that ball around.  would love to get some new music!,1547695414,5.0,"Thank you citizen12!  
Special thanks for playing on 2 Oculus platforms, you are awesome.  
Currently working on song #8 called 'Tiamat', coming soon!",345107
M016,2,42,VR Elements,32,Game Elements,,"best vr game to date, and such a typical valve game, i loved every second of it (except for those annoying ammo locker puzzles)",1681852788,,,136926608
M016,3,42,VR Elements,32,Game Elements,7.65611980413103e+16,"it's really not worth it $14! get bigscreen it's free and much better, all those environments do not come free! beware!",1538932818,0.447457611560822,1,442633
M016,4,42,VR Elements,32,Game Elements,MintyFries,"there's not much i can say about this game that hasn't already be said, but please do yourself a favor and rapidly punch someone to the ground and then proceed to pummel their face like donnie yen in ip man 1.  yes, you can do that in this game.",1581909814,5.0, ,349386
M016,5,42,VR Elements,32,Game Elements,archeranderson2007,"hey! i'm a new player and i just wanna say that any new oculus users should have this game in their library. there are, however some things that i dislike about the game as well.

1. random app crashes. the app just randomly  closes at the most",1613445814,4.0, ,181650
M016,6,42,VR Elements,32,Game Elements,7.65611990571605e+16,extremely good vr game the stuff u can do in this game is jus straight up amazing.,1616008516,0.0,1,687229
M016,7,42,VR Elements,32,Game Elements,,"recommended for only enthusiasts.

i played this experience first on viveport infinity two years ago. when i saw it was on sale, i bought it for my steam library.

the museum as the main experience is a realistic environment, which has three rooms for historical artifacts of egypt, rome and asia. the photogrametric details of the artifacts are not perfect, some of them are too simplified on geometry, especially the relieves are lacking details of small indents and concavities. but, their textures still seem at high resolutions and they look photorealistic and believable if you don't pay attention very closely. so in general it does its job.

the game has only teleport locomotion and oddly no snap/smooth turning option available. that teleportation mechanics is not even good either but it does its job somehow.

the museum also has three sub experiences as separate maps which you can teleport to. they are just a historical thematic environment to roam. their quality is not as good as the main experience. their graphics actually look quite outdated. yet, i liked the japanese thematic area because it is quite bigger than i expected and i hadn't seen a place like that before. the egypt thematic area is annoyingly small and empty. the asian one has bugs and visual glitches in multiple areas. so those two are lowering overall quality even worse. however, there are not many historical museum expedition experiences on steam and it is not pricy.",1668133320,,,125275848
M016,8,42,VR Elements,32,Game Elements,7.65611980888293e+16,"i do [i]kinda[/i] like this game, its always fun to smash stuff up & [b]very[/b] therapeutic, but the controls can be extremely irritating.
i`m guessing it really needs good tracking to work properly, & my tracking clearly isn`t up to the task. i found that despite holding the triggers in, it often just `lets go` of whatever control i was using, especially the big main joystick for swinging the jib around, and also the other controls to a lesser degree. the main joystick also seems to have a mind of its own, - you push forward, it [i]goes[/i] forward a little, then dives to the right or left.... not good if you are timing a swing. 
because of this, my technique ended up consisting of winding the wrecking ball to the top, aiming the jib, then using the extender to `punch` my way through everything, rather than swinging the ball at it.
its a free game, and it [i]is[/i] fun so i can`t quite bring myself to give it a negative review, but i did find it a little frustrating, because of the tracking errors i saw personally.",1564509116,0.558462798595429,0,747116
M016,9,42,VR Elements,32,Game Elements,DiJai15,the thrill of the fight is a great game i like the sound effects and the graphics,1624764214,5.0, ,253241
M016,10,42,VR Elements,32,Game Elements,7.65611979787626e+16,"a definite ""wait""

until they address the controls issue and a few bugs people are experiencing. i don't feel right playing through with the current implementation, i'd rather hold off and update this review after they have a chance to give everything some post launch polish, assuming they do. 

the aim is alright for hipfiring, but it leaves you with little option other than suffer discomfort if you're used to the standard vr shooting experience. hit detection felt a bit off. upclose enemies are a lot harder to shoot than they should be, and it felt like a few times i had ghost bullets that didn't seem to do anything. 

everything can certainly be fixed, the only issue i had with the game itself was the choice of menu/quest log popping up directly infront of my face and tracking. text on the sides can be a little out of focus and hard to read since you can't turn your head towards it (moves the whole menu).",1512252805,0.520837426185608,0,675009
M016,11,42,VR Elements,32,Game Elements,,game so good that i took a gnome with me on my 4th play-through for an achievement,1689695389,,,142337506
M016,12,42,VR Elements,32,Game Elements,,my game on steam is so lagy i can not good,1715529483,,,165227364
M016,13,42,VR Elements,32,Game Elements,7.65611980353921e+16,"like many vr games, this was neat when it came out but now just feels more like a dated tech demo. it's probably fun for kids and it really has a lot of unique and creative variety when it comes to archery games. don't expect much expect for some fun mini games and lots of hidden easter eggs and minigames to find.

if i could give it a neutral rating i would. get it on sale if you really want to check it out or add it to your collection.",1578363387,0.530685961246491,0,493733
M016,14,42,VR Elements,32,Game Elements,,"ok let me first start by using the obligatory pun...this game is a little ""hit & miss"" oh yes i totally went there!

as a fitness game, you can;t fault it. it gets you sweating that is for damn sure but, and this is a big but, there are so many bugs that it can make this game very frustrating just to get set up. so lets break this down shall we?

[list]
    [*]a hit and a miss - the glove set up is finicky at best. you will spend a good deal of time swinging at targets like a playground bully and not quite making contact. this is a big issue and from what i can see, has been around for sometime!
    [*]too tall for school - i have noticed that sometimes it over or under estimates your height, thus making the targets so low to the ground and the squats, that you would have to be a leprechaun to finish the round without causing yourself an injury. squatting is one thing but my butt practically sits on the ground  :0
    [*]and finally, trying to navigate the speed of some of these tracks would acquaint to oneself being somewhat superhuman. i mean my damn arms cannot throw a punch like bruce lee ffs!
[/list]

anyway, apart from some other bugs, which i can not be bothered to list right now, this game is pretty hardcore. i am losing weight and remembering my sessions the next day (ouch) so if you want an effective workout without going to the gym, give this a try. you might just enjoy it!",1659028825,,,119652874
M016,15,42,VR Elements,32,Game Elements,,"one of, if not, the best vr games on the market.  so many vr games are clones of the same thing, some sort of poorly implemented ¡°arena¡± or stand in the middle and shoot stuff type game.  this however is a story driven, map based exploration game for the vr headset.  i¡¯ve played it through 3 times and i always find something new to do on a play though.  are there things i would change?  sure, there¡¯s always things that can be made better¡­ but that¡¯s what mods are for!  did i mention that mods are not only supported but encouraged by valve?  amazing.  look forward to ""half life gordon"" (or freeman) in the future... hint hint valve.",1670979991,,,128517165
M016,16,42,VR Elements,32,Game Elements,7.6561198041058e+16,full with bugs only works if you install hundreds of mods and thats a pain in the arsre to do but once thats done the game is pretty decent,1561781940,0.0,0,607941
M016,17,42,VR Elements,32,Game Elements,albino_jay,"it is definitely worth the money. this game is so addicting in the first 12 hours of owning it i've played it atleast 7 hours. (only interrupted by charging breaks) this is already one of the favorite games i've ever played in the year of owning a quest. only down side is that there isnt a very big variety per weapon type. and one suggestion is when the game is bigger maybe expand the map and make the lobbies bigger like 40 people per game or so. anyways, buy this game right now so i have more people i can shoot with a cx4.",1604114614,5.0, ,212858
M016,18,42,VR Elements,32,Game Elements,7.6561198059829e+16,"strongly recommended
i got alyx, boneworks, and until you fall all around the same time and i haven't played anything but this since i gave it a serious shot a few weeks ago. please release this on quest it will be a huge hit.

pros: like an 80's fever dream had a baby with the dungeons and dragon's saturday morning cartoon and it's glorious. the music is fantastic and amplifies the excitement and 80's vibe. it's incredibly stylish, smooth, and intuitive although it took me maybe 20 min to get the feel for the slashing/ blocking mechanic. some might not ""get it"" the first five seconds and give up. don't!  this game get only deeper and more addictive the further you get.

cons: the only downside is some odd but obnoxious audio ""popping"" that happens with you had crush your upgrade at the end of each round.  happens more often then not but not every time.  it's livable but it quite loud and immersion breaking.  i also wish snap-turn could be quickly turned on and off in game for people who are taking turns. unwanted snap turn when you instead wanted dash has killed me more than a few times.

",1592115808,0.500768065452576,0,731112
M016,19,42,VR Elements,32,Game Elements,TheAmazingTJ,words can’t explain how good this game is you should try it out for yourself!,1623554614,5.0, ,268643
M016,20,42,VR Elements,32,Game Elements,7.6561198048562e+16,"pretty fun title, and made by one of the people behind og rocket jump. a couple playthroughs is enough for a fill, but still loved it.",1525330921,0.0,0,506039
M016,21,42,VR Elements,32,Game Elements,7.65611980742051e+16,"yes, yes, absolutely yes!
this is a game with a  p e r f e c t recreation of a real dj console (2 players and 1 mixer) and it can guide you to become a pro dj and to know what all ""those buttons and knobs"" do!
i'm gradually learning all the things that i couldn't learn before with a cheap pioneer dj controller because there were price and space limitation, but in vr, there are no limits! everything works just fine and (i think) all the functions of the real thing are there, and they all work as good as the real thing!
i'm really enjoying the game and i hope that the developers continue to give us more and more stuff (especially 4 decks) and that the community grows more and more!",1558890959,0.0,0,736428
M016,22,42,VR Elements,32,Game Elements,,"dead game, honestly. just play pavlov instead.",1673657626,,,130795133
M016,23,42,VR Elements,32,Game Elements,Olletho,but i am sad i can’t save a single player game mid way through.,1622085814,4.0, ,288509
M016,24,42,VR Elements,32,Game Elements,7.65611981005635e+16,"with the right mods and know how, this game is actually pretty fun",1628801054,0.0,0,605325
M016,25,42,VR Elements,32,Game Elements,,"playing on valve index
edit made for 6 hours of play

game play
i only have 2 hours of game play at the time i type this so my review could change later. as of now, i have enjoyed the game despite quests becoming all fetch quests. i have an issue with quests not updating, however reading other reviews it seems you need to have the quest on ""active"" in order to count credit for it. it is a little rough that you do have to be in a specified area for some objectives but it does not ruin the game for me. i find the combat somewhat easy to handle but sometimes my melee hits do not seem to cause damage despite swinging the weapon rather aggressively. i am glad that weapons do not always one shot an enemy. it makes games too easy and boring when you always feel like a god. to me, the game plays more into a realistic combat of not everything drops in one hit. 

graphics and sound
i read a lot of people complain about the graphics and knowing this is not a ""aaa"" title, i am not bothered by it. sure there are things that stand out, but in the end it does not ruin the game play for me. as far as  sound goes, i have killed a few zs while they were running towards me and after they fell the sound animation was still going strong. i thought i was being attacked by another z but nothing was around. not game breaking but keeps me on my toes a lot more often. i usually turn music off or way down so i can not really say anything about the music in the game.

option selections
sitting and standing options are a little odd for me. when i sit, i am tall. when i switch to stand, and yes i am actually standing, my point of view is lower. so unless i stand on a box, or stay in sitting mode, i will have a lower point of view. maybe an option to calibrate our height would be nice when standing mode is selected? i would like to see a crouch feature added for quality of life improvement. 

as of today i would recommend this game if someone asks me about playing it. i will play solo for a little while longer then eventually try out the multiplayer mode. i am hoping to keep this positive review but time will tell down the road.

after 6 hours of play, a few things i personally would like to see changed. 
1. if you buy a backpack, let it increase your carry capacity.
2. if i buy another gun that uses the same ammo as a previous gun, let me use the ammo i bought for the first gun instead of buying more ammo.
3. let me punch a z with my bare hands, or pick up a rock and smack them with it.",1675408414,,,132109339
M017,1,14,Hardware Support,30,Hardware Optimization,,"the only game where i can kill gopros with guns and shit my pants when they see me first.
the only stealth vr game where i actually felt like i needed to be...well...
[b] stealthy... [/b]",1722467867,,,171193109
M017,2,14,Hardware Support,30,Hardware Optimization,7.65611980057355e+16,wow. this was awesome. i dont like vr games but this one made me rethink it. just another great half life game walking by here.,1597875471,0.0,0,540140
M017,3,14,Hardware Support,30,Hardware Optimization,7.65611980943291e+16,"you can kill giant wieners with hot dogs, in vr. i can't ask for anything better.",1562989224,0.0,1,472946
M017,4,14,Hardware Support,30,Hardware Optimization,7.65611980121256e+16,great game.. would love to see them push some updates they made to the quest version to other platforms too,1574000327,0.0,0,485939
M017,5,14,Hardware Support,30,Hardware Optimization,Noti0N,"this game is very well done and engaging.  if you are into puzzles i strongly suggest purchasing this game.  i would have given it 5 stars if it supported mulitple players - my family purchased the expensive quest, but we are unable to share the vr for games like this because if my family plays the shadow point game, it can only be from where the last player progressed.
the lack of game sharing is a major flaw in facebook/oculus software strategy.  as expensive as the quest is, enabling families to share would extend the adoption - most other games on consoles have at least 2 or 3 data save files.
oculus, for games you ought to include the requirement for multiple user data sets.",1568517814,4.0,"Hi Noti0N, you can restart levels by pressing the big red button on the teleport machine. This way you don't have to restart the whole game if someone else wants to play it.",115226
M017,6,14,Hardware Support,30,Hardware Optimization,jman600,this is a really fun game but be careful this games community is horrible it is extremely toxic you cannot go into a server without one toxic person but it's a really good game but if you're looking for a game with less communication with other people but you still want to play a vr shooter pavlov is for you but it's still an app lab game overall 10 /10,1627010614,5.0, ,226555
M017,7,14,Hardware Support,30,Hardware Optimization,Mr. Walker,although there are over 100 reasons to adore and love this game. the thing that melts my heart every time and became the thing i go to when i’m having a bad day. which is that simple moment when you wave at quill and she waves back with so much love and personality. those are literally my favorite 2 seconds of the day!!!,1664100540,5.0, ,73027
M017,8,14,Hardware Support,30,Hardware Optimization,,"this is the game for anyone who loves rts games. nuff said. check other reviews for the reasons that have been said hundreds of times over. only thing that upsets me is that this game is run by one person, meaning the updates are slow. but even without updates, this game is amazing",1682562921,,,137351439
M017,9,14,Hardware Support,30,Hardware Optimization,7.65611981327794e+16,"very fun yes yes makes me sweat it do yes yes, very fun it is, gives headache sometimes yes yes. i reccomend the game gameplay it has.",1603236422,0.0,0,627720
M017,10,14,Hardware Support,30,Hardware Optimization,,"exceptionally poor out of box experience, do not expect to play this game comfortably from a fresh install.

index controllers have extremely poor default steamvr bindings. you cannot play the game properly until you've messed around in steamvr's input binder first. on top of that, there is no in-game setting to configure hmd/controller relative movement, you can only do this using an .ini setting that must be configured outside the game using a text editor.

performance is also very mediocre. you will have to make serious sacrifices in resolution to play at a stable 90 hz refresh rate, else you will have to play with motion smoothing/reprojection always turned on. my poor rtx 3060 ti couldn't handle it until i reduced resolution down to 65% and turned all performance settings all the way down.

this version also neither includes nor supports fallout 4's dlcs. you will need to own the base game and manually copy the dlc files from it if you wish to play them. however, both the automatron and nuka world dlcs have major issues that needs to be addressed manually using mods, or else you will run into crashes and softlocks.

even if you decide to try and mod the game; due to plugin disparity between the base game and the vr version, [url=https://www.reddit.com/r/fo4vr/comments/14d6nbb/psa_be_careful_downloading_mods_updatedreleased/]certain mods released after november 2019 can potentially cause data corruption to your game[/url] and requires careful manual inspection before use or else you run the risk of breaking your save files.",1702145754,,,153230184
M017,11,14,Hardware Support,30,Hardware Optimization,Sajhnair,not updating .. not able to uninstall....such a mess. left behind helpless with not bale to view my personal collections,1557458614,1.0, ,15799
M017,12,14,Hardware Support,30,Hardware Optimization,,"half life 2 vr omg this is half life 2 but in vr.
in half life 2 vr you play half life 2 gordon freeman but in vr????????? this is great news
today we happy, tomorrow we cry because its over
fordon greeman goes out of his way to kill hundreds of slaves because he thinks its fun and now he wants to destroy the government?
i love tax fraud

5/7",1665693969,,,123786599
M017,13,14,Hardware Support,30,Hardware Optimization,7.65611980580853e+16,"how this game is 4th on steam's user ratings is beyond me.  it's 15 minutes of somewhat clever play and then you move on.  not only is it limited as a game, it's one of the weaker graphics games amongst vr.  i have only deleted 3 or so dissapointments and this was the first to go.",1491239229,0.381893455982208,3,457457
M017,14,14,Hardware Support,30,Hardware Optimization,7.65611980522773e+16,"how do you feel about ""the other"" voxel based game? do you enjoy everything being a block? even the trees and animals? no? me either, took away so much from that game... thankfully cyubevr is doing it right! we have round trees, deer with actual shape, procedural wood chopping, and infinite potential! not to say it isn't without it's issues, the dev is actively doing what he can to take care of them. (though he does love his bloom... :p )  a bit bare bones right now, but already more than ""the other"" game had by it's 3rd day (my time of review)

if you enjoyed ""the other game"", you'll love this! being built for vr opens up a lot of doors to feeling truly immersed, but like all good things, will take time to mature.

the dev is also quite adament about making sure he defines a distinct difference between cyubevr and ""other games"", quite excited to find out how!",1517251415,0.562695920467377,0,616846
M017,15,14,Hardware Support,30,Hardware Optimization,Jedi.Spencer,its so flippen good fam! get it now! it even better than number one! and thats saying something!,1662034140,5.0, ,250066
M017,16,14,Hardware Support,30,Hardware Optimization,7.65611979987753e+16,this is that cool sword fighting vr game you see in all the gifs.,1587604267,0,0,664085
M017,17,14,Hardware Support,30,Hardware Optimization,wallstone,"never played myst back in the days but what a game. agree with everyone, you really should be able to take notes. 1 star off for that.",1668453780,4.0,"Thanks for the kind review, wallstone! That note-taking feature is still on its way. Thank you for your patience. 
~C.W.",234550
M017,18,14,Hardware Support,30,Hardware Optimization,7.65611981064101e+16,"very epic game! the only problem is the checkpoint system, please fix.",1576404175,0.0,0,722647
M017,19,14,Hardware Support,30,Hardware Optimization,,"cool shooter with realistic firearm controls for people into guns like me, also a shitton of mod support (including multiplayer)",1653626908,,,116071864
M017,20,14,Hardware Support,30,Hardware Optimization,,this game is full of action. it is real realistic. i wish the climbing was less glitchy,1666137946,,,124049380
M017,21,14,Hardware Support,30,Hardware Optimization,,you can play it on vr but if you want to run it on your pc!  you are going to need mods for it  but if you run it without mods your gorilla wont do anything,1710954237,,,161006887
M017,22,14,Hardware Support,30,Hardware Optimization,7.65611980370731e+16,excellent! what a great way of telling a story in vr!,1471977382,0.0,0,502857
M017,23,14,Hardware Support,30,Hardware Optimization,7.65611980636261e+16,"hard to believe that one guy made this entire game by himself, it's been fun so far!  definitely recommended.",1512960165,0.519999980926514,0,578975
M017,24,14,Hardware Support,30,Hardware Optimization,,"you get to gaslight children.

10/10 - most fun ive ever had in a vr game.",1669683729,,,127477292
M018,1,14,Hardware Support,28,Physics & Hardware,7.65611980004702e+16,"the game vr needed to have. just as half life 2 is to physics; half life: alyx is to vr.

works great on an oculus rift. can wear hats too. 10/10.",1585050770,0,1,559347
M018,2,14,Hardware Support,28,Physics & Hardware,7.65611980620066e+16,"fun, and has literally helped me lose 10 lbs in the last month, which is a lot for someone who never leaves their basement and survives on chinese food and pizza.",1604677339,0.0,0,627309
M018,3,14,Hardware Support,28,Physics & Hardware,7.65611979708531e+16,"really awesome graphics/gameplay even though its really simple. however, there is just one track and that kind of makes me concider refund as there is no real replay value.

still, i need to hear what the developers have to say about future updates before i decide.",1479677414,0.530761182308197,0,564046
M018,4,14,Hardware Support,28,Physics & Hardware,7.65611980042157e+16,this game tops anything i've played in vr yet.,1579862900,0.525862038135529,1,745505
M018,5,14,Hardware Support,28,Physics & Hardware,7.65611991728093e+16,"it  is a good game over all i wish people were more quite on snd but its a 10/10
",1631760426,0.0,0,569881
M018,6,14,Hardware Support,28,Physics & Hardware,7.65611991100886e+16,over all it is really good lots of good guns and maps and many mods i recamend,1653437032,0.0,0,566733
M018,7,14,Hardware Support,28,Physics & Hardware,7.65611981689779e+16,"skyrim is my favourite game of all time.  it's a super immersive rpg like no other imo.  now that we have it in vr, i just can't go back playing this game on flatscreen.  i really wish they would do the same for oblivion.  vr has made my favourite game even greater.  the immersion is incredible.  then you add mods.. whoa!",1654606185,0.0,0,604205
M018,8,14,Hardware Support,28,Physics & Hardware,7.65611982134016e+16,amazing story with solid fun game play and mechanics.,1587510507,0.0,0,545806
M018,9,14,Hardware Support,28,Physics & Hardware,7.65611980449059e+16,it is a great tool to have but i would like to see the option to use uk keyboard layout the us layout is a pain to use,1593695779,0.0,0,374523
M018,10,14,Hardware Support,28,Physics & Hardware,7.65611979858481e+16,"lots of negative reviews that seem to be extreme hyperbole or down right lies. its true the vr port is not the greatest, and i wish it was done as well as other gun games, but it is basically a correct borderlands port.
so lets go over some of the hogwash that people say.

1. ""its unplayable:"" no its not, it plays just fine, get your head out of your ass if you cant play it, that would help.

2. ""index isnt supported!:"" seriously? that brand new hardware that almost no games support isnt supported here? shocking!

3. ""the hands and guns dont line up/ too big!:"" some truth to this, but its minor and ignorable. the iron sight are accurate and the crosshairs are too, its not great but it works.

4. ""i have my vr legs and this makes me sick!:""  ya big baby! no kidding, this ones true but exaggerated. any large, fast moving, open world ported game makes me slightly ill and this one is no different (elder scrolls, fallout, the forest, etc) thats the reality of open world ports, the game wasnt made for vr, deal with it. play for 1-2 hours and take a break.

5. ""blah blah scope blah:"" yeah, the scope system is lazy. it just pops up a mini tv above the gun that is zoomed in. lazy, but it works perfectly fine.

6: ""the controls are not intuitive:"" seems basically the same as any other game. left track pad to move, point and click to tp, right track pad to turn and change guns. trigger is gun trigger (shocking, i know). menu button opens menu. free hand trigger opens boxes. all exactly as expected. not a fan of the melee attack method personally, but reaching behind your back is common vr method. (i with it was just a button trigger).

7. ""50 bucks for this?:""  fair point. i was offended at the price too, but i figure if no one pays for these companies to dip their toes into vr then they are less likely to make more vr stuff and i really want vr to be a full fledge industry instead of mini games/ tech demos that is the majority of the games now. so, ill bend over and pay my dues.

so there ya go, in short, one of the best games around with a full functional mediocre vr support. to the devs: you could have done better, but it doesnt deserve so many negative reviews. edit: played on htc vice",1571841547,0.312303304672241,2,753215
M018,11,14,Hardware Support,28,Physics & Hardware,7.65611983285359e+16,"it's a great game but i wish you could select you height, because i am short so the game thinks i am crouching so that meens i cant run",1630541564,0.0,1,570005
M018,12,14,Hardware Support,28,Physics & Hardware,llamaspit0,"this game is unbelievably good! the story, the gameplay, the world, it’s all so incredible. this game does so well as a part of the walking dead because it has nothing to do with the actual series. because of that, it gets to be its own thing which is what makes this game shine.

my only complaint is that it gets a bit boring after you beat the story, but that’s not a problem now that the trial update is here! 
i recommend this game to anyone who has a vr headset! this game is just to good!",1616729014,5.0, ,242046
M018,13,14,Hardware Support,28,Physics & Hardware,,"to everyone looking at this game who think it is a minecraft vr clone, it really isn't it has its own play-style and was truly built for vr i love this game and cant wait for future updates",1675135601,,,131917878
M018,14,14,Hardware Support,28,Physics & Hardware,ATSgeoff,"i've just spent hours playing this game. don't get me wrong it's actually great fun but i have done the first mission (skid row) 5 times now, the first time i got to the end with someone and we died. the other 3 times i played with someone else and the game crashed me back to the quest dashboard half way through the level, the other time the game crashed him to the dashboard.",1672014780,2.0, ,137194
M018,15,14,Hardware Support,28,Physics & Hardware,7.65611980112046e+16,"this is the best vr game out there. it understands what vr really means. virtual reality. no other game even attempts to make you feel like you are really in their world like this one does. in 20 years, every game will play like boneworks. the sense of presence and physicality it gives cannot be compared to anything else. it is in a league of its own.",1578692740,0.540581941604614,0,720354
M018,16,14,Hardware Support,28,Physics & Hardware,Azz10mo,i haven’t golfed since i was a kid with my uncles. a colleague who loves to golf recommended we get the game so that we can play together now i find myself playing almost every day and working on my shots and improving my ability and working through the skill level this game definitely is worthwhile,1653922800,5.0, ,185217
M018,17,14,Hardware Support,28,Physics & Hardware,7.65611991378054e+16,"just change the controls in settings 5head
if i can manage the game with an acer wmr you can manage it with your real vr rig
theres still some things that are rough by default but honestly it's not that bad after you get your settings done, aside from the fact they blind you in the vault.
they absolutely should have changed that.
luckily, this is a very moddable game, but the lack of an ingame brightness setting is quite painful
i recommend looking up ""fallout4vr tweaker"" by bilago so you can do some tweaks to get the game how you like after playing a little bit of vanilla to know what you want exactly.
i haven't modified my game very much and it seems pretty decent, but my main change was to it's melee combat, because melee is terrible by default, i ended up getting a bruise on my wrist from the nasty snapping motion you need to make to get an attack to 'trigger', its like using a gesture to click the mouse basically, and thats pretty terrible.
for controls i disabled the 'teleporting' optoins, i use smooth movement with 30degrees camera snapping and going pistols so far, and though i'd like to rebuild my character a little maybe, i can't fathom going through the start again.
i recommend if you're going to start modding it to get an alternate start mod.
i'm only playing on the default difficulty 'very easy' currently which is a fair enough setting i think since i'm pretty new to vr but there are massive guides available on making the vr combat more rewarding at higher difficulties 
for regular fallout4 i played with high lethality mods on both sides, but i think being kind to yourself in vr is a good idea, as moving around is a bit of a task in itself
keep this in mind though: i bought this game on sale for like 20cad
the full price? absolutely ridiculous.",1638535491,0.581212460994721,1,599589
M018,18,14,Hardware Support,28,Physics & Hardware,MrMan0715,"when i first got this game i just thought this game would just be about killing robots but this game gave much more than that! it gave good gameplay, a good story, and ok graphics!",1592709814,5.0, ,116657
M018,19,14,Hardware Support,28,Physics & Hardware,,"this game is extremely well made and unique. having to learn the techniques of the different moves makes it the closest thing to a real life sport that i can think of. and because of that it's very satisfying.

i've only just started with the first three moves and even then the knowing when to use the different moves makes pvp very fun. also you will get very tired and have to focus to make sure you're doing the form correctly.

also, the having the menus as all interact-able knobs and switches in the free roam bit is really nicely done as well. 
highly recommend!",1682254511,,,137170530
M018,20,14,Hardware Support,28,Physics & Hardware,,"while fun, this game is just way to janky using the default vive controllers. i am glad i played it, but i can't recommend it to anyone unless it is free or nearly free",1691716253,,,143826010
M018,21,14,Hardware Support,28,Physics & Hardware,Mattyboy87,"super fun game, have yet to play co op online i've been having to much fun on the campaign. totally worth the money highly recommended",1644438960,5.0,"Hey Mattyboy87, thank you for the kind words, we're glad to see you're enjoying the game! If you decide to jump into some Co-op action and are looking for mates to play with, feel free to join our Discord community (discord.gg/xrealgames), or just follow us on Twitter (@ZeroCalReloaded) to catch news about upcoming updates. /// Cheers, Dan",282071
M018,22,14,Hardware Support,28,Physics & Hardware,,this game sucks because i can¡¯t play it and the devs suck at helping people so very bad game,1712119665,,,162087075
M018,23,14,Hardware Support,28,Physics & Hardware,,great vr experience if you are a batman fan. the game is kinda short and i had issues with connecting my oculas quest 2 controllers. i ended up having to use virtual desktop to play the game. i would recommend to buy this game when its on sale and if you are using a quest you will have to look up a method to get the controllers to work.,1680897166,,,136294066
M018,24,14,Hardware Support,28,Physics & Hardware,jrk4osu,i enjoy the game a lot felt good to do it,1650322980,5.0, ,187431
M019,1,14,Hardware Support,31,Compatibility Issues,SULLEY__,the game is amazing you’ll never get bored but sometimes after you have it for a while the game feels repetitive with the same weapons the same place your fighting so that why i think the devs should add a mod menu that connects to nexus mods so you can just add the mods as the see them a lot like they do in battle talent and mod.io i know that your not battle talent but i feel like the game would be 1000/10 if you added a mod menu,1644663000,4.0, ,102339
M019,2,14,Hardware Support,31,Compatibility Issues,AndrewCim,"it is a pretty basic idea, but executed really well. it is realistic, and makes on think and prep before going into a fight.

as suggestion i have for the devs is to add push-to-talk, and currently the only option is to has a mic always on.",1617765814,5.0, ,227066
M019,3,14,Hardware Support,31,Compatibility Issues,7.65611979979437e+16,"brilliant game, very immersive and gives you one hell of a sweat but your to into it to notice. 10/10 all the way love it",1550288823,0,0,644106
M019,4,14,Hardware Support,31,Compatibility Issues,BiteRAWR,better watch from your pc or tv. this app looks abandon. even the resolution is low.,1642152900,2.0, ,143252
M019,5,14,Hardware Support,31,Compatibility Issues,Beastmode826,"i like the game but there’s just some minor issues in multiplayer it’s just a head and arms and the second the grabbing mechanics are not good third i want some long range wepons  such as a gun or a bow
overal the games good",1609039414,4.0, ,152288
M019,6,14,Hardware Support,31,Compatibility Issues,splash_God_ROGER,this is a very fun gaming as a brand new oculus user and to see people give it such a bad review is super shocking!,1614482614,5.0, ,84291
M019,7,14,Hardware Support,31,Compatibility Issues,Arennell,"played game less than 2 hours, 1 hour and 41 minutes, timed it, didn't like the no campaign experience, requested a refund, and didn't get it.",1641363900,2.0, ,105833
M019,8,14,Hardware Support,31,Compatibility Issues,7.65611990633378e+16,"dont get me wrong, its an absolute blast of a game and totally worth the money but for people using oculus link and a quest 1 or 2, its impossible to open the menu to acces the full game after the tutorial because the menu button is tied to the oculus button. gret game for non link users tho 10/10",1622691095,0.523809552192688,1,488832
M019,9,14,Hardware Support,31,Compatibility Issues,Azazel08,now please get us more content. dlc or cursed sanctum 2. either way i would pay for more!,1503545014,4.0, ,25666
M019,10,14,Hardware Support,31,Compatibility Issues,,"the full experience of the game is in this review you don't need to buy it:
[i]vroom[/i]
beep beep beep
[i]panik[/i]
[i]beeping intensifies[/i]
[i]more panik[/i]
[i]disables g-limiter and pulls approximatly 47.92gs[/i]
[i]wings rip off[/i]
[i]missile hits[/i]
boom
[i]dies[/i]",1661555683,,,121290716
M019,11,14,Hardware Support,31,Compatibility Issues,7.65611979992785e+16,"[played on quest 2 wirelessly via virtual desktop]

this game...  wow, it's an absolute masterpiece.  valve perfectly managed to make a wonderful half life world in vr.  the atmosphere and gameplay feel exactly like half life 2, but all of the small details that make it feel wonderful in vr.

the weapons feel responsive and smooth.  the movement feels just right (i used locomotion rather than teleportation).  the enemies behave the way they should.  the puzzles are thought-provoking without being frustrating.  and, something i haven't even touched yet, the game can be kept alive with steam workshop, which is supported!

if you have the hardware to play this, you can't skip this game.",1606673731,0,0,535600
M019,12,14,Hardware Support,31,Compatibility Issues,Shronkona,i have been playing this for a while now and can indeed confirm that it is very fun. it takes battle royale to a whole new level.,1613013814,5.0, ,211005
M019,13,14,Hardware Support,31,Compatibility Issues,LionFire951,awesome game but where the hand straps because once or twice i threw my controller i love the game,1612668214,5.0, ,153458
M019,14,14,Hardware Support,31,Compatibility Issues,7.65611980615731e+16,"new patch fixed the problem.

after finally being able to play the game now, i have to say that the game looks absolutely beautiful. 
even when i bumped up all graphics to the absolute max, including 2.0x supersampling (seriously, set it to 2.0x if your system can handle it, the graphical improvement is extremely noticeable!), the game runs buttery smooth on my 980ti. sure it maxed the card out (80-100% usage) but it never stuttered once.

some complain that this game is a seated vr experience with a controller. i actually like this. don't get me wrong, touch and roomscale is amazing, but some times you just want to sit down and have a relaxing vr play session without having to walk around and wave your arms.

the game looks stunning and runs great. as for the lenght, we will see.
so far, i am happy that crytek was able to resolve the issue.
",1487008546,0.673390865325928,0,587890
M019,15,14,Hardware Support,31,Compatibility Issues,7.65611981032661e+16,"prepare the bucket, for the first time...",1606329786,0.0,0,715496
M019,16,14,Hardware Support,31,Compatibility Issues,7.65611983011798e+16,"this is the best vr game on the market. it's user-friendly, impossible to become motion sick, extraordinarily immersive and the art/sound design is impeccable. worth buying a vr headset for alone and possibly my favourite game ever made.",1590595260,0.0,0,543448
M019,17,14,Hardware Support,31,Compatibility Issues,7.65611981133565e+16,"i did not even bother to try 1.8 after watching the massive downgrade. i bought a pcvr game, not a smartphone quest game.
downpour gave us the option to roll back to 1.7 
here is my experience for 18 minutes -
the game kept kicking me back to the menu, id join a public match, wait for their round to finish, kicked to menu, join back, they start it, i load it, play for 15 seconds, kicked to menu. i tried 12 god damn times to join back, but i kept getting kicked. made my own public match, kicked once someone joined. i went into single player and got kicked to menu. thanks downpour, its either i am forced to play a quest game, or i cant play at all.
hope the quest kids sales were worth it downpour.",1597193333,0.502738416194916,0,498530
M019,18,14,Hardware Support,31,Compatibility Issues,7.65611991035735e+16,"this game is awful, go play blade and sorcery for gods sake",1635926117,0.397067785263062,1,415463
M019,19,14,Hardware Support,31,Compatibility Issues,7.65611979986137e+16,"while this game is a lot of fun in solo mode, with a ton of replayability, it really shines in co-op with a friend.  be a knight, a wizard or a rogue wielding a vast array of weapons.  make smart decisions on what you bring with you based on chosing a short dungeon or a long.

it's easiest to describe this game as a vr rogue-light dungeon crawler.  it's all about repetition of dungeons to improve your gear and your character, and the rpg elements in the game so far add enough variety to keep you coming back, letting your character feel like it's 'yours'.

where most vr games currently struggle to top 3-4 hours of playability, this one has the potential to keep you immersed for far longer than that.  it's a must have for an vr enthusiast!",1513879453,0,0,578967
M019,20,14,Hardware Support,31,Compatibility Issues,Alun D,"just started season 3 and had to reset my guardian twice as the new update has introduced a weird bug.  whenever i stand near the edge of a walkway or near a small wall, i start to either float up a few feet, or get bounced backwards.
this is very disconcerting as you start to lose balance as the floor drifts away!
wasn’t an issue in season 2, so whatever s3 update did, it added this bug.

just a suggestion also.. you need to add a way of earning health boosts throughout the game.. maybe as a bonus for hitting a number of distance headshots, either way, there’s not enough to get through a whole game.",1619061814,4.0, ,175440
M019,21,14,Hardware Support,31,Compatibility Issues,7.65611990842955e+16,pretty fun lol get mods though for sandbox,1610425064,0.0,0,714051
M019,22,14,Hardware Support,31,Compatibility Issues,7.65611980358768e+16,"i played the demo, loved it and have been waiting for the official release for ages.

this is without a doubt, the most ingenious and thrilling vr game i have ever played.  it makes use of your play space in such a way that it feels like you are literally walking around a huge temple.  honestly, words can't do this justice, you need to just play it.  make sure you have a decent size play space though, as you're going to need it, there's no teleporting or whatnot, you just walk, side-step, walk backwards etc, no other movement than your own.

if you love vr, you need this in your life.

edit: now i've completed the game i still only have high praise for it, the ending is pretty intense and took a bunch of goes to get the hang of but was a pleasing end to the game.",1634321089,0.54773873090744,0,593516
M019,23,14,Hardware Support,31,Compatibility Issues,nerd67,my two sons 7&13 and i love this game. very easy to play for the 7yr but has complexity for older players. we have been in to 3d printing mini but never use them. this game has given them a urge to make there own story with them.amazing!,1663385940,5.0, ,287644
M019,24,14,Hardware Support,31,Compatibility Issues,oliver.harbour.5,this is a great game and is by far the game i play most on vr the recent update has fixed alot of bugs which is very good as some were game breaking. i haven't encountered any bugs yet fayer the update the only thing i would want is an addition to the game such as claymores and possibly thermal goggles,1624073014,5.0, ,226650
M020,1,38,Target Tracking,7,Object Tracking,kiwisoup,"kudos for actually including a vr environment and not just being a straight android port, but watching a movie in a virtual living room in my real living room isn't that exciting.

also i've heard that it only plays a max 480p resolution which i believe because it's by far the blurriest video quality i've seen in any of the major apps. 

also the inferior oculus go had a social viewing feature but the oculus quest version doesn't? how does that make sense?

add some more environments, the ability to resize the screen, and streaming at at least 1080p and we'll talk.",1592364214,2.0, ,143540
M020,2,38,Target Tracking,7,Object Tracking,QDOGG29,"this game is awesome! the amount of creativity in pc avatars is amazing, quest users have trouble staying in the game though, crasher avatars andquest crashers are annoying, pcvr is most recommended for this game! i absolutely love this game and would 100% recommend to my friends!",1643911080,5.0, ,360287
M020,3,38,Target Tracking,7,Object Tracking,charlie555,"this game is really fun and i enjoy boxing, but there’s only one problem: the walking maneuver is very strange.  and sometimes i cant walk at all.",1594783414,4.0, ,180627
M020,4,38,Target Tracking,7,Object Tracking,7.65611979697686e+16,"edit: previously negative review. the developer kindly replied to the below and let me know that comfort vignette would be added next update. thanks! i will be purchasing the game again when that update comes out.

if you are thinking about buying this game, do it! it's good. my review is just a personal one/for people with weak vr stomachs:

please add comfort vignette during smooth movement. the game is good, but the teleportation isn't really all that viable for gameplay. would prefer to have the option for a vignette when moving as it helps out weak stomached people like me.",1646248619,0.523809552192688,0,384716
M020,5,38,Target Tracking,7,Object Tracking,,"quantaar is a free to play vr hero brawler game.  it worked on my index and htc vive  system, looked ok, sounded ok, played ok.  
has monetization for cosmetics.   not sure if the multiplayer social world works, might be limited to paying accounts.  

cons: not sure if the devs internet connection is stable or the server is connected, been getting an error message saying check your internet connection.

maybe try this free game, if you like hero brawler games.",1687299875,,,140411871
M020,6,38,Target Tracking,7,Object Tracking,rchrdcrg,"i never played pool nations, but for what this is now, i absolutely love it. it feels like an actual hangout, especially when people are online. a couple suggestions -- would love to have the ability to summon a remote from the menu; also, bowling would be amazing, but if full-size bowling is out of the question, what about shuffleboard bowling? shuffleboard is already there, and bowling on it is a lot of fun but a pain in the neck to set up in real life, so virtual shuffle bowling would be super fun!!",1513221814,5.0, ,325886
M020,7,38,Target Tracking,7,Object Tracking,7.65611984097475e+16,"this game so far makes me want to kill myself but i keep finding myself wanting to play it more and while i was thinking that i realized if a game makes it where i want to kill myself and makes me want to play more it must be doing something right i rarely ever find myself wanting to come back to games that make me feel like its games like this i find enjoying, better,and so different than other games and so far i give this game a 10/10",1642832723,0.0,0,363357
M020,8,38,Target Tracking,7,Object Tracking,7.65611981180476e+16,"the best vr game i've played in a long while.
its attention to detail is super immersive, and the gameplay is so addictive that it makes you want to keep playing and 100% the game.
if you liked games along the lines of job simulator or rick & morty vr, this will be absolutely perfect for you.",1555205215,0.523809552192688,0,694848
M020,9,38,Target Tracking,7,Object Tracking,PaladinUzuke,"this game is for fanboys. the combat is boring. the story is simple, and pretty dull. it took me 45 minutes to get through the content that's there, not including the dojo, which i barely touched because the ""combat"" in this game isn't fun in any way. poor. design. finally, i kept getting stuck outside of walls and floors/roofs. as a result, i had to reload the game multiple times.",1583119414,1.0, ,343113
M020,10,38,Target Tracking,7,Object Tracking,7.65611979783157e+16,"swing your arms from side to side
come on, it's time to go!
do the mario!
take one step, and then again
let's do the mario, all together now!
you got it!
it's the mario!

crashes at every load for me.",1601410483,0.518831610679627,0,379581
M020,11,38,Target Tracking,7,Object Tracking,7.65611979703397e+16,"i am really enjoying this game, that's what vr is meant for.",1460685631,0,0,431893
M020,12,38,Target Tracking,7,Object Tracking,qorival,it really is a masterpiece.  i’ve never played a scarier game.  i can only play it for about 15 minutes before i stop because i’m too scared.  it’s amazing how there is such a large variety to the selection of games to play in it.  and all the hidden secrets and easter eggs are just incredible.,1644704820,5.0, ,259589
M020,13,38,Target Tracking,7,Object Tracking,7.65611980937817e+16,a touching personal story. well told with small interactions.,1606390396,0.0,0,392008
M020,14,38,Target Tracking,7,Object Tracking,7.65611981213987e+16,"doctor who adventure in vr! the puzzles aren't so complicated, so you can get on with the story - voice acted by the doctor herself! it's fun and short enough to play through in one go.
https://youtu.be/0zzg-ncyisw",1578085899,0.568965494632721,1,376539
M020,15,38,Target Tracking,7,Object Tracking,TheSmokeBreak,"the latest update shows a development team doing the right things to expand what was once an arcade quarterback simulator, into an experience that is all about adding depth in the game play. the new camera options may feel subtle, but to turn your body to catch and keep momentum, adds a flow that the face cam could not provide. 

defenders jumping is another one of those changes. may seem subtle, but it continues to expand the once simple formula into a deeper experience.",1646977740,5.0,"Hey TheSmokeBreak, thanks for the kind word! We’re eager to see what people think of the new additions :)",217554
M020,16,38,Target Tracking,7,Object Tracking,Nasty75,this game sucks and i couldn’t get a refund.,1597289014,1.0, ,79840
M020,17,38,Target Tracking,7,Object Tracking,Weezy_124,this is a mix a awesome and cool and it's crazy how it's a fnaf game and there is lore in this so this is a 10/10 for me,1646344080,5.0, ,259794
M020,18,38,Target Tracking,7,Object Tracking,Topunome,i now feel i’ve wasted the last year and a half playing onward.,1645075140,5.0, ,194518
M020,19,38,Target Tracking,7,Object Tracking,7.65611980177004e+16,"though some of the controls are a bit tough to get used to, the game itself is super fun. i only played through the initial campaign, but i plan on revisiting this title for the other modes in the very near future. good stuff.",1625286009,0.0,0,433510
M020,20,38,Target Tracking,7,Object Tracking,,"half-life: alyx is like strapping a vr headset on your brain and diving headfirst into a combine-infested rabbit hole. ???

first off, let¡¯s talk about alyx vance. she¡¯s not your typical mit grad¡ªmore like a scrappy survivor with dirt under her fingernails. and those hands? they¡¯re not ghostly apparitions; they¡¯re real, tangible, and ready to grab life by the strider leg. ??

the game? a 15-hour rollercoaster ride through city 17¡¯s grimy streets, alien nests, and high-tech combine facilities. combat? check. puzzle-solving? double-check. hacking puzzles that mess with your brain in three dimensions? triple-check. and don¡¯t get me started on disarming tripwire mines¡ªit¡¯s like playing operation, but with actual consequences. ??

the sound design? otherworldly. the striders? gigantic. the story? a mix of adrenaline and nostalgia. and the ending? well, let¡¯s just say it¡¯s like valve whispered, ¡°see you in the next episode.¡± ??

half-life: alyx isn¡¯t just a game; it¡¯s a vr masterpiece. so grab your gravity gloves, channel your inner alyx, and save the world. again. ??",1720264004,,,169135948
M020,21,38,Target Tracking,7,Object Tracking,,"this is peak vr sword hacky slashy stuff. on one hand, it's not quite as technical and simulatorish as blade and sorcery can be. but it's also much less jank. it just works better and provides an overall smoother experience. both great games in their own right.

the reason i'm posting this is modding integration. it's all in-game, and is very easy to use. i'm having a blast trying out different weapons.",1697470933,,,148340453
M020,22,38,Target Tracking,7,Object Tracking,jacob-looze,was pretty good quality and gun noises are realistic and zombies pretty accurate to what you expect.,1612409014,5.0, ,144910
M020,23,38,Target Tracking,7,Object Tracking,,"[h1]experienced on the meta quest 2[/h1]

you can view my review & gameplay here: https://youtu.be/iroddjiduoq

i did experience almost everything this app had to offer in about an hour. keep in mind though, to use it properly, you will just need to vibe and you can get lost in this experience for hours as long as you have the time. so it's really an endless experience and you will notice many different things as you do. there are a number of settings for changing up the experiences, even if they are minor changes.

what sets this app / game apart from many other relaxation / meditation apps is the artistic vision of the developer. quite frankly, marc zimmerman makes very unique experiences for vr. you don't have to be into meditation or mindfulness in order to enjoy his artistic vision made for vr. there are currently 6 total experiences and they're all good. my favorite one is flowing depths. that one is like you're heading towards these alien type holes that change colors. the animations, particle effects, sounds, all come together to make it truly unique. many have tried to make similar experiences, but this developer is at the forefront for vr.

game / app is running on the unreal engine. on my rtx 3080, i was getting steady 90 fps. i did not experience any serious issues or bugs, but i do think there may be an issue with the humming / mic sounds not always registering (maybe). there are so many settings that i couldn't possibly cover them all. however, you can tailor the experience to your desire, but i strongly suggest using 6k instead of the default 4k (you need hevc extension). 

[b]rate 8/10.[/b]

[quote]please note: i received a free steam key through the steam curator connect program. you can join my steam curator group, oculus rift reviews, here: https://steamcommunity.com/groups/oculus_wmr [/quote]",1688279906,,,141109287
M020,24,38,Target Tracking,7,Object Tracking,7.65611982669553e+16,"a great, modern take on the genre. the manual loading of guns is an amazing touch.",1635994054,0.0,0,610854
M021,1,25,Motion Design,12,Interaction Mechanics,7.65611979725283e+16,"as of now. i wouldn’t recommend this game until they work out the kinks. as of recently, i have been having two annoying problems: 1. single player levels don’t load past 90%. 2. very long load times. all i can play is the shooting range i’ve tried everything. deleting and reinstalling. adjusting virtual memory options. i’m thinking it has to do with an update, but i’m not sure. if things change i will adjust this review accordingly. for now, i don’t recommend this game.

update: i managed to fix it.  after looking online through various posts, i couldn't find the solution to my problem.  apparently, steam vr super sampling was the cause for the game not fully loading.  played it a few times now.  it's a fun game to play.  it's like contractors but with a little more umpf to it. would recommend this to a friend.",1595542900,0.483870983123779,0,499015
M021,2,25,Motion Design,12,Interaction Mechanics,,"the developer continues to support the game and add new weapons

the best gun simulator game, i wish we had [u] hands [/u]",1700626458,,,150834412
M021,3,25,Motion Design,12,Interaction Mechanics,7.65611990773682e+16,the hype was real and it met my expectations.,1643322300,0.0,0,407699
M021,4,25,Motion Design,12,Interaction Mechanics,Hayley,"game is amazing, replayability is great. can't wait for more features !",1621394614,5.0, ,288533
M021,5,25,Motion Design,12,Interaction Mechanics,FlatFaceAce,"this game offers better gun interaction and mechanics than any other vr shooter although there are still improvements to be made. the gun sound variety and quality could be better (for example all the sounds of the ak-47 and some pistols and shotguns sound a bit clunky and cartoonish). one realistic aspect is missing from the game, where the action is left pulled back after a magazine is fully emptied out (in some assault rifles this aspect is present but it is missing from every pistol in the game). also some modern lmgs would also be a nice addition to the arsenal (for example the m249 and the negev). otherwise the game is great and i've had a lot of fun playing it and i can't wait to see what the developers have in store for it next.",1582860214,3.0, ,163355
M021,6,25,Motion Design,12,Interaction Mechanics,mikeoxloong,"i absolutely love this game. this game helped to sell me on the quest. as someone who just wanted to have some good fun shooting up zombies this fills the void for me.

-gun mechanics feel good 
-graphics are alright
-needs host migration to prevent progress loss when host leaves
-needs content 

for me, the fun to be had with this game exceeds the price quite a bit",1651018320,4.0, ,136413
M021,7,25,Motion Design,12,Interaction Mechanics,7.65611979952478e+16,to crush your enemies see them driven before you and to hear the lamentations of their women.,1584067927,0,0,664643
M021,8,25,Motion Design,12,Interaction Mechanics,,"a fun little vr arcade game. the graphics are pretty ugly, and it really has a 2016 vr game vibe about it, but the gameplay is good. 6/10.",1713802918,,,163388969
M021,9,25,Motion Design,12,Interaction Mechanics,Joryan_ink,"my honest review i would give it a 4.8 out of 5 stars

the game and the story is really good, the narrator and challenges it has really makes you think of what to do next as well. 

the only downfall i have on the game, it became to short, the story not the entire game.
the story is straightforward, but with ieytd2 out yeah it’s understandable. the game wants you back to 100% the side objectives, but the missions are quick once you get the hold of them.

for my first spy puzzle vr game to play. i enjoyed the heck out of it though. can’t wait to play ietyd2",1666815720,5.0, ,92839
M021,10,25,Motion Design,12,Interaction Mechanics,Eddkylar47,i’m a fan of re4 remember playing it first on my ps2 then on pc and ps4 and i have to say playing in first person is like a brand new experience. love it so much.,1670439480,5.0, ,223936
M021,11,25,Motion Design,12,Interaction Mechanics,BobTagab,"i had quite a bit of fun playing this when everything worked smoothly. i like the style and design even though it's not what would really be good for a serious flight sim, which this really isn't. i do wish it had a bit larger of a plane choice however. that being said, for all the fun that it is, it's set back by bugs at almost every step of the way that either kill the game or force me to restart. the two biggest ones that i've had so far is the failure to load the mission if i hit the laptop as i'm putting the helmet on, and the sudden loss of the ability to grip in game objects with a touch controller. minus those, the game would be great for what it is, a fun and casual flight game.",1487906614,3.0, ,354682
M021,12,25,Motion Design,12,Interaction Mechanics,Fade_grim,"first off i wanna say that i love this game and own it on all platforms but i really thought it would be crossbuy and i hated that i had to spend 20 more dollars just to get it

pros: i gotta say that this has good gore and blood effects, the texture quality is just good enough for me to play without throwing up.

cons: very buggy and laggy due to the physics but if you could push out optimization updates then pls do, mods are not supported for now.

thanks for pushing this to the quest and i really appreciate the devs that put their games on the quest!",1668727320,3.0, ,106316
M021,13,25,Motion Design,12,Interaction Mechanics,virtualyt,i played the first one and enjoyed it but the reason this is a 4 star instead of a 5 is because it was too short i am buying the third on friday so i hope it is longer as i am a huge star wars fan,1574825014,4.0, ,154323
M021,14,25,Motion Design,12,Interaction Mechanics,alienbot22,crashes the oculus gets stuck in a avatar flash mode likely to give you seizures and a big cat comes out of the blue and keeps flashing …. garbage … would delete asap,1625369014,1.0, ,82458
M021,15,25,Motion Design,12,Interaction Mechanics,7.65611981073445e+16,i played for 10 minutes and almost shat myself,1630127906,0.695530712604523,9,403944
M021,16,25,Motion Design,12,Interaction Mechanics,,"this is not worth 30 dollars, especially for a game that is as confusing as it gets, buggier than ever with random items teleporting and glitching to re-spawn, plus the neighbor's ai can break if you shoot him with the slingshot too much and starts teleporting randomly. (with one time he was stuck in a bookshelf and couldn't chase then decided to teleport randomly to fix the ai i would assume). this is more likely going to be one of the lower selling games under this brand/ip for the lack of content there is for 30 dollars.

this is probably one of the most frustrating hello neighbor titles i've played in a long time.",1685722295,,,139430240
M021,17,25,Motion Design,12,Interaction Mechanics,KIWIS,"this game is amazing, being able to draw your own plays and seeing it actually work on the field feels great.

the atmosphere feels really cool for all of the maps, the big fields with massive grandstands with all of your fans cheering you on feels so cool, i also love the big screen over the field showing you your plays.

i like how you can play as a receiver once you catch the ball and i also like how it is an option to play as the receiver.

catching is a little off sometimes, especially trying to get it way down field, but once you do make that pass and have the receiver run onto the ball feels amazing.

a few thing that i would like to see would be:

•being able to play as the receiver as soon as the ball is snapped and running the route

•improving the running; trying to make a running play is super hard as you can’t tell blockers to push the defence a certain way so you are open, running it through the middle doesn’t work at all and trying to run around the outside is also extremely hard as the blockers push the defence towards you.

•maybe being able to play defence? i realise that implementing that could probably be hard and also know that this game is supposed to be an arcade game.

•multiplayer. i also understand that this could also be pretty hard to implement.

•and maybe a sprint button with some type of juking mechanic.

overall this game is so much fun, i have already put many hours into this game and i only just got it a few days ago.

definitely get this game, worth it.",1643967780,5.0,"Hey Taine06!
Thanks for the kind review and the suggestions!  We actually have a fully manual receiver mode coming next week which should scratch that WR itch (er . . . well not THAT kind of itch, but you get the idea!).  Running is also getting a substantial upgrade, with increased player speed and the addition of spin moves to the stiff arm to help you get some additional yardage. Anyway, look for those updates to hit soon!  Take care!",217928
M021,18,25,Motion Design,12,Interaction Mechanics,LakeTree,"this game could be fun to someone who is new to vr shooters, but for person like me, who has played many vr shooters in the past, this game just felt empty. i probably felt that way because its still quite a new game and there is not to much stuff to do. the game fetures about 7 or 8 levels where you will fight your way through enemy bots to get stolen documents, or data in the form of tablets. i there are also a healthy amount of gun varyants and atachments. this would all be great for the game, and it is, but the problem is the lack of content. i past through the entire story mode in about a day and a half. after you beat the story mode you have 3 options that i could make out. one, go back and play the story mode but on a different difficulty setting. two, play through the story mode with a for person team of other players. or three, just get a bunch of guns and got practice your aim on the shooting rang. they are making a pvp game mode bun untill then, i would not recomend the game untill further content is made. if you are a person who loves vr shooters and are thinking of purchasing this game, i would recomend you go play a game like: 
- onward or pavlov (for good multyplayer experiance) 
- hot dogs horse shoose and handgranades. (for single player shooting)
i hope this review helpes any futcher buyers.",1606706614,2.0, ,346274
M021,19,25,Motion Design,12,Interaction Mechanics,8_Buddah_8,i've been stuck like ten feet above the table for about a month now and when i do what the dev tells me to do i end up below the floor. he then tells me to join discord or somewhere he can talk further....uh how about through the email i sent? why are the table tennis settings so complicated anyways?,1598844214,1.0,"I asked to join the discord so that I can help you better. It is so hard to help through email because of the delay between back and forth correspondence. Literally any chat would do. Your public oculus chat seems to be disabled. 

We also get a lot of emails, so I don't even know which one is yours. (many people have lately complained about table setup, and I've told them to follow the tutorial, and that works for virtually everyone). 

We are not perfect, but in order to help people, we need to be able to chat with them. Perhaps there is a detail in your circumstance that is not average that we had missed. We can't just say ""tell me every single thing you possibly know"". 

So please either email again if you really want and we can try to assist you through email, however slowly that ends up. Or join literally any chat platform for us to chat with you. 

---via discord chat: https://tiny.cc/vr11 (i'm carrotstien there)
---via facebook chat: www.facebook.com/ElevenVR

---want to use something else..no problem, just let me know what.

-- i've looked through the recent emails we received, and I don't see one where the customer has had the last email and it's unresolved. Are you talking about an email a very long time ago? If you don't want to chat for whatever reason, at least reply to the chain. 
If you look through the reviews, any mention of the 'dev', is always positive. So, sorry if there was some misunderstanding, but I always try to help the user as much as I can, so ""dev is really not helpful"" is more likely ""i didn't let the dev help me"" ... so let me help you please. + (i've also just sent you an oculus friend request, so we can chat there if you'd like once you see it)",359377
M021,20,25,Motion Design,12,Interaction Mechanics,risadork,i love the swordplay and slowly but surely fell in love with it.,1591586614,5.0,"Thanks a mil, we spent a lot of time building and rebuilding the combat, so it means a lot!",257164
M021,21,25,Motion Design,12,Interaction Mechanics,Cbasnine,very nice game but they have to fixed the image quality then i will pay for the full game,1502508214,3.0, ,10424
M021,22,25,Motion Design,12,Interaction Mechanics,Karaste3,i don't know why there are so many bad reviews. i feel that moh its a great game in vr. especially now with the smooth turn i feel inside the action. im loving it. the physics are great graphics are very good and the whole experience is impressive. a must for me.,1608348214,5.0, ,351240
M021,23,25,Motion Design,12,Interaction Mechanics,Cakeygamess,"only grievance is that you have to play teams of 3, the wing suit is awesome there are no fortnite kids abusing the building mechanic and the guns are fun to use and satisfying to reload.",1604287414,5.0, ,212234
M021,24,25,Motion Design,12,Interaction Mechanics,7.65611979815598e+16,"nvidia conference tech demo vs release
i had to opportunity to experience this tech demo at the nvidia conference earlier this year, if my memory serves me right the differences in the release version are sleeping in tent, night sky view, voice narratives, video's, and god mode, so if you ask me is it worth the $25, based on what i saw for free i would say not.. there's a lot more i thought they would have added to this like the many skeleton markers, maybe even a few avalanches, snowstorms or even allow a person to explore looking up at the mountains from the valleys, verse looking down from the sky at everything thing from a single point of view. seeing that this isn't early access, additions will probably be paid dlc, so i see this as way overpriced for what you get. if this was 360 videos shot while climbing everest it would be worth more than $25+, but this is indeed maybe a $10 experience.

note to dev: 

god mode would be much better if you could actually read the text on each point.

bumbed because this is one of the experiences i was looking forward..",1470186740,0.56692910194397,0,443470
M022,1,2,Comfort Issues,5,Cybersickness,,"near finished with the campaign, this is another one of those absolutely awesome, crafted with passion, exceedingly well polished vr titles on the level of vertigo 1-2. every moment is absolutely a joy, and i like that for alot of the puzzles and exploration, theres no hand holding. nothing overly difficult here, but theres a few moments where taking chances really pays off. a few where failure opens your eyes to new options, and running it back to solve the problem is extremely rewarding. the game is very good to start and by the time you meet...adam..it becomes great. definitely dive in and enjoy this one. vr needs the support, and you won't regret it.",1699857596,,,150048668
M022,2,2,Comfort Issues,5,Cybersickness,,"so far this game has been nothing else than fun. i recommend it if you are a fan of mmo/fantasy/adventure type games. the glide mechanic, the combat, the skills, the bosses, the various people you meet and team up with. i enjoy everything so far and it most likely will stay that way. this game is exactly what i've been itching to play for a long time.",1658275157,,,119103564
M022,3,2,Comfort Issues,5,Cybersickness,WirelessEagle06,"dear vrchat developers, 

really? this was what i waited for a year’s worth (longer actually)? i just got my headset like two days ago, and the game is not worth my $600. there’s barely anything! i got to say, from a big fan of vr, this was the one place that seemed spectacular, yet it’s terrible and i can’t even meet up with the true people. my mic is not even working, neither is anyone’s, and black cubes are there. here’s some advice, actually make the game like we’ve all hoped for, if not, the fans, me, and everyone you wanted to help, would just be bored and unsatisfied. (even rec room is more interesting than this! fix the game, and make sure you give the full experience, and yes, i know you’re reading this, so listen up! help the fans, or you’ll just be dealing with a lot of rants ) p.s: too late",1594265014,1.0, ,83475
M022,4,2,Comfort Issues,5,Cybersickness,dharrington60168,"it’s a super fun game. i’m not sure if it’s b/c it is a beta version, but 50% of the time, the game crashes my entire oculus when trying to transition back to the lobby after a match. sometimes i stay in the arena while everything is black. other times it crashes on transition. all other aspects of the game work just fine, but the way it crashes and screws up my oculus is concerning

update from the top that was posted a month ago: i have to downgrade my rating to 1 star. none of my issues have been fixed and it is incredibly difficult to enjoy the game. i can’t even get through one game without it crashing after a match. i just want to enjoy it like my friends do who have no issues. why is that so much to ask? its so frustrating i want to throw my oculus.",1591932214,1.0,"Hey there, sorry to hear your Oculus is crashing. If you fill out our quick form at readyatdawn.com/support or join the #quest_bugs support channel in the community Echo Games Discord, our team would be happy to help you with the issue you're having. Additionally, our team is working on resolving major bugs (like crashing or the black screen bug) for the official launch of the game.",149264
M022,5,2,Comfort Issues,5,Cybersickness,david.n.parker.3,the meat of this game is the dojo. duh the story is just an experience,1571801014,4.0, ,154833
M022,6,2,Comfort Issues,5,Cybersickness,7.65611981597739e+16,"i havent been able to play it yet, because it keeps messing up my height, im practically stuck in the floor. so, i havent been able to play.",1623597823,0.0,0,695379
M022,7,2,Comfort Issues,5,Cybersickness,i.bischi,"the simulation is very enjoyable, and i'm convinced that over time it will only get better (more golf courses, various pin positions, etc). the only problem i have are the very short putts. it often happens that in such putts, even though they are ""perfect"", the ball goes left or right in a completely unnatural way, with an incorrect angle of 20 or 30 degrees.
p.s. after latest update problem solved.",1650869280,5.0,"Hi, i.bischi,

Thank you for your rating and your comments. We are glad everything goes fine now. 

Please, feel free to let us know your suggestions to improve the game through the Golf 5 mobile app or at users@aaagamestudios.com.

Best,
Golf 5 eClub Team",300304
M022,8,2,Comfort Issues,5,Cybersickness,cluttered,"using drops on the ipad and got this to add to it, looks great so far, very enjoyable and the vr novelty will hopefully help my retention.",1532489014,4.0, ,40676
M022,9,2,Comfort Issues,5,Cybersickness,Dalcohs,for me the first puzzle was hard because i way over thought it. lol. it has been great so far and am over an hour in.,1586057014,5.0, ,70638
M022,10,2,Comfort Issues,5,Cybersickness,7.65611980464777e+16,best vr title i've played in the year that i've had my vive. get an infinite ammo crystal and prepare to dumpster all of your foes,1569397091,0.0,0,574281
M022,11,2,Comfort Issues,5,Cybersickness,BroMan12,"this game is one of the best things i've seen since be times

for one, i always get bored in every vr game i played (except saints and sinners) and this game.....just.....wow it's graphics are funky but the physics are just awsome for one, i love the way they don't have limits on how you clime, and i love how the gliding mechanics work just spread your arms and fly like a eagle",1608866614,5.0, ,212524
M022,12,2,Comfort Issues,5,Cybersickness,,"contractor$ community was built off of teams of players. teams ranging from 10-40 players per team, with over 30 major teams over the years. using private lobby's to host practices, tournaments and special events. unfortunately showdown only has 3 player squads, and joins matches at random. no server list, no private lobby's, 3 player team cap. we all have all these teammates we can never see, no ally events, no tournaments possible. it just feels like a small erie single-player game and its really sad, 
not to even mention how half the game does not work. a hand full of buttons appear on screen but have no function. they've shrank the map and shortened the storm timers, increased storm strength and very compact experience. no server list so you just join at random, which requires a timer, then takes you to a pre lobby that takes another timer, then takes a plane loading timer, then takes time to fly in and the storm is already there waiting for the plane. it gives you a sense of hurry up and wait so that you can hurry up and wait so that you can play at random for a few moments so that you can hurry up and wait, alone.

i really hope they do something to bring back the community aspect of this game, even if the game does not have working hit detection and still has the most lag servers in the market, the community made it fun. i wish they would listen to the actual players who have spent years in this game, vs the ones who only play discord.",1715480972,,,165185508
M022,13,2,Comfort Issues,5,Cybersickness,7.65611981461045e+16,we're playing beat saber boom boom psh psh,1609958453,0.0,0,625793
M022,14,2,Comfort Issues,5,Cybersickness,7.65611982530926e+16,"now i can make both arms stronger when i'm alone!
9/10",1621060801,0.0,0,622626
M022,15,2,Comfort Issues,5,Cybersickness,7.65611982825536e+16,"very great game, just bring the gnome on your next play through though.",1585202468,0.0,0,555438
M022,16,2,Comfort Issues,5,Cybersickness,abletonfield,hours of fun.  much better than expected.  must buy for vr,1481513014,5.0, ,52481
M022,17,2,Comfort Issues,5,Cybersickness,Chicken_Little,"this is definitely one of the best games on the quest. the graphics were better than it seems, and the game is just genuinely fun. the only thing that i’d like, is some more levels. over all, buy it.",1588476214,5.0, ,86895
M022,18,2,Comfort Issues,5,Cybersickness,7.65611979639188e+16,"this is probably the most polished narrative game you can find, with great vr mechanics. great story and visual imagery, but plays a little short. i was left longing for more, and hope the devs will continue and make followup episodes.

my wife was skeptical of the game, seeing how much i paid for it given the amount of content, but after having played it herself, she was impressed, and felt it was one of the most polished experiences she's had.

tl;dr: buy this if you want to see what a polished vr game would look like and support the developers who make them, and you have a little bit of money to burn. you won't regret it, but you won't necessarily love the price.",1462786319,0.525677621364594,0,429816
M022,19,2,Comfort Issues,5,Cybersickness,,"this is one of my favorite combate vr games i've ever played. there really isn't any point in combate where it feels like it's getting old, weather its impealing a wraith/ghost monster, or slicing a goblin's head clean off. be warned, tho, the game gets difficult, but that makes the feeling of finally beating a boss all the more satisfying. i also have to bring up the variety of weapons in the game. when you start the game, you only get some basic weapons, but as you progress you get your hands on better and better weapons. i won't lie, some of the swords you get at the start do feel similar without many noticable differnces, but once you are past that, it won't even matter. becuase other than those few swords at the start, all of the melee weapons feel destinct, including the normal, non-magical ones. and when you throw in the magic weapons into the pool of items you can play with, then you can truely see why this game shines with it's weapon variety. you get wands that shoot ice swords (which you can then pick up and use), shotguns which can blast through most enemies & make them drop their armor and weapons where they stood loony toons style, swords that have guns attached to them which let you stab and then blast away enemies, and soo so much more. i also like the way the game balences the magic weapons, too. the shotgun, for instense, is very powerful and can one-shot a lot of enemies. to prevent you from just using it over and over again, the game makes its more powerful weapons use mp, and the main way to recover mp is by hitting enemies with melee weapons. the game isn't without flaws, tho. i personally don't mind it, but there is a durability system in the game and i know that is something that may turn people away. weapons can recover fairly quickly by holstering them at your side or back, and the game will let you know if a weapon's durability is low by making it glow red so there's no fear of loosing your really good weapons. if anything, it just encourages you to switch up your playstyle every now and then, which isn't a problem since there are so many fun weapons. but if you have your heart set on using one specific weapon, don't worry, like i said it recovers quickly and you'll be back to using it in no time. there is also a stun mechanic when you parry attacks. while the game teaches you about how to do this with strong ""red eye"" attacks, and the enemy will look stunned, you can also do this with normal enemies and their normal attacks. i mention this as a negative because the game never really comunicates that it stuns them, only that you can block attacks. and unlike the red eye attacks, enemies who are parried with normal attacks will just stand there, which makes it feel like there is a problem with the ai since the game never really comunicates that it's intentional. finally, there is the elephent in the room of the latest update. while it did add some cool stuff, they unfortunetly removed the dungeons from the campeign and made it a new mode. i like the mode, and i think the idea of a merchent is cool, but i do wish they kept the already exsisting dungeons in as well, there doesn't seem to be a resaon to remove them. but i'm confident that the devs will listen to the players and add them back into the adventure mode",1698360878,,,148942993
M022,20,2,Comfort Issues,5,Cybersickness,,"one of the best vr games i've ever played, even better than blade and sorcery. i cant unlock acheivments for some reason though.",1719500746,,,168330693
M022,21,2,Comfort Issues,5,Cybersickness,7.65611990630608e+16,"damn. this game is absolutely amazing with its physics and combat. going from climbing up a tower to jumping off and assassinating an enemy. i think the biggest part of this game is the slow-mo. if this didn't exist i don't think i would play this game this much. and with the new dungeons update coming, i can't wait for the many updates to come.",1647197491,0.51871657371521,0,653220
M022,22,2,Comfort Issues,5,Cybersickness,costcolemur,i love this game it’s fun and gets me moving but the only thing i don’t like about it is the unnecessary intros before every game. i understand when they do it at the time you first use it but it’s every time and it gets annoying.,1578626614,4.0, ,307516
M022,23,2,Comfort Issues,5,Cybersickness,7.65611980980151e+16,"very buggy game. on several occasions, actions that were supposed to happen did not trigger. reviewed with a walkthrough later to confirm.",1606255480,0.0,0,745719
M022,24,2,Comfort Issues,5,Cybersickness,KitaCat,buy it!!!! i am having withdrawals since i beat the game! 😅  i legit need some dlc asap!,1615865014,5.0, ,233280
M023,1,29,Physical Reactions,5,Cybersickness,,this mod is more polished than many native vr games out there.,1684620862,,,138645221
M023,2,29,Physical Reactions,5,Cybersickness,,finished it really quickly. not much to do when you have completed it.,1664745427,,,123249980
M023,3,29,Physical Reactions,5,Cybersickness,7.65611988654044e+16,"this game is very good when you first get it, yes i know i have not played it a lot but i already finished the ""main memory's"" so it's gotten very boring ever since then. but overall it's a very creative fun game!",1601390653,0.0,0,694625
M023,4,29,Physical Reactions,5,Cybersickness,,body mind water   life   great game engaging all parts?!!!,1666997383,,,124553808
M023,5,29,Physical Reactions,5,Cybersickness,7.65611981656706e+16,"i didn't have a good experience
the environment is not as immersive as i expected, low poly, low texture ,the foliage anti-alliasing is motion sick inducing.
i already expect some motion sickness because this is a roller coaster, but the tracks you ride flicks majority of the time specially on steep corners, it was really bad for my stomach.
i didn't experience these flick to the free rollercoaster vr in quest 2 so i assume it was the level design problem",1622264136,0.517045438289642,0,374918
M023,6,29,Physical Reactions,5,Cybersickness,7.65611981464825e+16,greatest game ever also basically team fortress 3,1622652814,0.476190477609634,0,529356
M023,7,29,Physical Reactions,5,Cybersickness,7.65611979800019e+16,"what a world valve has created! all mechanics are refined and just seem to work.
playing on the index and the experience an immersion is phenomenal!
cannot wait to play through and experience the rest of the story.
thanks valve!!",1584995361,0,0,562497
M023,8,29,Physical Reactions,5,Cybersickness,7.65611980587401e+16,"not gonna lie, this game is pretty damn good on the index controllers, really feels natural, controlling time and feeling like a badass are what make this game good, bought during a steam sale btw, this is a must-play if you have index controllers...",1562462979,0.0,0,614180
M023,9,29,Physical Reactions,5,Cybersickness,7.65611980522064e+16,"need to play the game a bit more but 1st impressions are good,",1481919955,0.414274394512177,0,514771
M023,10,29,Physical Reactions,5,Cybersickness,7.65611980671265e+16,"definitely still in development, there are a lot of bugs and glitches, but this is to be expected in a physics based game in early development. very fun to play and i can see great potential in the future.",1575836077,0.452674865722656,0,665715
M023,11,29,Physical Reactions,5,Cybersickness,synge,"game will not start, after googling about it for an hour, no dice.  stay well away from this game.  wont even open.  i wish id heeded the warnings thinking my rig could handle it - dont make my mistake!",1523244214,1.0, ,359995
M023,12,29,Physical Reactions,5,Cybersickness,7.65611980840091e+16,its a good game but i hate that you have to find stuff for sandbox edit needs mod support and multiplayer and more weapons,1594851014,0.0,0,716785
M023,13,29,Physical Reactions,5,Cybersickness,7.65611980460841e+16,ok. finally some justification for that index purchase :),1589403664,0.53608250617981,0,544255
M023,14,29,Physical Reactions,5,Cybersickness,fishhunt,since the update to 1.7.7 back to normal graphics.,1596338614,4.0, ,321611
M023,15,29,Physical Reactions,5,Cybersickness,RedHotTabasco,"all in all great fun playing, hiding behind walls to shoot at the bad guys.
i hope more scenarios will be implemented soon.",1568863414,4.0, ,135570
M023,16,29,Physical Reactions,5,Cybersickness,Goods808,"40 year old mom of two boys. i grew up with brothers and now my own boys- i’m definitely a gamer… but don’t love all the shoot-em-up games. this was perfect. beautiful, intriguing, hard- but not impossible. i desperately hope they come out with more!!!",1651373820,5.0, ,130314
M023,17,29,Physical Reactions,5,Cybersickness,,lots of things to do. its pretty much gmod in vr. get nadeball and some old cod zombies maps from the workshop and you'll have a pretty good time.,1673830359,,,130941373
M023,18,29,Physical Reactions,5,Cybersickness,,"no matter what anyone says about invisible zombies or weird bugs, this game (along with the first saints and sinners) is one of the best vr experiences money can buy. the plot is great, the graphics are unique, the voice acting is excellent and the weapon handling feels awesome.
overall, i rate it a zombie decapitation/10",1680559689,,,136048731
M023,19,29,Physical Reactions,5,Cybersickness,7.65611979892829e+16,"amazing. whoever made this put a lot of work into it! i'm utterly speechless! the graphics were incredible! i can't believe how realistic it was, it looked like i was actually there!",1507095458,0.348263204097748,18,481182
M023,20,29,Physical Reactions,5,Cybersickness,7.65611979635387e+16,this is perhaps the most engaging experience on the vive.  this and the lab are by far the two must downloads you have to add to your library for steamvr.  worth the experience 100x over!,1464746552,0,0,457882
M023,21,29,Physical Reactions,5,Cybersickness,7.65611979767581e+16,"while not perfect, there is a lot of fun to be had. worth having in your vr library.",1645223957,0,0,404463
M023,22,29,Physical Reactions,5,Cybersickness,gsmith1718,"if this title were down around $25 it would get 3 stars but there are too many issues.  the pacing is horrible, you move around and explore and knock off a few z's then suddenly they are everywhere - that shows a lack of imagination.  reloads are clunky and weapon aim is consistently off (you need to be able to adjust the cant of the gun in your hand).   graphics are ok but z's will get stuck half in and half out of things and you can get stuck between two objects.  doors will sometimes open and sometimes not.  sometimes a z can take an entire magazines full in the face at short range and not appear to have been hit which shows a lack of relatative positional awareness in the software.  perhaps it's just a bad port of the game but for $40 i expected a hell of a lot more than this.",1607484214,2.0, ,144867
M023,23,29,Physical Reactions,5,Cybersickness,,"i like guns, guns go shooty shooty, i shooty shooty the wieners, me like shooty.",1689996529,,,142561714
M023,24,29,Physical Reactions,5,Cybersickness,Pyrowho,"i’ve only gotten 5 matches in so far i’m looking to unlock more of the game.  but so far it’s so sick! after two back to back fighters i’m sweating my a@s off the play space is adequate and the fighters are pretty balanced.  
nice job, maybe add some music to get you hype before matches",1577935414,5.0, ,255395
M024,1,27,Network connect,18,Streaming and Mapping,7.65611982179543e+16,"nice game.. zombies animation looks funny, but overall it is a cool game to play with family and friends, it has unique game mechanics for vr",1472311223,0.522468626499176,0,458873
M024,2,27,Network connect,18,Streaming and Mapping,7.6561197983537e+16,"surv1v3 is an interesting and enjoyable game. at time of writing i have almost 40 hours in it and there will likely be another 40 before i put it away but, despite the positive review i'm giving it, i do want to temper expectations. unfortunately, this is another vr game recommendation because vr is young and the number of enjoyable games is limited. if this was a standard game, it wouldn’t be getting a thumbs up in its current state.

that being said, it was/is still a good bit of fun and, if you like co-op games, this is the best i've run across so far!

the good:
- the game is a blast to play with friends. 2 people is great, 3 people gives you a lot of flexibility and 4 player is an optional, though currently experimental, setting.
- the atmosphere is quite nice. sometimes spooky, sometimes open, sometimes claustrophobic.
- gunplay is enjoyable once you get used to it.
- story is fun and the devs got a lot of good use out of the couple maps the game currently has.
- progression/advancement is interesting through the use of pickupable instructional books.
- fair bit of variety throughout the game.
- co-op gameplay is really satisfying.
- a functional, mostly ui-free game that pulls the style off quite well.

the bad:
- if you aren’t a gun person, the game mechanics can feel esoteric. the game doesn't give you a whole lot of information on its systems so you just kinda have to go with some trial and error (or ask your gun friend).
- melee physics aren’t great. technically functional but very hit or miss.
- you have to watch the candymaker and unreal logo every time you go back to the main menu and, since you can't change a lot of the options while in game, you'll probably end up returning to the main menu quite a bit (one time on game startup is quite enough please!).
- suboptimal network performance in multiplayer; often have teammates that will crash to the main menu at seemingly random points.
- random gameplay bugs like the broken hand bug, sticky item bug, floating ammunition bug, etc. not game breaking but consistently around to break immersion
- throwing items is awful. you simply can't throw a bomb or explosive canister with the current system.
- enemy type is limited to 5 varieties with some having a couple slight alterations for variation that are all defeated in the same way (bullet to the face). there are a couple 'boss' zombies too but they account for less than 1% of the total gameplay.
- physics can get really weird; stretched limbs and zombie heads poking through walls or closed doors.

the other:
- game is not balanced for when you add more players; additional people just makes the game categorically easier.
- difficulty options change very little of the game. wish there was more options for tweaking the gameplay.
- using a laser sight eliminates a lot of the gunplay and challenge.
- some of the progression through the book pickups dont make sense such as being able to use a gun if it's already loaded with explosive ammo even if you haven't picked up its associated book but, if you eject the mag to check your ammo count, you can't put the mag back in the gun(?).
- far too many resources with no time pressure. i found it fairly common to be loaded to the teeth with two pistols and a full belt of explosive rounds, two (or sometimes three) primary weapons, a pair of melee weapons and enough health kits to go for days. the lack of any time pressure means you can spend as much time as you like scavenging for resources to make sure the game is a walk in the park.
- weaponry doesn't carry over between levels in story mode so you end up starting from scratch on each level. oddly, your loadout is saved on survival mode.
- story level's length is super variable, could be anything from 20 minutes to 2 hours and it's hard to know what you're signing up for.
- if any teammate dies before you open a safe house, the story mission restarts. just weird that your starting room isn’t considered a 'safe house' for this purpose.
- player ik is a bit wonky. you would think humanoid ik would be a solve problem in this day and age but surv1v3's kinematics aren't great and causes a lot of bent and broken arms and flailing body parts at times. not really a problem for me but it was worth noting in a review as it is a bit immersion breaking to have gumby arms one minute and pretzel limbs the next.


i do very much hope the developers continue making content. i would totally buy another dlc campaign and i hope to see improvements for the existing systems. the current survival mode is neat but lacks an engaging drive to play since it's really just bouncing between a couple houses to collect respawning resources while endlessly shooting zombies. the random missions are a nice carrot but they just give you more of the same resources you could already find in the world. would be fun to have noted boss targets, wave spawns, resource collections, escort quests, etc, littered throughout the map for players to work toward and gain additional rewards for.

in the end, the game is very worth the $25 in my opinion and, if candymakers continues improving from here, it will only get better :)
",1626827867,0,0,692677
M024,3,27,Network connect,18,Streaming and Mapping,,"in my opinion worth the 20$, the game gives you an amazing workout if u play for more than 1 hour, just as much or more replayability as beat saber, the skill gap is really high so u actually have to get good and u are monke and u jump around like monke",1672205996,,,129491437
M024,4,27,Network connect,18,Streaming and Mapping,Kota343,"the game overall is one of the funnest games i’ve ever played but the track with it can be tricky. with the two handed weapons, the weight is almost too much to where i have to swing like my actual life depended on it. the game seems to think i’m 6’1 but in reality i’m about half a foot shorter than that.",1643208660,4.0, ,104161
M024,5,27,Network connect,18,Streaming and Mapping,hillj,i think it was the best game i ever played,1580181814,5.0,Hi! First and foremost we sincerely couldn't apologise more for the late response to your kind feedback. There isn't much of an excuse from us and we only hope you can forgive us. Your feedback is extremely touching and very humbling. :) We're ever so happy you get so much out of it! Thanks again for playing and we hope you continued to have fun shortly after you left us this comment. :),156253
M024,6,27,Network connect,18,Streaming and Mapping,7.65611979842919e+16,"i'll keep this brief. while it's neat to have a real mmo in vr, something i've been waiting for since the original .hack//sign, they made all the worst decisions in terms of the game itself.

sure it's ugly but that's to be expected at this point and can be forgiven. what can't be forgiven are the game mechanics. instead of focusing on making a fun mmo for vr they focused on recreating the same experience of the once popular cookie-cutter mmo's of the past. boring fetch quests, areas of mindless mobs you grind, completely boring slow combat, etc. the problem is all it's parts are completely generic and worse than any mmo you've played before, it's only saving trait is vr. admittedly some of the things are cool in vr, like the potion and lure crafting, but i find this is the exception. 

you'll see the one common praise for this game is the social aspect. there are other games with a better social aspect for free without the dated mmo mechanics bogging it down. this game didn't offer any unique social interactions other than being forced to talk to other players if you wanted to learn more. npc's will actually say this instead of giving you more information.

while some of the game is cool ultimately all the negatives far out way the positives. with the large price tag it's even more reason to avoid this title unless you were an mmoholic 10 years ago. this is the quality i'd expect from the first f2p vr mmo not the first premium game. if you removed vr no one would want to play it because it's simply a subpar and generic mmo and adding vr doesn't add enough to the appeal to make it worth playing. it's not that i hate it or it's the worst game ever i'm just very disappointed by it being so bland and unappealing when it's a genre i'm perhaps the most excited for.

sorry i didn't end up keeping it brief, i suppose my disappointment is greater than i thought. i at least have to give them props for doing a free weekend so i didn't have to refund it.",1524954829,0.476190477609634,0,696386
M024,7,27,Network connect,18,Streaming and Mapping,7.65611980562256e+16,"pretty much the original surgeon simulator just more fun and better controls.  it would be nice to see the trump and tf2 surgery added. btw you gotta use the little nose hair clippers (forgot what their called) for the teeth levels. 

8/10",1547026809,0.541984736919403,0,513568
M024,8,27,Network connect,18,Streaming and Mapping,,"this game is basically like battlefield in vr. it's more toward arcade than simulator and vehicle physics are a bit over the top but that's part of what makes this game so much fun. the gunplay is good and levelling up provides progression to unlock more guns/attachments/equipment for your class. 

it runs perfectly smooth at max detail and very high res (on my 2080ti) 100% recommend buying this must have title. it's all i have played since i bought it.",1657588875,,,118670050
M024,9,27,Network connect,18,Streaming and Mapping,7.65611979742062e+16,"okay, believe it or not this game is weirdly fun.

yes i know it looks dumb. i expected to play it for about 30 seconds and shut it off.

but the interactions with the beach balls are tactile and satisfying, and i enjoyed spawning dozens of them & smashing them with my wooden arms. there's also a simple minigame where you can bounce them through targets for points. like i said, weirdly fun.

i initially gave this a thumbs-down but after seeing the new features i'm recommending it.",1460073581,0.563514232635498,0,478104
M024,10,27,Network connect,18,Streaming and Mapping,7.6561198024801e+16,fantastic. stayed up way too late just pretending like i was creating the universe. get this,1492714215,0.45273631811142,0,576002
M024,11,27,Network connect,18,Streaming and Mapping,7.65611980731698e+16,"definitely a little rough around the edges, but def brings back a lot of good tp memories!",1576222929,0.656321823596954,0,378987
M024,12,27,Network connect,18,Streaming and Mapping,7.6561198025266e+16,"for those who don't have a vr headset, this game worth every cent of the 1k$ you'll pay.",1585677214,0.523809552192688,0,550494
M024,13,27,Network connect,18,Streaming and Mapping,shawnathomas,"this app used to work well with video apps such as vudu and netflix.  however after an update several weeks ago, the video is just a black screen with sound. i've read several other recent reviews from people having the same issue.  however, the responses to those reviews are all generic ""sorry you're having trouble - send us an email...""  i've sent emails asking for assistance but have received no response.  i'm sure this review will get the same generic copied response.  i've also contacted samsung by phone and live chat - including having a representative remotely sign in to my phone to observe the problem.  unfortunately they were not able to help, and often didn't really even understand what the phonecast app is in the first place.  if you are having this problem, i'm sorry to say there seems to be no help or assistance available.

2/10/18
and right on time, there's the copied generic response i said i would get (see below).  as i explained above, i have already attempted to contact the email address more than once and have still received no response at all.",1518319414,1.0,Hi shawnathomas! We apologize you are experiencing an issue with Samsung PhoneCast VR. We are working on the best solution to fix this issue but it takes longer than we expected due to the complexity of the issue. We are sincerely sorry about this delay and hope to update you soon.,27750
M024,14,27,Network connect,18,Streaming and Mapping,7.65611981508834e+16,"absolutly amazing, and a great warm up to the new movie!",1512947409,0.0,0,695130
M024,15,27,Network connect,18,Streaming and Mapping,7.65611980139006e+16,"honestly, this game has been incredible so far. the one drawback i can find is that it is quite demanding, hardware wise.",1606383050,0.0,0,536954
M024,16,27,Network connect,18,Streaming and Mapping,Wenge_Xu,"boxing has been my favorite mode for a while and i use it as my cardio workout for more than 2 months now. hiit has some issue with looking left and right, these frequent rotational movement could easily cause sickness, but luckily i can choose the mode my own.",1668683700,5.0,"Hey Wenge!

Thank you so much for taking the time to leave a review here, and we really appreciate the constructive feedback 😄

Improving in-app direction and education is absolutely something we're wanting to do in the near future, and I think having a brief rundown on the effects of VR exercise would be really beneficial when you're first introduced to FitXR!",170271
M024,17,27,Network connect,18,Streaming and Mapping,Kellyharvanek,i love this game it is a awesome fishing game so i will give it 5 ⭐️.,1624245814,5.0,Thank you for the 5 ⭐️s! We will keep improving our game and bringing you new updates so that we don't disappoint you! Thank you!,215800
M024,18,27,Network connect,18,Streaming and Mapping,7.65611979830992e+16,"so glad i finally have tracked motion controllers to be able to play this. :d
definitely wish i had a bigger space to play in.",1489252653,0,0,465185
M024,19,27,Network connect,18,Streaming and Mapping,7.65611980043884e+16,"this game allows you to enjoy all of your favorite songs while smashing glowing orbs flying at your face. if that doesn't sound awesome, i don't know what is. it is easily one of my favorite games for vr, and is my most regularly played games since i got the vive. 

unless you hate music, get this game!",1466396883,0.0,0,448769
M024,20,27,Network connect,18,Streaming and Mapping,,its an awsome game and its even better with friends.,1677424563,,,133672543
M024,21,27,Network connect,18,Streaming and Mapping,7.65611979841063e+16,"the game is mostly good, but the checkpoints are so bad. seriously, during a fight with an eyeball tar monster, the game decided it would be a great idea to create a checkpoint above an instant-kill tar pool.
if this game either had better checkpoints or manual saves, i would totally recommend it. too bad the checkpoints bring down an otherwise decent game.",1603428318,0.47879746556282,2,396861
M024,22,27,Network connect,18,Streaming and Mapping,Light_Switch___,"this game is well made and has great mechanics but for some reason it’s gets extremely boring after playing for about 10-20 minutes. maybe there should be a free roam or something to make the game more interesting. but i know that multiplayer was probably made for that purpose but to me and my other friends it was executed poorly . to conclude this review i will say that it is a good game with good controllers and visuals but i feel like if they added a free roam just to chill out and fly around then that would make this game more fun , but i would recommend this if you’re playing into dog fights (airplane fights).",1660101660,3.0, ,296448
M024,23,27,Network connect,18,Streaming and Mapping,7.6561198027975e+16,"this game was a good bit of quick fun!

really doesn't take that much to complete the game, feels like more of a nice tutorial vive game to get you used to some of the mechanics of using vr, but it was cheap so theres no complaints!

really enjoyed the humour of the game (was there a voice actor from rick and morty?) and it was a neat experience! wishing that the game was a bit longer, or had alternative endings",1510185651,0.0,0,511636
M024,24,27,Network connect,18,Streaming and Mapping,,"after clocking in more than 900 hours combined in this game, i can honestly say this game is awesome! big respect to the game developer phaserlock. despite low numbers of online player base this game is one of the kind. since the game was released back in may 2019 it had a lot of changes. too bad that i started playing this game just in 2020 and missed all the championship actions. the game had two seasons in vrml (virtual reality master league) and one in wcg (world cyber games) formats. hopefully one day this will happen again!   
 i am a true fan of strategy games. my old-time favourite was sudden strike, a real time tactic game on pc. final assault is a vr mini version of it. you can enjoy playing single player or go for campaign skirmish or story mode. don¡¯t get me wrong but it is a long learning curve before you master this game. the best way is to start from campaigns and single player modes by gradually passing to the special force¡¯s difficulty. but to me nothing can be compared to the multiplayer mode where you can test your strategy and skill level with the top players. due to game logic running on the client¡¯s (i.e., the game doesn¡¯t run on a server, it just passes data through the server) rarely but sometimes game crashes during the multiplayer. if this issue doesn¡¯t bother you much you can still enjoy playing a private match with friends in order to reduce the waiting time in multiplayer queue. but if you have a competitive spirit and want to put your name on the leader board (https://www.finalassaultvr.com/leaderboards), prepare yourself for the journey. so, for the true strategy game lovers final assault is a must have vr game. and it¡¯s only 8.19 on steam. 
see you all on the battlefield!",1653070839,,,115746213
M025,1,27,Network connect,15,Server Management,7.65611979847892e+16,"uhhhhhhhh i think i gave a female skull an orgasm....so there's that...


but in all seriousness, this is a cool, entertaining, funny little experience. about a half hour of playtime, but for free, definitely worth trying",1491813120,0.527559041976929,0,511890
M025,2,27,Network connect,15,Server Management,,"despite that i've only played a short amount of this game, i must say it's absolutely stunning.
the first time i got out of the crashed ship, i had that wow feeling. i'm eager to play more for sure.

the movement of the game feels great, especially the swimming physics, and the gameplay is engaging :)

be sure to check this game out of you can, it's one of the more refined and polished vr games on the market for sure",1675011537,,,131816022
M025,3,27,Network connect,15,Server Management,7.65611980277547e+16,"just wow. runs beautifully on the gtx 970 with the og vive and didn't even notice a difference when i upgraded to the rtx 2070. it makes you realize how optimization can do wonders for a game. the mechanics seems so flawless and the environments are so juicy with details. the opening scene standing on the balcony overlooking the city, jaw-dropping. although i loved boneworks, there is no comparison. the mechanics are soooo frustrating in boneworks. can't pick up anything on first try and dropped everything accidently. my hands hurt from all the tight gripping of every object. again cool game and i'm only comparing it to alyx since its another blockbuster vr only game. but no comparison. alyx is perfection. everything works! and its beautiful, bad-ass, fun and terrifying all at the same time.",1594609563,0.0,0,541343
M025,4,27,Network connect,15,Server Management,7.65611979822904e+16,"after playing close to 100 hours in h3vr and 40+ in alyx, this game just doesnt add up anymore. also, while i play all my games with twinstick movement, this one really makes me feel sick.",1630004582,0.458064496517181,0,711116
M025,5,27,Network connect,15,Server Management,7.65611979710948e+16,game is really awesome! never tried a boardgame like this. looking forward to the upcoming features!,1620510664,0,0,412667
M025,6,27,Network connect,15,Server Management,7.65611980615738e+16,loved the story in this game! felt a bit of a shame when i took the headset off!,1575124364,0.0,0,576522
M025,7,27,Network connect,15,Server Management,TwinTurbo74,i really enjoyed playing this game. the puzzles are challenging enough but not frustrating. the interaction with objects is far superior to most other vr games i tried and the details are superb. i played through the free update as well. i hope the developers keep releasing new dlc because i want more,1565234614,5.0, ,94303
M025,8,27,Network connect,15,Server Management,DarkNova02,"wow this game is amazing, i’m a animal crossing fan and someone recommended me this game. it’s not exactly like it but it’s similar, this game is worth every penny and if you’re a fan of animal crossing or any game similar to it, i’ll promise you that you will have an amazing time.",1588735414,5.0, ,85843
M025,9,27,Network connect,15,Server Management,7.65611980115948e+16,fantasic game for vr. truly a next-gen step. great gunplay. great story. played on a rift s with a 1080ti on high and it look incredible.,1585502728,0.0,0,551790
M025,10,27,Network connect,15,Server Management,7.65611980656012e+16,"poorly optimized and i don't have a potato computer. servers are hit and miss at the moment because i can try and go into the shooting range and once i have a loadout, the time stated for the servers is a little over 2 hours (for a single person shooting range demo mind you.) instead of having adding weapons and such, make a short interactive tutorial instead of being redirected to an video....the game engine is very wonky and graphics are subpar. if you are thinking about buying this, i would hold off until developers put in a single player mode and also fix a lot of the issues this game has.",1495253791,0.459160387516022,2,501160
M025,11,27,Network connect,15,Server Management,,"this is the best science fiction vr game you can play now.
if you played metroid prime you will
love it.",1691142298,,,143378446
M025,12,27,Network connect,15,Server Management,,best game in my library. fun to play with others who live far away. great challenges and fun to search for the hidden items. maps are beautiful and well thought out. lots of great detail. highly recommend this game!!,1683486136,,,137963057
M025,13,27,Network connect,15,Server Management,dark_star_12,after eating those digital doughnuts i finally understand why some people have imaginary tea parties,1608521014,4.0, ,141208
M025,14,27,Network connect,15,Server Management,,"this is one of the best vr games ive ever played, if you have the money and a vr i would buy this game",1721435536,,,170280003
M025,15,27,Network connect,15,Server Management,,"if you sit on the ground and put the sheild above you, nobody can hit you",1662584808,,,121899210
M025,16,27,Network connect,15,Server Management,7.65611979942094e+16,"short games is not a problem for me. but... dam it. boring shooting...in wolfenshtain.
pressing ""yes i like it"" because of amazing artist's works of machinegames. because of visual design of machinegames. 
and for the final level which was really fun and wolfenshtainy.",1565483906,0.387550890445709,1,371222
M025,17,27,Network connect,15,Server Management,7.65611980224845e+16,"the videos are poorly done, and the option to stream them inside the app is a mistake like all vr video streaming apps. if a company like disney cannot include to high resolution, uncompressed 3d vr video content, then what hope is there for compelling vr video content. overall recommending the app due to the impressive 3d real time elements like the vr menu with animated disneyland and star wars / marvel areas, as well as the real time snake demo in jungle book. hopefully they can entend those 2 gems and really build an impressive virtual theme park experience.",1463603676,0.0,0,485486
M025,18,27,Network connect,15,Server Management,,"game is good but is super buggy, and during the end it had frequent crashes. don't buy it unless they fix the crashes or it goes on sale",1680997490,,,136378219
M025,19,27,Network connect,15,Server Management,7.65611979940028e+16,"i can't help it, whenever i see or think of the title, it reminds me of 'thugnificent' from the cartoon series 'the boondocks' with his 'rags to riches'. 
but that's not what i'm going to talk about, forgive me.

rags to dishes is a very good vr game of fast paced food preparation.
the challenges are nicely put together, the stress factor is present and the customers are impatient.

in the game you are a new owner of a very classic snack bar from the medieval era.
you will therefore be on the marketplace with your store and prepare customer orders in time.
cheese bread, fried fish or sausage, oatmeal, soup, and much more.
please note, you cannot prepare a supply of food to sell it pre-prepared, it is required to give the dishes as fresh as possible to the customers, so rushing it quickly is certainly good once the customers gave their orders, still you'll have your hands full when you wait for customers.

the game also rewards the player with extensions for your snack bar that allow you to make more dishes, make them faster, and even employees.
you can choose these rewards by exchanging scored points with your choices in the in-game shop.

the environment is also very nice in the game, a bit cartoonish but a nice medieval environment.

it is also important to know that you must set your room setting for steamvr accurately, the game uses approximately the entire area unless you have a very very large room.

watch me making some medieval snacks: https://www.youtube.com/watch?v=ksb1etflxwk",1608860718,0.792175769805908,1,410355
M025,20,27,Network connect,15,Server Management,7.65611980353547e+16,"extremelly fun mmo for vr which i cant wait to spent several hundred hours in. i am only lvl 13 and i have a lot of fun playing a runemage.  it has the best implementation of spellcasting for vr for sure. you paint the air for different runes which cast different spells and it all goes down to muscle memory. 
i spent a lot of hours into training my actual skills to get the runes down right. and from only being able to cast about 3 spells and failing the casts 70% of the time to now being able to cast 10 different spells and spam most of them with only about 10% failrate. 

if runemage isnt your thing.
play warrior or ranger or musketeer(healer)
soon they will go with a big update reworking a lot and adding 2 more classes.
let me tell you their class design is amazing.",1538409995,0.0,0,696285
M025,21,27,Network connect,15,Server Management,Gemini000,"despite being in early access as of this review, this game is loaded! supports multiple methods of locomotion and while there's a number of minor issues strewn througout none of them negatively affect the experience. i have a very small play area for roomscale yet the concept of a conveyor rolling targets to you allows me to play this without risking breaking through my boundaries! the forging is very in-depth as well and helps break up the exercise of slashing at targets. don't expect to just boot this and play for a little, this is designed to be played a couple or three hours at a time over a long stretch! :b",1600917814,5.0, ,346985
M025,22,27,Network connect,15,Server Management,7.65611980297368e+16,"where to start? hotel tansylvania popstic has been added to my must play list for when friends and family come over. now that, that is out the way. if you are a fan of rhythm based games like beat saber, audio shield and sound boxing this game is a no brainer. what separates it from the rest is the whole family aspect of the game. my kids love it they are real fans of the hotel transylvania movies and the difficulty can be scaled down to the point where my 4 year old can play while still ramping all the way up to the point that it's challenging for me as a seasoned beat saber player.  the atmosphere is great, the graphics are top notch and the sound track is amazing. this game is a win/win...  check it out for yourself on my youtube channel right here https://youtu.be/obe1__63a7g",1538074052,0.0,0,736878
M025,23,27,Network connect,15,Server Management,7.65611979937321e+16,incredibly immersive experience combined with a good story.,1606484850,0,0,536310
M025,24,27,Network connect,15,Server Management,7.6561197992181e+16,"really good ideas, really nice features, but i am not sure it has been improved since 2017.
pets, classes, weapons, nice coop.

encountered our first boss (skeleton, reflecting energy orb) which seems bugged. the effects of that boss cause severe eye strain.
after a long fight without any effect, we gave up due to the eye strain. the boss defeated us by ugliness. ;)",1630018366,0.476190477609634,1,578258
M026,1,26,Multiplayer,35,Multiplayer,TheBarackObama,the graphics aren’t that good but then again i don’t see myself making video games anytime soon. there’s a ton of bugs but they’ll probably fix it in some time. in the tutorial for some reason it just flung me. the levels are pretty short and for some reason they censor the swear words when the game is about killing and fighting. the multiplayer mode for squads is very laggy. i think they should add a battle mode where you can fight other players. but other then that i think the game is alright. who knows maybe they could add a drivable tank.,1627097014,3.0,"hey,
thanks for the feedback!
the Grand update for ZC:R is now released with brand new weapons, reworked maps and lots of improvements!
Would you have another go and let me know here how you like the game now, please?
(new game modes are coming soon too :)
Cheers,
Mark
XREAL Games",282473
M026,2,26,Multiplayer,35,Multiplayer,Tedtous,"this game is really great. a little bit short but really cool. nice musics and graphics. story is inspired. perfect with quest.

so guys... let's go make a sequel !!!",1559445814,5.0, ,128401
M026,3,26,Multiplayer,35,Multiplayer,TecmoBowlTed,"i was going to buy this app before they made it free. my thoughts might be different depending on what i paid, but at free it's absolutely worth a download. interesting and fairly large environments, good storylines and tasks to follow, and learn as much or little history as you prefer.

the graphics aren't bad, though maybe not quite good enough to truly feel immersive. ironically the best graphics for environment and people are in the tutorial. solid job developer, and thank you for giving us a great app for free!",1514949814,5.0,Super appreciate the feedback and glad you enjoyed it. If you have any places you think we should add please let us know!,28833
M026,4,26,Multiplayer,35,Multiplayer,7.65611980481709e+16,"best vr game so far. controls are a little clunky and could use some love. visually amazing, great pacing. lives up to the hype.",1585592184,0.0,0,551032
M026,5,26,Multiplayer,35,Multiplayer,mind_voyager,"i heard rave reviews about this game and i love ping pong; so naturally i had to try this one out. tons of customization, realtime opponents, fun minigames, and it feels like the real thing.",1621308214,5.0, ,97091
M026,6,26,Multiplayer,35,Multiplayer,7.65611988930447e+16,"---{graphics}---
☐ masterpiece
☑ beautiful
☐ good
☐ decent
☐ will do
☐ bad
☐ awful
☐ paint.exe

---{gameplay}---
☐ try not to get addicted
☑ very good
☐ good
☐ nothing special
☐ ehh
☐ bad
☐ just dont
☐ fps drop dlc included

---{workshop}---
☐ new mods daily
☐ active community
☐ every week new mods
☐ sometimes new mods
☐ nexus will save us
☐ no mods getting released
☑ workshop not included

---{audio}---
☐ eargasm
☐ very good
☑ good
☐ decent
☐ not too bad
☐ bad
☐ earrape

---{audience}---
☐ kids
☑ teens
☑ adults
☐ everyone

---{pc requirements}---
☐ check if you can run paint
☐ potato
☐ minimum
☐ decent
☑ fast
☐ rich boi
☐ ask nasa if they have a spare computer

---{difficulty}---
☐ just press a bunch of buttons
☐ easy
☐ significant brain usage
☑ easy to learn / hard to master
☐ not so easy
☐ difficult
☐ dark souls

---{story}---
☐ will make you smile/cry alot
☑  lovely
☐ good
☐ average
☐ not great
☐ something isn't nothing i guess
☐ dosen't have any

---{game time}---
☐ endless
☑ depends on u
☐ long
☐ average (singleplayer)
☐ short
☐ long enough for a cup of tea

---{price}---
☐ just buy it
☑ worth the price
☐ wait for sale
☐ maybe if u have some spare money left
☐ not recommended
☐ dont throw money into a trash can
☐ free2play

---{bugs}---
☐ never had any
☑ minor bugs
☐ few bugs
☐ can get annoying
☐ ruining the game
☐ 76

some things i would change must be the ai and maybe add weapons customization other than that this game is great",1640019517,0.802687883377075,7,741729
M026,7,26,Multiplayer,35,Multiplayer,7.65611990918113e+16,the game is good. keep in mind it isn't open world u are working through the story from a to b good vr experience ran smooth things in world did what you would expect,1635067919,0.0,0,433355
M026,8,26,Multiplayer,35,Multiplayer,cooldaddy6,"this game is great! if there were a zombie map i would quit my job, and play this all the time. well maybe just work part-time.",1617593014,5.0, ,227259
M026,9,26,Multiplayer,35,Multiplayer,7.65611980355657e+16,love the game but please please don't wait too long to release more songs!! already starting to beat everything on expert and dont want to run outg of content :( i really do love this game it makes me feel like a honest to god anime hero after you start to be able to fluidly read the patterns.  8/10 would like to see even just a few more songs soon or a dual sided saber mode like youtubers have created but simply just using one controller dual sided and removing arrows works for a same effect!,1530733356,0.0,0,647624
M026,10,26,Multiplayer,35,Multiplayer,7.65611980433823e+16,"during the summer my bedroom got too hot so i had to move my pc into the living room. my younger brother let me borrow his vr during this time, and i didn't have any vr games that was worth downloading but i had this one on wishlist for a long time because it seemed so cool. bought it and put 15 hours on in 2 days, now i am back in my room without a vr and i miss this game greatly.

having so many guns = unending fun",1561360934,0.729697167873383,0,473526
M026,11,26,Multiplayer,35,Multiplayer,7.65611980490672e+16,"i only recommend this because it was fun. i liked the survival space aspect. moving around in the game works as intended and is quite nice. however, some features are quite lacking and don't work right. base building feels bare bones, and the combat barely works sometimes. the gui needs some work as well. however this game isn't likely to be updated. i played the game a long while ago and have been waiting patiently for possible updates. i don't believe one will ever come. 

for 20 bucks? not so sure. if it's on sale? sure! 
i just wished this would have more consistent updates.",1637286966,0.551020383834839,0,689205
M026,12,26,Multiplayer,35,Multiplayer,raulsteven,great horror game i loved the game and the very good graphics,1661824920,5.0, ,241040
M026,13,26,Multiplayer,35,Multiplayer,7.65611979822957e+16,"d.r.i.l.l. is a free early access vr game. it worked on my system, looked good, played ok, sounded ok.  has a textual tutorial with a back story inside.  the english text has bad grammar and syntax.  the gameplay is hard.  i did not notice any exercise benefits playing this game, like the description says.  has good graphics.  

try it and delete it.",1527613189,0.547215521335602,0,701856
M026,14,26,Multiplayer,35,Multiplayer,,shit game dont play it this is ass fuck all of you,1686946464,,,140177017
M026,15,26,Multiplayer,35,Multiplayer,7.65611980368104e+16,"the first vr game that's actually felt like a real game, not just a simulation or an experience.",1606366756,0.0,0,537097
M026,16,26,Multiplayer,35,Multiplayer,Runnermax,"very well executed vr experience, to confront with the most feared things in vr. intrusion in the private comfortzone and height. good job!",1510111414,5.0, ,328003
M026,17,26,Multiplayer,35,Multiplayer,7.65611979681092e+16,"this game is incredibly immersive. you'll have to crawl under swinging blades, block sword swings with your shield, and swing your sword to fight monsters.",1464465739,0,0,431579
M026,18,26,Multiplayer,35,Multiplayer,7.65611990525983e+16,"very fun vr game, the campaign i found pretty fun, and the mulitplayer is also a blast to play with friends, has some wall clipping issues but they almost never happen.",1610224512,0.0,0,433857
M026,19,26,Multiplayer,35,Multiplayer,7.65611980413259e+16,"short and repetitive, still cool but mostly for the droids and people passing in the hallway sometimes interacting. these ball droids are alright but for a game called droid repaid bay i feel it wouldn't be that hard to add other droids to work on, maybe a gonk or even a mouse droid",1558298009,0.509952247142792,5,695011
M026,20,26,Multiplayer,35,Multiplayer,7.65611980072786e+16,"a nice little game, which i didn't play too much yet, but i had a lot of fun.

the tower-defense mode is good. you have to shoot the monsters, before they get to the gold of your castle. wave after wave, you will get gold which you can spend on skills (such as, more damage, projectile speed....)

unfortunately i wasn't able to play multiplayer games yet - no one was looking for an online match when i tried. your best bet is to play with a friend.

remember, this is an early access game and could change / get more content in future updates.",1466129830,0.443246394395828,0,462944
M026,21,26,Multiplayer,35,Multiplayer,7.65611982784953e+16,"i absolutely love this game! it's a lot of fun and the dev (anton) is super up front about production, constantly updates the game and constantly has update videos on his youtube channel. this game is only getting better the further along it goes! f***ing buy it!",1545801543,0.0,0,473877
M026,22,26,Multiplayer,35,Multiplayer,7.65611979984978e+16,"one of the few vr titles that feel like an actual game, and not a tech demo or a vr arcade machine.
it is far from perfect, but the dev team is still very active in improving the game. and despite some shortcomings, it is a great experience that no other vr game at the moment is able to come anywhere close.",1651883161,0.887280225753784,0,362798
M026,23,26,Multiplayer,35,Multiplayer,7.65611980891757e+16,"very fun, first vr game i played to 100% completion. great level design, felt at the right level of challenge throughout. can't wait for additional levels!",1503865604,0.0,0,507856
M026,24,26,Multiplayer,35,Multiplayer,7.6561197987355e+16,"the story didn’t really make any sense, but it’s made up with the sandbox and gunplay. probably the most fun i’ve had in a single player based vr game.",1578567022,0,0,720401
M027,1,26,Multiplayer,15,Server Management,Johngo1941,"pretty good, i really enjoy the handguns. would like to see many more included in the future, mostly more historical guns.",1513308214,4.0,"Hi Johngo1941, 

You're in luck, our next update will feature WWII Allied Weapons and a new WWII range location. Stay tuned for the update. Hope you enjoy it. You can see our roadmap of what's to come as part of the Early Access development here https://www.facebook.com/GunClubArmory/posts/1476809569061969",326331
M027,2,26,Multiplayer,15,Server Management,luca_2428,"great game with great graphics to get it new, but i don't think it's worth spending the money if you have the original because they're isnt that much more added content. don't let that put you off it though!! the graphics are amazing!!",1614914614,5.0, ,219756
M027,3,26,Multiplayer,15,Server Management,7.65611983838957e+16,"this is for sure the best vr game i have ever played.

before you buy : the internet is a lie. you can play this on a lower spec laptop or pc (i used a 1050ti) but expect infrequent frame drops. i don't experience motion sickness but i can imagine the game won't cause it. 

definitely check this out if you like vr or half-life.",1637085346,0.525862038135529,0,526607
M027,4,26,Multiplayer,15,Server Management,7.65611980369629e+16,"**update:** it's been a few months and while i don't use this often, i haven't had any issues whatsoever unlike many others seem to be experiencing. sure, there's a bit of a learning curve to understand how everything works but i pretty much had it figured out without any reference material within an hour. i like having my webcam & vive cam active while i'm working with 2-4 other windows up (just because) and it's never crashed on me even with a lot of resource intensive processes running.

if the devs are still working on this, one thing i would love is a choice of environments like bigscreen and the new steam vr home environment. and i have had some minor issues finding the right resolution to ensure readable text but i think some of these people just haven't bothered tweaking settings outside of dreamdesk to get things working to their liking.



***original comments***
i'm giving this a thumbs up solely for the fact that its the first semi-usable desktop client i've been able to find for my gs63vr. bigscreen is my goto for desktop usage but for mobility purposes i opted for a laptop and have been looking for some way to browse the internet mid-vr sessions without having to take off my vive. it's absolutely not worth $40 in it's current state but i will come back to it from time to time with the hope that the devs don't just get lazy and abandon it; because while it's not particularly great or even very good yet, the potential is there and even some minor tweaks would make this a viable option for laptop vr usage.",1480833309,0.466797262430191,0,514660
M027,5,26,Multiplayer,15,Server Management,,"i mean, the idea is nice. if you having a vr headset and try to find some stuff to play, i think this one is a nice beginning. it's very short, but it is free to play.",1655279197,,,117011238
M027,6,26,Multiplayer,15,Server Management,7.65611979787594e+16,"in theory, the concept is sound. it's an open-world building game akin to minecraft, rust, or life is feudal, but it's in vr to add immersion.

in practice, however, it falls short. the need to constantly stoop and bend over to pick up harvested resources is a hassle, and the clumsy manner in which you have to slowly gather, transport, and unload resources is equally clumsy, especially given the limited amount of resources you can carry without hauling around a big cart.

my advice: give the player an ""inventory"" that can hold a decent number of items or make it so that harvested materials automatically go to the cart if it's within arms reach.",1486104114,0.50146472454071,0,515646
M027,7,26,Multiplayer,15,Server Management,7.65611980837832e+16,"amazingly fun to play, i fully recommend trying this with mods, so you can get the best experience",1617320159,0.0,0,659208
M027,8,26,Multiplayer,15,Server Management,7.65611980458625e+16,"when i look at this game analytically, i usually end up landing on about a 6/10 for this game. the story feels practically non-existent and i didn't really have any idea what was going on. i've looked at discussions about the story and people are talking characters and companies that i never knew about in the game. i understand that some people like stories where you really have to dig into the world to uncover the bigger picture and piece things together but the fact that i can play this game from start to finish and have absolutely no idea what the story even was is poor storytelling.

the melee combat is kind of fun but sharp objects particularly don't feel impactful. the enemies feel like they're made of butter and all my weapons just slide into them with zero effort (you can just stand still, hold out a sword in front of you and watch the enemy walk into it and impale themselves with no effort on your part). there's an argument to be made that this is done with the purpose of making the combat less finicky but after playing saints & sinners where both the sound design and force required to use sharp weapons makes them feel much more satisfying to use, going back to boneworks really makes you notice how weak they can feel.

the movement can be janky at times, parts of your simulated body will just get caught on things in the environment causing you to get stuck for a moment. or maybe your arms will phase through a wall, meaning you're just stood there trying to yank your virtual arms free until the game eventually grants your wish. i appreciate the effort that went into creating this simulated body and it feels great at times, but can also feel like more of a detriment at others.

gunplay is where this game truly shines. guns feel satisfying to shoot and reload and when combined with slow motion, this game becomes the prime vr candidate for living out your john wick fantasies. you have three types of pistols (each with a different balance of magazine size to damage per bullet), an smg and an assault rifle with different variants for things like holosights and laser sights. sadly there are no shotguns which is a shame since they seem perfect for sending enemies flying with this game's advanced vr physics, so hopefully we could get that in a later patch.

but despite all that, i really think this game is greater than the sum of its parts. despite the fact that i believe both half-life: alyx and saints & sinners are better vr experiences and just better games, i always find myself coming back to boneworks when i want my fix of fun vr combat. and although i do think this game suffers from a bit of innovation imperative, valuing new and interesting ideas above all else even when they don't work as well in practice as they sound on paper, i will absolutely respect this game for trying to push vr gaming forward as a medium because even when these kinds of games make missteps they are important for pushing the platform forward and encouraging other developers to experiment as well.",1600729395,0.0,0,716142
M027,9,26,Multiplayer,15,Server Management,Funky_Cloud,"i've always loved doing puzzles and after purchasing cubism, i had to put it down because
1) it was getting late and i lost track of time and
2) i needed to save levels for later lol.

it's very relaxing and enjoyable while still working you brain.",1600745014,4.0, ,160087
M027,10,26,Multiplayer,15,Server Management,7.65611980333106e+16,"great game, but way way too short, sadly.
i wish there would be more of this. i would have played this for hours.",1594223385,0.544998288154602,0,445995
M027,11,26,Multiplayer,15,Server Management,,probably one of the best endings to any video game i've ever played,1710514714,,,160590086
M027,12,26,Multiplayer,15,Server Management,,"as of right now, i can't run the game on the lowest performance setting on my index with at 90 hz. im getting horrible stuttering, and the grip feature doesn't work as expected. the controls seem like a downgrade coming from boneworks, as well as the performance. i would more or less rather play boneworks at this time
 
system:
amd 6700 xt
i5 10600k
16 gb ddr4
installed on ssd

edit: installed optional drivers for my gpu and that seems to have fixed the performance. while i still dont like needing to use the trigger + grip to grab something, ive gotten used to it and its not a huge problem anymore. i now recommend.",1664482583,,,123027075
M027,13,26,Multiplayer,15,Server Management,,"very fun. the updates are slow, but i don't mind. the psvr2 crossplay is awesome because before it, there was maybe 30-100 people online when i would try to play. 

there are some issues, like performance on amd gpus, and modded maps not downloading for me. they have some workarounds, it just takes some research and modding.",1713488173,,,163137005
M027,14,26,Multiplayer,15,Server Management,shawn.goff.393,netflix doesn't want to seem to work on my vr,1603164214,1.0, ,57693
M027,15,26,Multiplayer,15,Server Management,7.65611990636142e+16,its a pretty good game with a bunch of mods its worth it in my opinion,1642468106,0.523809552192688,0,568151
M027,16,26,Multiplayer,15,Server Management,7.65611983107995e+16,"early access. unfinished. enormous potential.

despite being in early access, this game features both a survival mode and a sandbox mode. as well as this, is now has what is called the ""raid"" game mode. basically, this mode is more like breaching a map, searching for and killing all npcs to complete the level.

out of all the gory games i've played in vr, this by far is the most brutal. 

however, being heavily in early access, blood trail does have problems that must be sorted out, one particular being unable to brace a pistol with your off-hand (doing so causes the hands to act as though the controllers have stopped tracking). 

from what i can see,this game has a lot of potential, aside from what it has already. i wouldn't say it's worth the price, but come due time it most definitely would be.

edit: the devs (a team of two, absolute legends) are working enormous amounts on this game. any faults at present should be ignored until further notice.",1620308745,0.0,0,368290
M027,17,26,Multiplayer,15,Server Management,VenomousDeath,"thank you for porting this to quest, graphics are absolutely stunning i love playing wirelessly five stars would pay again but thank you for cross play you guys rock",1566271414,5.0, ,94828
M027,18,26,Multiplayer,15,Server Management,7.65611980497011e+16,"[h1]played on: [b]htc vive[/b][/h1]

the slopes is a ski-based runner, placing players on a finite trail filled with obstacles and coins. the trail itself is stagnant, and it remains the same for every run; there is no procedural generation here. the ultimate goal is to get from the starting point to the finish line while dodging trees, rocks, boulders, and bushes while collecting as many coins as possible.

despite the plethora of obstacles along the trail, there is no penalty for hitting any of them. if you really wanted to, you could just take a straight path and keep rowing your ski poles to regain speed. the only factor that even matters in the slightest are the coins, which make up the entire portion of your score. sadly there are no leaderboards, so it's just you trying to outdo your best coin collecting. overall time from point a to point b is not even taken in to account.

at the end of it all, the slopes is an extremely basic mini-game that comes with no distinct challenges; only the ones that you'll mentally set for yourself, if you so choose to do so. there aren't even any jumps, and although the store page says it's a ""downhill race"", the entire map is one long stretch of level snow. the run takes about three minutes to complete, even while hitting a variety of the obstructions, and beyond that there is very little replayability. the idea is a good one, but the execution is terrible, and for it to be close to being worth the small $2.19 cad pricetag, some new features would need to be implemented.

[h1]rating: [b]1.0/5.0[/b] - it's bad.[/h1]
the vr network [url=https://store.steampowered.com/curator/33182845-the-vr-network/]curator[/url] | [url=https://steamcommunity.com/groups/thevrnetwork]group[/url] click for more",1517117780,0.579469919204712,0,616944
M027,19,26,Multiplayer,15,Server Management,Sian_Raven,"i've played all of the other room games and this one did not disappoint! the locations were gorgeous, with lots of puzzles to solve and tasks to complete, and nothing too simple or hard.
there were only 2 things that made me drop a star. the first is that as i was playing while seated a lot of the interactive objects were way too close! it's hard to turn a handle when you are hitting your thighs and the seat in the process! it's probably ok if you're standing, but not everyone can stand to play.
the second is that there needed to be a lot more levels to warrant the price of the game. being over twice the price of their pc versions i hoped it would be a lot longer than it was.",1650984540,4.0, ,130369
M027,20,26,Multiplayer,15,Server Management,7.65611980784342e+16,"this game is absolute funfuckingtastic!!!!

please dont leave it at the side, this is a masterpiece wich could the best fucking dungeon crawler of all, it just needs more content and updates but it is still fun like this too!",1625703523,0.0,0,578291
M027,21,26,Multiplayer,15,Server Management,7.65611981745544e+16,"mods keep this game alive. too bad they dont work for me

game fun 5/5 baybee",1584920346,0.523809552192688,0,632583
M027,22,26,Multiplayer,15,Server Management,tim.simpson721,"this game has become my go-to. it's realistic, fun, relaxing, and is now my little escape from reality. i love that i can listen to my music, or watch youtube videos (not as much because there's plenty to look at) the only thing i'd recommend is to not fly through it and enjoy the beauty of the game. i've caught every fish, bought just about everything you can, and have unlocked all of the trophies. minus the 2 multiplayer ones, and the mako shark trophy. so now im itching for more fish to catch and more locations to explore. but thats my own fault for powering through everything. great game and worth every penny!",1612322614,5.0,Thank you tim.simpson721 for playing Real VR Fishing. We are glad to see that you are enjoying the experience from the game. We will continue to update the game with more items and features in future. Thank you for your support and happy fishing!,216154
M027,23,26,Multiplayer,15,Server Management,,"for some reason the game makes me 9 ft tall
calibrating it does nothing at all and is borderline unplayable like this",1721313043,,,170167574
M027,24,26,Multiplayer,15,Server Management,7.65611979752524e+16,"i cried, its was so beautiful. i feel like these sort of quiet journeys that you experience alone are really impactful, this is a good representation of that.",1510775308,0,0,676704
M028,1,17,Installation,17,Installation and Setup,,i own a musket and many other guns for home defense,1678495948,,,134438527
M028,2,17,Installation,17,Installation and Setup,7.65611980123231e+16,"great escape game, a bit short but fun & intense nevertheless !",1501278098,0.0,0,595970
M028,3,17,Installation,17,Installation and Setup,TheLJVR,the only thing it needs is skill based matchmaking but i suppose its hard with the current playerbase but definitely great fun.,1648432380,5.0, ,305584
M028,4,17,Installation,17,Installation and Setup,,"fantastic game so far, just remember its early access, these guys did a great job with the first one, it wont be long till this is the most immersive vr shooter, its only going to get better from here and its already got a great starting point to work from.",1722094353,,,170891803
M028,5,17,Installation,17,Installation and Setup,7.65611980551196e+16,"---{graphics}---
☐ you forget what reality is
☐ beautiful
☐ good
☐ decent
☐ bad
☐ don‘t look too long at it
☑ gnome.

---{gameplay}---
☐ very good
☐ good
☑ gnome.
☐ mehh
☐ starring at walls is better
☐ just don‘t

---{audio}---
☐ eargasm
☐ very good
☑ gnome.
☐ not too bad
☐ bad
☐ earrape

---{audience}---
☐ kids
☐ teens
☐ adults
☑ gnome.
☐ lizards

---{pc requirements}---
☐ check if you can run paint
☐ potato
☐ decent
☐ fast
☐ rich boiiiiii
☑ gnome.

---{difficulity}---
☐ just press ‚a‘
☐ easy
☐ significant brain usage
☐ easy to learn / hard to master
☑ gnome.
☐ dark souls

---{grind}---
☐ nothing to grind
☐ only if u care about leaderboards/ranks
☐ isnt necessary to progress
☑ gnome.
☐ too much grind
☐ you‘ll need a second live for grinding

---{story}---
☐ story?
☐ text or audio floating around
☐ average
☑ gnome.
☐ lovely
☐ it‘ll replace your life

---{game time}---
☐ long enough for a cup of coffee
☐ short
☐ average
☐ long
☑ gnome.

---{price}---
☐ it’s free!
☑ gnome.
☐ if u have some spare money left
☐ not recommended
☐ you could also just burn your money

---{bugs}---
☐ never heard of
☐ minor bugs
☐ can get annoying
☑ gnome.
☐ the game itself is a big terrarium for bugs
",1578966417,0.476190477609634,0,650713
M028,6,17,Installation,17,Installation and Setup,Phuq,crashes every 15 minutes!!! glitches throughout!!! don't waste your time or money!!,1612581814,1.0, ,114992
M028,7,17,Installation,17,Installation and Setup,7.65611979714959e+16,"the game takes a long time to boot up, to the point where it will make you think it crashed. if you get passed that, the headset may not display the game. to fix that, you gotta aim your headset towards the clipboard and go to the options menu to disable bloom. 

thats the tech issues out of the way, but this vr game is very much of the past. playing it reminded me of the first oculus rift dev kit. motion sickness hit me like a truck within the first 15 min. the borders did not match the play area either, so i had to walk forward and reset the position for me to reach all my tools. the hands kinda did whatever they wanted and freaked out when i was about to make a cut during the brain operation, killing bob. 

this game needs polish. it is such a shame that it seem to be abandoned, as im kinda fond of the game. this is not a game you should have to pay for in its current state!",1618671723,0.524143397808075,0,513317
M028,8,17,Installation,17,Installation and Setup,7.65611980551427e+16,"i love it. stride has a certain flow to it which just nails it for me. i feel like i’m fast and i’m flying because of my own movements, which is fantastic and exactly what i was looking for. it has that “just one more try” feeling for me where i essentially just keep trying again and never actually quit. no other game has made me completely fight through muscle pain because it was so fun. beat saber is not even close. but there’s just not much there yet. what you see in the first 2 trailers is all there is right now. the main reason i’ve been playing for so long is just for that awesome flow feeling, but also because i was gunning for the number 1 spot on the leaderboard. which i got hold of temporarily! anyway, the game has great mechanics and a nice concept but very little game to back it up, for now. what there is also needs some polish. 

currently there’s only an endless mode in which you run through 3 sections (easy, medium, hard) which all have about 10-15 sub sections (max. i’m being generous) which the game strings together randomly. after you survive for some time the levels of the next difficulty tier start appearing and the enemies shoot you way faster. which leads me to the hard levels.
the hard levels are unpolished and unfair. in order to beat them you have to know exactly where the enemies spawn, when they spawn and what the route you need to take looks like. in some cases you can barely outrun the zone even if you cut perfect diagonal lines and know exactly what’s coming. the snipers materialize, aim, and kill you within what feels like 0,5 seconds. compared to the easy 2 seconds of the first level. you’ll be walking and suddenly you’ll be dead. unless you know where they spawn, where the invisible trigger that spawns them is and anticipate by slowing down time. 

the controls i find to be overall good and consistent, but very specific in unobvious and unexplained ways. for example: to wallrun you need to jump and look into the wall slightly while holding your movement stick forward. this is not obvious since you can run by just shaking your hands, without holding the movement stick. jump into a wall like that and you’ll just fall down. i died a lot of times because i didn’t know this specific mechanical requirement, it always felt frustrating and unfair. once i learned how it worked however it has been very consistent. 

i’m absolutely loving my time playing what there currently is, and i cannot understate how much i enjoy the core gameplay loop, but there isn’t a whole lot there yet. the game has a lot of potential but, as is common with early access games, for the current price tag ‘potential’ is also a large part of what you’ll be spending your money on.",1599556889,0.519685029983521,0,394640
M028,9,17,Installation,17,Installation and Setup,Jack99921,"amazing experience so far, experienced no bugs or glitches. graphics are pretty nice actually, don't understand why some are saying it looks bad, tbf it's almost the same as psvr. credit to the dev team for putting in the effort to bring this to the quest :))",1575689014,5.0, ,146762
M028,10,17,Installation,17,Installation and Setup,,get it if you have a headset. no excuses.,1701995011,,,153083494
M028,11,17,Installation,17,Installation and Setup,Panasony,"it may be a simulator rather than a game.
it is lonely that there is no flashy graphics or production, but it is recommended for those who want real golf.",1653922800,5.0, ,185702
M028,12,17,Installation,17,Installation and Setup,7.65611981539427e+16,john wick simulator we always wanted in vr.,1633867219,0.548924326896668,0,395532
M028,13,17,Installation,17,Installation and Setup,7.65611988460086e+16,"all i can say is wow! this is incredible. it feels like i just stepped (or flew) into the movie blade runner.  i can't believe this was free. i love the little back to the future reference too. amazing experience all around. this is definitely going to be one i put newbies into, after testing their vr sickness susceptibility. 10/10 unbelievably awesome!",1571581751,0.69817852973938,2,376207
M028,14,17,Installation,17,Installation and Setup,Darkxpluto,"the only complaints i have is when you hold some guns it kind of glitches out for example the m1911 if you grab it with two hands it turns in your hand. also the game is 43 gb so i had to delete all of my other games and photos witch was a pain. otherwise over all really good and do like the story and characters but it can get glitchy and weird at times. going back to the story it is good but there is some ruff patches. the characters though were good and thought out. overall the game is fun, gun play is good and i enjoyed it. story 8/10 characters 10/10 gun play 9/10 environment and graphics 7/10 game in total 8/10. in my opinion",1653922800,4.0, ,289424
M028,15,17,Installation,17,Installation and Setup,7.65611982888849e+16,"so far this is my favorite vr game, it is so much fun, cant wait to see the future updates.",1599773754,0.523809552192688,0,662180
M028,16,17,Installation,17,Installation and Setup,LucasRizzotto,10/10 would hang out with past recordings of me again,1546485814,5.0, ,328145
M028,17,17,Installation,17,Installation and Setup,Jeff.Perrin.MRZ,"i wish this game was a little longer. maybe some more animals or some more islands added in a future update. sadly i finished my house completely right before i went to the center island for the credits, wish i had it finished at least one island earlier. but the credits kinda blew my mind. i got a thank you for playing...but, i won't spoil it. but to have something happen in real life because i played and finished the game. that was a good feeling and a game hasn't done that to me in such a long time. i've been recommending this game to several people and hope that get it and play too.",1653922800,5.0, ,291628
M028,18,17,Installation,17,Installation and Setup,ncharity,"note this is an updated review.
my previous review was written straight after a very frustrating experience with this app. i should have left more time for the frustration to have worn off to give the company some serious feedback.
1. the timing on the hooks and the uppercuts is completely off (or it requires more power than i am ready to provide at this stage of my training - or at my age), so it is really difficult to get a run going.
2. on top of that i find myself accidentally clicking on the buttons while i box, so the games keeps on pausing. this would be so simple to correct.
3. dreadful generic music. i realise that this very subjective and that improving the music will result in more costs.
this led my experience to be very frustrating and un-fun.
i would like to know if the company is aware of problems 1 and 2, as in essence this is a good game that i would be prepared to pay properly for in a monthly subscription, but not in the form it is currently in. desperately trying to not break a run of punches and not succeeding because the jab and uppercut timing is off and in frustration always ending up always activating the pause - not my idea of fun. pity.",1667670360,2.0,"Hey there,

I'm incredibly sorry for the delay in responding to your review here, ncharity, and I really do appreciate the time you've taken to come back with an update - and the constructive points you've raised as part of your review. I'm also really saddened to hear about your frustrating experience with the app - but I completely understand the points you've raised, and I'm sorry that this isn't something that's been addressed more promptly for you.

Point 1 is something that was actually raised internally very recently, and a piece of feedback that I've picked up on in a number of other comments too. One of our key priorities over the next few months is ensuring that our platform is accessible, and that the fitness journey feels comfortable for all. It'll be an ongoing commitment, but yes, this is something we would like to resolve moving forward.

Point 2 is also a known hurdle, but it is one that has a solution in the app already. We've written a quick guide which you can find here, which explains how to remap your pause buttons so that you're not constantly pulling up the menu: https://fitxr.zendesk.com/hc/en-gb/articles/360020078399-How-can-I-reconfigure-the-pause-button-

Also, just to touch on point 3, which is also an area of improvement that we have great plans for moving into 2022. It's not something I'm able to comment on further at this time unfortunately, but we're excited about the content plans for the future.

If you run into anything further, or want to discuss any of the above issues more thoroughly, please don't hesitate to reach out to me on support@fitxr.com - I'd be more than happy to help.

- Tom, FitXR",170373
M028,19,17,Installation,17,Installation and Setup,m_c3,"i was excited for this title to come out on oculus quest so when it was released i got it immediately. after a few minutes play it felt like a reskin of asgard's wrath. it feels very limited as to where you can move and the locomotion for climbing and jumping is very rudimentary. the number of objects with which you can interact is very limited.
maybe i have been spoiled by half-life and into the radius but i was hoping it would be at least as immersive as saints and sinners or even arizona sunshine. 
i was hoping this would be a home run game but it feels more like barely a base hit.",1666984140,2.0, ,222593
M028,20,17,Installation,17,Installation and Setup,,"launched, controls are a bit shitty but it's bethesda you know....
36 minutes in crash...
uninstalled. that's about it.",1696642233,,,147773785
M028,21,17,Installation,17,Installation and Setup,Willumpku,"a fisherman's tale is an awesome game with beautiful graphics, right difficulty of dilemma's to solve but way too short. i read the reviews in which other players warned me for the length of the gameplay but as short as this i never experienced before with other apps. i even think i'm still eligible for a refund even while i played to the end, but since i had the experience i will not go for that (i bought it with a 30% discount so not a big deal). for the gameplay i would have rewarded the game with 5 stars but due to the shortness 3 stars is enough.",1626060214,3.0, ,165440
M028,22,17,Installation,17,Installation and Setup,Kikenazo,"most one star comments were about download issues due to internet speed. not the game itself. other one star reviews are an issue with a previous update (that has been fixed now)

game itself is a must have. would highly suggest :)",1603941814,5.0, ,244355
M028,23,17,Installation,17,Installation and Setup,7.65611980480866e+16,"felt this title was a bit dated in comparison to other vr games. sword play also didnt feel right, but then again your a wizard and spell casting is cool. its free and is a tech demo. moved swiftly along.",1534559240,0.430941641330719,0,457219
M028,24,17,Installation,17,Installation and Setup,7.65611980021315e+16,super fun and a great way to show off vr to friends and family!,1549164421,0.0,0,464401
M029,1,35,Setup,17,Installation and Setup,7.65611980727564e+16,yes yes yes yes yes yes yes holy shit i didn't know ear-gasms were possible,1534965417,0.517766535282135,0,646995
M029,2,35,Setup,17,Installation and Setup,GwalaMane,dope game definitely fun can’t wait for future updates,1648587540,5.0, ,136607
M029,3,35,Setup,17,Installation and Setup,ElTorro21,"i love playing this game but i wish the developers would add more maps with interactive weapons, have it so you can undo certain purchased spells like in the game wands and make it to where your purchased gear actually effects your combat and hit points during the game. also to have the single player portion be different than the multiplayer.

it seems like a few updates could make this game phenomenal. even so though, it is great and super fun.",1580181814,4.0, ,169302
M029,4,35,Setup,17,Installation and Setup,7.6561198121618e+16,"garbage game. gun sounds are garbage, half the maps don't work properly, the menus themselves are a pain in the arse. the only good thing i can say about it is i can still return it and get my money back. stay away from this game!!",1542864228,0.0,0,596190
M029,5,35,Setup,17,Installation and Setup,P4nd41sm3,"this app is life-changing. i didn't look at any reviews upon purchase and i'm happy i didn't. covid's aftermath left me disjoined and stressed about further career moves. i've always been a big supporter of exercise, yoga, and meditation, but i found i needed to be somewhat physically exerted to obtain calmness with meditation. i bought this app on a whim about 10 months ago, and i (and the people around me) have noticed a considerable difference. 

1) the ""game"" some are referring to is the ""focus"" meditation, which i use before every study session, and it has improved my grades remarkably. it's only 8 minutes long, which is perfect for when you have a lot of work to do, and not a lot of time to do it. if you have attention deficit problems, this is worth a try.

2) the ""normal"" meditation is under the ""calm,"" which has much longer sessions. yes, there have been times, especially in the beginning when i was still learning, that i've run through two sessions on calm to get the desired effect. however, i've been using this app regularly and have found it takes me far less time to feel the effects. 

3) some comments said the rating at the beginning and end ruins the meditation. i like rating how i feel at the beginning and end. especially while i was learning, it helped me figure what worked and what didn't work for me (e.g., postures, breathing techniques outside the guided ones, which guided breathing techniques worked best for me, etc.). additionally, it's very easy to forget how crappy you felt when you started; it's kind of the entire point of meditation, actually. so having that reminder at the end kept me coming back, helping me form the long-term mindful practices i have today. 

this is a steal for what it cost. i 100% recommend this to everyone i know. 

to the creators of this app, you are doing amazing work and helping people in a very real way. you should be very proud, i'm proud of you.",1666124460,5.0,"Hi! Thank you so much for taking the time to leave this detailed and personal review of our offering. Users like you are the ""why"" of what we do what we do. We are so grateful for your support, and to know that you have received a benefit from using TRIPP. 
Warmly, 
The TRIPP Team",137749
M029,6,35,Setup,17,Installation and Setup,,"amazing just amazing 
i was able to show my mom a lot of beautiful places she otherwise would have never of seen.",1664219739,,,122882829
M029,7,35,Setup,17,Installation and Setup,7.65611981489605e+16,"honestly such an amazing vr experience, the soundtrack along with the atmosphere and the bones make this an almost perfect game.",1606674366,0.0,0,714952
M029,8,35,Setup,17,Installation and Setup,7.65611980762784e+16,"you can interact with everything, this is half-life 2 all over again !

only complaint i have, climbing is a bit hard (pulling yourself over the ledge and crouching isn't very intuitive)",1577569580,0.523809552192688,0,721093
M029,9,35,Setup,17,Installation and Setup,7.65611979819021e+16,"i payed for this, and it's not satisfying yet. i feel like i paid too much if the dev doesn't return. looking at the last ""news"" update, it was in december and touch controllers were added (and maybe a world). each level is a few minutes long, and while they look amazing it was almost too relaxing to be named something pertaining to having a dexterity requirement.

today, it's a fantastic game to get on sale or to support the developer. ""tomorrow"", it will be a great game to get period.

pros
- beautiful
- runs extremely well at ultra settings on my 1070 & amd 8350
- simple concept, difficult to perfect
- there's an ""arcade"" mode which adds a nice change of pace

cons
- low replay value
- while it's gorgeous, it's not very exciting
- haven't seen any updates posted in 5 months

neutral
- depending on your perception of money's value, this might be a great buy at $10, for me i would have said with the current content $3 if i'm being honest with myself



after one play through of all levels starting on normal (as opposed to easy or hard), i just didn't want to go back and considered asking for a refund... then i thought, i don't get refunds because i'm an early adopter and this person did amazing work. in fact, i'm eager to have them add more content so that i can come back to this game. there needs to be a hook, something that adds infinite replayability. i'm thinking if the dev added the ability to play your own music, and have it procedurally generated and perhaps 10 more levels, this would be a game to infinitely.",1494801543,0,0,508180
M029,10,35,Setup,17,Installation and Setup,Goldenlay,plays a great game of table tennis. it is just like playing against another person when playing against computer opponents. i have to put my shorts on and take my t shirt off as it is just as energetic as real table tennis. is fun and in arcade mode gives your shots help so you play better than you normally would. loving it.,1606188214,5.0, ,90574
M029,11,35,Setup,17,Installation and Setup,7.65611981081163e+16,an amazing stealth and robot stabby game. it has great levels that have good amounts of fun and challenge. this is a must have vr game for anyone who enjoys killing robots and all around fun.,1546063363,0.0,0,445081
M029,12,35,Setup,17,Installation and Setup,7.65611983800864e+16,the atmosphere and story is amazing as per usual with valve and the gun play felt fluid and geuinely intense plus  like other half life games it's really scary but like now that it's next gen graphics and in vr you will barely get out without vomiting which is kind of the intention and the gravity gloves are a excelent mechanic that allow for easy item collection,1589990814,0.0,0,543789
M029,13,35,Setup,17,Installation and Setup,7.65611981411494e+16,"if you're into guns, buy this. do it now.
i dare you!
this would be the most expensive shooting range ever made except it's a simulation.
the only thing that this game lacks is a community workshop for more maps. (it is a rift/vive era game so i'll excuse em that)
the sheir amount of detail put into the gun mechanics makes pavlov look like a shitty roblox game.

a definite 8/10, something i play on and off to relieve my stress in",1605366398,0.523809552192688,0,470341
M029,14,35,Setup,17,Installation and Setup,7.65611981234102e+16,"dumpsterfire.

as of right now it's a dumpsterfire and completely broken.
jumping didn't work half of the time.
midway through the tutorial and midway through every over attempt i've made at playing this
the controlls just break and i can't do anything anymore until i die.
one time i was suddenly flying over the map without touching anything.
and that in the span of 20 minutes or so?

i do think this could be a good game, so i'll be back in some updates, but as of right now
for me it's completely unplayable.",1599306860,0.471974670886993,1,394742
M029,15,35,Setup,17,Installation and Setup,Destroyer2p0,"one of the things that i liked about population one was that it was simple. you climb. you fly. you shoot. before the latest update, the recoil on all the guns were easy to learn and you didn’t have to spend to long practicing it to counter it. this was what made the game unique. but…with this new update, it takes all the players who have learned how this game works, learned the recoil, and have played thousands of games, to start all over.relearn the recoil of this gun. this gun and all the guns you’ve learned to use effectively, you tell them to relearn it. it makes it feel like i wasted 1 1/2 years of playing this game. i really did like and enjoy this absolute masterpiece of a game before this update. but now it’s like this is a whole new game. if you change the recoil of your guns, the entire game changes. this update really killed the game for me.",1653922800,2.0, ,208612
M029,16,35,Setup,17,Installation and Setup,,"very fun game to play with friends, or just mess around and play tag. although there may be hundreds of seven year olds screaming the n word, it's overall just a good game. also monki funy",1698257661,,,148865658
M029,17,35,Setup,17,Installation and Setup,7.65611979704281e+16,"i've just requested my refund 30 minutes into vanishing realms.  i doubt it gets much better.  after playing the ""budget cuts"" demo, it was very evident that not as much love went into this game.  

in vanishing realms, i can stand in place and teleport everywhere.  budget cuts had me walking around, taking cover, and peeking around corners *in addition to*** the teleport system.  

the combat is awful.  the first skeleton was a bit creepy, but after that i just teleported into their faces and waved my sword around until they died.  again, to compare, there was one instance in budget cuts in which i unexpectedly had a robot creep up on me, instinctively dodged both of the bullets, grabbed a knife, and took it down.  now **that** was a true rush! 

some here will tell you that vanishing realms is indeed good, and i encourage you to try it for yourself, given steam's lenient refund policy.  i'd advise keeping your expectations low.
",1460333009,0.348504632711411,0,431911
M029,18,35,Setup,17,Installation and Setup,olivia.gladwin.7,it's a good game it tells you that you have to collect 50 fish,1581218614,5.0, ,66330
M029,19,35,Setup,17,Installation and Setup,7.65611981400227e+16,"in my humble opinion, this is the best game to come out in years!
best game of 2020 and best vr game of 2020",1585035783,0.0,0,559734
M029,20,35,Setup,17,Installation and Setup,AriZwe,"for some reason my brain is adjusted to horror so i can watch media without being scared but this game, i feel bad for all the youtubers who were laughed at screaming after they were forced to play this game. toy freddy is just way too stealthy and has jumpscared me the most and the dark rooms are terrifying, if your a phobophiliac or you like me lost the ability to feel scared of anything than this is the game for you. side note is that it is easier than the earlier fnaf games, i barely made it to night two on those games.",1641418020,5.0, ,260021
M029,21,35,Setup,17,Installation and Setup,7.65611979957857e+16,"holy mother of all things crazy and fun!!!

if you're afraid of heights definitely go here! it's terrifyling amazing! even with only 2 sensors and the usage of the stick and button to change forward facing directions to keep myself facing the sensors, thsi game is quite impressive (honestly probably even more challeging at times, as i would have like to be able to do some decent backwards wall jumps) i think i'll wait to finish the last levels after i get the thrid sensor... i'm certain the immersion will be significantly higher.

don't worry about a sale, this one is worth the price of admission! p.s. jumping/leaping isn't a skill you should skip learning how to do! you'll regret it later...",1496819997,0,0,514345
M029,22,35,Setup,17,Installation and Setup,,"murder the innocent cubes, every last one",1713107878,,,162872764
M029,23,35,Setup,17,Installation and Setup,7.65611980096594e+16,"just like a real casino, there are no windows or clocks, and you can lose hours inside. very simple and a little glitchy, but definitely fun and well worth the price of free.",1501250065,0.525139689445496,0,676158
M029,24,35,Setup,17,Installation and Setup,7.65611980096279e+16,really fun and challenging.  played through in 1.7 hours non-stop.  i say worth the money.,1526698438,0.0,1,690142
M030,1,28,Performance Issues,29,Technical Challenges,,"as someone who doesn't love left 4 dead or wave/line zombie games, after the fall really showed itself to be greater than the sum of it's parts. a very pleasant amount of polish greatly ups the experience.",1658544108,,,119295431
M030,2,28,Performance Issues,29,Technical Challenges,7.65611981212232e+16,"very fun game from what i seen so far. only problem is i can't seem to get past the court scene. as much as i try to throw anything in this game, it always plops in front of me rather than launching off. i don't know what is happening and am deeply saddened that i can't continue to play.

note that what i'm saying is i can't physically throw it at the jury. it won't let me.",1483280795,0.478098094463348,1,512093
M030,3,28,Performance Issues,29,Technical Challenges,,"although it says that i have played for little time on steam, i have played this game for way to long on a different device. i think there are an equal amount of pros and cons about this game. most of the cons about this game is about the community  but the developers work day and night to make this game good. i suggest you play the game for yourself and choose if you like the game or not",1703883481,,,154745829
M030,4,28,Performance Issues,29,Technical Challenges,7.65611982075919e+16,its a pretty good game 9/10 would recommend,1606418670,0.0,0,536651
M030,5,28,Performance Issues,29,Technical Challenges,7.6561198868481e+16,"10/10
easy to learn, difficult to master
lets you return to monke
i have played so much in one go my arms are in pain and look like jello",1615840960,0.0,0,421606
M030,6,28,Performance Issues,29,Technical Challenges,,one of the best vr games / experiences ever made.,1669510064,,,127129725
M030,7,28,Performance Issues,29,Technical Challenges,ulyssesOdysseus,"it is such a great experience to have for the oculus, simply incredible. well done, from the story to the characters. we need more of this quiality of work.",1591154614,5.0, ,346737
M030,8,28,Performance Issues,29,Technical Challenges,,"as an oculus player, i can't adjust the table because the game tells me to use a button on a vive controller (no button on the oculus controllers worked, but there are two buttons that open the pause menu).
sometimes the bot or i got a point basically before anything happened (throw the ball, hit it, and just before it does the first bounce on the opponent's side, the bot or i got a point).
i'm also crap at table tennis.
all in all, the game isn't for me.",1708703770,,,159068230
M030,9,28,Performance Issues,29,Technical Challenges,Allangan,"got a discount ticket from oculus. was looking what to buy... saw zombieland... try my luck and purchase it as the trailer was not really convincing. downloaded and start playing it....what i can say is that  it is so addictive and fun to play. no regret buying this game. whenever i start to play vr, this is the first game i will play. i hope the developer can update it to have multiplayer coop shooting so that i can poison all my friend to buy it and play together.",1624332214,5.0, ,236111
M030,10,28,Performance Issues,29,Technical Challenges,,"amazing game loved every scare with my best bud, some bugs but nothing a quick restart cant fix",1706300004,,,156892288
M030,11,28,Performance Issues,29,Technical Challenges,7.65611981168415e+16,"sadly, this is a case in which the game has failed the players. whether or not this game bounces back let this period of time be a reminder to any dev looking to sell out to a large corporation. it does not end well, they do not have the games best interests in mind. i hope it bounces back but it's hard for me to say it will. game finally got an update, it feels rushed and unfinished. basically, it broke mods for a sub par update that again... breaks more than it fixes or introduces. they could have done so much better, this was clearly rushed and is a classic example of a corporation releasing an unfinished product and patching it after release. it ..... is ..... garbage .... the date is 10/22/2020 

the date is 12/1/2020 , beatsaber is relatively stable now and the multiplayer although not great modded is good on the base game. i'm keeping the review ""no"" but i remain hopeful for the future to come!

the date is 4/15/2022, the game has remained largely the same, the only difference being multiplayer is a mess in the modding scene. i understand more now why the devs can't support us as much as they may want too. it's a good game, just don't get your hopes up, if the devs don't do something for the community eventually they're gonna shrinkk until this game fades into obscurity. good luck friends :)",1576375623,0.0,0,635864
M030,12,28,Performance Issues,29,Technical Challenges,,"amazing fight system, adictive, i love the mods we can add and the game itself is one of the best vr games nowadays.
there are some bugs yet, but nothing not expected in every game we ever played in our lifes. is even better to see that it's still in devolopment getting better every update, so i see tool much potential is this game!!!",1657334797,,,118486822
M030,13,28,Performance Issues,29,Technical Challenges,7.65611979650822e+16,"i thoroughly enjoy this game, and it does feel like a proper game. the first map felt like playing half life some 18 years ago. it's not too fast-paced, some parts are quite calm and you can take in the atmosphere. but some parts are really action packed and fast paced, you'll spray and pray and hope to hit the freds running towards you. you move forward with teleportation so you don't have to sit and wait for the zombies to get to you and there are some light puzzle type experiences in the game, which are also a welcome relief from the action. really well put together 4 hour campaign, would recommend.",1481385991,0.499986112117767,0,437400
M030,14,28,Performance Issues,29,Technical Challenges,Cornette Face ,i found that signing into ubisoft via the computer not through the quest overcame the spinning logo issue when trying to log in via the quest.,1576553014,5.0, ,205979
M030,15,28,Performance Issues,29,Technical Challenges,Parthros,"this game really hit all the right notes for me. i like it's aesthetic, creative game play, and overall feel. the graphics are nice, especially considering current vr limitations. the design choice was just right for this type of game. the gear vr doesn't have much in the way of game controls, yet hex used it as an opportunity to explore some different mechanics. i think that paid off. the boss fights are where this game really shines. finally, the feel of the game reminds me of the ratchet & clank series. it's casual and fun, and boss battle dialog is something worth paying attention to. 
this was the first vr app i spent money on, and i had higher expectations for a game i had to pay for. hex did not disappoint one bit.",1485573814,5.0, ,10312
M030,16,28,Performance Issues,29,Technical Challenges,wineinacan,"saw a let's play of the oculus version and have been waiting ever since for my chance to test it out. it did not disappoint. launching a rocket has got to the dream of every guy out there. my only gripe is that there is not mobility at all.
i was longing to move my head to look out the windows of the shuttle. i understand there's not head tracking with the gear vr but if you could move just a little by swiping or the controller would be perfect.",1499916214,4.0,Thanks for the review. Might look at doing this in a future update. In some ways the GearVR port is more realistic as the real astronauts heads would have been pushed back with the g force and they were strapped in so couldn't move.  :),35354
M030,17,28,Performance Issues,29,Technical Challenges,kael13,wonderful way to spend time remotely with loved ones. and the treasure hunts are a great addition.,1619061814,5.0, ,200951
M030,18,28,Performance Issues,29,Technical Challenges,7.65611980189155e+16,"this game does a lot of things right 
the options in the game are well thought out and everything you'd expect and want is likely there, including movement options and left-hand mode! 

the graphics look amazing and really draw you in to this world they've created. on top of this, you can interact with the environment and grab various objects - like we've all wanted to do in other games but couldn't! 

each of the different spells in the game feel unique with their own special traits, and unlocking the various upgrades is very satisfying. i like collectibles and enjoy finding them in each level. how you unlock points used to spend on spell upgrades is fair, and the fate cards add another level of replayability while also making the encounters feel a bit different (by increasing enemy health, decreasing yours, so on and so forth). 

the stages are designed so you can blast through them in 10 minutes or less, or spend even longer exploring every nook and cranny if that's your jam. either way the levels are fun and well thought out. 

overall i highly recommend this game. production value, overall gameplay quality, and replayability make this game worth the asking price of $20, especially after the full release on march 8th. i'm only 7 hours in and i'm not even half way done!",1519919826,0.538667798042297,0,589360
M030,19,28,Performance Issues,29,Technical Challenges,7.65611981350221e+16,"from everything i've played, this game is an underdeveloped mess. it is a free package of 4 crappily textured minigames that take around 3 minutes each to load into. i was having multiple stuttering issues throughout. the bow in the dungeon crawler required me to put my arm around my head and behind my neck in order to charge up a shot. i do not understand why this game exists as a free to play as its only use would be profiting off the movie's hype.",1524370163,0.0,0,703354
M030,20,28,Performance Issues,29,Technical Challenges,7.65611980960016e+16,"alotta fun especially when modded, one of the vr games i genuinely enjoy",1630646833,0.506920397281647,0,620887
M030,21,28,Performance Issues,29,Technical Challenges,midnight ,"is death horizon part 2 coming out sometime this year and will it have new monsters and guns  added to  the campaign any date please i need to know. more guns in a campaign instead of three and grenades if possible. either than that i love this game please keep making it better i give it five stars best game shooter, gear vr and do you know about feelreal vr mask i'm buying the scent a roma sat please make the second part so i can smell those thinking zombies and blow off every limb please please give us the expansion",1556853814,5.0,"Hey midnight27123. It’s really cool that you track announcements including Feelreal mask. In actual fact, we currently have 2 versions of Death Horizon in the works. The addition to already existing project for Go/Gear VR, and completely redesigned version for 6DOF headsets (Standalone + PC). The announcement about this will be in a little while.",19102
M030,22,28,Performance Issues,29,Technical Challenges,,"me throw rocks like earth bender, me like throw big rocks",1711492864,,,161542365
M030,23,28,Performance Issues,29,Technical Challenges,7.65611980697866e+16,tied with eleven table tennis for most immersive vr game. very relaxing and very fun with friends.,1641752370,0.0,0,408335
M030,24,28,Performance Issues,29,Technical Challenges,Mike-Urilorib,"it's interesting, but it could be improved in many forms. for instance:

the 3d globe in the start page looks much better than the ""inside out"" globe in game.

we could use the swap gestures to rotate the globe and zoom in and out.

there could be more information about the countries, or several pages of information. 

pictures could be larger higher resolution. 

integration with wikipedia would solve some of the problems above.",1499570614,3.0, ,24442
M031,1,28,Performance Issues,22,Troubleshooting,Enzomonmon17,bought an oculus 2 for my son. this game wont even load and play without shutting down and not loading up again. you really get what you pay for. oh its free thats why.,1642402200,1.0, ,81465
M031,2,28,Performance Issues,22,Troubleshooting,PGDVenom,"fun game with a lot of easter eggs. right when i thought i was done with the game, i found a cool escape room type puzzle scavenger hunt thingy. great game would recommend",1581391414,5.0, ,161563
M031,3,28,Performance Issues,22,Troubleshooting,7.6561198147807e+16,"this game is really well made. the visuals, gun handling, textures and just everything about it is really good. normally you can't expect a free game to be this good.",1606422391,0.0,0,401863
M031,4,28,Performance Issues,22,Troubleshooting,DeepFieldDev,"i open the game and it never gets past loading, shows on my monitor but not in vr menu",1564370614,1.0,"Your Response: Hi, thank you for taking the time to let us know about your issue. We understand your frustration and would like to help. In order for us to properly assist please visit our Help Center at http://help.vrchat.com to start the troubleshooting process. Additionally we have our support team ready to assist as well. You can message them by pressing the ""Click Here for Help"" button at the bottom of the page.",360606
M031,5,28,Performance Issues,22,Troubleshooting,CURTROCK,"this feels like a work in progress. amazing potential, but not quite there yet.

suggestion:

- a beginner tutorial mode where a player can familiarize themselves with weapons/locomotion, etc. spawning into an active match and getting annihilated over & over before even getting a chance to blink , is not a pleasant experience.

i look fwd to updates and future development, and fingers crossed the devs can bring this awesome concept fully across the finish line. it’s halfway there.",1601004214,2.0,"Thanks for the kind works Curt, we have added a bunch and have a whole lot on the way including some more tutorial like areas for new players, we hope you'll stick with us!",157841
M031,6,28,Performance Issues,22,Troubleshooting,7.65611980665286e+16,ai sucks sometimes but fun game overall.,1572812226,0.0,0,499728
M031,7,28,Performance Issues,22,Troubleshooting,,"if u love torturing urself, get this game",1711801001,,,161799154
M031,8,28,Performance Issues,22,Troubleshooting,7.65611990341747e+16,"its like half life alyx, but better since you've got ur headcrabs, zombies, and public defense except this has better physics and best of all... ford.",1641253232,0.0,0,709662
M031,9,28,Performance Issues,22,Troubleshooting,Directmantis6,i got the quest 2 days ago. this was the first game i got and i’m in love. i’ve found no issues with it. the only thing i wish there was more of was weapon choice. i’d love to see some heavy weapons. like the m249 and m134. more smgs aswell like the mp7 and vector! i love this game so far and will be sinking in hundreds of hours,1574393014,5.0, ,163817
M031,10,28,Performance Issues,22,Troubleshooting,mosqitoburito,"this game is great.. but when you go on space walks it tell you to get a space vehicle, but i can't figure out how, still good tho",1671987480,4.0, ,115772
M031,11,28,Performance Issues,22,Troubleshooting,7.65611980222982e+16,a must-have if you own a vr headset. this gameplay will constantly have you coming back to beat your previous high scores. great game for having friends over and introducing them to vr aswell,1567139118,0.0,0,450145
M031,12,28,Performance Issues,22,Troubleshooting,7.65611981165462e+16,"if you loved the original and want a way harder campaign, this is for you!",1584488448,0.0,0,729424
M031,13,28,Performance Issues,22,Troubleshooting,,best game ever hands down it needs no explaining thats all i gotta say,1672972847,,,130237109
M031,14,28,Performance Issues,22,Troubleshooting,7.65611980283361e+16,"this game is really awesome. 
the physics are great and the experience is really responsive.

it would be cool if they could make a challenge mode where you hit moving targets or shoot the ball into a cup across the room or something.",1542847244,0.0,0,566514
M031,15,28,Performance Issues,22,Troubleshooting,7.65611983365262e+16,"nice game, girls look sexy and have big tits, very good music, i played one hand and i'm happy :)",1537607950,0.614877343177795,442,746808
M031,16,28,Performance Issues,22,Troubleshooting,,"my rig: valve index, i9 10900k, rtx 3090, 32gb ram, win10 pro. 

this is not a game, this is a virtual art museum. i'm not familiar with the artist, but this is thought-provoking and truly great art. and it's free. the art is generally presented in high-res images, and you could easily pay $10-15 to visit a similar exhibition. the music is a nice touch too - and you're walking inside impressive rooms and halls.
this app is for adults and it contains some nudity - but nothing major or disturbing. 

https://steamcommunity.com/sharedfiles/filedetails/?id=3112562452
i'm using an rtx 3090 and push my index to res 500% (45 million pixels per frame combining both eyes) for optimal image quality - in 80 hz. i do get reprojections, maybe res 300 - 400% is better to get solid 80 fps in my case, but reprojections are no big issue - i prefer max image quality for the art. install size is 7gb, not 20gb as it says on the store page. 

https://steamcommunity.com/sharedfiles/filedetails/?id=3112561910
index controllers are not properly supported (your hands are way too big and not correctly aligned), but still get the job done due to wands' compatibility. you teleport by pressing the index trackpad - and you have snap turning. 

in short: this is a great free and relaxing experience - well, simple like visiting a great museum of modern art. and a great way for the artists to reach a wider audience. 10/10 - for the price and impressive quality :-)

https://steamcommunity.com/sharedfiles/filedetails/?id=3112558579
now, when writing this review, there's a box saying: ""check this box if you received this product for free"" - but i did and didn't ;-)",1702415090,,,153468469
M031,17,28,Performance Issues,22,Troubleshooting,Yggdrasilbury,"this is a unique work — a true labor of love, featuring a pristine 6dof tour de force of grand vistas, natural wonders and unique cultural heritage, so real that you can almost smell and touch it and feel the wind in your face. if your main interest is in blowing things up, this might not be for you, but if you love nature and want to visit and explore unique places most people will never be able to go to, in ways that have never been possible before, you'll be amazed by this celebration of the beautiful world we live in. it's a truly fantastic use of vr, made by one of the foremost experts in the vfx and vr fields.

(n.b. due to the extremely high quality and sheer scope of the content, this is a very big download — make sure you have enough space for it, especially if you have a 64 gb quest! the oculus installer allows apps to install even if there's not space enough for the content. this is not the developer's fault, it's a bug in the oculus installer mechanism.)",1621913014,5.0, ,278710
M031,18,28,Performance Issues,22,Troubleshooting,ParadiseDecay,"2089 dlc playing on quest 2:
https://www.youtube.com/watch?v=gxvsxeim_7k

rift s v's quest comparison video:
https://www.youtube.com/watch?v=h2kvawkk9ce

my initial impressions:
pistol whip is a unique rhythm shooter that will not appeal to everyone and you'll need to be reasonably fit to get the most out of it.
satisfaction also comes in the form of getting off those shots in time to the beat.
also i think this game has not quite reached its potential yet!
i would like to see a campaign mode, some more 'dance style' tracks and other modes like speed trials etc. so hopefully the devs will continue to build and make this game even better.
i do think this is a unique game and i also think it will opened up a new genre for vr.
ps. having played both the rift s and quest version, i think i prefer the quest version due to the freedom element, ie no cable and there really is no graphical hit playing on the quest.

quest gameplay with commentary:
https://www.youtube.com/watch?v=g-sltrru1me
(please note: links might not work from oculus so please search youtube for 'paradise decay vr pistol whip'_",1606879414,4.0, ,118564
M031,19,28,Performance Issues,22,Troubleshooting,youngz2006,every time i go to a shooting range or just play a normal match a fight starts i think there should be a report system for these types of situations. other then that they did the best they could to make it an enjoyable experience for quest user,1620530614,4.0, ,226927
M031,20,28,Performance Issues,22,Troubleshooting,Braxton0071,you meet and greet so many ppl from all around the world! one friend met their wife due to this game existing! it's amazing even with the bugs that comes with it.,1569641014,5.0, ,84094
M031,21,28,Performance Issues,22,Troubleshooting,7.65611990132932e+16,"lets get one thing and one thing only straight through your thick skull. this game is in early access(as of writing this review). so many thing in this review i will mention due to the game being in early access. so, lets get started.

pros:
the pros about this game are the gore is well done and it's extreme but nothing where it will make me puke. the sounds are so good and the recoil of the guns are great. it's almost feels like a john wick/patrick bateman simulator which i love about it.it's a good time waster and you can commit many war crimes without consquences. there are different weapons to kill people so theres always a variety of things you could choose. also, theres fucking slow motion man like cmon.

cons: 
the cons are mainly about how my controls feel. whenever i go to put 2 hands on my gun, its not like any other vr game where your have to press your grip button, the hands automatically do that, which i fucking hate. also some blunt melee weapons just feel like rubber no matter how hard i hit them. also when i go into slow motion, once i get a good aim and shoot(twice) the slow motion runs out, which i feel like theres no time but i managed to get over it.

concl;
my conclusion about this game is weather or not you like very gory games  and you don't mind games that feel buggy and don't forget the game is in early access. so i recommend this game if you wanna be a john wick/patrick bateman.",1650384299,0.0,0,367585
M031,22,28,Performance Issues,22,Troubleshooting,7.6561198068122e+16,"2 matches and i'm sweaty af, getting ko's, is hard work.
simple boxing game, well made, lots of fun, 10/10 would recommend! 
",1615466067,0.0,0,494377
M031,23,28,Performance Issues,22,Troubleshooting,7.65611980007041e+16,"the worst part about half life: alyx is the oculus quest.

honestly though, this game is what makes me excited about the future of vr. i'm relatively new to vr, and this game really helps to show the strengths and weaknesses of the platform. hl:a sets a new standard for immersive vr worlds and i look forward to more games like this one.

valve screwed themselves though because now i'm expecting hl3 in vr.

long live half life!",1595024279,0.526066362857819,0,541140
M031,24,28,Performance Issues,22,Troubleshooting,denzelito,"they’re too strict! then instead of telling you why you got banned, they make you write a ticket. which is so inconvenient and unnecessary.",1602213814,1.0,"Hi Denzelito, please reach out to our support team and we can look into what happened  - http://altvr.com/support",135155
M032,1,39,Technical Issues,29,Technical Challenges,7.65611981520887e+16,i got to play a decent kino der toten zombie remake in vr . worth the money,1610835480,0.0,0,573117
M032,2,39,Technical Issues,29,Technical Challenges,7.65611988584039e+16,little kids are fuggin everywhere and that is all you will meet,1625637112,0.0,0,419869
M032,3,39,Technical Issues,29,Technical Challenges,darwins.last,one of the most intense games in vr.  headphones are a must!  very fun... dream-like.,1559618614,5.0, ,79923
M032,4,39,Technical Issues,29,Technical Challenges,blp,after today's update video is extremely shaky on a note7.  it was perfect up until the update was installed.,1472527414,2.0, ,64779
M032,5,39,Technical Issues,29,Technical Challenges,,"liked the game. the gameplay is enjoyable, and the different themes provide some variety. while the game could use some polishing, such as better graphics and smoother gameplay, it's still a fun game to play.",1709567056,,,159848584
M032,6,39,Technical Issues,29,Technical Challenges,omer.sahin.756,"rating is misleading.
not worth for money paid",1551497014,1.0, ,10900
M032,7,39,Technical Issues,29,Technical Challenges,,this good monke game run hand move you do go and burger,1713038485,,,162817349
M032,8,39,Technical Issues,29,Technical Challenges,sweetiz,"i live it, it is so much fun and scary because it feels like your really there in the pizza place it’s so cool and i love the juno scares it is a must on your oculus!",1672262520,5.0, ,260500
M032,9,39,Technical Issues,29,Technical Challenges,mangovr.7,i downloaded the game and i didn’t expect￼ that you should factory reset your headset after downloading so i got excited and hoped in my headset but it said that it failed installing i started to panic i tried to uninstall it i tried uninstalling my unused￼ games/apps and i tried resetting my headset so i don’t recommend this game for people i know it’s a cool game but i don’t think it’s easy to download.,1651178160,1.0, ,101995
M032,10,39,Technical Issues,29,Technical Challenges,QuantumParticle9,one of the best games i've played in quite some time! please continue to make more,1671526320,5.0, ,131167
M032,11,39,Technical Issues,29,Technical Challenges,MasterAwesomeReese,this team update after update is doing amazing at keeping this game interesting and fun. without a doubt the best american football experience available on meta quest.,1650033480,5.0,"Hi MasterAwesomeReese, thanks for the kind word!  We're glad you like the update!",217526
M032,12,39,Technical Issues,29,Technical Challenges,7.65611981146855e+16,"i suck his dick with a smile for hours at a time
stare at his nutsack while i hold back my cum tonight
and when he ask me what position i say, ""doggystyle""
(and when they ask me what position i say, ""doggystyle"")
but the fact is
i can never get off of his fat dick
and all that they can ask is (ask is, ask is)
""i just wanna smack it"" (i just wanna smack it)

here's what the fact is
he can put my asshole in a casket (yuh, yuh, yuh)
asshole in a casket

so you can see i'm cummin'
but you won't see me nut
and i'll just keep on suckin', i'm good (yeah, i'm good)
and if he sucks my glizzy
i will become dizzy
but it keeps us busy, i'm good (yeah, i'm good)
i've been twerking for boys for so long
i'vе been flirting with boys for so long
my jaw's been hurting for so, so long it's real
so long, it's real, so long, it's real

always bеin' judged by a bunch of sexy faces
stickin' up the guys, haven't seen a girl in ages
but i've been places
kissin' guy's faces
kissin' guy's faces
kissin' guy's faces
but the fact is
kissin' guys is all that i have practiced
suckin' glizzies while i'm on my mattress
i just really wish that i could smack it (i just wanna smack it)


here's what the fact is
he can put my asshole in a casket (yuh, yuh, yuh)
asshole in a casket

[chorus]
so you can see i'm cummin'
but you won't see me nut
and i'll just keep on suckin', i'm good (yeah, i'm good)
and if he sucks my glizzy
i will become dizzy
but it keeps us busy, i'm good (yeah, i'm good)
i've been twerking for boys for so long
i've been flirting with boys for so long
my jaw's been hurting for so, so long it's real
so long, it's real, so long, it's real

so long, it's real
so long, it's real
so long, it's real",1641160473,0.523809552192688,0,619143
M032,13,39,Technical Issues,29,Technical Challenges,EnragedCrawdad121,"for starters, i absolutely love this game. there are some major issues, in my opinion, with the save function. one instead of a ""save and leave"" button there should be a ""save"" and a ""save and leave"" button. two and the most important error that i've seen is that the saved data should be permanent until it has been overwritten or the player or player party has lost all their players during gameplay. i have already lost hours of gameplay simply because i clicked the ""save and leave"" button then tried to re-host the game but was told to join a seperate game beinh held and so i left the card purchasing area using the ""leave game"" button on my wrist only to find out that my saved data is gone since i didn't click ""save and leave"". this, i found, was very frustrating but could be solved with making the saved data permenant with a time/date stamp and errasable by overwriting or simply adding a deleting option. i hope this feedback is helpful.",1641189720,5.0, ,287293
M032,14,39,Technical Issues,29,Technical Challenges,7.65611979705418e+16,"it gives you a dollar laugh. 
in a few days, this experience will be forgotten.. but for now, it is worth the buck.",1478362702,0.694248020648956,4,563732
M032,15,39,Technical Issues,29,Technical Challenges,Silent_Slasher,"trying to get rid of this app. google map sucks. had till today to cancel and not sure how, but i got charged!!!!",1619234614,1.0, ,115691
M032,16,39,Technical Issues,29,Technical Challenges,,"this game is the ideal game to change the landscape of the vr games. the  fact it looks so good while also keeping a compatibility layer with the quest 2. it is really boneworks with more games modes optimized for quest 2. there is a downside that it feels like it was designed for quest, but it doesn't feel as good as boneworks. overall and amazing game.",1665349888,,,123609160
M032,17,39,Technical Issues,29,Technical Challenges,7.65611979983457e+16,"just when you think the winter season is over, you get the biggest snow storm of the year! 
wow, this game is a breath of fresh air. the snowboarding, the wingsuit & the sense of speed in this game is one of my favorite vr experiences yet. my favorite being the free style where you can earn points by doing extreme stunts & catching big air. cant wait to see what they add next & all the other levels that are yet to be released. if you like extreme sports, snowboarding or just vr in general. check this game out!!

check out the amazing footage:
https://youtu.be/e7ytx1xxr68
",1615268891,0.0,0,370902
M032,18,39,Technical Issues,29,Technical Challenges,Mr_bille06,good game and all but the player base is 85% toxic 10 year olds that ruin the experience,1618716214,3.0, ,140655
M032,19,39,Technical Issues,29,Technical Challenges,beelzebub420,definitely not the best mmo in general but pretty fun for a vr game. especially having it on a quest 2 without pc.,1643420100,4.0, ,284315
M032,20,39,Technical Issues,29,Technical Challenges,,"ai is better but reloading with index controllers is no good
although it is very addicting because of the frustration after a while you will say im good for now",1680282307,,,135813682
M032,21,39,Technical Issues,29,Technical Challenges,havegunswilltravel,"this game is the best battle royale experience that you can have in vr right now. im playing on the quest 2 and im always blown away by what this little headset can do without a pc. the map is huge, the game runs smoothly, and the gameplay is fun and fast paced. i do wish that games would last a little longer but maybe in the future we will get more than 18 players. i would describe this game as slightly arcady in a way but its not a bad thing, it just means that things get simplified where they can be, to make gameplay smoother. i do wish that i could get rid of the floating crosshair but i dont hate it and in fact it comes in handy now and then. another thing that really separates this game is the vertical aspect. you can climb anything and you can glide long distances. it brings a whole different element to the game. especially because you can also build quick cover. if you really get into it you can climb very fast and get a good shoulder workout at the same time lol. the sniper is a little wonky because when you ads it goes full screen sniper scope view, but i was practicing with it against bots (did i mention you can practice against bots? very good feature) and if you get used to it, its not terrible. overall i am extremely satisfied with my purchase and i paid full price, i was also not part of any early beta testing. i was skeptical when i saw another battle royale for vr because so many of them sucked, but this game really delivered for me. also its crossbuy so thats something i appreciate from a dev. 4 thumbs up. 11/10 also one last thing, the community so far has been some of the best ive experienced in vr shooters.",1603596214,5.0, ,211462
M032,22,39,Technical Issues,29,Technical Challenges,7.65611980088934e+16,"children love it , simple , fun, these are the sort of games i like to see for the younger generation.
works well no problems no bugs only the ones we shoot at.",1596429438,0.0,0,480524
M032,23,39,Technical Issues,29,Technical Challenges,Madisyn0914,love the game but i need more jobs. great game tho,1672279560,5.0, ,267783
M032,24,39,Technical Issues,29,Technical Challenges,7.65611979610177e+16,splendid. you can deftly adorn a mannequin with googly eyes and other paraphernalia. it supports your own jpegs and has a large environment to soak in. [spoiler]see also: wearvr.com/apps/wrens-quality-kicks[/spoiler],1482099846,0.563694596290588,1,518874
M033,1,39,Technical Issues,16,UE Issues,abrar_hussain532,very informative app regarding life on iss although it is not a full vr experience but vr photoshots of an iss compartments/nodes with detailed explaining 2d videos of different modules. but still in this small file size experience is really immersive and informative. looking forward to full vr experience of iss from developers if feasible,1568949814,5.0, ,11249
M033,2,39,Technical Issues,16,UE Issues,Max_Immelmann,"i sat for an hour trying to figure out how to play my 3d movies.  nothing worked or helped.  tutorial is a joke.  who ever thought up your hand control ui....fire them!  never let them work in the industry again.  why bring up a keyboard, and then not let me use it????

this could very easily be a 5 star app.  just start from scratch, with new people.  you got close with htis version, but you had idiots working for ya.",1566444214,1.0, ,310482
M033,3,39,Technical Issues,16,UE Issues,orlee008,paid for and tried installing but fails everytime. downloads 665mb file and fails right away. tried clearing facebook data as suggested. have 8gb free device storage on samsung galaxy s7 edge. this hasn't happened with any other vr games. what next? update? refund?,1483241014,2.0,"Hi, sorry for this issue, there is a little bug with the store and you have to install the game through the headset.",11627
M033,4,39,Technical Issues,16,UE Issues,,this game is just nice for taking out your anger on the poor npcs love it,1671972966,,,129247409
M033,5,39,Technical Issues,16,UE Issues,Nozilla84,this will be a good game if you get motion sickness because you do not move with the sick you move and if shooting games or just fighting games just aren’t you well than this games for you!!!!,1653347400,5.0, ,266398
M033,6,39,Technical Issues,16,UE Issues,pazzoutboy,it's free and a concept so not great but who cares it's free,1472959414,4.0, ,18221
M033,7,39,Technical Issues,16,UE Issues,Maddox Porteous,i like it but motion sickness but very good game,1616556214,5.0, ,115890
M033,8,39,Technical Issues,16,UE Issues,Quazar_0,this game is a mix with comedy and puzzle and is really fun to play and there is a lot of stuff to do you can unlock achievements and there are a fair amounting levels overall i rated it 5 stars for it’s awesome gameplay and funny campaign and after you play the levels you can keep playing them great game i recommend.,1620876214,5.0, ,92969
M033,9,39,Technical Issues,16,UE Issues,7.65611980404822e+16,"community can be toxic sometimes, but other times its great. i liked almost every minute of it.",1620698052,0.0,0,571406
M033,10,39,Technical Issues,16,UE Issues,foxtrottits,"love this game. it's really exciting, and connecting with receivers is very satisfying. it's easy to get into the game, i find myself yelling at my team the entire time i'm playing, you really feel like a field general. 

while i feel they do a great job of making you feel like you're on a football field, the immersion is broken when i can't feel the taut backside of my center. please add this as a multiplayer feature.",1594610614,5.0, ,218350
M033,11,39,Technical Issues,16,UE Issues,7.65611979707861e+16,"this is a fantastic example of how to make a game for vr that couldn't exist in any other medium. it is one of the first games i show folks when demoing my headset.

ps: the reviews complaining on here about the removal of a couple of scenes are super dumb.",1638225768,0.491553515195847,0,612297
M033,12,39,Technical Issues,16,UE Issues,7.65611981690812e+16,"after play beat saber for over 200 hours, my arms have offically fallen off, i have lost both my arms and i will now sue beat saber for this loss, that is my only con  of this game but the pros are everything else, i will now start to play with my feet and legs to continue my beat saber adventures.

edit. after playing for a good long time my legs have also fallen off, i will now get fake arms and legs to continue adventure

edit. both my arms and legs have fallen off again, idk what to do this time, but i now have the ability of telepathy and i shall play with my mind

10/10 would recommend if you want to loss both your arms, legs and mind

sdkfjn;sdklfpsdhjf;'/sadljv;lkms nvmsd:lrfkjv';sld;cv:lksdhnjv"";sl<k mvlksjkdjkv?sdlm nv;lsadfkmlv'",1562127595,0.0,1,640727
M033,13,39,Technical Issues,16,UE Issues,ninjazx500,must be one of the best apps out there right now for the gear vr. free and it works well as a short tech demo to show off the best the vr has to offer.,1484882614,5.0, ,22383
M033,14,39,Technical Issues,16,UE Issues,FHT1,"what very nice game this is, great controls, great graphics. ",1461295414,5.0, ,63214
M033,15,39,Technical Issues,16,UE Issues,7.65611981956423e+16,"i like this game, and what i see that stands out is this vr title is based on pve, which is something i enjoy more than pvp",1592229737,0.0,0,735194
M033,16,39,Technical Issues,16,UE Issues,7.65611980258494e+16,"started the game.
grab a sword and shield.
walked down a hallway and found a shop keeper.
old man wanted a lot of money.
i though to myself ""can i kill him?""
swung sword.
old man killed me.

so much fun.",1533952433,0.544349431991577,14,685614
M033,17,39,Technical Issues,16,UE Issues,7.65611980756441e+16,"i play it in short bursts, but the individual tracks are lots of fun and the campaign so far is pretty cool. i like that its a shooter and a rhythm game but not being on beat doesn't necessarily keep you from advancing, just lowers your final score. it's fun to play through a level, and then once you learn where enemies are you replay it with getting kills on beat. really enjoy it.",1609380635,0.0,0,377609
M033,18,39,Technical Issues,16,UE Issues,7.65611980988221e+16,"this game makes me feel like a maniac if i play it for more than an hour at a time. be cautious, otherwise pretty good.",1627235439,0.0,0,657417
M033,19,39,Technical Issues,16,UE Issues,7.65611979788294e+16,"i bought creed and it's quite immediately apparent that it simulates hands in a very different way than knockout league does. though i've only put in a first session, it's a lot of fun, and (to my surprise) sometimes the disconnect between virtual gloves and controllers is actually part of the strategy and fun.


i know i'll be disappointed by the length of career mode. fingers crossed that the pvp has some legs, and the difficulty settings on the boxers for free play seems enjoyable as well.

i started on champion difficulty and it takes a lot of stamina to out-last the boxers. barely won first match first try, then lost twice to the second career mode opponent, practiced some of the gym activities and need my first breather already. :-]

feels really good to watch and see if punches connect, i think i've leaned into punches a few times so it's not just more moving around is good for dodging. still not 100% on how to trigger slow-mo, i'm guessing it's from a last moment dodge on the sparkly wind-up punches.

and the advanced locomotion is great, i don't know if it's practical but it feels good to have the option to reposition.

really makes it feel like being in the ring. great fun.",1537909566,0.556868553161621,1,706752
M033,20,39,Technical Issues,16,UE Issues,jendy.spires,took about two days to get the hang of it. about day 3 i have started learning tricks to show off during the game lol. this is such a good game. i can’t believe that it is free!,1602905014,5.0, ,148947
M033,21,39,Technical Issues,16,UE Issues,TTCOnlineCreative,"not sure how this launched, even in beta. it is a lot like job simulator and even has a good tutorial, but i was unable to complete even the most basic actions because the food slips around like it was covered in teflon. cannot make a burger if the lettuce refuses to stay on the burger. i will happily update my review if the mechanics of the game are improved.",1516591414,1.0,"hi,
We have fixed this issue in today update (Jan 29, 2018).
The update contains:
- significant changes in food items physics and mechanics to allow player to stack burger/hotdog ingredients easily
-lettuce, tomato and cooked meat will easily stay on burger bun (on plate)
- cooked hotdog meat will stay on hotdog bun easily, even if you slam, push, squeeze it.
- no more ""slippery food"" item like covered in teflon
- no more ""bouncing plate"" on table top.
We hope that you will give the game another try.
Thank you for support and patience!
Regards,
Play Spirit",325971
M033,22,39,Technical Issues,16,UE Issues,sylnodel,the mix of shooting a bunch of guys on a great beat and having to move matrix style to dodge bullets and walls is awesome. it's my favorite game on the quest right now. i never would have expected that. and you keep trying to improve yourself so the replay ability is strong.,1579145014,5.0, ,119812
M033,23,39,Technical Issues,16,UE Issues,7.65611979934691e+16,penultimate rhythm game in vr. works on potato vr too.,1631354549,0,0,620775
M033,24,39,Technical Issues,16,UE Issues,janet.woodville,i’m having lots trouble getting myself properly in line with table. i’m sure what’s wrong. i’ve tried room-scale and stationary yet i am floating way above the table. i even restarted my quest. no change. please check this matter. thank you.,1594178614,5.0,"please go through the tutorial that guides you on how to set up the table position

If you are still stuck, please contact us

me:carrotstien
discord: https://tiny.cc/vr11
email: devs@forfunlabs.com",97831
M034,1,40,Troubleshooting,22,Troubleshooting,7.65611991294698e+16,undoubtably the best vr game there is. after you finish the story mode just browse through the workshop for some amazing mods and new games for it built by end users.,1643470214,0.0,0,524634
M034,2,40,Troubleshooting,22,Troubleshooting,Alx886,"great game and well worth what i paid, it’s a fun experience and a good way to dip your toes i to vr",1597029814,5.0, ,124364
M034,3,40,Troubleshooting,22,Troubleshooting,7.65611980807515e+16,"i feel like this game is getting way more hate than it actually deserves, it runs fine on my computer with an rtx 2080ti i7-8700k 32gb of ram and its installed on a 2tb hdd. although most of my computer is above their spec  i've  seen others complain about poor performance with 3080's. i have only dipped my toes into the story and while there are literal ""missions"" where characters will say a few sentences then it ends with a victory screen the combat is pretty fun. gunplay feels really good, my only complaint would be how reloading is done, i don't like how you have to release the magazine in a designated spot on the gun and then you have to pull the slide back even if there is ammo in the chamber. i haven't tried the multiplayer yet but since the combat feels good in the story i have high hopes for multi-player",1607706876,0.452342122793198,2,405618
M034,4,40,Troubleshooting,22,Troubleshooting,7.65611980035954e+16,an absolute classic that should be everyone's first vr experience. also a decent half-life game.,1589712333,0.523809552192688,0,543996
M034,5,40,Troubleshooting,22,Troubleshooting,,the ground is calling me whispering.... telling me i have to play rumble.... telling me i must bend the earth..... i must play i need to play i need to rumble i need to bend earth..... the ground is calling i must heed its call i must rumble,1714834399,,,164313988
M034,6,40,Troubleshooting,22,Troubleshooting,Deetee1980,i got this working initially with my pc connected wifi and it was more than usable but with graphics taking a slight hit occasionally. i have since run a cat 6 ethernet cable and it now works better than the official link cable. oculus should employ the devs because they are doing what oculus should be. top job 👍,1603596214,5.0, ,101338
M034,7,40,Troubleshooting,22,Troubleshooting,7.65611979732498e+16,"slow. very slow. your character crawls at an infuriating pace. 

the melee fighting is awful. they seem to always block a set number of attacks based on your weapon and then the hits go through. swing and have your weapon go through the enemy at times. 

the screen doesn't scale correctly onto the tv so others can't watch.

there's no music. the game feels unfinished because of it.

it's pretty standard to have at least a three class system. they finished two of them, but when they looked at the mage i imagine they said ""covid's preventing us from completing it, so we're just going to go 1.0 without finishing the game."" again, it feels unfinished. 

i like the inventory, but that's not saying much since the thing i dislike the most is inventory management.

response to developer: i was wondering about that joke in my review about the mage being ""too hard to develop."" since it's clear that nowadays people can't separate fact from fiction anymore i've changed it to reflect the real situation. you've just admitted to me that you didn't finish the game as you came out of early access without all the intended content. my tip would be that once you go 1.0 it's an implication to people that you've finished your game and you won't be adding any more to it. i don't know if you still intend to add the mage at some point, but really you shouldn't stick a pin in it until you're actually done what you planned.

music - i disagree with your direction on it. i just don't like it. there's no debate since it's just a matter of opinion.

time - i'm sure you're aware but there is a very short amount of time steam allows you to decide on something. i had played enough of the melee fighting to know that i didn't like it, and i wasn't interested in being an archer. my goto would have been a mage, but... yeah.

sorry, i just don't like your game. it's not that big of a deal.",1615691062,0.346820801496506,4,598651
M034,8,40,Troubleshooting,22,Troubleshooting,Reflecto,"a fun platformer for anyone who is new to vr! great voice acting, bright colors, immersive environment. i 100%  recommend moss!!! 🐭 🛡",1583983414,4.0, ,74417
M034,9,40,Troubleshooting,22,Troubleshooting,7.65611980673336e+16,its a gorgeous animated short and i would love to see more of this type of content for vr.,1519039493,0.0,0,481337
M034,10,40,Troubleshooting,22,Troubleshooting,Oof74,my most favorite game to play on oculus i recommend,1610162614,5.0, ,77010
M034,11,40,Troubleshooting,22,Troubleshooting,M1cH3LL,"i really like this thing and looking forward to whats coming next. its like mindshow, but better. it has a puppet mode that is really fun, also the fact that you can import own objects and characters makes it perfect for own creation. i wish there would be an option to rework the animation of the bones in the replay frame by frame, for a really good shot.",1524885814,5.0,"Thanks, reading this made our day! We've talked quite a bit about frame-by-frame editing, so I think I can safely say it's coming, but it'll be a little ways down the line (lots of things to fix and finish up in the meantime!).",354062
M034,12,40,Troubleshooting,22,Troubleshooting,Ghostofmemepast,i got the game to do with family and its fun watching people get scared but i feel they could have done more. i would say it's about 5 mins per person and then that's it. i feel they could have done more especially at $15. please don't touch anything vr is only $10 and has more content than this. i feel they could have made it cheaper or added more content. it was pretty fun but not $15 worth.,1588303414,3.0, ,72191
M034,13,40,Troubleshooting,22,Troubleshooting,abbeymperry13,this seems like a really fun game but it keeps kicking me out. i can go back in and pick up where i left off but then it just kicks me out again.,1577417014,4.0, ,68338
M034,14,40,Troubleshooting,22,Troubleshooting,Joleytime,"instantaneously, i fell in love with quill. the environment, the perspective, and this main character being the cutest hero all mixed into beautiful lore. kudos to devs.",1581045814,5.0, ,74489
M034,15,40,Troubleshooting,22,Troubleshooting,7.65611983612716e+16,"they updated it and fixed said issues

why they left all the good quality of life features out of this that were in out of ammo( turning> really)
is beyond me. this game would be amazingo if they didnt give up on it. one survival mode, some options like snap turning ect and this game would be fire. instead its hot shit.",1578546449,0.517285883426666,0,579677
M034,16,40,Troubleshooting,22,Troubleshooting,7.65611979987394e+16,"the environments for this game are beautiful, the weapons varied, the action fast paced.  the difficulty, as most have observed, is that there's not a playerbase to generate random matches.  if you buy the game, be sure to sign up for the discord so you can coordinate matches with other fans.

this is a good game, and i can't wait for it to get the recognition that it deserves someday.",1635817632,0,0,671094
M034,17,40,Troubleshooting,22,Troubleshooting,7.65611979999206e+16,"cloud saves please! just lost my progress from reformatting. also backed up /documents and they weren't in there.

[b]experienced on the valve index & knuckles[/b]

this is a fantastic, polished sword fighting roguelike. normally i hate roguelikes, but with vr it works out ok as i never want to play for long stretches of time anyway. from the makers of i expect you to die, this shows just as much care and attention to both gameplay mechanics and the opportunities of vr. it's definitely a challenging game though, you need very quick reactions and the enemies get difficult very quickly. the animations are pretty good, the sound and music are awesome, and the game does a really good job of making you feel like a sword master.

my only real criticisms so far are:
- the indicators for where to place your swords to block an attack do not stand out enough visually, so sometimes i get killed by an attack i didn't even know was coming.
- if you want to progress, you basically have to just choose ""money"" as the reward at the end of every arena rather than improving your gear, because you get a tiny amount of cash to spend on upgrades if you don't. i'd like to see more cash as a reward for completing a level so you don't have to just grind the same first few levels lots of times to improve your weapons
- i wouldn't mind a slightly longer difficulty curve. the stages seem to be the same every time rather than random, and while i am continually making progress, i find it consistently very difficult to dodge in time; you get about 400 milliseconds of an arrow telling you which way to throw yourself before you get killed",1574955386,0,0,731528
M034,18,40,Troubleshooting,22,Troubleshooting,7.65611980162939e+16,30 minutes in and i can already tell  that this is going to be one of the best games.,1585175380,0.0,0,556048
M034,19,40,Troubleshooting,22,Troubleshooting,7.65611980425983e+16,easily the best vr purchase i've made. could use more songs but its still early,1525581229,0.0,0,649440
M034,20,40,Troubleshooting,22,Troubleshooting,7.65611980018436e+16,"a fantastic return to form from valve. not only is it probably the best vr game, it's also a damn good half-life game. a must have for any vr user. it feels good to play a new half-life game.",1585372196,0.0,0,553135
M034,21,40,Troubleshooting,22,Troubleshooting,7.6561198192412e+16,good game have good physics and good graphgics,1586843715,0.0,0,717981
M034,22,40,Troubleshooting,22,Troubleshooting,KodaChihuahua,"i only play my oculus quest for like 30-45 minutes at a time. in this amount of time, after setting up my character, the game has been too difficult to figure out. also, the level of polish is not there and i'm not referring to the graphics. for example when i waved at a person to get a new mission, their face didn't change. a dialog appeared with text but their face didn't change at all. 

i just couldn't get over the learning curve since i only play my quest in spurts. i watched multiple youtube videos before making the purchase and i thought it would be enough to get over the learning curve. for me this was a miss but i'm sure it will be good for some others.",1577503414,1.0, ,178423
M034,23,40,Troubleshooting,22,Troubleshooting,7.65611980076571e+16,"had no problems with this game/story, as it is more a story that you experience than a game.
i quite enjoyed the experience but would say it is too short.
completed in less than 2.3 hours but did find it engaging. 
not something i will go back to but worth sharing with a friend.",1498734696,0.618055582046509,1,596766
M034,24,40,Troubleshooting,22,Troubleshooting,7.65611980237842e+16,an absolute revelation in vr. i am constantly in awe...,1585293764,0.0,0,554002
M035,1,40,Troubleshooting,21,Bug Reporting,7.65611980168678e+16,"there is a whole lot not to like about this game but i think the absolute worst is the lack of optimization. i have a 10900k @ 5.3ghz and an evga ftw3 ultra 3090. this game runs like crap even on those specs. this game is horrible plain and simple. animations are wack, gun handling is wack, running bobbing makes you sick, and servers and campaign are trash. save your money and go buy an actually good vr game.",1613394187,0.530805706977844,1,404962
M035,2,40,Troubleshooting,21,Bug Reporting,Mendi9,i bought the game it worked 1 day and now the same as what other people are saying i’m up higher then the screen and my hands are low!! it’s fixed yaaaaay!!! a lot of fun with a crowd!!,1545621814,5.0, ,330370
M035,3,40,Troubleshooting,21,Bug Reporting,7.65611988021718e+16,"beat saber is an awesome game. it is extremely fun! if you have mods and custom songs, you will easily play 2-5hrs in one session. it is a great workout as well. what could be more enjoyable then slashing blocks to the beat of the music with sabers?
as long as you have a reasonable pc, it doesn't bug/glitch. it is supported by liv so you set up easily for streaming (compatible with compositor & streamer kit- twitch chat, etc...). 
highly recommend this game to those who like a good workout in a groovy atmosphere.
worth the money!",1603849958,0.0,0,627536
M035,4,40,Troubleshooting,21,Bug Reporting,Blizzard210,i am a fan of the sniper elite games on console and this is awesome it very immersive and has great graphics,1665954240,5.0, ,207588
M035,5,40,Troubleshooting,21,Bug Reporting,7.65611981993933e+16,"so i played some of this game and here are my pros and cons
pros
graphics are pretty decent its definately prettier then something like blade and sorcery.
weapons are kind of a gray area for me because of another point i'll get to.
enemies are diverse you can fight zombies, skeletons, armed zombies and skeletons ect.
arena trap are a pretty nice way to keep you on your toes and watch for your enviroment

cons
back to the weapons they feel like they have weight to them but sometimes they don't seem to connect
for example i hit an enemy's shield but it also connects with their head but seems to not count beacause it hit the shield? 
the enemies are damage sponges later in the game even if you've hit them 10 times in the face with a morgenstar they still don't die
generally the enemies are annoying to fight and it just sucks all the fun out of it.  
",1603969581,0.494909465312958,2,370022
M035,6,40,Troubleshooting,21,Bug Reporting,Lord Hefa,"i have a list of things it needs 

1: the ability to break and place walls 
i liked how in the pc version it’s was a lot more realistic and a lot different than this one

2: the ability to retexture floors and walls

3: the ability to paint floors and roof
i will want to make a black or white kitchen or room or something along the lines of that and then i’ll have x coolers walls and then a purple floor

4: labels  
jobs are so hard with out labels

5: a walking type movement 
i’ll just play a game with like a lot of walking and then i try it and i do this for like 10 minutes 

6: more houses for flipping 
i got to the best house in 2 flips 

7: the ability to visit the house before buying it you can’t do anything but you can still visit it
 
7: land scaping 


8: the ability to paint the outside of the house",1613273014,4.0, ,206939
M035,7,40,Troubleshooting,21,Bug Reporting,,very nice game but just dont hit your wall :(,1721415015,,,170262689
M035,8,40,Troubleshooting,21,Bug Reporting,7.65611980128671e+16,"this game is brilliant, seriously. i'm using htc vive, room scaling work well, music is great, the concept is simple, but really well executed.

i feel like this is the only vr game yet that would make you invest into the setup. it offers more new experiences than anything i've ever tried before and once you get the hang of it. it just feels good to play it. angel voices track is actually brilliant, love dancing to it, feels great.

since the game now belongs to oculus aka facebook, let's see how this will affect the game.",1534114774,0.523809552192688,0,647114
M035,9,40,Troubleshooting,21,Bug Reporting,shawntburt,had a blast playing the game. it really felt like you were there in person interacting with the objects. levels were a good challenge but not to difficult. only wish there were more missions but it sounds like a follow up is in the works.,1575516214,5.0, ,94093
M035,10,40,Troubleshooting,21,Bug Reporting,7.65611980121191e+16,"this is a fucking strong experience. i haven't finished the game yet because of limited time, but the little i spent i was amazed. it is worth every penny. (i got it via bundle probably though). i sincerely think this is one of the best vr experiences out there.

note:
great headphones are a must. i played it on oculus rift s and native controllers are supported even though steam overlay says something different.",1582661649,0.0,0,697184
M035,11,40,Troubleshooting,21,Bug Reporting,7.65611980145015e+16,so far i love this game. all i see is potential. i havent even gotten into rigging and scripting yet.,1524355039,0.523809552192688,0,507062
M035,12,40,Troubleshooting,21,Bug Reporting,Catchkeeper,"it get boring very fast. you are not free to move around. graphics are… bad. this could have be a nice game if it was totally different. moving around, more diversity, real personality and story, better game performance and graphics. 

it would be nice to be able to smack the zombies with our guns once they are close. grab random item, melee weapon etc.",1644185640,2.0, ,235970
M035,13,40,Troubleshooting,21,Bug Reporting,7.65611980184159e+16,"honestly the game was good, even though i couldn't play it. i got about an hour in before i had to call it quits. if you are quick to sickness then be careful when playing this title. the mechanics are none like i've seen before and are awesome in the way they were implemented, and the hordes of zombies <3<3<3!!! if i could manage to play this game without getting sick i would definitely buy it again.",1506156014,0.0,0,436360
M035,14,40,Troubleshooting,21,Bug Reporting,DocMAX78,comming from alvr this piece of software blowed my mind. much better! the picture quality and latency actually makes you feel you are using oculus link but without cables. you can feel that the developer is putting a lot of effort in this project. everything is working so perfectly and polished that you actually don't need your pc monitor anymore. keep up the good work! gives wireless headsets lots of value! thank your very much!!!,1607138614,5.0, ,101488
M035,15,40,Troubleshooting,21,Bug Reporting,Cturbo28,i had a lot fun right until it started to glitch and so i went for a refund and it was denied. absolutely unbelievable. i looked at the policy and i met every requirement. absolute terrible experience.,1667505360,1.0, ,86149
M035,16,40,Troubleshooting,21,Bug Reporting,7.65611980018079e+16,i've only played 17 minutes as of the writing of this post and i've already punched my tv playing this game. 10/10 will buy (tv) again.,1543789124,0.474137902259827,2,671868
M035,17,40,Troubleshooting,21,Bug Reporting,7.65611980102843e+16,"amazingly immersive, a very well optimized game that looks amazing even on the lowest settings. half-life: alyx is the pinnacle of vr games currently available. many of the items in the game can be interacted with, the story is enjoyable, parts of it are terrifying. overall a 10/10 game that anyone with a compatible vr headset should try out!",1609498517,0.0,0,534047
M035,18,40,Troubleshooting,21,Bug Reporting,7.65611981187786e+16,"just tried this on cv1. it's not a game as such, but as an exploration/sitting around admiring the view experience, it's fantastic. the visuals look great and the minigames are entertaining (particularly flying as the bird). if you're looking for somewhere to just hang out in vr, this is perfect.",1461350682,0.518397212028503,0,446882
M035,19,40,Troubleshooting,21,Bug Reporting,Rob777Az,"being from az brought me to this. i considered passing it up at first as it thought it  would be short and repetitive for the cost,  but it was awesome! 

great environment with running water and cliffs.......... fun game play and weapons.. also has some witty voiceover and of course az sunshine! 

some of the horde parts are tough, but but you get better and better with various weapon use and gun play.  or give yourself ample room to move around to keep clear.",1645061940,5.0, ,144112
M035,20,40,Troubleshooting,21,Bug Reporting,7.65611979715993e+16,"you'll want more when it ends.  

on the laser cubes it would be nice for the rotation of the cube to be controlled by the rotation of the motion controller, it didn't feel the best.  

it will be great to see what happens from here.",1463647121,0,0,460237
M035,21,40,Troubleshooting,21,Bug Reporting,7.65611979710619e+16,"this is one of the best melee combat physics games i have played. great selection of weapons and tons of mods to use on the game. if you are into melee combat, this is the best vr has to offer.",1613434452,0.523809552192688,0,660137
M035,22,40,Troubleshooting,21,Bug Reporting,,controls are bit of a pain and takes time to master but overall fun and community is respectful when fighting,1664134573,,,122830539
M035,23,40,Troubleshooting,21,Bug Reporting,jasslove17,love this game played twice lol...need more levels plzzzzzzzz,1459481014,5.0, ,62433
M035,24,40,Troubleshooting,21,Bug Reporting,7.6561198167372e+16,the movement in the game is not as great as other vr games. the humor was off-putting as well as the guy talking over the radio to you throughout the game has a really annoying voice.,1613579544,0.0,0,689527
M036,1,32,Privacy & Security,8,Safety,,"not enjoyable at all. controls aren¡¯t set up for index, tree in the simulator and yardage way off.",1692415850,,,144534687
M036,2,32,Privacy & Security,8,Safety,Rockavik,dog fights and combat is good but i feel the immersiveness is cut short when they stop the mission. i feel like it should have been more like a wing commander 3 & 4 experience. where the story continues after you land after a mission. story & exploring the ship and then jumping in the cockpit for a dog fight is where it should be at! the foundation is there so fingers crossed for the future! ;-),1597461814,3.0, ,354071
M036,3,32,Privacy & Security,8,Safety,7.65611981634845e+16,"not a bad game if you have the storage. regardless though, this does not need to be 171 gb",1645326544,0.0,0,404461
M036,4,32,Privacy & Security,8,Safety,,"sadly, i cannot say that i recommend this game in it's current state. it shows promise, and the developer has shown that they're capable of making a good experience, like with paradox of hope, and i think it's fantastic that he offered this for free to everyone that had poh. however, i sadly can't suggest this game right now. by all means, if you can afford the 15$, buy it to support the development, but don't expect a very good game in its current state. it's very early in dev, with a one man team, and it shows. it's got promise, though.",1714009661,,,163534312
M036,5,32,Privacy & Security,8,Safety,Broccoli_Ninja,"great game but short, kind of disappointing that you don't get to do sword on sword combat but very fun",1596684214,5.0, ,161359
M036,6,32,Privacy & Security,8,Safety,,good game. gun-play can get repetitive but is still fun. wish the campaign was longer.,1702858622,,,153827147
M036,7,32,Privacy & Security,8,Safety,,"for a first day release, this game is really good! there's some things that need some tuning (ghosts should run faster and walk through doors, add game rules, add a list of servers to join), and i'm curious to see what gets added. new maps is a big one, but also game modes would be really fun. some of the controls could be better, like having to pull both triggers to kill someone, instead of 1. this would prevent accidental killing, which happens often enough. 

the biggest problem is that the game has almost no way to vet kids from playing the game. the random servers are completely unplayable, as the game is filled with dumb kids and toxic gamers. full disclosure: if i didn't join a discord server to play with actual adults, i would have refunded this game.",1668150246,,,125283695
M036,8,32,Privacy & Security,8,Safety,nervouswaffle,"rec room isn’t just a social application, it’s an entire universe. in rec room, you are given so many things to interact with, such as being able to drink, climb, wall jump, draw, and so much more. the cross platform gameplay is absolutely incredible. you are able to play with friends from other consoles. while other apps like vrchat are only cross platform with rift, rift s, quest, and pc, rec room can be played together with ios, pc, psvr, quest, vive, and the rift. truly phenomenal and deserves an immeasurable amount of praise.",1577935414,5.0, ,141914
M036,9,32,Privacy & Security,8,Safety,,"a fascinating problem solving game that utilizes vr capabilities in a unique way.
i recommend any puzzle-enjoyer to give it a try, whether they are looking to solve a problem in a relaxed way or want to optimize every move so they can watch a highly efficient team of robots throw around fruits like crazy and reach the maximum possible output of a desired product.",1667522517,,,124909138
M036,10,32,Privacy & Security,8,Safety,7.65611979634347e+16,"love spt! and i don't even like wave shooters... 

awesome way to introduce anyone to vr. 

come at me droids!",1570882558,0.523809552192688,0,450130
M036,11,32,Privacy & Security,8,Safety,7.65611980251969e+16,"excellent and relaxing fun making goofy pixelated worlds with friends. grow into a giant to sculpt the big picture, shrink down to work on the fine details, then become a giant again to admire your work.

multiplayer is a bit confusing to get started, but worth persisting with.",1468189092,0.527559041976929,0,449716
M036,12,32,Privacy & Security,8,Safety,7.65611990792895e+16,this game is ngl the best vr game in my opinion but dont mod in publics and dont grief in privates,1643940702,0.0,0,417860
M036,13,32,Privacy & Security,8,Safety,7.65611979839554e+16,"highly recommended, good if you like room scale vr, moving around, archery style",1542117389,0,0,479715
M036,14,32,Privacy & Security,8,Safety,7.65611983668665e+16,"perfect. worth every dollar. especially now we have workshop support. 
the main story is incredible, but loses some lustre in flat-screen, whereby you don't get any of the interaction etc that comes from vr. 
story - 10/10
gameplay - 9/10 lacks melee
length - 15 hours on the first playthrough and still too short.",1589637123,0.545454561710358,0,544079
M036,15,32,Privacy & Security,8,Safety,serupl,"good game !
but on steam is version beta 1.4
update pleeeeease ;)",1535081014,5.0, ,342533
M036,16,32,Privacy & Security,8,Safety,dpazux,i stopped playing for a month because i moved to another country and after playing this for a month and coming back to the course my score improved!,1653450180,5.0, ,186301
M036,17,32,Privacy & Security,8,Safety,PublicDragonite,"can’t really complain for the price, just wish their was more. even if it was more paid dlc it would push this to 5 stars. as is though there just isn’t all that much.",1570332214,4.0,"Thanks for your review.  Have you heard there is more content coming to the experience? We are adding a whole new location for you to explore. It will be a free update to your existing app. Check it out here:
http://ocul.us/MachuPicchu",110565
M036,18,32,Privacy & Security,8,Safety,7.65611980186076e+16,collision boxes are fairly poor and overall not worth the time it took me to download.,1478298285,0.394139766693115,1,522332
M036,19,32,Privacy & Security,8,Safety,7.65611979603497e+16,"in its current state, and i have little hope for it to significantly get better, the game is clearly lacking in the performance departement. without tinkering in the config files and using performance optimization mod, the experience is clearly below what you can expect from an aaa game, even a bethesda one...

with that being said, if you install the ""fallout 4 - texture optimization project"" get your supersampling to 1.2, turn off taa (""taa off"" in the console) and can stomach the reprojection, the game is very pretty and detailed, even on a 1070.

aside from the performance, the vr improvements are fewer than you could expect, le gun mechanic is working pretty well (except for the scope who don't work, 2 handed weapons and reloading). the pip boy can be frustrating, you can go through wall and stuff...

don't expect game changing vr mechanics, the mechanics are nearly the same as the pancake version of the game.

nevertheless, vr bring the immersion to the maximum, being able to be in this world in vr is awesome, it's the first vr game to bring that to the table.

i personnaly, really like the game, and encourage people to try it out, for me, it's definitely worth it!",1513526736,0.523809552192688,0,602708
M036,20,32,Privacy & Security,8,Safety,Barag0n,"a unique experience. very fun at times, but not without issues. hand tracking works surprisingly well during gameplay, although a slight delay can be felt. song mapping could be better. also, there seems to be very little feedback when hitting/missing the note.",1666399140,3.0,"Update: GUITAR SOUND FEEDBACK ON!!

Last Friday, we updated the game based on your concerns and thoughts. Thanks! These are the things we have improved: 

	- Better the audio feedback on played and missed notes. The guitar will stop playing when you mess it. 
	- Better audio sync; Music latency is so much better now! The notes match with the music by default!!
	- Better strumming accuracy
	- Smoother guitar movement when playing to make the experience way more stable. 
	- Cloud saves. Never lose your progress. 

We also fixed several bugs reported by the community.
We hope to see you back on the stage soon to feel the improvements to Unplugged. 
Thanks for your patience. 

PS: We are hardly working on the remapping of the songs and on adding new DLCs, very soon!",302767
M036,21,32,Privacy & Security,8,Safety,syphix2007,"ok, the game was super good, but i feel like adding more things to do after you’ve finished the game would be a good idea. yes, killing zombies and random people are fun, but it gets a little boring after a while. we need to add more things to do after we’ve finished the whole game
story=10/10
weapons=10/10
tunings to do=6/10",1617852214,4.0, ,242149
M036,22,32,Privacy & Security,8,Safety,pyroth309,really enjoyed this game and had a great time playing through it. some of the textures blew me away. i think i spent as much time sight seeing as figuring out the puzzles. enjoyable storyline too.,1561692214,4.0, ,312224
M036,23,32,Privacy & Security,8,Safety,,"for some reason the demo seemed to work better than after i bought and downloaded it. i had no issues with demo at all. so i bought the game. i'm using a quest 3 with wi-fi 6 and also used with oculus cable link. better resolution with the cable for me anyway. loaded onto a ssd drive. i bought the game because i want to support the developer on this game because it sounds like it's his baby and he works hard on it. the game is a lot of fun but last night the drumstick was sticking to my hand and i was hitting the rim a lot and missing drums not registered and it wasn't really the best experience. i think the only thing that really bugs me more is when i go open game i see nothing but songs i have to buy which kind of sucks cuz it's kind of in your face to buy more songs. 9$ on sale for 4 songs sounds steep for relatively unheard of band. i'd like just to see the songs i bought only listed for my view and a secondary button option to buy a dlc. good marketing play i guess, but it irritates people like me. only one more thing is the developer has to fix a positioning of the drums bug, when you first open it you should be able to position drum set yourself anywhere within guardian but you can only do heights and it doesn't really position it in the spot you want.  i really like the garage, environments and game. my graphic card is to blame being almost a potatoe gtx1070 and that really sucks like our cdn $.",1702841040,,,153811617
M036,24,32,Privacy & Security,8,Safety,,great game but a lot of dying and losing all your items,1704813896,,,155627946
M037,1,19,Kids and Students,26,Educational Use,7.65611980118589e+16,if you want to release some steam off after work this game is for you.,1573088222,0.0,0,584152
M037,2,19,Kids and Students,26,Educational Use,junkinurtrunk,"im for some reason permantly banned, its my first time tryting to play it on my rift s",1590377014,1.0,Hey junkinurtrunk. Sorry to hear that. Sounds like a glitch of some sort. Can you please reach out to our team at altvr.com/support? We'd really love to look into things for you and help get you into AltspaceVR. Thanks!,313428
M037,3,19,Kids and Students,26,Educational Use,7.65611990596202e+16,it is okay if you are good with vr if you are not good luck playing this game,1654045094,0.0,0,707582
M037,4,19,Kids and Students,26,Educational Use,,"please keep the dlc coming (:

update: since this review 3 or 4 dlcs have come out. i have bought them all. please keep the dlc coming.

update 2: even more dlcs have come out. i keep buying them all. this game rules. $3/4 for 18 holes is a fucking steal when this game provides so much fun with friends.",1670728626,,,128335148
M037,5,19,Kids and Students,26,Educational Use,onnipajumaki,"i. love. this. game. this was (and still is) my favourite vr game ever! the graphics, missions, characters and the voice-acting were perfect! i hope to see maybe part 2 or dlc...",1504754614,5.0, ,329541
M037,6,19,Kids and Students,26,Educational Use,DiamondHorse,worth every penny. the robot thing could be a little better but spiders and kids room both are amazing. need more of this stuff. keep up the good work.,1485573814,5.0, ,22271
M037,7,19,Kids and Students,26,Educational Use,7.65611980982873e+16,"first 50hrs and i can say this is easily one of my most favorite vr titles, many guns to shoot and customize, fun game modes like return of the rotweiners and take and hold, this game is being updated very often. thank you for this amazing game anton!",1580277033,0.523809552192688,0,471892
M037,8,19,Kids and Students,26,Educational Use,7.65611988416795e+16,"a great workout for fat people like me, and the best thing to jerk off to when bored",1614907888,0.478723406791687,3,422377
M037,9,19,Kids and Students,26,Educational Use,7.65611982788009e+16,fantastic. thank you for transporting us to the star wars universe - even for a short spell. i cried out in joy when my lightsaber turned on.,1468975504,0.0,0,441761
M037,10,19,Kids and Students,26,Educational Use,BigHomieMrToe,it's awesome and for 20 bucks a good buy. but the default movement is bad. and that's actually it,1611977014,4.0, ,275199
M037,11,19,Kids and Students,26,Educational Use,jwosh,you’ll have so much fun trying to figure out what to do to get out of the missing alive,1588908214,5.0, ,93985
M037,12,19,Kids and Students,26,Educational Use,I.Am.Kosmikat,i [emotion] this [media]. i give it a [five pointed shape] review.,1583810614,5.0, ,270203
M037,13,19,Kids and Students,26,Educational Use,gucmm4,this was the first real game i purchased for vr. i loved every minute of it. i did get stuck a few times and needed a couple hints. the puzzles are fun and challenging and the graphics are amazing! i really hope i can find more games like this one for vr.,1621481014,5.0, ,131784
M037,14,19,Kids and Students,26,Educational Use,jkcaldwe,"i haven't played the full portfolio of quest games but i've tried many of the most popular. i think this game is the most impressive one i've tried and the one i would recommend if you want a solid vr shooter. the gun system, movement, scope and graphics are all very impressive coming from someone with no previous vr experience and i've yet to try a game on the quest that is this fun. 

i wish they would update the game with a few more levels but i think the replay value is still pretty high due to the amount of challenges contained in each level. i've had the game for a month and beat it long ago yet still play because it's a good time.",1569813814,5.0, ,87477
M037,15,19,Kids and Students,26,Educational Use,,"the 1.0 release turned this from a pretty fun sandbox to being possibly the coolest that vr has ever felt 
it's so good",1719108360,,,167967904
M037,16,19,Kids and Students,26,Educational Use,,you can really see the passion behind this project - it's incredible that this has been created by a small indie studio. yes it's janky and imperfect but it's very charming. the style really reminds me of the old deus ex: invisible war. the story is intriguing and very well voice acted.,1668784354,,,125692535
M037,17,19,Kids and Students,26,Educational Use,7.65611983525986e+16,"in the newest update (the zombie warehouse one), boneworks has arguably surpassed half-life: alyx for the spot of best vr game.
simply put, the mechanics are incredible. ambushing a nullman with a knife is one of the most satisfying vr experiences you can get. the adrenaline rush you feel scrambling to reload a gun as zombies climb towards you is simply... i mean, you have to experience it for yourself. half-life: alyx is undoubtedly more polished, but boneworks has infinite potential and replayability.
go buy it.",1595356072,0.0,0,716709
M037,18,19,Kids and Students,26,Educational Use,Jrvin03,i’m sorry because i’m sure that this is a really good app but currently there are no videos on connecting a linux pc and no support teams are ever there to help i main drive a chrome book and that may seem bold or dumb but it’s cheap easy to upgrade and simple to use linux apps but if you even try to open the file on a linux pc or laptop it will give you a error telling you that linux doesn’t support the file so i went to the website to find the linux download and it still wouldn’t download so i when to the support docs and still only one document about linux and it’s still not helpful i did this over and over again for the better part of  a year and still no linux support i recommend just trying to use a windows emulation for  now until this gets fixed but until then i’m sorry but this app is useless,1667325960,1.0,"Hi Jrvin03, we do indeed support Linux but unfortunately not for Chromebooks. The hardware on Chromebooks is simply a bit lacking for us to support it at the moment. If this was not clear in our materials please do let us know; otherwise visit us at https://immersed.com/community and we'd be happy to answer any and all questions you may have!",236987
M037,19,19,Kids and Students,26,Educational Use,jrwininger,"i loved the first time i played this game. i've played this game so much that i don't even remember how many times i've completed it. the game has some of the best graphics i have seen in vr so far. the view of saturn is beautiful. the game is also very interactive. i can't wait for lone echo 2, this is the future of vr.",1602386614,5.0, ,328426
M037,20,19,Kids and Students,26,Educational Use,Tcavelle03,"the game wouldve been a 5 star rating if the guns and damage was a bit more balanced. the grenade launcher is way too overpowered for maps that are close quarters corridors. also feel like the pistols could land nothing but headshots but get killed in one hot with the ar. aside from those things and maybe the left arm usage rant that everyone is mentioning, and maybe longer rounds, it is a fun and energetic game i plan on continuously enjoying!",1601004214,4.0, ,157996
M037,21,19,Kids and Students,26,Educational Use,Simket,"this was my first vr experience and i was blown away! when i saw my hands and the ship, space, lightsaber, planet and more.... it was so detailed, the graphics were so cool! i felt like i am really there. the combat with the lightsaber is amazing, you can even feel it pulsating in your hand. and there is even lightsaber dojo where you can unlock new sabers and change the place where you fight. i am having so much fun with this game and i can't wait to play the other two episodes!",1577330614,5.0, ,125110
M037,22,19,Kids and Students,26,Educational Use,GalaxyGlacier,"i love. the ninja class is my favorite. the bullets are incredible. charging the bullet is a great feature. the only problems is when you repair your weapons, you hit your head and lose stamina sometimes. the colors are great and the tones are cool. my classes are ninja with carbon/orange and duelist carbon/purple. 4.8 star is the best rating i can give. thanks for making a good $20.00 game. to make more to it. make it custom colors and more material choices like diamond or ruby. if you beat the game, you should also be able to make your own class with any weapon and shield. also a new class like juggernaut or ranged would be fantastic.",1587266614,5.0, ,197197
M037,23,19,Kids and Students,26,Educational Use,7.65611988741541e+16,"yes very good game, get to slap bitches ass peow peow",1596970627,0.0,0,662476
M037,24,19,Kids and Students,26,Educational Use,7.65611979720216e+16,"my wife and i played through this entire game in one sitting (standing?), and loved every second of it. it's got a slightly odd ui in places, but makes up for it with excellent gameplay.",1591646240,0,1,517490
M038,1,23,Linux OS,33,Cross-platform,JoJoDeeK,i love job sim because it has four!job in one game a lot of people love it and i’m one of them ok have a interesting day bye!,1624937014,5.0, ,268077
M038,2,23,Linux OS,33,Cross-platform,,24 hours so far and i'm hooked. multiplayer with mates is fantastic. a must buy.,1656284768,,,117687578
M038,3,23,Linux OS,33,Cross-platform,7.65611979724056e+16,"brilliant addition to the half life series, just need the others in vr!",1633728395,0,0,527122
M038,4,23,Linux OS,33,Cross-platform,,"devs, please lean harder into the dayz/unturned element of the game. i need a real surival shooter in vr because there really isn't one at the moment.",1660239389,,,120453770
M038,5,23,Linux OS,33,Cross-platform,K.Amosx,"good lord, i don't think i've ever sweat as much in my life !
this game will definatly get your heart rate up and have you sweating while providing an upper body workout.  make sure to have a towel  and a bottle of water or gatorade nearby. your'e gonna need it !",1621567414,4.0, ,253905
M038,6,23,Linux OS,33,Cross-platform,7.6561198100734e+16,"this game is finally ready to hop into for the general public now that it has dungeon crawling and significant optimization improvements.

for future updates i would really enjoy more npc variation and higher graphic fidelity/lighting.
also adding fire imbued weapons as a way to scale rock walls like ice picks would be amazing! i like where all the ideas are going so keep up the good work!",1636690255,0.0,0,655666
M038,7,23,Linux OS,33,Cross-platform,andrew1431,"i'm a few hours in, and i transitioned to a buddies game. upon returning a day later, i'm being tasked with an objective marker that is like 3 map-distances away (i open the map, and it shows the marker way off)

i also lost progress from that save, i had just unlocked the power for your wrist gun to generate lift off the clouds, and when i relaunched, i was only just putting the charge blast on my left arm, and it was asking me to use it on the two generators which were already powered up since i had progressed past that. 

i don't want to start over from the beginning, but i will probably have to, so this game can sit on the backburner until i'm bored or a fix somehow comes out.",1574479414,2.0, ,327483
M038,8,23,Linux OS,33,Cross-platform,7.65611983017291e+16,"its a cool idea and a really fun game, but just nobody plays it anymore",1546487293,0.435112982988358,0,593767
M038,9,23,Linux OS,33,Cross-platform,MavericRFW,"you can create a virtual display and give yourself a second monitor in vr. how epic is that?

i feel a lot more productive with utilizing that and the built in whiteboard. i'm currently looking at the premium features too and see if i want to pay for that myself.

update 4/6/22:
the new passthrough portal is out and it's so much better being able to see your numpad and mouse finally. as if the app wasn't useful enough!",1649314260,5.0, ,236800
M038,10,23,Linux OS,33,Cross-platform,7.65611982463669e+16,good music in the main and burns a few calories.,1573843233,0.0,0,671714
M038,11,23,Linux OS,33,Cross-platform,Jsnyder40,"such a comfortable experience that still challenges your brain and makes you feel extremely clever and smart. i recommend this game to everyone that plays vr and i can’t wait for them to come out with more levels or better yet, a sequel!!!",1577417014,5.0, ,93997
M038,12,23,Linux OS,33,Cross-platform,greengotone,"amaizing you really feel like be part of the movie. unlitle short in 3 parta but is a really good experience, give 4 stars cause think need more freedom to see all the environment s",1610767414,4.0, ,191576
M038,13,23,Linux OS,33,Cross-platform,,"it is quite a strange journey, but nevertheless an enjoyable one. it does captivate one's imagination. perfect thing to help one relax.",1704796652,,,155614312
M038,14,23,Linux OS,33,Cross-platform,7.65611980254649e+16,"this is great because i can mess with this expensive kit without having to buy it.
at least i now know what all the buttons do, so this will be an interesting journey.
supports your own music, you cannot alter the path for the music though.
currently no record feature other than grabbing whatever you stream.
also sometimes a bit fussy about putting on my virtual headphones on mixed reality.

totally awesome game / simulator!",1556132360,0.0,0,736433
M038,15,23,Linux OS,33,Cross-platform,7.65611982501364e+16,"the game is really interesting and i love the premise, the aspect of being a detective and finding clues and new tools to help you on your supernatural journey is pretty cool and works in a lot of cases. 

it's... not that scary, not even in vr - at least not in a horror game kind of way, i'd rather discribe it as intriguing and bizarre, with little ""scares"" inbetween. 

i feel like i'm doing a lot just by accident. it also is rarely clear if something is an actual hint or just something that happens to be in the game. there is a somewhat illusive sense of direction, which you can compensate for with some trial and error. 
bugs were frequent, with keycards just disappearing, or entire rooms not being able to be opened anymore (sometimes because of that very reason) 
i like hinge enough to give it a positive review, but just barely. i would suggest to only buy this game if you are looking for a puzzle/exploration game with a convincing atmosphere.",1618857698,0.564971745014191,0,409954
M038,16,23,Linux OS,33,Cross-platform,michal-opole,"with an older american gentleman who was telling me how good his grandson is at it, was cheering me and throwing jokes to make me less embarrassed about how much i sucked. after one match we decided to play again after all the laughs we shared as two strangers from across atlantic, playing mini golf using some magic tech, he thanked me for a nice game that we shared and went to do some chores around the house. i felt like hugging mark zuckerberg at that moment. 
thank you creators of this game, thanks mark z. guys and gals buy this game. the experience i just had was worth more than the quest itself and my loneliness for today was cured.",1670367900,5.0, ,198553
M038,17,23,Linux OS,33,Cross-platform,,"played it in vr and it just felt bad, cheap and unsatisfying while having slowdowns on my 3090 when many particles were on the screen.",1685042809,,,138980711
M038,18,23,Linux OS,33,Cross-platform,MeadMakerOne,how i always wanted to play space fighter games. can't wait for more.,1647215760,4.0, ,193424
M038,19,23,Linux OS,33,Cross-platform,,like this game use monke mod manager to make it more fun,1685295286,,,139167571
M038,20,23,Linux OS,33,Cross-platform,7.6561198262336e+16,its a bit difficult to see the health and stamina bars but other than that its a well made game,1633804723,0.0,0,741939
M038,21,23,Linux OS,33,Cross-platform,7.65611982844265e+16,"tons of potential, one thing is that the graphics are not bad but could use some touching up. gameplay is nice and tons of fun. once this game has more recognition and support i definitely think this game can be extremely popular and good.",1641260015,0.0,0,692376
M038,22,23,Linux OS,33,Cross-platform,7.65611980814688e+16,"full of bugs - was not ready for shipping on release date


resolution: if you find poor resolution try moving dithering to minimum


crashes: has crashed multiple times when accessing 'workshop' to store goods. gets stuck showing both build options and store options and cannot be exited

",1513063874,0.460228502750397,0,603811
M038,23,23,Linux OS,33,Cross-platform,7.65611982547167e+16,"this game is pretty good for a phycological horror. it deffinetly has a creepy vibe, the story telling is unique but i am enjoying it. there is some light reading in the form of found notes. as well as some interesting flashback sequences which i also enjoyed. but its all up to personal taste. this is a trial an error game. i have died quite a few times but once i went back to where i died i usually learned what i did wrong. 

this game does have physics which is always nice to be able to throw shit around for fun, as well as some ""zero gravity"" sections where shit floats around you and you can yeet it into another dimension (metaphorically). i havtnt beat it but i have played a decent bit and plan on finishing it

as far as graphics go, this game is one of the most beautifull vr titles, although its very indie and you can kinda feel that while playing, not that its unpolished, it just doesnt follow alot of the gaming norms other games in this genre do, which i admire this game for that. 

i give it a solid 8/10. it could be a little more fast paced, but if you are into a detective in a phycedelic horror hotel type of game then this is for you

i havnt had any performance issues with this game running on an rtx3080 and a ryzen 5600x, using an hp revern g1 headset",1637692814,0.0,0,409928
M038,24,23,Linux OS,33,Cross-platform,,"what kind of garbage is this? everyone recommends virtual desktop, but here some company impersonates and sells something like this. if you are looking for a virtual desktop for gaming, this is not it",1722351214,,,171100092
M039,1,24,Mac OS,33,Cross-platform,AdrianKoch964,this is an amazing and fun app i can't wait for the other dorrs to be released!keep up the great work guys!!!!,1488338614,5.0, ,22033
M039,2,24,Mac OS,33,Cross-platform,RikkstheRex,first time i touched it i was like its pretty good. woke up the next day and was on all day. just the thrill of going really fast and or competitive game play. this game is a must if you want to find you why into the world of competitive games.,1589081014,5.0, ,150615
M039,3,24,Mac OS,33,Cross-platform,7.65611981232526e+16,i mean its obviously the best vr game on the market.. :3,1585022296,0.0,0,560364
M039,4,24,Mac OS,33,Cross-platform,,enjoyed playing this game a lot. definitely worth the 4.,1679242181,,,134978501
M039,5,24,Mac OS,33,Cross-platform,,"good game but i wish they had take the ""better graphics"" route, like in the one preview.

works flawless on a pico 4 + intel arc a770",1717490261,,,166649545
M039,6,24,Mac OS,33,Cross-platform,Aaron Sommers ,"great game, and great team that listens to the community.  well done guys.",1624505014,5.0, ,167389
M039,7,24,Mac OS,33,Cross-platform,Earthbul1,"in response to anih , video streaming should be coming up in the next update. i hear it will in be next thursday. you will be able to upload video and and watch with a group. very cool.  i have to say i wasn't too impressed with this app when i first tried it due to audio issues. now that those bugs are pretty much fixed i've learned to love it ! i can't say enough positive things about this app and the support staff behind it. they're very attentive to any and all issues you may be having with the app. the people you will meet are awesome and the sheer number of countries they're from is amazing. it helps make the world feel a little smaller , a little more manageable. i had a great religious discussion in a room populated with people from germany , sweden and saudi arabia. i'm in nyc and even i don't have discussions with such an eclectic and diverse group on a daily basis. so do yourself a favor and check it out. i think you'll be pleasantly surprised.",1457753014,5.0, ,70496
M039,8,24,Mac OS,33,Cross-platform,brandonc04,"really disappointed in the game play, carts move way to slow. not worth the money spent...",1468034614,1.0, ,50896
M039,9,24,Mac OS,33,Cross-platform,7.65611983031093e+16,gets your heart pumping. like being inside a disney movie cartoon.,1475498540,0.0,0,487645
M039,10,24,Mac OS,33,Cross-platform,7.65611980643261e+16,"very good game. best 3d physics game. i'd describe it as innovating as much as half life 2 did, but without polish. some of the levels are woo wee bad design, one level had my looking straight up for like 15 mins, that hurts.plus to play to sandbox fully you have to like find stuff throughout story levels, which can be hard when sometimes the game just dont work like it should. super clunky game, also my fav vr game, and one of my favourite all-time games. if you liked half life 2 you'd like this. 

i recommend this game to anyone who is already seasoned in vr gaming/ gaming in general, not something you'd make your grandparents play, take gaming intuition and a strong stomach.",1578365308,0.0,0,720487
M039,11,24,Mac OS,33,Cross-platform,coleymoley67,this game deserves five stars but i have one problem every time you enter the tv spot the radio regenerates over and over making a mess,1576207414,4.0,"We have recently released a major update of the game! This update addresses a ton of stuff, including things you pointed out in your review. We would love to have you check out the game!",184306
M039,12,24,Mac OS,33,Cross-platform,,"this took my eft itch away for a little, laser sights on all your weapons and you'll be good.",1721790085,,,170599176
M039,13,24,Mac OS,33,Cross-platform,7.65611981171403e+16,"this game is an amazing base for what could be an amazing game, but the developers are holding it back and not allowing it to progress. while they keep updating the game with some minimal features that make it a slightly better experience, each and every update they brake what keeps this game in the spotlight and what nearly everyone bought the game to use: mods.

i almost feel as though it is intentional at this point. they might be just trying to sell their dlc songs that we could get for free with better mapping and in-turn ruining what makes the game what it is. they claim that they ""aren't responsible for mods continuing to work"" but i think that is just a cover up for intentional breaking of the mods. there's no way to know for sure though. while they aren't in charge of the mods being made for their game, they should take into consideration their playerbase and what they want for this game if they are going to continue to support the devs.

the community will only take so much of it. not everyone is going to put up with having to re-work every mod they make for each update that brakes it. it's a huge waste of time. they could be spending it making more awesome maps for us but instead, it gets wasted because either the devs don't care about the community or they care even less and just want to squeeze more money out of us with dlc that will cost hundreds if not thousands of dollars later on for all the songs. this whole situation feels like bethesda's creation club mixed with rock band dlc...

as the game, or should i say, developers stand; i cannot recommend buying this game for any price above $10. if you are fine spending $30 on a game with extremely little content to offer that also won't let you mod it for added fun with friends or even just by yourself but has no problem having you spend a ton of money on dlc to make the game worth even playing for more than a few hours, then go ahead and buy beat saber.





update: i keep seeing people talking about how the devs can't support mods because of copyright laws. while is is true that they cannot fully support mods like having their own built-in mod menus or things similar to steam workshop or their own website where they moderate the mods, they can at least go out of their way a bit by just making sure that most mods won't be broken with every update by just not changing files around where it's unnecessary like they have to have been doing.

one of the updates was for lighting adjustments and even that broke them. there's no way a lighting update could break mods like a custom song list. they keep saying that they are making changes to the core files and that screws the mods up but half of the time it doesn't appear as though that's the case as much as it looks like they just moved files around to intentionally break them, even if just for a bit.

as more time passes, more and more modders are just giving up on account of having to update their mods so frequently when it's not worth their time and effort. i've had to switch mod managers four times just to get a few mods to work and majority still don't after waiting quite some time after an update. i want to love this game so much, but i can't love it in it's vanilla state where there just isn't enough content to make it work playing.

beat saber was the game that convinced me to buy a vr setup and now there isn't much reason to get my oculus rift out anymore...",1558894662,0.346079379320145,0,642716
M039,14,24,Mac OS,33,Cross-platform,,"it's half life 2!  in vr!  surprisingly polished for a fan made mod - the guns all have reload mechanisms, and there seems to be feature parity with the non-vr experience.

also, as a veteran of vr games with a cast-iron stomach, hl2vr is the very first vr game to give me motion sickness.  sit down for the damned boat/canal section!!!",1664193451,,,122863378
M039,15,24,Mac OS,33,Cross-platform,7.65611981263395e+16,"not a bad game especially for being free. it's exactly what is shown in the videos, you are playing batleship. you can see both the enemy's missle and yours on their way to their targets. you can zoom in on your ships which is a cool aspect.",1525579858,0.0,0,496397
M039,16,24,Mac OS,33,Cross-platform,,"literaly my dream game for years. when i was little i was passionate with d&d but i am from brazil and for you to consume any content of d&d is by the internet or by faking it with your imagination, so me and a friend would meet at a park and we would act like we are mages elfs and we would fight imagination monsters and play our histories. years passed and we grown to stop plaing, but our loves for the medieval fantasy history just grown bigger with time, in the same time i discovered the oculus quest and b&s one and a halve years later i ghatered enougth money to buy those two, i was so happy and now im back to my childhood again. thank all of the devs for their work.",1722386138,,,171131159
M039,17,24,Mac OS,33,Cross-platform,7.65611982628191e+16,"extremely disappointing for only one reason: the ball releases well after you release the trigger. (it's also difficult to compensate for as if you release the trigger early and follow through, it greatly slows down the ball). [i'm in seattle with a 250gbit connection, so it's not lag. i'm /really/ hoping it's just a serious bug].

this bug? makes an otherwise potentially /incredible/ game useless. i'm surprised others haven't commented on it.

i'll be happily changing my review after i see it working. otherwise, i'm blocked.",1511663407,0.452674865722656,0,596483
M039,18,24,Mac OS,33,Cross-platform,Ste-Vo,"this isn't a port, this is an upgrade of spectacular quality, made for vr. getting to live a classic favourite, uncompromised and in its entirety in vr is an absolute dream. yes, some dialogue has been trimmed here and there. whatever. nothing has been taken away from the experience. this is now the definitive version",1670164860,5.0, ,221719
M039,19,24,Mac OS,33,Cross-platform,BlastedMikey,"for starters the tutorial showed me the basics which was pretty clear. great community, no toxicity. i thought crafting food was pretty neat. the aspect of the monsters was great as i love a little bit of fantasy gaming. spells are easy to cast just wish there was a better way to upgrade your mana bar or stamina bar. other than that amazing game 👍🏼👍🏼👍🏼",1644718320,5.0, ,283384
M039,20,24,Mac OS,33,Cross-platform,,what to say? it's best valve game with extra immersion,1690625092,,,143010228
M039,21,24,Mac OS,33,Cross-platform,7.65611981421111e+16,excellent game: lost 15 pounds playing it.,1580600967,0.632805407047272,4,494975
M039,22,24,Mac OS,33,Cross-platform,7.6561198120547e+16,"very fun game, i enjoy it.  community great, if you are little kid you will be bullied",1630258523,0.0,1,570025
M039,23,24,Mac OS,33,Cross-platform,Sam_95,"when i was younger i used to love playing table tennis however i remember it being very frustrating having to fetch the balls so often. this game is better than playing it for real because the physics just feel spot on, so addicting!",1584156214,5.0, ,98149
M039,24,24,Mac OS,33,Cross-platform,Frostyking95,"very simplistic controls and a vast multitude of ways to destroy the robots, robo recall is a vr game for those who want satisfying shooting and destruction without much complexity in mechanics. the use of a teleporter to move and position one's self may seem a bit clunky at first, but with enough practice, you'll outmanuver any and all threats. a very simple and short story drives the plot but the objective is more or less ""destroy all robots!""",1642197300,4.0, ,86183
M040,1,24,Mac OS,25,IOS Development,,"great entry point to military flight sims; the aircraft systems/cockpits are realistic enough to be satisfying to learn and use, without delving into the byzantine complexities of the true sims out there. that's not to say this game isn't complex; you can still expect some wiki reading to get the most out of the various weapons systems.

the virtual flight controls take some getting used to (especially if you are used to holding a physical flight stick), but after a few hours it feels fairly natural. honestly though, for a beginner, this game is great for that reason; no need to buy a hotas setup, so it's a good way to see if you enjoy milsim flight games before making an investment in a good setup. 

overall 9/10, my only complaint is the relative lack of aircraft, but seeing as how this is a solo dev project, it's completely understandable. the aircraft that are in the game are very well polished, with distinct ""feels"" for each. 

side note: this game has an incredible terrain and mission editor, almost as good as the arma series (and in some ways better). if you're like me, that is a huge selling point alone; at this point i probably have more hours in the editor than in the cockpit.",1673982950,,,131046816
M040,2,24,Mac OS,25,IOS Development,david.huynh.5437,unplayable game!!!not worthy a penny. stay away far away!,1505532214,1.0, ,311030
M040,3,24,Mac OS,25,IOS Development,,"i got this game in a humble bundle over a year ago and i never bothered to open it up. however, today i gave it a try and enjoyed it much more than i expected. the gameplay is simple, but scales up to become a hectic challenge quickly. i certainly wouldn't recommend getting this game on sale, but for $0.99 in the steam summer sale i think its a fun option.",1719636951,,,168464058
M040,4,24,Mac OS,25,IOS Development,Darthwiggy,"bought this on a whim, thoroughly enjoyed it, easy to pick up and play, absolute blast",1625369014,5.0, ,285575
M040,5,24,Mac OS,25,IOS Development,7.65611979935346e+16,"its half life,but vr. combat is slower but way scarier and way more intense.",1585067502,0,0,558887
M040,6,24,Mac OS,25,IOS Development,7.65611982358467e+16,"really aweseome and enjoyable.  looking forward to more guns, locations, and content.  great job!",1482790633,0.0,0,459107
M040,7,24,Mac OS,25,IOS Development,7.65611981937713e+16,"this game makes me want to work out in real life thank you
the only thing that keeps me from constantly playing this game is the fact that the oculus seeps up my sweat and its nasty",1537919492,0.0,3,706742
M040,8,24,Mac OS,25,IOS Development,7.6561198121236e+16,"the best shooter game on the market, this game found me actually trying to hide and bundle up into a shrimp while being supressed under a barrier. this game actually is amazing, i was sceptical before i bought it, and i play around 6 hours in 2 days. also, i was not finding myself being nautious after 30 minutes of playing unlike in pavlov.",1545973157,0.523809552192688,0,500146
M040,9,24,Mac OS,25,IOS Development,user_507688854312007,i have purchased this game as i hvae wanted tfor awhe and gb it had a ot of bugs eg when a round begins the sides are switched as if the round has been finished please fix otherwise great game,1612841014,4.0, ,227805
M040,10,24,Mac OS,25,IOS Development,7.65611981206405e+16,"this game is a must have for anyone with a vr headset - one of the very best out there!

mods and custom songs also make it so much better.",1561829267,0.0,0,641982
M040,11,24,Mac OS,25,IOS Development,,this game is very fun and i play it for hours. i just wish the creators supported the modding community more because they make up most of this game.,1675575591,,,132237790
M040,12,24,Mac OS,25,IOS Development,7.65611979950986e+16,one of the best co-op games in vr. we need more missions!,1608666694,0,0,734734
M040,13,24,Mac OS,25,IOS Development,,"le di guardar y se qued¨® la pantalla vac¨ªa y oscura, y ya no pude hacer nada mas , no se si se guard¨® , espero que si para no tener que escuchar a la pesada de mia otra vez pls xd

i gave him save and the screen was empty and dark, and i could not do anything else, i don't know if it was saved, i hope so so i don't have to listen to mia again pls",1658804978,,,119483011
M040,14,24,Mac OS,25,IOS Development,Chubbycandy,"i love this game, and i have not played that much of it. but if you have the money to spare and want to have some fun its worth a buy",1608261814,5.0, ,245001
M040,15,24,Mac OS,25,IOS Development,7.65611980295713e+16,"i had no real exceptations when i started to play this title. it was free to play for my new vive and i thought i'll test it out as the other free 2 play titles. but damn it got me immediately hooked. 

the tutorial shows you the simple to use controls and how to ""blink"" (teleporting allowing you to move further , but still only within your line of sight) in a good way allowing  for a smooth ride that makes it fun to explore and expirence the wonderful world around you.

the world is pretty detailed and allows interaction with enough things to make it fun to just stay and play around for a while at certain spots.

the story is interesting and it unfolds in a good way, giving enough hints to let you move along at a good pace but still leaves some things to figure out by yourself. to a pretty large degree it's puzzel solving that takes you to the next step, and in there was no fighting at all in this episode, but it was not needed to get you you excited and build up a tense feeling.

this was simply a great first episode of a game that i hope will continue to provide as great episodes, but that hopefully are a bit longer (i played this episode from start to end in less than an hour). it really made me want to buy the next episode, not only to contue to explore, but also to see how the story unfolds (it hints of a quite different direction, but that might not be a bad thing if the game play and environment is of the same quality as in this first episode).

i do strongly recommend it.",1478473045,0.0,0,429402
M040,16,24,Mac OS,25,IOS Development,Billyhumble,"i’d like to say thank you to tsickle for hosting the sessions and teaching me how to mix 

thank you tsickle",1653922800,5.0,"Billyhumble, thanks for coming to my workshops, it's been great to help you along your DJ journey...Keep going!

-Tsickle (Tribe XR Mentor)",111002
M040,17,24,Mac OS,25,IOS Development,7.65611981487593e+16,its a short experience but a good one for free very scary!,1647294648,0.0,0,400272
M040,18,24,Mac OS,25,IOS Development,robiwan1,"they had a perfectly fine app that just worked fine. i can understand that they want to get on the subscription bandwagon but they did not only that ... they changed the whole game. what used to be a stable ui is now a slow and blurry affair. the game often doesnt load at all or starts without audio. and your favourites are under settings now? really?

i often did 60 mins workouts without a hickup and now i get headaches after 30 mins.

if you change a product like that you either make it a whole new app or you give existing users a classic version or you allow for a refund...",1618716214,1.0, ,171424
M040,19,24,Mac OS,25,IOS Development,7.65611979942013e+16,amazingly smooth gameplay only way to improve is letting people build courses! which i know theyre not doing because people wont buy dlc but if you guys stop or slow down you should definitely release the map creator content,1646588834,0.515151500701904,0,408121
M040,20,24,Mac OS,25,IOS Development,Vieweg,this game is soooo good. i've never thought that this game is so good as it is,1623554614,5.0, ,131827
M040,21,24,Mac OS,25,IOS Development,7.65611980816193e+16,"i tried this out with a friend and it was a blast, the exhibits were way more than i was expecting and blew us both away. it felt like going to a real life art museum, but because it's vr it does so many more interesting things.",1616622386,0.437281101942062,0,610489
M040,22,24,Mac OS,25,IOS Development,7.65611979896719e+16,if you have a vr set and you don't buy this then you seriously need to rethink your life,1594467924,0.523809552192688,0,541442
M040,23,24,Mac OS,25,IOS Development,7.65611980288656e+16,"although it's been a while since i've played this, i have fond memories of it. if i still had my htc vive i would definately play this.",1566625935,0.0,0,670386
M040,24,24,Mac OS,25,IOS Development,adam_bright85,"reminded me of stranger things playing dungeons and dragons or something. was really good fun and challenging. will be playing again, the only thing i'd say is the resolution didn't seem as good as it could be.",1620530614,5.0, ,288961
M049,1,15,Horror Game,23,Horror Game,,"addicting, mostly play it on my meta quest 2 tho.",1716054712,,,165615661
M049,2,15,Horror Game,23,Horror Game,Thumpert,"i am currently on lock down for the covid-19 so looking for interesting apps to keep myself and my family amused. i installed the app and went through the tutorial. i had noticed the previous comments about smooth tracking, safe mode and room entry and had no problems with movement. i tried the various stands with the audio symbol but couldn't hear anything. i went through settings and still couldn't hear anything. as a last resort i rebooted my quest and reentered the app and the sound was all there.

i didn't encounter anybody else but i will try again later. the information that the images are downloaded on the fly and not embedded in the app might be useful to be more prominent as it would allay any fears when images are building.

looking forward to the new rooms. are you going to have a star constellation room?",1588130614,5.0,"Hi Thumpert,
Thanks for your kind review. Much appreciated, the Multiverse Team.",92151
M049,3,15,Horror Game,23,Horror Game,7.65611980795313e+16,"this is one, if not the best vr games i have ever played. the story is engaging and some of the dialogue just makes you giggle or laugh. the game run smooth and almost no lag what so ever. each lvl are fun to explore and dig through just every single bin you see. the only real complaint that i have is that you cant control the flashlight you get early on, it only turns on when the game wants it to. if you have a vr kit definitely pick this game up.",1585024952,0.0,0,560202
M049,4,15,Horror Game,23,Horror Game,slappy2669,super awesome game lots of fun to play the multiplayer makes all the difference.￼,1591673014,5.0, ,205593
M049,5,15,Horror Game,23,Horror Game,7.65611981242369e+16,awesome game.  very addicting.  i would love to see a co-op mode,1535939392,0.0,0,611534
M049,6,15,Horror Game,23,Horror Game,StonedHengeVR,nothing like shooting a bow in vr. def a great buy for 15 bucks. only reason i didn’t give it more stars was the sound design. it could def be punched up a bit and right now on the quest seems super low even turned up the whole way which dulls the experience. a louder in your face sound design would completely change the experience!!,1567740214,3.0, ,169560
M049,7,15,Horror Game,23,Horror Game,Heretic_be,"i played for 30' but was fully immersed instantly. i love the way the guns handle, moving around and the typewriter :d you can actually type in the name of your save.

but the getting pulled out of the vr experience with the cutscenes is a bit weird. and as we know the cutscenes are all over the place :(

but good job anyway. best vr game i've played in a long time.

edit: after some more hours of playing i stand by it ... best vr i have experienced in a while ... and the cutscenes are not that bad ...

update: just finished it ... too bad i can't give more stars :(",1666977780,5.0, ,222880
M049,8,15,Horror Game,23,Horror Game,Morganfreeman2,"could we see another floor of levels, mabey as a spinoff floor where we play a a simple gorn with new brutish wepons eventually avenging our emperor by killing the man we played as in the lower levels.",1621481014,5.0, ,273841
M049,9,15,Horror Game,23,Horror Game,7.65611988281689e+16,"awesome game! i love how everything works together: timing is perfect, visual effects support the music and the arrow directions really make sense.
what i'd really like now is to play this with some classical music remixes.",1525455655,0.0,0,649720
M049,10,15,Horror Game,23,Horror Game,Dr_Octoboss,use it every day. works great. tons of fun.,1595733814,5.0, ,114315
M049,11,15,Horror Game,23,Horror Game,Wazhead,"well, i loved it.  there's a real sense of presence with this.  it's a strange land where you experience some sort of intelligence.  good music.  i'd like to know if the maker has done anything similar since. good music that needs to be loud and abrasive (because that fits the atmosphere that is being transmitted).",1578021814,5.0,"We did some other games (KIN for example) and some other smaller games, but those are not available as they where for Muse's latest world tour VIP lounge.
Arjan also has some other music available on his own site : www.arjanm.com",356724
M049,12,15,Horror Game,23,Horror Game,7.65611982812406e+16,amazing just needs a little bit more gore,1609146972,0.0,0,368476
M049,13,15,Horror Game,23,Horror Game,Renee.A.Lincoln,"after just completing this game, i felt compelled to leave a review. if you can look past some of the janky controls, mainly opening doors and are looking for a scary game that is like a movie, this is it. great atmosphere, graphics and sound make this a game to add to any horror lovers collection.",1667746140,4.0, ,208538
M049,14,15,Horror Game,23,Horror Game,Echo_2,"when will the marvel avengers be ready to use, i so want to see this one.",1542597814,1.0, ,15274
M049,15,15,Horror Game,23,Horror Game,7.6561198124721e+16,"the game ever!

was worth £45.

one of the best games i've ever played",1650939038,0.0,0,523137
M049,16,15,Horror Game,23,Horror Game,CrazyDuck608,"i just played the new update up to level 8, and sor far i really like the natural magic dynamics. it took a bit of practice, but the different ways you can control the magic are so cool!! i'm excited to hopefully learn more about the overseers👀",1627442614,5.0, ,160985
M049,17,15,Horror Game,23,Horror Game,7.6561198119562e+16,"this game is really addictive and you can even get plenty of mods to make the game better, such as custom songs, custom saber or even custom note blocks.",1574539434,0.0,0,638325
M049,18,15,Horror Game,23,Horror Game,7.65611979653829e+16,valve is back. this one is a trip. five bags of popcorn,1586471129,0,0,547683
M049,19,15,Horror Game,23,Horror Game,7.65611981195719e+16,"if you own a vr headset, and are even remotely interested in flight, straight up buy this game. it's worth the money for hours of fun.

the controls were better than i expected, and in some ways feel better than a regular hotas in my opinion. 

truly an immersive and addicting experience for me.",1624498668,0.518518567085266,0,678864
M049,20,15,Horror Game,23,Horror Game,7.65611979604463e+16,the title vr has been waiting for. a++. would wait another 13 years.,1585185831,0.523809552192688,0,555771
M049,21,15,Horror Game,23,Horror Game,7.65611981175093e+16,"holy cow!! i've had this game for a few days and it was pretty cool, kill some things do some little quest stuff like that it was alright. but just now i found some folks and played for 3 hours griding and doing quest and that was the best experience i've had in vr yet! if you really want to enjoy this game you're gonna have to be social and make some friends. highly recommend this game, well worth the $40 price tag.",1514088227,0.531812727451325,0,696729
M049,22,15,Horror Game,23,Horror Game,,good game. i liek the mods where i can kil bettear. 10 of 10.,1675285464,,,132024776
M049,23,15,Horror Game,23,Horror Game,,it  is a fun game and you can do lots in the game it is one of the best i have ever player,1716572991,,,165982419
M049,24,15,Horror Game,23,Horror Game,7.65611990626233e+16,"really good game, nice graphics and player base",1650846289,0.0,0,566971
