mapping_id,mapping_status,user_topic_id,user_topic_label,developer_topic_id,developer_topic_label,lag_months,spearman_rho,p_value_permutation,n_observations,p_value_fdr_bh_all_tests
M001,matched,3,Customization,9,Customization,-12,-0.026746265516515884,0.8781218781218781,97,1.0
M001,matched,3,Customization,9,Customization,-11,-0.022907382259370477,0.8791208791208791,98,1.0
M001,matched,3,Customization,9,Customization,-10,0.11298701298701298,0.3016983016983017,99,0.9958396034345403
M001,matched,3,Customization,9,Customization,-9,-0.08654065406540654,0.47152847152847155,100,0.9958396034345403
M001,matched,3,Customization,9,Customization,-8,-0.06295864880605707,0.6043956043956044,101,0.9958396034345403
M001,matched,3,Customization,9,Customization,-7,0.08591978558221328,0.4015984015984016,102,0.9958396034345403
M001,matched,3,Customization,9,Customization,-6,-0.06482010279840092,0.5704295704295704,103,0.9958396034345403
M001,matched,3,Customization,9,Customization,-5,-0.03025712151925744,0.8341658341658341,104,1.0
M001,matched,3,Customization,9,Customization,-4,0.0763632593821273,0.4865134865134865,105,0.9958396034345403
M001,matched,3,Customization,9,Customization,-3,0.03306547094238859,0.8051948051948052,106,1.0
M001,matched,3,Customization,9,Customization,-2,0.0060541938517604185,0.973026973026973,107,1.0
M001,matched,3,Customization,9,Customization,-1,-0.04784360799108291,0.7322677322677322,108,0.9995729461378317
M001,matched,3,Customization,9,Customization,0,-0.0562460760034778,0.6743256743256744,109,0.9958396034345403
M001,matched,3,Customization,9,Customization,1,0.11688463251491352,0.2937062937062937,108,0.9923409923409924
M001,matched,3,Customization,9,Customization,2,-0.12366064103134972,0.25074925074925075,107,0.9685569904548006
M001,matched,3,Customization,9,Customization,3,0.19647378006909222,0.03396603396603397,106,0.7060247444862829
M001,matched,3,Customization,9,Customization,4,-0.17750408849346494,0.07992007992007992,105,0.745535456279258
M001,matched,3,Customization,9,Customization,5,0.08859513654980983,0.5404595404595405,104,0.9958396034345403
M001,matched,3,Customization,9,Customization,6,-0.0015430785240319884,0.993006993006993,103,1.0
M001,matched,3,Customization,9,Customization,7,-0.058687987877000525,0.6703296703296703,102,0.9958396034345403
M001,matched,3,Customization,9,Customization,8,0.05189881158674185,0.6603396603396603,101,0.9958396034345403
M001,matched,3,Customization,9,Customization,9,-0.10019832042745495,0.47952047952047955,100,0.9958396034345403
M001,matched,3,Customization,9,Customization,10,0.11552911419076316,0.36063936063936064,99,0.9958396034345403
M001,matched,3,Customization,9,Customization,11,-0.06097603738670497,0.6613386613386614,98,0.9958396034345403
M001,matched,3,Customization,9,Customization,12,0.1336725938644461,0.3076923076923077,97,0.9958396034345403
M002,matched,6,Game Graphics,4,Graphics Optimization,-12,-0.0624474016410688,0.6323676323676324,97,0.9958396034345403
M002,matched,6,Game Graphics,4,Graphics Optimization,-11,-0.020000127511173166,0.8601398601398601,98,1.0
M002,matched,6,Game Graphics,4,Graphics Optimization,-10,0.030896722325293755,0.7962037962037962,99,1.0
M002,matched,6,Game Graphics,4,Graphics Optimization,-9,-0.019681968196819683,0.8641358641358642,100,1.0
M002,matched,6,Game Graphics,4,Graphics Optimization,-8,-0.20999417588817706,0.07392607392607392,101,0.745535456279258
M002,matched,6,Game Graphics,4,Graphics Optimization,-7,0.12290006841917772,0.22077922077922077,102,0.9126700071581961
M002,matched,6,Game Graphics,4,Graphics Optimization,-6,-0.030191538900847865,0.8191808191808192,103,1.0
M002,matched,6,Game Graphics,4,Graphics Optimization,-5,0.07466126106902805,0.45254745254745254,104,0.9958396034345403
M002,matched,6,Game Graphics,4,Graphics Optimization,-4,0.05525606469002695,0.6433566433566433,105,0.9958396034345403
M002,matched,6,Game Graphics,4,Graphics Optimization,-3,0.10405320301282213,0.3196803196803197,106,0.9958396034345403
M002,matched,6,Game Graphics,4,Graphics Optimization,-2,-0.09547600854248711,0.3916083916083916,107,0.9958396034345403
M002,matched,6,Game Graphics,4,Graphics Optimization,-1,-0.12660169386569112,0.2897102897102897,108,0.9923409923409924
M002,matched,6,Game Graphics,4,Graphics Optimization,0,0.12990485104485572,0.26373626373626374,109,0.9878819810326661
M002,matched,6,Game Graphics,4,Graphics Optimization,1,-0.1111113757454916,0.3646353646353646,108,0.9958396034345403
M002,matched,6,Game Graphics,4,Graphics Optimization,2,0.17332866369069716,0.16183816183816183,107,0.8850524475524475
M002,matched,6,Game Graphics,4,Graphics Optimization,3,-0.17555527005942811,0.18281718281718282,106,0.8978675645342312
M002,matched,6,Game Graphics,4,Graphics Optimization,4,0.08947255202329454,0.5054945054945055,105,0.9958396034345403
M002,matched,6,Game Graphics,4,Graphics Optimization,5,0.038376289278620655,0.7482517482517482,104,0.9995729461378317
M002,matched,6,Game Graphics,4,Graphics Optimization,6,-0.07178884535469816,0.5914085914085914,103,0.9958396034345403
M002,matched,6,Game Graphics,4,Graphics Optimization,7,0.09688409136569294,0.4515484515484515,102,0.9958396034345403
M002,matched,6,Game Graphics,4,Graphics Optimization,8,-0.0011764740141983901,0.995004995004995,101,1.0
M002,matched,6,Game Graphics,4,Graphics Optimization,9,-0.07420364297556042,0.5834165834165834,100,0.9958396034345403
M002,matched,6,Game Graphics,4,Graphics Optimization,10,0.060921647871806,0.6123876123876124,99,0.9958396034345403
M002,matched,6,Game Graphics,4,Graphics Optimization,11,-0.2533591331775689,0.03896103896103896,98,0.739033693579148
M002,matched,6,Game Graphics,4,Graphics Optimization,12,0.06706970291727975,0.5794205794205795,97,0.9958396034345403
M003,matched,6,Game Graphics,11,Rendering Issues,-12,0.21177414264674943,0.08491508491508491,97,0.745535456279258
M003,matched,6,Game Graphics,11,Rendering Issues,-11,-0.11689586800043354,0.3596403596403596,98,0.9958396034345403
M003,matched,6,Game Graphics,11,Rendering Issues,-10,-0.03245516388373531,0.8361638361638362,99,1.0
M003,matched,6,Game Graphics,11,Rendering Issues,-9,0.0856045604560456,0.4905094905094905,100,0.9958396034345403
M003,matched,6,Game Graphics,11,Rendering Issues,-8,0.03525917297612114,0.8381618381618382,101,1.0
M003,matched,6,Game Graphics,11,Rendering Issues,-7,-0.07774341112009545,0.48951048951048953,102,0.9958396034345403
M003,matched,6,Game Graphics,11,Rendering Issues,-6,0.046478935114000794,0.7282717282717283,103,0.9995729461378317
M003,matched,6,Game Graphics,11,Rendering Issues,-5,-0.07638962978768804,0.5494505494505495,104,0.9958396034345403
M003,matched,6,Game Graphics,11,Rendering Issues,-4,-0.12702674683806758,0.2777222777222777,105,0.9922509922509922
M003,matched,6,Game Graphics,11,Rendering Issues,-3,0.17860795526110285,0.11488511488511488,106,0.800161377084454
M003,matched,6,Game Graphics,11,Rendering Issues,-2,-0.03882325280667725,0.7492507492507493,107,0.9996356883269208
M003,matched,6,Game Graphics,11,Rendering Issues,-1,0.01827240942391418,0.8991008991008991,108,1.0
M003,matched,6,Game Graphics,11,Rendering Issues,0,0.02429344892381861,0.8551448551448552,109,1.0
M003,matched,6,Game Graphics,11,Rendering Issues,1,0.001414733713298937,0.99000999000999,108,1.0
M003,matched,6,Game Graphics,11,Rendering Issues,2,-0.05839176510079695,0.6353646353646354,107,0.9958396034345403
M003,matched,6,Game Graphics,11,Rendering Issues,3,0.06760225609577863,0.5534465534465535,106,0.9958396034345403
M003,matched,6,Game Graphics,11,Rendering Issues,4,-0.034537721692324407,0.7982017982017982,105,1.0
M003,matched,6,Game Graphics,11,Rendering Issues,5,0.1059962285190704,0.32367632367632365,104,0.9958396034345403
M003,matched,6,Game Graphics,11,Rendering Issues,6,-0.13739988523062058,0.1838161838161838,103,0.8978675645342312
M003,matched,6,Game Graphics,11,Rendering Issues,7,0.09760221203824127,0.3726273726273726,102,0.9958396034345403
M003,matched,6,Game Graphics,11,Rendering Issues,8,-0.21746132050564104,0.060939060939060936,101,0.739033693579148
M003,matched,6,Game Graphics,11,Rendering Issues,9,0.2021968262740162,0.06293706293706294,100,0.741682559864378
M003,matched,6,Game Graphics,11,Rendering Issues,10,-0.06674726885396429,0.6143856143856143,99,0.9958396034345403
M003,matched,6,Game Graphics,11,Rendering Issues,11,-0.059369391483165695,0.6683316683316683,98,0.9958396034345403
M003,matched,6,Game Graphics,11,Rendering Issues,12,0.1708005825296631,0.14585414585414586,97,0.8472296933835395
M004,matched,22,Light Design,11,Rendering Issues,-12,-0.06541920892068168,0.6503496503496503,97,0.9958396034345403
M004,matched,22,Light Design,11,Rendering Issues,-11,-0.034153867732660076,0.7642357642357642,98,1.0
M004,matched,22,Light Design,11,Rendering Issues,-10,0.14779220779220778,0.25274725274725274,99,0.9685569904548006
M004,matched,22,Light Design,11,Rendering Issues,-9,-0.08864086408640864,0.5304695304695305,100,0.9958396034345403
M004,matched,22,Light Design,11,Rendering Issues,-8,-0.013011065812463599,0.942057942057942,101,1.0
M004,matched,22,Light Design,11,Rendering Issues,-7,-0.0023466081616728206,0.983016983016983,102,1.0
M004,matched,22,Light Design,11,Rendering Issues,-6,0.07587971708474278,0.5654345654345654,103,0.9958396034345403
M004,matched,22,Light Design,11,Rendering Issues,-5,-0.07443721327216472,0.5364635364635365,104,0.9958396034345403
M004,matched,22,Light Design,11,Rendering Issues,-4,0.014949201741654572,0.9070929070929071,105,1.0
M004,matched,22,Light Design,11,Rendering Issues,-3,-0.10796281834899363,0.3806193806193806,106,0.9958396034345403
M004,matched,22,Light Design,11,Rendering Issues,-2,0.20153755348312144,0.0919080919080919,107,0.7782540040604558
M004,matched,22,Light Design,11,Rendering Issues,-1,-0.17702272386305856,0.11888111888111888,108,0.800161377084454
M004,matched,22,Light Design,11,Rendering Issues,0,0.16627320515568011,0.12187812187812187,109,0.8129370629370628
M004,matched,22,Light Design,11,Rendering Issues,1,-0.07674334967999721,0.4915084915084915,108,0.9958396034345403
M004,matched,22,Light Design,11,Rendering Issues,2,0.1176799057584638,0.2957042957042957,107,0.9923409923409924
M004,matched,22,Light Design,11,Rendering Issues,3,-0.32928012011117935,0.000999000999000999,106,0.06993006993006994
M004,matched,22,Light Design,11,Rendering Issues,4,0.31410510601677655,0.012987012987012988,105,0.5454545454545454
M004,matched,22,Light Design,11,Rendering Issues,5,-0.10184599873608918,0.3706293706293706,104,0.9958396034345403
M004,matched,22,Light Design,11,Rendering Issues,6,0.09899864637455048,0.3936063936063936,103,0.9958396034345403
M004,matched,22,Light Design,11,Rendering Issues,7,-0.0776927404788503,0.46353646353646355,102,0.9958396034345403
M004,matched,22,Light Design,11,Rendering Issues,8,0.013680878511643655,0.8841158841158842,101,1.0
M004,matched,22,Light Design,11,Rendering Issues,9,0.056213790020625105,0.6243756243756243,100,0.9958396034345403
M004,matched,22,Light Design,11,Rendering Issues,10,-0.15935114208839968,0.2037962037962038,99,0.8978675645342312
M004,matched,22,Light Design,11,Rendering Issues,11,0.024475847713044792,0.7762237762237763,98,1.0
M004,matched,22,Light Design,11,Rendering Issues,12,-0.023794260842822802,0.8241758241758241,97,1.0
M005,matched,36,Sound Design,34,Audio and Visual,-12,0.02612823479907427,0.8531468531468531,97,1.0
M005,matched,36,Sound Design,34,Audio and Visual,-11,0.03962409706150501,0.7682317682317682,98,1.0
M005,matched,36,Sound Design,34,Audio and Visual,-10,0.06559059987631416,0.5994005994005994,99,0.9958396034345403
M005,matched,36,Sound Design,34,Audio and Visual,-9,-0.21974197419741975,0.061938061938061936,100,0.739033693579148
M005,matched,36,Sound Design,34,Audio and Visual,-8,0.2104717530576587,0.08491508491508491,101,0.745535456279258
M005,matched,36,Sound Design,34,Audio and Visual,-7,-0.11584328050166524,0.34865134865134867,102,0.9958396034345403
M005,matched,36,Sound Design,34,Audio and Visual,-6,-0.006996002284408909,0.9250749250749251,103,1.0
M005,matched,36,Sound Design,34,Audio and Visual,-5,0.12510402219140082,0.2857142857142857,104,0.9923409923409924
M005,matched,36,Sound Design,34,Audio and Visual,-4,-0.09894256686709517,0.4695304695304695,105,0.9958396034345403
M005,matched,36,Sound Design,34,Audio and Visual,-3,-0.008781520014106859,0.97002997002997,106,1.0
M005,matched,36,Sound Design,34,Audio and Visual,-2,-0.05481102686181156,0.6743256743256744,107,0.9958396034345403
M005,matched,36,Sound Design,34,Audio and Visual,-1,0.10511875160764812,0.4245754245754246,108,0.9958396034345403
M005,matched,36,Sound Design,34,Audio and Visual,0,-0.005699193772588268,0.993006993006993,109,1.0
M005,matched,36,Sound Design,34,Audio and Visual,1,0.05998075585660255,0.6463536463536463,108,0.9958396034345403
M005,matched,36,Sound Design,34,Audio and Visual,2,-0.17993103313152686,0.09090909090909091,107,0.7760532150776053
M005,matched,36,Sound Design,34,Audio and Visual,3,0.27391994357256216,0.01998001998001998,106,0.6767426122264832
M005,matched,36,Sound Design,34,Audio and Visual,4,-0.31504250466514616,0.000999000999000999,105,0.06993006993006994
M005,matched,36,Sound Design,34,Audio and Visual,5,0.20257121519257443,0.07492507492507493,104,0.745535456279258
M005,matched,36,Sound Design,34,Audio and Visual,6,-0.13585643368624523,0.2907092907092907,103,0.9923409923409924
M005,matched,36,Sound Design,34,Audio and Visual,7,0.14445493664157963,0.24075924075924077,102,0.9612060942859422
M005,matched,36,Sound Design,34,Audio and Visual,8,-0.15288293535235878,0.14685314685314685,101,0.8472296933835395
M005,matched,36,Sound Design,34,Audio and Visual,9,0.13676567656765676,0.25074925074925075,100,0.9685569904548006
M005,matched,36,Sound Design,34,Audio and Visual,10,0.0008534322820037105,1.0,99,1.0
M005,matched,36,Sound Design,34,Audio and Visual,11,-0.12079770989932993,0.34865134865134867,98,0.9958396034345403
M005,matched,36,Sound Design,34,Audio and Visual,12,0.06482747738270565,0.6373626373626373,97,0.9958396034345403
M006,matched,1,Audio Interactions,34,Audio and Visual,-12,-0.007113928045444982,0.964035964035964,97,1.0
M006,matched,1,Audio Interactions,34,Audio and Visual,-11,0.009021415501533321,0.9400599400599401,98,1.0
M006,matched,1,Audio Interactions,34,Audio and Visual,-10,0.027210884353741496,0.7892107892107892,99,1.0
M006,matched,1,Audio Interactions,34,Audio and Visual,-9,-0.06756675667566757,0.5454545454545454,100,0.9958396034345403
M006,matched,1,Audio Interactions,34,Audio and Visual,-8,-0.05148514851485148,0.6733266733266733,101,0.9958396034345403
M006,matched,1,Audio Interactions,34,Audio and Visual,-7,0.0911784496553596,0.38461538461538464,102,0.9958396034345403
M006,matched,1,Audio Interactions,34,Audio and Visual,-6,0.1052475508500637,0.30569430569430567,103,0.9958396034345403
M006,matched,1,Audio Interactions,34,Audio and Visual,-5,-0.19459084604715673,0.058941058941058944,104,0.739033693579148
M006,matched,1,Audio Interactions,34,Audio and Visual,-4,-0.06273082814355545,0.5584415584415584,105,0.9958396034345403
M006,matched,1,Audio Interactions,34,Audio and Visual,-3,0.16325204235143204,0.1068931068931069,106,0.800161377084454
M006,matched,1,Audio Interactions,34,Audio and Visual,-2,0.07239579634173131,0.44955044955044954,107,0.9958396034345403
M006,matched,1,Audio Interactions,34,Audio and Visual,-1,0.01818684145424835,0.8661338661338661,108,1.0
M006,matched,1,Audio Interactions,34,Audio and Visual,0,-0.14840025025413126,0.16783216783216784,109,0.8900190718372537
M006,matched,1,Audio Interactions,34,Audio and Visual,1,0.029386125793719617,0.7662337662337663,108,1.0
M006,matched,1,Audio Interactions,34,Audio and Visual,2,-0.014758683527896813,0.8981018981018981,107,1.0
M006,matched,1,Audio Interactions,34,Audio and Visual,3,0.022420395009129415,0.8081918081918081,106,1.0
M006,matched,1,Audio Interactions,34,Audio and Visual,4,-0.08203612992932412,0.4305694305694306,105,0.9958396034345403
M006,matched,1,Audio Interactions,34,Audio and Visual,5,0.025760849279655395,0.8111888111888111,104,1.0
M006,matched,1,Audio Interactions,34,Audio and Visual,6,0.16607449800053825,0.12387612387612387,103,0.8129370629370628
M006,matched,1,Audio Interactions,34,Audio and Visual,7,-0.10353075561402497,0.3086913086913087,102,0.9958396034345403
M006,matched,1,Audio Interactions,34,Audio and Visual,8,0.13463991385772597,0.21478521478521478,101,0.9057207852388575
M006,matched,1,Audio Interactions,34,Audio and Visual,9,-0.17320051614504922,0.08591408591408592,100,0.745535456279258
M006,matched,1,Audio Interactions,34,Audio and Visual,10,0.0688580352226299,0.4975024975024975,99,0.9958396034345403
M006,matched,1,Audio Interactions,34,Audio and Visual,11,-0.03968274210784344,0.7172827172827173,98,0.9995729461378317
M006,matched,1,Audio Interactions,34,Audio and Visual,12,-0.03436758258427251,0.7932067932067932,97,1.0
M007,matched,7,Game Interface,24,Environment & Interface.,-12,0.03429413002314328,0.8161838161838162,97,1.0
M007,matched,7,Game Interface,24,Environment & Interface.,-11,-0.09538473308723677,0.4125874125874126,98,0.9958396034345403
M007,matched,7,Game Interface,24,Environment & Interface.,-10,0.14311688311688311,0.22477522477522477,99,0.9219296328671328
M007,matched,7,Game Interface,24,Environment & Interface.,-9,-0.19557155715571556,0.11888111888111888,100,0.800161377084454
M007,matched,7,Game Interface,24,Environment & Interface.,-8,0.05694816540477577,0.6843156843156843,101,0.9994172494172495
M007,matched,7,Game Interface,24,Environment & Interface.,-7,-0.005761912570468926,0.9690309690309691,102,1.0
M007,matched,7,Game Interface,24,Environment & Interface.,-6,0.057692307692307696,0.6073926073926074,103,0.9958396034345403
M007,matched,7,Game Interface,24,Environment & Interface.,-5,-0.004438280166435506,0.952047952047952,104,1.0
M007,matched,7,Game Interface,24,Environment & Interface.,-4,0.012036077130416753,0.8731268731268731,105,1.0
M007,matched,7,Game Interface,24,Environment & Interface.,-3,-0.006564727813184876,0.9230769230769231,106,1.0
M007,matched,7,Game Interface,24,Environment & Interface.,-2,-0.0013225180744136837,0.981018981018981,107,1.0
M007,matched,7,Game Interface,24,Environment & Interface.,-1,0.03999361702645749,0.7412587412587412,108,0.9995729461378317
M007,matched,7,Game Interface,24,Environment & Interface.,0,-0.19767581944894252,0.06693306693306693,109,0.741682559864378
M007,matched,7,Game Interface,24,Environment & Interface.,1,0.177514623790995,0.1008991008991009,108,0.7790004113533525
M007,matched,7,Game Interface,24,Environment & Interface.,2,0.01665409445890432,0.9020979020979021,107,1.0
M007,matched,7,Game Interface,24,Environment & Interface.,3,-0.036904923849255956,0.7222777222777222,106,0.9995729461378317
M007,matched,7,Game Interface,24,Environment & Interface.,4,0.19053691206613854,0.06993006993006994,105,0.741682559864378
M007,matched,7,Game Interface,24,Environment & Interface.,5,-0.22386881329358294,0.025974025974025976,104,0.6913541004450096
M007,matched,7,Game Interface,24,Environment & Interface.,6,-0.04909336525979498,0.6483516483516484,103,0.9958396034345403
M007,matched,7,Game Interface,24,Environment & Interface.,7,0.14174239040991454,0.15684315684315683,102,0.866764814133235
M007,matched,7,Game Interface,24,Environment & Interface.,8,-0.11065941362909877,0.27472527472527475,101,0.9878819810326661
M007,matched,7,Game Interface,24,Environment & Interface.,9,0.06431520330740165,0.4925074925074925,100,0.9958396034345403
M007,matched,7,Game Interface,24,Environment & Interface.,10,-0.12071887099094078,0.23376623376623376,99,0.9404388714733541
M007,matched,7,Game Interface,24,Environment & Interface.,11,0.20643684611520996,0.058941058941058944,98,0.739033693579148
M007,matched,7,Game Interface,24,Environment & Interface.,12,0.04557707733769463,0.6423576423576424,97,0.9958396034345403
M008,matched,41,UI Design,0,Layout Challenges,-12,-0.052401115085209345,0.6373626373626373,97,0.9958396034345403
M008,matched,41,UI Design,0,Layout Challenges,-11,0.11989238056984743,0.25274725274725274,98,0.9685569904548006
M008,matched,41,UI Design,0,Layout Challenges,-10,0.03445887445887446,0.7972027972027972,99,1.0
M008,matched,41,UI Design,0,Layout Challenges,-9,-0.16314431443144314,0.10789210789210789,100,0.800161377084454
M008,matched,41,UI Design,0,Layout Challenges,-8,0.15346534653465346,0.12787212787212787,101,0.823716161139474
M008,matched,41,UI Design,0,Layout Challenges,-7,0.051800668359240264,0.6583416583416584,102,0.9958396034345403
M008,matched,41,UI Design,0,Layout Challenges,-6,-0.29619338400035145,0.000999000999000999,103,0.06993006993006994
M008,matched,41,UI Design,0,Layout Challenges,-5,0.17610156833457805,0.055944055944055944,104,0.739033693579148
M008,matched,41,UI Design,0,Layout Challenges,-4,0.05527679867302509,0.7302697302697303,105,0.9995729461378317
M008,matched,41,UI Design,0,Layout Challenges,-3,-0.051243166989948866,0.6953046953046953,106,0.9995729461378317
M008,matched,41,UI Design,0,Layout Challenges,-2,-0.05970924195223261,0.6533466533466533,107,0.9958396034345403
M008,matched,41,UI Design,0,Layout Challenges,-1,0.2111621060961006,0.028971028971028972,108,0.6913541004450096
M008,matched,41,UI Design,0,Layout Challenges,0,-0.05993012631270504,0.6613386613386614,109,0.9958396034345403
M008,matched,41,UI Design,0,Layout Challenges,1,-0.10934969419165141,0.2827172827172827,108,0.9923409923409924
M008,matched,41,UI Design,0,Layout Challenges,2,-0.0422132311902463,0.7202797202797203,107,0.9995729461378317
M008,matched,41,UI Design,0,Layout Challenges,3,0.0727971665116586,0.5704295704295704,106,0.9958396034345403
M008,matched,41,UI Design,0,Layout Challenges,4,0.09358380244959098,0.44655344655344653,105,0.9958396034345403
M008,matched,41,UI Design,0,Layout Challenges,5,-0.1050688687659155,0.3436563436563437,104,0.9958396034345403
M008,matched,41,UI Design,0,Layout Challenges,6,-0.06363466628976558,0.6653346653346653,103,0.9958396034345403
M008,matched,41,UI Design,0,Layout Challenges,7,0.15422761792118797,0.11488511488511488,102,0.800161377084454
M008,matched,41,UI Design,0,Layout Challenges,8,-0.09241808291929154,0.43356643356643354,101,0.9958396034345403
M008,matched,41,UI Design,0,Layout Challenges,9,0.14012769431185326,0.18581418581418582,100,0.8978675645342312
M008,matched,41,UI Design,0,Layout Challenges,10,-0.1999282613419638,0.04795204795204795,99,0.739033693579148
M008,matched,41,UI Design,0,Layout Challenges,11,0.2111420684022795,0.026973026973026972,98,0.6913541004450096
M008,matched,41,UI Design,0,Layout Challenges,12,-0.13728352204429659,0.1848151848151848,97,0.8978675645342312
M009,matched,41,UI Design,24,Environment & Interface.,-12,-0.08463075952030297,0.3876123876123876,97,0.9958396034345403
M009,matched,41,UI Design,24,Environment & Interface.,-11,0.08174103755841605,0.3886113886113886,98,0.9958396034345403
M009,matched,41,UI Design,24,Environment & Interface.,-10,0.03093382807668522,0.7272727272727273,99,0.9995729461378317
M009,matched,41,UI Design,24,Environment & Interface.,-9,0.01768976897689769,0.8771228771228772,100,1.0
M009,matched,41,UI Design,24,Environment & Interface.,-8,-0.057402446126965635,0.4995004995004995,101,0.9958396034345403
M009,matched,41,UI Design,24,Environment & Interface.,-7,-0.07731367083024693,0.41358641358641357,102,0.9958396034345403
M009,matched,41,UI Design,24,Environment & Interface.,-6,0.11811931643456486,0.2077922077922078,103,0.8978675645342312
M009,matched,41,UI Design,24,Environment & Interface.,-5,-0.1691987624026459,0.07692307692307693,104,0.745535456279258
M009,matched,41,UI Design,24,Environment & Interface.,-4,0.27501555048724863,0.000999000999000999,105,0.06993006993006994
M009,matched,41,UI Design,24,Environment & Interface.,-3,-0.198871451243167,0.030969030969030968,106,0.6918613301592024
M009,matched,41,UI Design,24,Environment & Interface.,-2,-0.015037520327592625,0.9070929070929071,107,1.0
M009,matched,41,UI Design,24,Environment & Interface.,-1,0.05430291020743394,0.6123876123876124,108,0.9958396034345403
M009,matched,41,UI Design,24,Environment & Interface.,0,0.020545088918396022,0.8491508491508492,109,1.0
M009,matched,41,UI Design,24,Environment & Interface.,1,-0.0062686965305895305,0.987012987012987,108,1.0
M009,matched,41,UI Design,24,Environment & Interface.,2,0.059210204064481,0.5564435564435565,107,0.9958396034345403
M009,matched,41,UI Design,24,Environment & Interface.,3,-0.017618637365303492,0.8581418581418582,106,1.0
M009,matched,41,UI Design,24,Environment & Interface.,4,-0.05900952736712882,0.5464535464535465,105,0.9958396034345403
M009,matched,41,UI Design,24,Environment & Interface.,5,0.020943357980045908,0.8481518481518482,104,1.0
M009,matched,41,UI Design,24,Environment & Interface.,6,0.02818200788739014,0.8371628371628371,103,1.0
M009,matched,41,UI Design,24,Environment & Interface.,7,-0.2136568485115339,0.054945054945054944,102,0.739033693579148
M009,matched,41,UI Design,24,Environment & Interface.,8,0.2162867360279059,0.03496503496503497,101,0.7060247444862829
M009,matched,41,UI Design,24,Environment & Interface.,9,0.08573760261766698,0.34465534465534464,100,0.9958396034345403
M009,matched,41,UI Design,24,Environment & Interface.,10,-0.09207287660415606,0.3726273726273726,99,0.9958396034345403
M009,matched,41,UI Design,24,Environment & Interface.,11,-0.026197504576651463,0.8081918081918081,98,1.0
M009,matched,41,UI Design,24,Environment & Interface.,12,-0.05002169711269197,0.6523476523476524,97,0.9958396034345403
M010,matched,16,Input Methods,3,Input Methods,-12,-0.08744477172312223,0.4435564435564436,97,0.9958396034345403
M010,matched,16,Input Methods,3,Input Methods,-11,0.09932482833808312,0.3956043956043956,98,0.9958396034345403
M010,matched,16,Input Methods,3,Input Methods,-10,-0.10477427334570191,0.32667332667332666,99,0.9958396034345403
M010,matched,16,Input Methods,3,Input Methods,-9,0.03996399639963996,0.7562437562437563,100,1.0
M010,matched,16,Input Methods,3,Input Methods,-8,-0.019289458357600466,0.8601398601398601,101,1.0
M010,matched,16,Input Methods,3,Input Methods,-7,-0.0031721618763818128,0.974025974025974,102,1.0
M010,matched,16,Input Methods,3,Input Methods,-6,0.03693493827702851,0.7562437562437563,103,1.0
M010,matched,16,Input Methods,3,Input Methods,-5,-0.19545021724762054,0.05094905094905095,104,0.739033693579148
M010,matched,16,Input Methods,3,Input Methods,-4,0.18770669404589502,0.08591408591408592,105,0.745535456279258
M010,matched,16,Input Methods,3,Input Methods,-3,-0.06282748893569523,0.6023976023976024,106,0.9958396034345403
M010,matched,16,Input Methods,3,Input Methods,-2,0.05799770759262958,0.6223776223776224,107,0.9958396034345403
M010,matched,16,Input Methods,3,Input Methods,-1,-0.039376155224646395,0.7282717282717283,108,0.9995729461378317
M010,matched,16,Input Methods,3,Input Methods,0,0.06887539973104775,0.5264735264735265,109,0.9958396034345403
M010,matched,16,Input Methods,3,Input Methods,1,-0.020531239900583833,0.8381618381618382,108,1.0
M010,matched,16,Input Methods,3,Input Methods,2,-0.00905234490128205,0.968031968031968,107,1.0
M010,matched,16,Input Methods,3,Input Methods,3,-0.12051391878251656,0.24175824175824176,106,0.9615384615384616
M010,matched,16,Input Methods,3,Input Methods,4,0.13772225408582234,0.17582417582417584,105,0.8978675645342312
M010,matched,16,Input Methods,3,Input Methods,5,-0.04460922919124549,0.7352647352647352,104,0.9995729461378317
M010,matched,16,Input Methods,3,Input Methods,6,-0.0064691862542221685,0.964035964035964,103,1.0
M010,matched,16,Input Methods,3,Input Methods,7,-0.0476982148567707,0.7192807192807192,102,0.9995729461378317
M010,matched,16,Input Methods,3,Input Methods,8,0.13025802340226034,0.2037962037962038,101,0.8978675645342312
M010,matched,16,Input Methods,3,Input Methods,9,-0.05769323102082777,0.6663336663336663,100,0.9958396034345403
M010,matched,16,Input Methods,3,Input Methods,10,-0.07091347654108998,0.5534465534465535,99,0.9958396034345403
M010,matched,16,Input Methods,3,Input Methods,11,0.022985354454744616,0.8691308691308691,98,1.0
M010,matched,16,Input Methods,3,Input Methods,12,0.033402154116627024,0.7272727272727273,97,0.9995729461378317
M011,matched,16,Input Methods,36,Controller,-12,0.18363402061855671,0.11188811188811189,97,0.800161377084454
M011,matched,16,Input Methods,36,Controller,-11,-0.05112560488112771,0.6483516483516484,98,0.9958396034345403
M011,matched,16,Input Methods,36,Controller,-10,-0.09252937538651825,0.38461538461538464,99,0.9958396034345403
M011,matched,16,Input Methods,36,Controller,-9,0.03353135313531353,0.7392607392607392,100,0.9995729461378317
M011,matched,16,Input Methods,36,Controller,-8,0.0471869539895166,0.6103896103896104,101,0.9958396034345403
M011,matched,16,Input Methods,36,Controller,-7,0.04398618045699487,0.6463536463536463,102,0.9958396034345403
M011,matched,16,Input Methods,36,Controller,-6,-0.10121688705355182,0.32967032967032966,103,0.9958396034345403
M011,matched,16,Input Methods,36,Controller,-5,0.1422920684206182,0.1878121878121878,104,0.8978675645342312
M011,matched,16,Input Methods,36,Controller,-4,-0.04160316818768235,0.6723276723276723,105,0.9958396034345403
M011,matched,16,Input Methods,36,Controller,-3,-0.0073911729164927754,0.9210789210789211,106,1.0
M011,matched,16,Input Methods,36,Controller,-2,0.05216854610316766,0.5874125874125874,107,0.9958396034345403
M011,matched,16,Input Methods,36,Controller,-1,-0.1415655191103365,0.16383616383616384,108,0.8900190718372537
M011,matched,16,Input Methods,36,Controller,0,0.07059913820655568,0.4645354645354645,109,0.9958396034345403
M011,matched,16,Input Methods,36,Controller,1,-0.1251500544473639,0.2047952047952048,108,0.8978675645342312
M011,matched,16,Input Methods,36,Controller,2,0.24448189070507959,0.01998001998001998,107,0.6767426122264832
M011,matched,16,Input Methods,36,Controller,3,-0.16828819771958842,0.13186813186813187,106,0.8343928798474253
M011,matched,16,Input Methods,36,Controller,4,0.08378000114931725,0.3546453546453546,105,0.9958396034345403
M011,matched,16,Input Methods,36,Controller,5,0.04531341697565645,0.6863136863136863,104,0.9994859509422616
M011,matched,16,Input Methods,36,Controller,6,-0.14985666766147243,0.1938061938061938,103,0.8978675645342312
M011,matched,16,Input Methods,36,Controller,7,0.11849627650546887,0.2047952047952048,102,0.8978675645342312
M011,matched,16,Input Methods,36,Controller,8,-0.0870638943756478,0.3826173826173826,101,0.9958396034345403
M011,matched,16,Input Methods,36,Controller,9,0.05260441680139132,0.5814185814185814,100,0.9958396034345403
M011,matched,16,Input Methods,36,Controller,10,-0.1124250110381941,0.2857142857142857,99,0.9923409923409924
M011,matched,16,Input Methods,36,Controller,11,0.15288926892380617,0.16983016983016982,98,0.8960888357873282
M011,matched,16,Input Methods,36,Controller,12,0.021934957900210186,0.7982017982017982,97,1.0
M012,matched,18,Interaction Methods,12,Interaction Mechanics,-12,-0.24715968861771512,0.04195804195804196,97,0.739033693579148
M012,matched,18,Interaction Methods,12,Interaction Mechanics,-11,0.18729478670568508,0.11688311688311688,98,0.800161377084454
M012,matched,18,Interaction Methods,12,Interaction Mechanics,-10,-0.018453927025355598,0.913086913086913,99,1.0
M012,matched,18,Interaction Methods,12,Interaction Mechanics,-9,-0.038223822382238225,0.7322677322677322,100,0.9995729461378317
M012,matched,18,Interaction Methods,12,Interaction Mechanics,-8,-0.017472335468841003,0.913086913086913,101,1.0
M012,matched,18,Interaction Methods,12,Interaction Mechanics,-7,-0.1500867962295944,0.22277722277722278,102,0.9173179761415056
M012,matched,18,Interaction Methods,12,Interaction Mechanics,-6,0.1956354610552212,0.08191808191808192,103,0.745535456279258
M012,matched,18,Interaction Methods,12,Interaction Mechanics,-5,0.09992531740104556,0.4025974025974026,104,0.9958396034345403
M012,matched,18,Interaction Methods,12,Interaction Mechanics,-4,-0.19053493676135186,0.06593406593406594,105,0.741682559864378
M012,matched,18,Interaction Methods,12,Interaction Mechanics,-3,0.13550176462184874,0.2097902097902098,106,0.8991008991008992
M012,matched,18,Interaction Methods,12,Interaction Mechanics,-2,-0.19018836132318967,0.057942057942057944,107,0.739033693579148
M012,matched,18,Interaction Methods,12,Interaction Mechanics,-1,0.32224490136253564,0.000999000999000999,108,0.06993006993006994
M012,matched,18,Interaction Methods,12,Interaction Mechanics,0,-0.13389986007302848,0.2127872127872128,109,0.9009136025265058
M012,matched,18,Interaction Methods,12,Interaction Mechanics,1,-0.08635177105359194,0.46153846153846156,108,0.9958396034345403
M012,matched,18,Interaction Methods,12,Interaction Mechanics,2,0.0486495488723052,0.6433566433566433,107,0.9958396034345403
M012,matched,18,Interaction Methods,12,Interaction Mechanics,3,-0.01923086612049283,0.9090909090909091,106,1.0
M012,matched,18,Interaction Methods,12,Interaction Mechanics,4,0.0958438300261957,0.4155844155844156,105,0.9958396034345403
M012,matched,18,Interaction Methods,12,Interaction Mechanics,5,-0.11824515358779868,0.2967032967032967,104,0.9923409923409924
M012,matched,18,Interaction Methods,12,Interaction Mechanics,6,0.006040570669549718,0.983016983016983,103,1.0
M012,matched,18,Interaction Methods,12,Interaction Mechanics,7,0.17478753061638283,0.11388611388611389,102,0.800161377084454
M012,matched,18,Interaction Methods,12,Interaction Mechanics,8,-0.10499831099502067,0.3546453546453546,101,0.9958396034345403
M012,matched,18,Interaction Methods,12,Interaction Mechanics,9,-0.09099419135598419,0.46853146853146854,100,0.9958396034345403
M012,matched,18,Interaction Methods,12,Interaction Mechanics,10,0.011638981311729024,0.954045954045954,99,1.0
M012,matched,18,Interaction Methods,12,Interaction Mechanics,11,0.04362850421465708,0.7702297702297702,98,1.0
M012,matched,18,Interaction Methods,12,Interaction Mechanics,12,0.14250397781552127,0.2727272727272727,97,0.9878819810326661
M013,matched,18,Interaction Methods,20,Player Interaction,-12,-0.13530927835051546,0.2727272727272727,97,0.9878819810326661
M013,matched,18,Interaction Methods,20,Player Interaction,-11,0.02571262806903455,0.9200799200799201,98,1.0
M013,matched,18,Interaction Methods,20,Player Interaction,-10,0.04733457019171305,0.7912087912087912,99,1.0
M013,matched,18,Interaction Methods,20,Player Interaction,-9,-0.03389138913891389,0.8591408591408591,100,1.0
M013,matched,18,Interaction Methods,20,Player Interaction,-8,0.12495049504950495,0.2977022977022977,101,0.9923409923409924
M013,matched,18,Interaction Methods,20,Player Interaction,-7,-0.09104274219540744,0.47652347652347654,102,0.9958396034345403
M013,matched,18,Interaction Methods,20,Player Interaction,-6,-0.09451741861793261,0.47152847152847155,103,0.9958396034345403
M013,matched,18,Interaction Methods,20,Player Interaction,-5,0.044596180518510616,0.7822177822177823,104,1.0
M013,matched,18,Interaction Methods,20,Player Interaction,-4,0.08843043748704126,0.45254745254745254,105,0.9958396034345403
M013,matched,18,Interaction Methods,20,Player Interaction,-3,-0.0013854986157653246,0.99000999000999,106,1.0
M013,matched,18,Interaction Methods,20,Player Interaction,-2,-0.07451183044319463,0.5404595404595405,107,0.9958396034345403
M013,matched,18,Interaction Methods,20,Player Interaction,-1,0.010703389406675796,0.975024975024975,108,1.0
M013,matched,18,Interaction Methods,20,Player Interaction,0,-0.12555023214543495,0.31868131868131866,109,0.9958396034345403
M013,matched,18,Interaction Methods,20,Player Interaction,1,0.2617418973881714,0.000999000999000999,108,0.06993006993006994
M013,matched,18,Interaction Methods,20,Player Interaction,2,-0.11288537085291439,0.3836163836163836,107,0.9958396034345403
M013,matched,18,Interaction Methods,20,Player Interaction,3,-0.0410261836047087,0.7532467532467533,106,1.0
M013,matched,18,Interaction Methods,20,Player Interaction,4,-0.01754113146612473,0.9340659340659341,105,1.0
M013,matched,18,Interaction Methods,20,Player Interaction,5,0.02608584323036793,0.8641358641358642,104,1.0
M013,matched,18,Interaction Methods,20,Player Interaction,6,0.13959209674541256,0.2897102897102897,103,0.9923409923409924
M013,matched,18,Interaction Methods,20,Player Interaction,7,-0.16536706456847453,0.1918081918081918,102,0.8978675645342312
M013,matched,18,Interaction Methods,20,Player Interaction,8,0.23335158244544588,0.03996003996003996,101,0.739033693579148
M013,matched,18,Interaction Methods,20,Player Interaction,9,-0.1717752388391192,0.13586413586413587,100,0.8343928798474253
M013,matched,18,Interaction Methods,20,Player Interaction,10,0.06040891044259782,0.6853146853146853,99,0.9994172494172495
M013,matched,18,Interaction Methods,20,Player Interaction,11,-0.08129578507103499,0.5264735264735265,98,0.9958396034345403
M013,matched,18,Interaction Methods,20,Player Interaction,12,-0.06979894013516535,0.5844155844155844,97,0.9958396034345403
M014,matched,8,Game Mechanics,32,Game Elements,-12,-0.08514359351988218,0.4245754245754246,97,0.9958396034345403
M014,matched,8,Game Mechanics,32,Game Elements,-11,0.010067007121499022,0.8941058941058941,98,1.0
M014,matched,8,Game Mechanics,32,Game Elements,-10,0.050550401978973404,0.6403596403596403,99,0.9958396034345403
M014,matched,8,Game Mechanics,32,Game Elements,-9,-0.06982298229822982,0.4975024975024975,100,0.9958396034345403
M014,matched,8,Game Mechanics,32,Game Elements,-8,0.007466511357018054,0.932067932067932,101,1.0
M014,matched,8,Game Mechanics,32,Game Elements,-7,0.07108243662744344,0.5064935064935064,102,0.9958396034345403
M014,matched,8,Game Mechanics,32,Game Elements,-6,-0.09204630321135175,0.2947052947052947,103,0.9923409923409924
M014,matched,8,Game Mechanics,32,Game Elements,-5,0.019406806785447563,0.8021978021978022,104,1.0
M014,matched,8,Game Mechanics,32,Game Elements,-4,-0.06019090864344455,0.5134865134865135,105,0.9958396034345403
M014,matched,8,Game Mechanics,32,Game Elements,-3,-0.06393446339658898,0.5214785214785215,106,0.9958396034345403
M014,matched,8,Game Mechanics,32,Game Elements,-2,0.13422121863031944,0.17382617382617382,107,0.8978675645342312
M014,matched,8,Game Mechanics,32,Game Elements,-1,0.08581288836727391,0.3776223776223776,108,0.9958396034345403
M014,matched,8,Game Mechanics,32,Game Elements,0,-0.0009359738298412261,1.0,109,1.0
M014,matched,8,Game Mechanics,32,Game Elements,1,-0.08751405217324533,0.36663336663336665,108,0.9958396034345403
M014,matched,8,Game Mechanics,32,Game Elements,2,-0.001861339968936365,0.964035964035964,107,1.0
M014,matched,8,Game Mechanics,32,Game Elements,3,0.13351773200397707,0.16783216783216784,106,0.8900190718372537
M014,matched,8,Game Mechanics,32,Game Elements,4,-0.05468644709444914,0.6073926073926074,105,0.9958396034345403
M014,matched,8,Game Mechanics,32,Game Elements,5,-0.09708841447703401,0.35064935064935066,104,0.9958396034345403
M014,matched,8,Game Mechanics,32,Game Elements,6,-0.17662628637763375,0.08591408591408592,103,0.745535456279258
M014,matched,8,Game Mechanics,32,Game Elements,7,0.17924330927529744,0.08391608391608392,102,0.745535456279258
M014,matched,8,Game Mechanics,32,Game Elements,8,0.08118906452577036,0.47952047952047955,101,0.9958396034345403
M014,matched,8,Game Mechanics,32,Game Elements,9,0.00933704574979632,0.916083916083916,100,1.0
M014,matched,8,Game Mechanics,32,Game Elements,10,-0.12185679477487177,0.2097902097902098,99,0.8991008991008992
M014,matched,8,Game Mechanics,32,Game Elements,11,0.09158606795901637,0.3806193806193806,98,0.9958396034345403
M014,matched,8,Game Mechanics,32,Game Elements,12,-0.03063894696965623,0.7552447552447552,97,1.0
M015,matched,12,Gameplay Complexity,32,Game Elements,-12,0.09570271407532085,0.5244755244755245,97,0.9958396034345403
M015,matched,12,Gameplay Complexity,32,Game Elements,-11,-0.12427876492677671,0.3786213786213786,98,0.9958396034345403
M015,matched,12,Gameplay Complexity,32,Game Elements,-10,0.09111935683364254,0.5194805194805194,99,0.9958396034345403
M015,matched,12,Gameplay Complexity,32,Game Elements,-9,-0.05417341734173417,0.7062937062937062,100,0.9995729461378317
M015,matched,12,Gameplay Complexity,32,Game Elements,-8,0.0693185789167152,0.6333666333666333,101,0.9958396034345403
M015,matched,12,Gameplay Complexity,32,Game Elements,-7,-0.06409350243990704,0.6293706293706294,102,0.9958396034345403
M015,matched,12,Gameplay Complexity,32,Game Elements,-6,0.04194306550103238,0.7452547452547452,103,0.9995729461378317
M015,matched,12,Gameplay Complexity,32,Game Elements,-5,0.053728795476368295,0.7482517482517482,104,0.9995729461378317
M015,matched,12,Gameplay Complexity,32,Game Elements,-4,-0.10175228527995318,0.4225774225774226,105,0.9958396034345403
M015,matched,12,Gameplay Complexity,32,Game Elements,-3,0.11393332980697109,0.37162837162837165,106,0.9958396034345403
M015,matched,12,Gameplay Complexity,32,Game Elements,-2,-0.14474261041259542,0.3146853146853147,107,0.9958396034345403
M015,matched,12,Gameplay Complexity,32,Game Elements,-1,0.15326281894071817,0.21978021978021978,108,0.9126700071581961
M015,matched,12,Gameplay Complexity,32,Game Elements,0,-0.1995199659057584,0.11688311688311688,109,0.800161377084454
M015,matched,12,Gameplay Complexity,32,Game Elements,1,0.17509479260745436,0.12287712287712288,108,0.8129370629370628
M015,matched,12,Gameplay Complexity,32,Game Elements,2,-0.006661637783561727,0.983016983016983,107,1.0
M015,matched,12,Gameplay Complexity,32,Game Elements,3,0.03007310449914113,0.8261738261738262,106,1.0
M015,matched,12,Gameplay Complexity,32,Game Elements,4,-0.0395193812936569,0.7762237762237763,105,1.0
M015,matched,12,Gameplay Complexity,32,Game Elements,5,-0.04268689520028715,0.7092907092907093,104,0.9995729461378317
M015,matched,12,Gameplay Complexity,32,Game Elements,6,0.031059516097248368,0.8561438561438561,103,1.0
M015,matched,12,Gameplay Complexity,32,Game Elements,7,-0.06809764262602629,0.5314685314685315,102,0.9958396034345403
M015,matched,12,Gameplay Complexity,32,Game Elements,8,0.047804866687770675,0.7122877122877123,101,0.9995729461378317
M015,matched,12,Gameplay Complexity,32,Game Elements,9,-0.0688637127407857,0.5904095904095904,100,0.9958396034345403
M015,matched,12,Gameplay Complexity,32,Game Elements,10,-0.020309465795811964,0.8711288711288712,99,1.0
M015,matched,12,Gameplay Complexity,32,Game Elements,11,0.16999368813026478,0.1918081918081918,98,0.8978675645342312
M015,matched,12,Gameplay Complexity,32,Game Elements,12,-0.08459242311407662,0.5284715284715285,97,0.9958396034345403
M016,matched,42,VR Elements,32,Game Elements,-12,0.028219019566589523,0.8771228771228772,97,1.0
M016,matched,42,VR Elements,32,Game Elements,-11,-0.08205981549133243,0.5964035964035964,98,0.9958396034345403
M016,matched,42,VR Elements,32,Game Elements,-10,0.10033395176252319,0.4255744255744256,99,0.9958396034345403
M016,matched,42,VR Elements,32,Game Elements,-9,0.061578157815781576,0.6783216783216783,100,0.9976755088486932
M016,matched,42,VR Elements,32,Game Elements,-8,-0.07686662783925452,0.5574425574425574,101,0.9958396034345403
M016,matched,42,VR Elements,32,Game Elements,-7,0.07537983952592861,0.5834165834165834,102,0.9958396034345403
M016,matched,42,VR Elements,32,Game Elements,-6,-0.04234942670122567,0.7782217782217782,103,1.0
M016,matched,42,VR Elements,32,Game Elements,-5,0.09095831366274129,0.5054945054945055,104,0.9958396034345403
M016,matched,42,VR Elements,32,Game Elements,-4,-0.1447909620338733,0.22077922077922077,105,0.9126700071581961
M016,matched,42,VR Elements,32,Game Elements,-3,0.09703528487141873,0.4255744255744256,106,0.9958396034345403
M016,matched,42,VR Elements,32,Game Elements,-2,-0.09893511761204395,0.43956043956043955,107,0.9958396034345403
M016,matched,42,VR Elements,32,Game Elements,-1,-0.11504365765020627,0.33666333666333664,108,0.9958396034345403
M016,matched,42,VR Elements,32,Game Elements,0,0.19657105808601372,0.061938061938061936,109,0.739033693579148
M016,matched,42,VR Elements,32,Game Elements,1,-0.015348411823591904,0.9240759240759241,108,1.0
M016,matched,42,VR Elements,32,Game Elements,2,0.17546265928783714,0.10589410589410589,107,0.800161377084454
M016,matched,42,VR Elements,32,Game Elements,3,-0.2830734353007286,0.008991008991008992,106,0.4495504495504496
M016,matched,42,VR Elements,32,Game Elements,4,0.17285780957339023,0.15384615384615385,105,0.8547008547008548
M016,matched,42,VR Elements,32,Game Elements,5,-0.15678847715028763,0.17482517482517482,104,0.8978675645342312
M016,matched,42,VR Elements,32,Game Elements,6,0.1730974114881857,0.0959040959040959,103,0.7790004113533525
M016,matched,42,VR Elements,32,Game Elements,7,-0.13040527952720676,0.25274725274725274,102,0.9685569904548006
M016,matched,42,VR Elements,32,Game Elements,8,0.029471722340164427,0.8121878121878122,101,1.0
M016,matched,42,VR Elements,32,Game Elements,9,-0.046399423991370946,0.7112887112887113,100,0.9995729461378317
M016,matched,42,VR Elements,32,Game Elements,10,0.08207062913834502,0.5074925074925075,99,0.9958396034345403
M016,matched,42,VR Elements,32,Game Elements,11,-0.028162638176590007,0.8061938061938062,98,1.0
M016,matched,42,VR Elements,32,Game Elements,12,0.045461120779991974,0.6943056943056943,97,0.9995729461378317
M017,matched,14,Hardware Support,30,Hardware Optimization,-12,-0.024353040185146224,0.8301698301698301,97,1.0
M017,matched,14,Hardware Support,30,Hardware Optimization,-11,-0.07810696912316942,0.5114885114885115,98,0.9958396034345403
M017,matched,14,Hardware Support,30,Hardware Optimization,-10,-0.03844155844155844,0.8151848151848152,99,1.0
M017,matched,14,Hardware Support,30,Hardware Optimization,-9,0.13712571257125714,0.18581418581418582,100,0.8978675645342312
M017,matched,14,Hardware Support,30,Hardware Optimization,-8,-0.03682003494467094,0.7952047952047953,101,1.0
M017,matched,14,Hardware Support,30,Hardware Optimization,-7,-0.01119021096855545,0.9100899100899101,102,1.0
M017,matched,14,Hardware Support,30,Hardware Optimization,-6,0.009543996836972279,0.967032967032967,103,1.0
M017,matched,14,Hardware Support,30,Hardware Optimization,-5,0.07015896724634589,0.5074925074925075,104,0.9958396034345403
M017,matched,14,Hardware Support,30,Hardware Optimization,-4,-0.1390683678948479,0.13486513486513488,105,0.8343928798474253
M017,matched,14,Hardware Support,30,Hardware Optimization,-3,0.06990523118203773,0.47952047952047955,106,0.9958396034345403
M017,matched,14,Hardware Support,30,Hardware Optimization,-2,-0.0017241886028042117,1.0,107,1.0
M017,matched,14,Hardware Support,30,Hardware Optimization,-1,0.026770573329721246,0.7772227772227772,108,1.0
M017,matched,14,Hardware Support,30,Hardware Optimization,0,-0.15624029844565684,0.04895104895104895,109,0.739033693579148
M017,matched,14,Hardware Support,30,Hardware Optimization,1,0.20908021289316606,0.008991008991008992,108,0.4495504495504496
M017,matched,14,Hardware Support,30,Hardware Optimization,2,0.021782896000184907,0.8261738261738262,107,1.0
M017,matched,14,Hardware Support,30,Hardware Optimization,3,-0.20024183803209875,0.022977022977022976,106,0.6913541004450096
M017,matched,14,Hardware Support,30,Hardware Optimization,4,0.17240235342596932,0.060939060939060936,105,0.739033693579148
M017,matched,14,Hardware Support,30,Hardware Optimization,5,-0.14328238782403485,0.14885114885114886,104,0.851567787051658
M017,matched,14,Hardware Support,30,Hardware Optimization,6,0.03807818825261994,0.6913086913086913,103,0.9995729461378317
M017,matched,14,Hardware Support,30,Hardware Optimization,7,0.033746875826342296,0.6563436563436563,102,0.9958396034345403
M017,matched,14,Hardware Support,30,Hardware Optimization,8,0.09632196631825375,0.35564435564435565,101,0.9958396034345403
M017,matched,14,Hardware Support,30,Hardware Optimization,9,-0.07766209610744645,0.4075924075924076,100,0.9958396034345403
M017,matched,14,Hardware Support,30,Hardware Optimization,10,-0.049686137504814855,0.5424575424575424,99,0.9958396034345403
M017,matched,14,Hardware Support,30,Hardware Optimization,11,0.044579327252255996,0.6053946053946054,98,0.9958396034345403
M017,matched,14,Hardware Support,30,Hardware Optimization,12,0.021059760286478834,0.7952047952047953,97,1.0
M018,matched,14,Hardware Support,28,Physics & Hardware,-12,-0.0585945718493583,0.6083916083916084,97,0.9958396034345403
M018,matched,14,Hardware Support,28,Physics & Hardware,-11,-0.08231483783766552,0.5054945054945055,98,0.9958396034345403
M018,matched,14,Hardware Support,28,Physics & Hardware,-10,0.13677179962894248,0.1978021978021978,99,0.8978675645342312
M018,matched,14,Hardware Support,28,Physics & Hardware,-9,-0.11725172517251725,0.34965034965034963,100,0.9958396034345403
M018,matched,14,Hardware Support,28,Physics & Hardware,-8,0.009761211415259173,0.9240759240759241,101,1.0
M018,matched,14,Hardware Support,28,Physics & Hardware,-7,0.0935985660245065,0.4125874125874126,102,0.9958396034345403
M018,matched,14,Hardware Support,28,Physics & Hardware,-6,-0.11243025963185872,0.3116883116883117,103,0.9958396034345403
M018,matched,14,Hardware Support,28,Physics & Hardware,-5,-0.05533980582524272,0.5614385614385614,104,0.9958396034345403
M018,matched,14,Hardware Support,28,Physics & Hardware,-4,0.06994627292754398,0.5744255744255744,105,0.9958396034345403
M018,matched,14,Hardware Support,28,Physics & Hardware,-3,-0.014988689208400883,0.8921078921078921,106,1.0
M018,matched,14,Hardware Support,28,Physics & Hardware,-2,0.04005799543674103,0.6723276723276723,107,0.9958396034345403
M018,matched,14,Hardware Support,28,Physics & Hardware,-1,-0.10082312368271884,0.3336663336663337,108,0.9958396034345403
M018,matched,14,Hardware Support,28,Physics & Hardware,0,0.08016124923959381,0.44455544455544455,109,0.9958396034345403
M018,matched,14,Hardware Support,28,Physics & Hardware,1,0.03581687142859099,0.7282717282717283,108,0.9995729461378317
M018,matched,14,Hardware Support,28,Physics & Hardware,2,-0.18006769504447884,0.07992007992007992,107,0.745535456279258
M018,matched,14,Hardware Support,28,Physics & Hardware,3,0.19636235395186738,0.03496503496503497,106,0.7060247444862829
M018,matched,14,Hardware Support,28,Physics & Hardware,4,-0.006116683515518921,0.975024975024975,105,1.0
M018,matched,14,Hardware Support,28,Physics & Hardware,5,-0.0829265690727362,0.46853146853146854,104,0.9958396034345403
M018,matched,14,Hardware Support,28,Physics & Hardware,6,0.025469662116476964,0.8361638361638362,103,1.0
M018,matched,14,Hardware Support,28,Physics & Hardware,7,0.10983002164461232,0.35364635364635366,102,0.9958396034345403
M018,matched,14,Hardware Support,28,Physics & Hardware,8,-0.008713125021895491,0.9430569430569431,101,1.0
M018,matched,14,Hardware Support,28,Physics & Hardware,9,-0.2001800234931468,0.06893106893106893,100,0.741682559864378
M018,matched,14,Hardware Support,28,Physics & Hardware,10,0.09964439226755999,0.3966033966033966,99,0.9958396034345403
M018,matched,14,Hardware Support,28,Physics & Hardware,11,0.0869653924085772,0.5034965034965035,98,0.9958396034345403
M018,matched,14,Hardware Support,28,Physics & Hardware,12,-0.17649302072118367,0.10989010989010989,97,0.800161377084454
M019,matched,14,Hardware Support,31,Compatibility Issues,-12,0.10409215232484746,0.44455544455544455,97,0.9958396034345403
M019,matched,14,Hardware Support,31,Compatibility Issues,-11,-0.19693463139707618,0.1108891108891109,98,0.800161377084454
M019,matched,14,Hardware Support,31,Compatibility Issues,-10,0.29291280148423005,0.012987012987012988,99,0.5454545454545454
M019,matched,14,Hardware Support,31,Compatibility Issues,-9,-0.24222022202220223,0.03696303696303696,100,0.7187257187257187
M019,matched,14,Hardware Support,31,Compatibility Issues,-8,0.22294700058241118,0.056943056943056944,101,0.739033693579148
M019,matched,14,Hardware Support,31,Compatibility Issues,-7,-0.22690852751751475,0.04595404595404595,102,0.739033693579148
M019,matched,14,Hardware Support,31,Compatibility Issues,-6,0.08017396652462329,0.4975024975024975,103,0.9958396034345403
M019,matched,14,Hardware Support,31,Compatibility Issues,-5,-0.0011735836978555424,1.0,104,1.0
M019,matched,14,Hardware Support,31,Compatibility Issues,-4,0.039332467687431726,0.7262737262737263,105,0.9995729461378317
M019,matched,14,Hardware Support,31,Compatibility Issues,-3,-0.050356957525366994,0.6423576423576424,106,0.9958396034345403
M019,matched,14,Hardware Support,31,Compatibility Issues,-2,0.03594345445277644,0.7412587412587412,107,0.9995729461378317
M019,matched,14,Hardware Support,31,Compatibility Issues,-1,-0.06882228531455739,0.5684315684315684,108,0.9958396034345403
M019,matched,14,Hardware Support,31,Compatibility Issues,0,0.13353566715814183,0.2647352647352647,109,0.9878819810326661
M019,matched,14,Hardware Support,31,Compatibility Issues,1,-0.25142786377761533,0.04095904095904096,108,0.739033693579148
M019,matched,14,Hardware Support,31,Compatibility Issues,2,0.276413047288157,0.000999000999000999,107,0.06993006993006994
M019,matched,14,Hardware Support,31,Compatibility Issues,3,-0.13192261189192014,0.27472527472527475,106,0.9878819810326661
M019,matched,14,Hardware Support,31,Compatibility Issues,4,0.002171941011019007,1.0,105,1.0
M019,matched,14,Hardware Support,31,Compatibility Issues,5,0.005948094211392786,0.971028971028971,104,1.0
M019,matched,14,Hardware Support,31,Compatibility Issues,6,0.11561293586420646,0.36163836163836166,103,0.9958396034345403
M019,matched,14,Hardware Support,31,Compatibility Issues,7,-0.16539248844582535,0.15084915084915085,102,0.851567787051658
M019,matched,14,Hardware Support,31,Compatibility Issues,8,0.05648388132509523,0.6383616383616384,101,0.9958396034345403
M019,matched,14,Hardware Support,31,Compatibility Issues,9,-0.06376428938631788,0.5794205794205795,100,0.9958396034345403
M019,matched,14,Hardware Support,31,Compatibility Issues,10,0.10957667218201514,0.4025974025974026,99,0.9958396034345403
M019,matched,14,Hardware Support,31,Compatibility Issues,11,-0.12609344323053015,0.3156843156843157,98,0.9958396034345403
M019,matched,14,Hardware Support,31,Compatibility Issues,12,0.1510082780204681,0.2177822177822178,97,0.9126700071581961
M020,matched,38,Target Tracking,7,Object Tracking,-12,-0.029060593309488743,0.7872127872127872,97,1.0
M020,matched,38,Target Tracking,7,Object Tracking,-11,0.08504357694342966,0.3946053946053946,98,0.9958396034345403
M020,matched,38,Target Tracking,7,Object Tracking,-10,-0.14045763760049473,0.22677322677322678,99,0.9265054012135725
M020,matched,38,Target Tracking,7,Object Tracking,-9,0.05122112211221122,0.6213786213786214,100,0.9958396034345403
M020,matched,38,Target Tracking,7,Object Tracking,-8,-0.049807804309842746,0.6253746253746254,101,0.9958396034345403
M020,matched,38,Target Tracking,7,Object Tracking,-7,-0.02748641511781104,0.8121878121878122,102,1.0
M020,matched,38,Target Tracking,7,Object Tracking,-6,0.006908140403286034,0.954045954045954,103,1.0
M020,matched,38,Target Tracking,7,Object Tracking,-5,-0.043326576336285075,0.6883116883116883,104,0.9995729461378317
M020,matched,38,Target Tracking,7,Object Tracking,-4,0.18342318059299192,0.13986013986013987,105,0.8343928798474253
M020,matched,38,Target Tracking,7,Object Tracking,-3,-0.14071088495352294,0.24975024975024976,106,0.9685569904548006
M020,matched,38,Target Tracking,7,Object Tracking,-2,0.03633495954074335,0.7232767232767233,107,0.9995729461378317
M020,matched,38,Target Tracking,7,Object Tracking,-1,0.006973620280659636,0.938061938061938,108,1.0
M020,matched,38,Target Tracking,7,Object Tracking,0,-0.028171624501899733,0.8021978021978022,109,1.0
M020,matched,38,Target Tracking,7,Object Tracking,1,0.049120199681804755,0.6073926073926074,108,0.9958396034345403
M020,matched,38,Target Tracking,7,Object Tracking,2,-0.049403397401986716,0.6393606393606394,107,0.9958396034345403
M020,matched,38,Target Tracking,7,Object Tracking,3,0.08997657253696753,0.4155844155844156,106,0.9958396034345403
M020,matched,38,Target Tracking,7,Object Tracking,4,-0.06879535558780842,0.5254745254745254,105,0.9958396034345403
M020,matched,38,Target Tracking,7,Object Tracking,5,-0.0337138589565774,0.7842157842157842,104,1.0
M020,matched,38,Target Tracking,7,Object Tracking,6,0.09230988885472038,0.3646353646353646,103,0.9958396034345403
M020,matched,38,Target Tracking,7,Object Tracking,7,0.025654364408456837,0.8211788211788211,102,1.0
M020,matched,38,Target Tracking,7,Object Tracking,8,-0.033907979033197436,0.7642357642357642,101,1.0
M020,matched,38,Target Tracking,7,Object Tracking,9,-0.1485148514851485,0.20679320679320679,100,0.8978675645342312
M020,matched,38,Target Tracking,7,Object Tracking,10,0.037241805813234385,0.7372627372627373,99,0.9995729461378317
M020,matched,38,Target Tracking,7,Object Tracking,11,0.10229583867286371,0.31868131868131866,98,0.9958396034345403
M020,matched,38,Target Tracking,7,Object Tracking,12,0.044261519040605934,0.6543456543456544,97,0.9958396034345403
M021,matched,25,Motion Design,12,Interaction Mechanics,-12,0.014898485167262781,0.9500499500499501,97,1.0
M021,matched,25,Motion Design,12,Interaction Mechanics,-11,0.030277528068396994,0.8101898101898102,98,1.0
M021,matched,25,Motion Design,12,Interaction Mechanics,-10,0.042683982683982685,0.7022977022977023,99,0.9995729461378317
M021,matched,25,Motion Design,12,Interaction Mechanics,-9,0.0057365736573657365,0.9630369630369631,100,1.0
M021,matched,25,Motion Design,12,Interaction Mechanics,-8,-0.2149330227140361,0.08091908091908091,101,0.745535456279258
M021,matched,25,Motion Design,12,Interaction Mechanics,-7,0.22374202011863092,0.055944055944055944,102,0.739033693579148
M021,matched,25,Motion Design,12,Interaction Mechanics,-6,0.04410666432368317,0.6563436563436563,103,0.9958396034345403
M021,matched,25,Motion Design,12,Interaction Mechanics,-5,-0.24839432412247947,0.024975024975024976,104,0.6913541004450096
M021,matched,25,Motion Design,12,Interaction Mechanics,-4,0.17316030779735692,0.14185814185814186,105,0.8415313500059264
M021,matched,25,Motion Design,12,Interaction Mechanics,-3,-0.01798138883522109,0.913086913086913,106,1.0
M021,matched,25,Motion Design,12,Interaction Mechanics,-2,-0.11379644778507798,0.35864135864135865,107,0.9958396034345403
M021,matched,25,Motion Design,12,Interaction Mechanics,-1,0.14446582703626085,0.20279720279720279,108,0.8978675645342312
M021,matched,25,Motion Design,12,Interaction Mechanics,0,-0.21570789802605841,0.04395604395604396,109,0.739033693579148
M021,matched,25,Motion Design,12,Interaction Mechanics,1,0.232654850039076,0.025974025974025976,108,0.6913541004450096
M021,matched,25,Motion Design,12,Interaction Mechanics,2,-0.06767539715281194,0.5764235764235764,107,0.9958396034345403
M021,matched,25,Motion Design,12,Interaction Mechanics,3,-0.03772168481648358,0.6923076923076923,106,0.9995729461378317
M021,matched,25,Motion Design,12,Interaction Mechanics,4,-0.004582329006541294,0.971028971028971,105,1.0
M021,matched,25,Motion Design,12,Interaction Mechanics,5,-0.01633992158699202,0.9090909090909091,104,1.0
M021,matched,25,Motion Design,12,Interaction Mechanics,6,-0.04225174220012371,0.7452547452547452,103,0.9995729461378317
M021,matched,25,Motion Design,12,Interaction Mechanics,7,0.10100313270947152,0.3956043956043956,102,0.9958396034345403
M021,matched,25,Motion Design,12,Interaction Mechanics,8,-0.040670957237898535,0.7732267732267732,101,1.0
M021,matched,25,Motion Design,12,Interaction Mechanics,9,0.031102043279624087,0.7982017982017982,100,1.0
M021,matched,25,Motion Design,12,Interaction Mechanics,10,-0.09114691244037358,0.4035964035964036,99,0.9958396034345403
M021,matched,25,Motion Design,12,Interaction Mechanics,11,0.06489888044918676,0.5874125874125874,98,0.9958396034345403
M021,matched,25,Motion Design,12,Interaction Mechanics,12,-0.06996469222866726,0.5574425574425574,97,0.9958396034345403
M022,matched,2,Comfort Issues,5,Cybersickness,-12,0.04211813591415948,0.7102897102897103,97,0.9995729461378317
M022,matched,2,Comfort Issues,5,Cybersickness,-11,-0.09889129034931686,0.34865134865134867,98,0.9958396034345403
M022,matched,2,Comfort Issues,5,Cybersickness,-10,0.13640074211502784,0.14985014985014986,99,0.851567787051658
M022,matched,2,Comfort Issues,5,Cybersickness,-9,-0.1032943294329433,0.32667332667332666,100,0.9958396034345403
M022,matched,2,Comfort Issues,5,Cybersickness,-8,0.06708211997670355,0.5684315684315684,101,0.9958396034345403
M022,matched,2,Comfort Issues,5,Cybersickness,-7,0.06534879644446455,0.5684315684315684,102,0.9958396034345403
M022,matched,2,Comfort Issues,5,Cybersickness,-6,0.013245178579273383,0.9230769230769231,103,1.0
M022,matched,2,Comfort Issues,5,Cybersickness,-5,-0.230470500373413,0.028971028971028972,104,0.6913541004450096
M022,matched,2,Comfort Issues,5,Cybersickness,-4,-0.0016276176653535145,0.985014985014985,105,1.0
M022,matched,2,Comfort Issues,5,Cybersickness,-3,0.251369121092274,0.000999000999000999,106,0.06993006993006994
M022,matched,2,Comfort Issues,5,Cybersickness,-2,-0.1916137454054254,0.09490509490509491,107,0.7790004113533525
M022,matched,2,Comfort Issues,5,Cybersickness,-1,-0.06308709487167762,0.5374625374625375,108,0.9958396034345403
M022,matched,2,Comfort Issues,5,Cybersickness,0,0.2012093691896024,0.08591408591408592,109,0.745535456279258
M022,matched,2,Comfort Issues,5,Cybersickness,1,-0.024513049657072645,0.7992007992007992,108,1.0
M022,matched,2,Comfort Issues,5,Cybersickness,2,-0.13334247693209658,0.27372627372627373,107,0.9878819810326661
M022,matched,2,Comfort Issues,5,Cybersickness,3,0.20358726326492166,0.0959040959040959,106,0.7790004113533525
M022,matched,2,Comfort Issues,5,Cybersickness,4,-0.11432496180912696,0.26373626373626374,105,0.9878819810326661
M022,matched,2,Comfort Issues,5,Cybersickness,5,-0.03628070738267475,0.7242757242757243,104,0.9995729461378317
M022,matched,2,Comfort Issues,5,Cybersickness,6,-0.04151587874095857,0.6803196803196803,103,0.9976755088486932
M022,matched,2,Comfort Issues,5,Cybersickness,7,0.17274917166467108,0.13986013986013987,102,0.8343928798474253
M022,matched,2,Comfort Issues,5,Cybersickness,8,-0.11172136642379632,0.34965034965034963,101,0.9958396034345403
M022,matched,2,Comfort Issues,5,Cybersickness,9,0.041405382718388235,0.7012987012987013,100,0.9995729461378317
M022,matched,2,Comfort Issues,5,Cybersickness,10,-0.13347969949793614,0.25774225774225773,99,0.9841068022886205
M022,matched,2,Comfort Issues,5,Cybersickness,11,0.19875162592027693,0.0939060939060939,98,0.7790004113533525
M022,matched,2,Comfort Issues,5,Cybersickness,12,-0.1547494592889684,0.1798201798201798,97,0.8978675645342312
M023,matched,29,Physical Reactions,5,Cybersickness,-12,0.021644224700189355,0.8241758241758241,97,1.0
M023,matched,29,Physical Reactions,5,Cybersickness,-11,-0.009505957959566207,0.942057942057942,98,1.0
M023,matched,29,Physical Reactions,5,Cybersickness,-10,0.09868893011750154,0.3546453546453546,99,0.9958396034345403
M023,matched,29,Physical Reactions,5,Cybersickness,-9,0.03123912391239124,0.8231768231768232,100,1.0
M023,matched,29,Physical Reactions,5,Cybersickness,-8,-0.13470005824111822,0.15184815184815184,101,0.8526233125163606
M023,matched,29,Physical Reactions,5,Cybersickness,-7,-0.011857439313320253,0.922077922077922,102,1.0
M023,matched,29,Physical Reactions,5,Cybersickness,-6,0.12922286166146818,0.1928071928071928,103,0.8978675645342312
M023,matched,29,Physical Reactions,5,Cybersickness,-5,-0.03532486930545183,0.7202797202797203,104,0.9995729461378317
M023,matched,29,Physical Reactions,5,Cybersickness,-4,-0.11134148869997927,0.2987012987012987,105,0.9925201380897584
M023,matched,29,Physical Reactions,5,Cybersickness,-3,0.10002267173841851,0.37662337662337664,106,0.9958396034345403
M023,matched,29,Physical Reactions,5,Cybersickness,-2,0.00368345774799663,0.9560439560439561,107,1.0
M023,matched,29,Physical Reactions,5,Cybersickness,-1,0.06700201015557271,0.5044955044955045,108,0.9958396034345403
M023,matched,29,Physical Reactions,5,Cybersickness,0,-0.2679414974094333,0.000999000999000999,109,0.06993006993006994
M023,matched,29,Physical Reactions,5,Cybersickness,1,0.21497283663697314,0.030969030969030968,108,0.6918613301592024
M023,matched,29,Physical Reactions,5,Cybersickness,2,0.021968548483942148,0.7972027972027972,107,1.0
M023,matched,29,Physical Reactions,5,Cybersickness,3,-0.07869128319868583,0.4035964035964036,106,0.9958396034345403
M023,matched,29,Physical Reactions,5,Cybersickness,4,-0.00959985900858244,0.971028971028971,105,1.0
M023,matched,29,Physical Reactions,5,Cybersickness,5,0.12420282781124893,0.23976023976023977,104,0.9608711898788235
M023,matched,29,Physical Reactions,5,Cybersickness,6,-0.19376892811029445,0.052947052947052944,103,0.739033693579148
M023,matched,29,Physical Reactions,5,Cybersickness,7,0.10737317677968619,0.32367632367632365,102,0.9958396034345403
M023,matched,29,Physical Reactions,5,Cybersickness,8,0.047588956287203193,0.6523476523476524,101,0.9958396034345403
M023,matched,29,Physical Reactions,5,Cybersickness,9,-0.029949084755864636,0.7462537462537463,100,0.9995729461378317
M023,matched,29,Physical Reactions,5,Cybersickness,10,-0.14617237530179744,0.17582417582417584,99,0.8978675645342312
M023,matched,29,Physical Reactions,5,Cybersickness,11,0.053497483240468574,0.6473526473526473,98,0.9958396034345403
M023,matched,29,Physical Reactions,5,Cybersickness,12,0.1606556407002971,0.14685314685314685,97,0.8472296933835395
M024,matched,27,Network connect,18,Streaming and Mapping,-12,-0.17540237744582368,0.16783216783216784,97,0.8900190718372537
M024,matched,27,Network connect,18,Streaming and Mapping,-11,0.2662624562477287,0.029970029970029972,98,0.6918613301592024
M024,matched,27,Network connect,18,Streaming and Mapping,-10,0.014050711193568337,0.9140859140859141,99,1.0
M024,matched,27,Network connect,18,Streaming and Mapping,-9,-0.1882988298829883,0.1258741258741259,100,0.815850815850816
M024,matched,27,Network connect,18,Streaming and Mapping,-8,0.1388468258590565,0.27972027972027974,101,0.9922509922509922
M024,matched,27,Network connect,18,Streaming and Mapping,-7,-0.05022872361479438,0.6433566433566433,102,0.9958396034345403
M024,matched,27,Network connect,18,Streaming and Mapping,-6,0.05750560119492158,0.6643356643356644,103,0.9958396034345403
M024,matched,27,Network connect,18,Streaming and Mapping,-5,-0.0680200256591176,0.5854145854145855,104,0.9958396034345403
M024,matched,27,Network connect,18,Streaming and Mapping,-4,-0.019728435953922662,0.8761238761238761,105,1.0
M024,matched,27,Network connect,18,Streaming and Mapping,-3,0.06119369522576593,0.6223776223776224,106,0.9958396034345403
M024,matched,27,Network connect,18,Streaming and Mapping,-2,-0.021728535356692835,0.8841158841158842,107,1.0
M024,matched,27,Network connect,18,Streaming and Mapping,-1,-0.23729895419331024,0.06693306693306693,108,0.741682559864378
M024,matched,27,Network connect,18,Streaming and Mapping,0,0.3107711127101536,0.000999000999000999,109,0.06993006993006994
M024,matched,27,Network connect,18,Streaming and Mapping,1,-0.06684069127449262,0.6643356643356644,108,0.9958396034345403
M024,matched,27,Network connect,18,Streaming and Mapping,2,-0.07626595609562949,0.6313686313686314,107,0.9958396034345403
M024,matched,27,Network connect,18,Streaming and Mapping,3,0.09289964380292567,0.4965034965034965,106,0.9958396034345403
M024,matched,27,Network connect,18,Streaming and Mapping,4,-0.08230439876451787,0.5614385614385614,105,0.9958396034345403
M024,matched,27,Network connect,18,Streaming and Mapping,5,-0.010391661066003421,0.9300699300699301,104,1.0
M024,matched,27,Network connect,18,Streaming and Mapping,6,0.025612019638890805,0.8931068931068931,103,1.0
M024,matched,27,Network connect,18,Streaming and Mapping,7,-0.0818268692552708,0.5344655344655345,102,0.9958396034345403
M024,matched,27,Network connect,18,Streaming and Mapping,8,0.06308751412791568,0.6253746253746254,101,0.9958396034345403
M024,matched,27,Network connect,18,Streaming and Mapping,9,0.11464884067841162,0.3336663336663337,100,0.9958396034345403
M024,matched,27,Network connect,18,Streaming and Mapping,10,-0.2833801284091644,0.015984015984015984,99,0.6216006216006216
M024,matched,27,Network connect,18,Streaming and Mapping,11,0.2567533966430594,0.057942057942057944,98,0.739033693579148
M024,matched,27,Network connect,18,Streaming and Mapping,12,-0.14088655700982697,0.26673326673326675,97,0.9878819810326661
M025,matched,27,Network connect,15,Server Management,-12,-0.24863244266778878,0.016983016983016984,97,0.6368631368631369
M025,matched,27,Network connect,15,Server Management,-11,0.18015416100835835,0.11388611388611389,98,0.800161377084454
M025,matched,27,Network connect,15,Server Management,-10,0.0013358070500927644,0.9760239760239761,99,1.0
M025,matched,27,Network connect,15,Server Management,-9,-0.04134413441344134,0.6733266733266733,100,0.9958396034345403
M025,matched,27,Network connect,15,Server Management,-8,-0.04517181129877694,0.6543456543456544,101,0.9958396034345403
M025,matched,27,Network connect,15,Server Management,-7,-0.010455128893814567,0.9590409590409591,102,1.0
M025,matched,27,Network connect,15,Server Management,-6,0.10101919782102535,0.3226773226773227,103,0.9958396034345403
M025,matched,27,Network connect,15,Server Management,-5,-0.19212683272988623,0.06893106893106893,104,0.741682559864378
M025,matched,27,Network connect,15,Server Management,-4,0.03158830496668542,0.7262737262737263,105,0.9995729461378317
M025,matched,27,Network connect,15,Server Management,-3,0.2173267937805565,0.04895104895104895,106,0.739033693579148
M025,matched,27,Network connect,15,Server Management,-2,-0.049814969471949085,0.6493506493506493,107,0.9958396034345403
M025,matched,27,Network connect,15,Server Management,-1,-0.056965658172868645,0.5874125874125874,108,0.9958396034345403
M025,matched,27,Network connect,15,Server Management,0,0.07316349887719287,0.4865134865134865,109,0.9958396034345403
M025,matched,27,Network connect,15,Server Management,1,-0.1257931139664197,0.2017982017982018,108,0.8978675645342312
M025,matched,27,Network connect,15,Server Management,2,0.07720642260624996,0.44655344655344653,107,0.9958396034345403
M025,matched,27,Network connect,15,Server Management,3,-0.12841905856569077,0.21178821178821178,106,0.9009136025265058
M025,matched,27,Network connect,15,Server Management,4,0.24423848475793886,0.025974025974025976,105,0.6913541004450096
M025,matched,27,Network connect,15,Server Management,5,-0.09970233332833878,0.33266733266733267,104,0.9958396034345403
M025,matched,27,Network connect,15,Server Management,6,-0.05049917079743564,0.6673326673326674,103,0.9958396034345403
M025,matched,27,Network connect,15,Server Management,7,0.024399346336569244,0.8331668331668332,102,1.0
M025,matched,27,Network connect,15,Server Management,8,-0.01065824878638162,0.968031968031968,101,1.0
M025,matched,27,Network connect,15,Server Management,9,-0.00019202150642254643,1.0,100,1.0
M025,matched,27,Network connect,15,Server Management,10,0.08648220757875594,0.3956043956043956,99,0.9958396034345403
M025,matched,27,Network connect,15,Server Management,11,-0.17750419199770098,0.13786213786213786,98,0.8343928798474253
M025,matched,27,Network connect,15,Server Management,12,0.189566978332431,0.0999000999000999,97,0.7790004113533525
M026,matched,26,Multiplayer,35,Multiplayer,-12,0.014898485167262781,0.8421578421578422,97,1.0
M026,matched,26,Multiplayer,35,Multiplayer,-11,-0.11906355794426486,0.34865134865134867,98,0.9958396034345403
M026,matched,26,Multiplayer,35,Multiplayer,-10,0.060742115027829315,0.5924075924075924,99,0.9958396034345403
M026,matched,26,Multiplayer,35,Multiplayer,-9,-0.025406540654065408,0.8411588411588412,100,1.0
M026,matched,26,Multiplayer,35,Multiplayer,-8,0.05897495631916133,0.5974025974025974,101,0.9958396034345403
M026,matched,26,Multiplayer,35,Multiplayer,-7,-0.06650230985405793,0.5644355644355644,102,0.9958396034345403
M026,matched,26,Multiplayer,35,Multiplayer,-6,0.057198084610991524,0.6293706293706294,103,0.9958396034345403
M026,matched,26,Multiplayer,35,Multiplayer,-5,-0.08693054518297237,0.4775224775224775,104,0.9958396034345403
M026,matched,26,Multiplayer,35,Multiplayer,-4,-0.03330404650655625,0.7892107892107892,105,1.0
M026,matched,26,Multiplayer,35,Multiplayer,-3,0.06764811092477266,0.5614385614385614,106,0.9958396034345403
M026,matched,26,Multiplayer,35,Multiplayer,-2,-0.017937702980138776,0.9020979020979021,107,1.0
M026,matched,26,Multiplayer,35,Multiplayer,-1,0.07984794506115689,0.5354645354645354,108,0.9958396034345403
M026,matched,26,Multiplayer,35,Multiplayer,0,-0.10143997438388262,0.45454545454545453,109,0.9958396034345403
M026,matched,26,Multiplayer,35,Multiplayer,1,0.091884154256695,0.4805194805194805,108,0.9958396034345403
M026,matched,26,Multiplayer,35,Multiplayer,2,-0.17662028540664054,0.17782217782217782,107,0.8978675645342312
M026,matched,26,Multiplayer,35,Multiplayer,3,0.1112726269331298,0.40559440559440557,106,0.9958396034345403
M026,matched,26,Multiplayer,35,Multiplayer,4,-0.03724161184827671,0.7702297702297702,105,1.0
M026,matched,26,Multiplayer,35,Multiplayer,5,-0.0809528258859744,0.5894105894105894,104,0.9958396034345403
M026,matched,26,Multiplayer,35,Multiplayer,6,0.1988340715385754,0.15284715284715283,103,0.8536676089867579
M026,matched,26,Multiplayer,35,Multiplayer,7,0.01992835077774578,0.8471528471528471,102,1.0
M026,matched,26,Multiplayer,35,Multiplayer,8,-0.0952222858178878,0.4915084915084915,101,0.9958396034345403
M026,matched,26,Multiplayer,35,Multiplayer,9,-0.06274286263278066,0.6513486513486514,100,0.9958396034345403
M026,matched,26,Multiplayer,35,Multiplayer,10,0.06919734705694731,0.6203796203796204,99,0.9958396034345403
M026,matched,26,Multiplayer,35,Multiplayer,11,0.10020946109576934,0.4975024975024975,98,0.9958396034345403
M026,matched,26,Multiplayer,35,Multiplayer,12,-0.116170268098184,0.3706293706293706,97,0.9958396034345403
M027,matched,26,Multiplayer,15,Server Management,-12,-0.004602356406480118,0.977022977022977,97,1.0
M027,matched,26,Multiplayer,15,Server Management,-11,0.0973229029193683,0.40559440559440557,98,0.9958396034345403
M027,matched,26,Multiplayer,15,Server Management,-10,-0.2509461966604824,0.00999000999000999,99,0.4767959313413859
M027,matched,26,Multiplayer,15,Server Management,-9,0.16976897689768977,0.1798201798201798,100,0.8978675645342312
M027,matched,26,Multiplayer,15,Server Management,-8,-0.09205591147350028,0.4955044955044955,101,0.9958396034345403
M027,matched,26,Multiplayer,15,Server Management,-7,0.025643055453460822,0.8301698301698301,102,1.0
M027,matched,26,Multiplayer,15,Server Management,-6,0.1522097263102403,0.23276723276723277,103,0.9404388714733541
M027,matched,26,Multiplayer,15,Server Management,-5,-0.24461751840392618,0.000999000999000999,104,0.06993006993006994
M027,matched,26,Multiplayer,15,Server Management,-4,0.23383846630408806,0.008991008991008992,105,0.4495504495504496
M027,matched,26,Multiplayer,15,Server Management,-3,-0.13421300565465247,0.28771228771228774,106,0.9923409923409924
M027,matched,26,Multiplayer,15,Server Management,-2,0.06578463982066186,0.5854145854145855,107,0.9958396034345403
M027,matched,26,Multiplayer,15,Server Management,-1,-0.06705283824608306,0.6213786213786214,108,0.9958396034345403
M027,matched,26,Multiplayer,15,Server Management,0,0.09290439205255414,0.4885114885114885,109,0.9958396034345403
M027,matched,26,Multiplayer,15,Server Management,1,-0.1695817152234461,0.18281718281718282,108,0.8978675645342312
M027,matched,26,Multiplayer,15,Server Management,2,0.19333932670723308,0.0979020979020979,107,0.7790004113533525
M027,matched,26,Multiplayer,15,Server Management,3,-0.0882915342215737,0.43156843156843155,106,0.9958396034345403
M027,matched,26,Multiplayer,15,Server Management,4,0.026827024125115805,0.8291708291708292,105,1.0
M027,matched,26,Multiplayer,15,Server Management,5,-0.14147271891684915,0.27172827172827174,104,0.9878819810326661
M027,matched,26,Multiplayer,15,Server Management,6,0.10282475684067802,0.3936063936063936,103,0.9958396034345403
M027,matched,26,Multiplayer,15,Server Management,7,0.09338162780729739,0.46553446553446554,102,0.9958396034345403
M027,matched,26,Multiplayer,15,Server Management,8,-0.11189259301208862,0.36563436563436563,101,0.9958396034345403
M027,matched,26,Multiplayer,15,Server Management,9,0.018951885240968087,0.8631368631368631,100,1.0
M027,matched,26,Multiplayer,15,Server Management,10,-0.03089388170803109,0.8021978021978022,99,1.0
M027,matched,26,Multiplayer,15,Server Management,11,-0.008741866324910903,0.9470529470529471,98,1.0
M027,matched,26,Multiplayer,15,Server Management,12,0.12049040542430087,0.32867132867132864,97,0.9958396034345403
M028,matched,17,Installation,17,Installation and Setup,-12,0.13409951609509782,0.24475524475524477,97,0.9685569904548006
M028,matched,17,Installation,17,Installation and Setup,-11,-0.05788369705895479,0.6413586413586414,98,0.9958396034345403
M028,matched,17,Installation,17,Installation and Setup,-10,0.02168212739641311,0.8701298701298701,99,1.0
M028,matched,17,Installation,17,Installation and Setup,-9,-0.03782778277827783,0.7882117882117882,100,1.0
M028,matched,17,Installation,17,Installation and Setup,-8,0.06956319161327898,0.5724275724275725,101,0.9958396034345403
M028,matched,17,Installation,17,Installation and Setup,-7,-0.08553528111234882,0.4515484515484515,102,0.9958396034345403
M028,matched,17,Installation,17,Installation and Setup,-6,-0.05120714319074125,0.7202797202797203,103,0.9995729461378317
M028,matched,17,Installation,17,Installation and Setup,-5,0.056481985301254735,0.6473526473526473,104,0.9958396034345403
M028,matched,17,Installation,17,Installation and Setup,-4,0.039457792305194944,0.8101898101898102,105,1.0
M028,matched,17,Installation,17,Installation and Setup,-3,-0.10656757791584129,0.35764235764235763,106,0.9958396034345403
M028,matched,17,Installation,17,Installation and Setup,-2,0.09354433421509382,0.3906093906093906,107,0.9958396034345403
M028,matched,17,Installation,17,Installation and Setup,-1,0.03907463375497594,0.8381618381618382,108,1.0
M028,matched,17,Installation,17,Installation and Setup,0,0.06313896809722357,0.6133866133866134,109,0.9958396034345403
M028,matched,17,Installation,17,Installation and Setup,1,-0.10919425446825917,0.2937062937062937,108,0.9923409923409924
M028,matched,17,Installation,17,Installation and Setup,2,-0.06185759069585499,0.6363636363636364,107,0.9958396034345403
M028,matched,17,Installation,17,Installation and Setup,3,0.21535655557099026,0.053946053946053944,106,0.739033693579148
M028,matched,17,Installation,17,Installation and Setup,4,-0.3192017827832013,0.000999000999000999,105,0.06993006993006994
M028,matched,17,Installation,17,Installation and Setup,5,0.103858756836405,0.3906093906093906,104,0.9958396034345403
M028,matched,17,Installation,17,Installation and Setup,6,0.07796794706042996,0.5634365634365635,103,0.9958396034345403
M028,matched,17,Installation,17,Installation and Setup,7,-0.011888535421303062,0.9340659340659341,102,1.0
M028,matched,17,Installation,17,Installation and Setup,8,0.042910905524249,0.7872127872127872,101,1.0
M028,matched,17,Installation,17,Installation and Setup,9,-0.07874772169931632,0.5204795204795205,100,0.9958396034345403
M028,matched,17,Installation,17,Installation and Setup,10,0.17957664315878868,0.10789210789210789,99,0.800161377084454
M028,matched,17,Installation,17,Installation and Setup,11,-0.1644123089197419,0.17782217782217782,98,0.8978675645342312
M028,matched,17,Installation,17,Installation and Setup,12,0.08103042649336907,0.5484515484515484,97,0.9958396034345403
M029,matched,35,Setup,17,Installation and Setup,-12,0.16956395960446033,0.23376623376623376,97,0.9404388714733541
M029,matched,35,Setup,17,Installation and Setup,-11,-0.06453978029824864,0.6793206793206793,98,0.9976755088486932
M029,matched,35,Setup,17,Installation and Setup,-10,-0.025429808286951145,0.8691308691308691,99,1.0
M029,matched,35,Setup,17,Installation and Setup,-9,0.07696369636963696,0.6323676323676324,100,0.9958396034345403
M029,matched,35,Setup,17,Installation and Setup,-8,0.049761211415259174,0.7452547452547452,101,0.9995729461378317
M029,matched,35,Setup,17,Installation and Setup,-7,-0.14083607104285528,0.3076923076923077,102,0.9958396034345403
M029,matched,35,Setup,17,Installation and Setup,-6,0.22839695997891316,0.06893106893106893,103,0.741682559864378
M029,matched,35,Setup,17,Installation and Setup,-5,-0.19676731035954337,0.12987012987012986,104,0.8314855875831485
M029,matched,35,Setup,17,Installation and Setup,-4,0.010776515593327696,0.9370629370629371,105,1.0
M029,matched,35,Setup,17,Installation and Setup,-3,0.08054533225541907,0.5034965034965035,106,0.9958396034345403
M029,matched,35,Setup,17,Installation and Setup,-2,-0.0962011799831937,0.45254745254745254,107,0.9958396034345403
M029,matched,35,Setup,17,Installation and Setup,-1,0.012089629023279808,0.942057942057942,108,1.0
M029,matched,35,Setup,17,Installation and Setup,0,-0.05548270510953157,0.6383616383616384,109,0.9958396034345403
M029,matched,35,Setup,17,Installation and Setup,1,-0.04244292119015104,0.7002997002997003,108,0.9995729461378317
M029,matched,35,Setup,17,Installation and Setup,2,0.0845746531007854,0.46053946053946054,107,0.9958396034345403
M029,matched,35,Setup,17,Installation and Setup,3,0.021755340595375462,0.8781218781218781,106,1.0
M029,matched,35,Setup,17,Installation and Setup,4,-0.12266023900654598,0.3646353646353646,105,0.9958396034345403
M029,matched,35,Setup,17,Installation and Setup,5,0.15231388872079538,0.1888111888111888,104,0.8978675645342312
M029,matched,35,Setup,17,Installation and Setup,6,-0.0551128781804577,0.5994005994005994,103,0.9958396034345403
M029,matched,35,Setup,17,Installation and Setup,7,-0.04939325743014409,0.6853146853146853,102,0.9994172494172495
M029,matched,35,Setup,17,Installation and Setup,8,0.003016977781645631,0.984015984015984,101,1.0
M029,matched,35,Setup,17,Installation and Setup,9,0.1674997750461407,0.13886113886113885,100,0.8343928798474253
M029,matched,35,Setup,17,Installation and Setup,10,-0.23022356917528478,0.06893106893106893,99,0.741682559864378
M029,matched,35,Setup,17,Installation and Setup,11,0.2548838337476313,0.04195804195804196,98,0.739033693579148
M029,matched,35,Setup,17,Installation and Setup,12,-0.23650314627057248,0.059940059940059943,97,0.739033693579148
M030,matched,28,Performance Issues,29,Technical Challenges,-12,-0.1872633073848096,0.1258741258741259,97,0.815850815850816
M030,matched,28,Performance Issues,29,Technical Challenges,-11,0.24138502636293505,0.025974025974025976,98,0.6913541004450096
M030,matched,28,Performance Issues,29,Technical Challenges,-10,-0.1442300556586271,0.2677322677322677,99,0.9878819810326661
M030,matched,28,Performance Issues,29,Technical Challenges,-9,0.19804380438043803,0.07192807192807193,100,0.745535456279258
M030,matched,28,Performance Issues,29,Technical Challenges,-8,-0.20994758299359348,0.07192807192807193,101,0.745535456279258
M030,matched,28,Performance Issues,29,Technical Challenges,-7,0.04727708636083483,0.7322677322677322,102,0.9995729461378317
M030,matched,28,Performance Issues,29,Technical Challenges,-6,0.03286034353995519,0.7642357642357642,103,1.0
M030,matched,28,Performance Issues,29,Technical Challenges,-5,-0.05537181265336605,0.5884115884115884,104,0.9958396034345403
M030,matched,28,Performance Issues,29,Technical Challenges,-4,0.001549869245986042,1.0,105,1.0
M030,matched,28,Performance Issues,29,Technical Challenges,-3,-0.005023100215386783,0.9560439560439561,106,1.0
M030,matched,28,Performance Issues,29,Technical Challenges,-2,0.23500886586744452,0.03196803196803197,107,0.6993006993006993
M030,matched,28,Performance Issues,29,Technical Challenges,-1,-0.03332507669301243,0.7652347652347652,108,1.0
M030,matched,28,Performance Issues,29,Technical Challenges,0,-0.23332483846588128,0.025974025974025976,109,0.6913541004450096
M030,matched,28,Performance Issues,29,Technical Challenges,1,-0.004258582664870374,0.987012987012987,108,1.0
M030,matched,28,Performance Issues,29,Technical Challenges,2,0.2269300665384678,0.04295704295704296,107,0.739033693579148
M030,matched,28,Performance Issues,29,Technical Challenges,3,-0.06995667071949706,0.5694305694305695,106,0.9958396034345403
M030,matched,28,Performance Issues,29,Technical Challenges,4,-0.07386154526493993,0.5294705294705294,105,0.9958396034345403
M030,matched,28,Performance Issues,29,Technical Challenges,5,0.014270091493700184,0.8821178821178821,104,1.0
M030,matched,28,Performance Issues,29,Technical Challenges,6,0.07330627848056295,0.5324675324675324,103,0.9958396034345403
M030,matched,28,Performance Issues,29,Technical Challenges,7,0.05490087422888025,0.7042957042957043,102,0.9995729461378317
M030,matched,28,Performance Issues,29,Technical Challenges,8,-0.3440228313290782,0.000999000999000999,101,0.06993006993006994
M030,matched,28,Performance Issues,29,Technical Challenges,9,0.21186954313596135,0.07892107892107893,100,0.745535456279258
M030,matched,28,Performance Issues,29,Technical Challenges,10,0.11702897435942389,0.3166833166833167,99,0.9958396034345403
M030,matched,28,Performance Issues,29,Technical Challenges,11,-0.059415725209349776,0.6483516483516484,98,0.9958396034345403
M030,matched,28,Performance Issues,29,Technical Challenges,12,0.029837399993768637,0.7682317682317682,97,1.0
M031,matched,28,Performance Issues,22,Troubleshooting,-12,-0.06202661476961919,0.5494505494505495,97,0.9958396034345403
M031,matched,28,Performance Issues,22,Troubleshooting,-11,0.09251573169098942,0.41058941058941056,98,0.9958396034345403
M031,matched,28,Performance Issues,22,Troubleshooting,-10,0.020148423005565862,0.8351648351648352,99,1.0
M031,matched,28,Performance Issues,22,Troubleshooting,-9,-0.06281428142814281,0.5174825174825175,100,0.9958396034345403
M031,matched,28,Performance Issues,22,Troubleshooting,-8,-0.10617355853232383,0.4025974025974026,101,0.9958396034345403
M031,matched,28,Performance Issues,22,Troubleshooting,-7,0.023222939084313915,0.8021978021978022,102,1.0
M031,matched,28,Performance Issues,22,Troubleshooting,-6,0.11015683345780433,0.42157842157842157,103,0.9958396034345403
M031,matched,28,Performance Issues,22,Troubleshooting,-5,0.045204310252853944,0.7162837162837162,104,0.9995729461378317
M031,matched,28,Performance Issues,22,Troubleshooting,-4,-0.048367324194969086,0.7002997002997003,105,0.9995729461378317
M031,matched,28,Performance Issues,22,Troubleshooting,-3,0.02028889124108583,0.8731268731268731,106,1.0
M031,matched,28,Performance Issues,22,Troubleshooting,-2,-0.003272039734867084,0.961038961038961,107,1.0
M031,matched,28,Performance Issues,22,Troubleshooting,-1,-0.19841663015590905,0.0999000999000999,108,0.7790004113533525
M031,matched,28,Performance Issues,22,Troubleshooting,0,0.24400528236745722,0.005994005994005994,109,0.3702180172768408
M031,matched,28,Performance Issues,22,Troubleshooting,1,-0.20307818363395277,0.08791208791208792,108,0.7566204287515764
M031,matched,28,Performance Issues,22,Troubleshooting,2,0.052647305196759024,0.7512487512487512,107,1.0
M031,matched,28,Performance Issues,22,Troubleshooting,3,0.18040608631278585,0.16783216783216784,106,0.8900190718372537
M031,matched,28,Performance Issues,22,Troubleshooting,4,-0.1160355597414331,0.4275724275724276,105,0.9958396034345403
M031,matched,28,Performance Issues,22,Troubleshooting,5,0.08653810250871191,0.6163836163836164,104,0.9958396034345403
M031,matched,28,Performance Issues,22,Troubleshooting,6,-0.1896660608406385,0.15084915084915085,103,0.851567787051658
M031,matched,28,Performance Issues,22,Troubleshooting,7,0.23087884383203014,0.07892107892107893,102,0.745535456279258
M031,matched,28,Performance Issues,22,Troubleshooting,8,-0.21272605501317574,0.0969030969030969,101,0.7790004113533525
M031,matched,28,Performance Issues,22,Troubleshooting,9,0.12352605844319156,0.4015984015984016,100,0.9958396034345403
M031,matched,28,Performance Issues,22,Troubleshooting,10,-0.032400507143107424,0.8601398601398601,99,1.0
M031,matched,28,Performance Issues,22,Troubleshooting,11,0.07706383416733671,0.6493506493506493,98,0.9958396034345403
M031,matched,28,Performance Issues,22,Troubleshooting,12,-0.08536336802977043,0.6403596403596403,97,0.9958396034345403
M032,matched,39,Technical Issues,29,Technical Challenges,-12,-0.22116294971596887,0.05194805194805195,97,0.739033693579148
M032,matched,39,Technical Issues,29,Technical Challenges,-11,0.08123099286574986,0.35264735264735264,98,0.9958396034345403
M032,matched,39,Technical Issues,29,Technical Challenges,-10,-0.07006802721088436,0.41358641358641357,99,0.9958396034345403
M032,matched,39,Technical Issues,29,Technical Challenges,-9,0.1435943594359436,0.14285714285714285,100,0.8426966292134831
M032,matched,39,Technical Issues,29,Technical Challenges,-8,-0.09586488060570764,0.2727272727272727,101,0.9878819810326661
M032,matched,39,Technical Issues,29,Technical Challenges,-7,-0.11686108645130647,0.1878121878121878,102,0.8978675645342312
M032,matched,39,Technical Issues,29,Technical Challenges,-6,0.13159000238924745,0.11788211788211789,103,0.800161377084454
M032,matched,39,Technical Issues,29,Technical Challenges,-5,0.12780894006484186,0.13686313686313686,104,0.8343928798474253
M032,matched,39,Technical Issues,29,Technical Challenges,-4,-0.24670911960771125,0.012987012987012988,105,0.5454545454545454
M032,matched,39,Technical Issues,29,Technical Challenges,-3,0.1345344346792053,0.2037962037962038,106,0.8978675645342312
M032,matched,39,Technical Issues,29,Technical Challenges,-2,-0.0847932090982213,0.4175824175824176,107,0.9958396034345403
M032,matched,39,Technical Issues,29,Technical Challenges,-1,0.17038850676230052,0.058941058941058944,108,0.739033693579148
M032,matched,39,Technical Issues,29,Technical Challenges,0,-0.05365706741008649,0.6043956043956044,109,0.9958396034345403
M032,matched,39,Technical Issues,29,Technical Challenges,1,-0.10215358528875298,0.2937062937062937,108,0.9923409923409924
M032,matched,39,Technical Issues,29,Technical Challenges,2,0.05661005825818236,0.5964035964035964,107,0.9958396034345403
M032,matched,39,Technical Issues,29,Technical Challenges,3,0.05371825878367142,0.5974025974025974,106,0.9958396034345403
M032,matched,39,Technical Issues,29,Technical Challenges,4,-0.08626597208920839,0.4405594405594406,105,0.9958396034345403
M032,matched,39,Technical Issues,29,Technical Challenges,5,-0.04367981650482882,0.6803196803196803,104,0.9976755088486932
M032,matched,39,Technical Issues,29,Technical Challenges,6,0.1028945793610239,0.3226773226773227,103,0.9958396034345403
M032,matched,39,Technical Issues,29,Technical Challenges,7,-0.06423668052735396,0.5664335664335665,102,0.9958396034345403
M032,matched,39,Technical Issues,29,Technical Challenges,8,0.08603628530978621,0.4755244755244755,101,0.9958396034345403
M032,matched,39,Technical Issues,29,Technical Challenges,9,-0.01919049477295733,0.936063936063936,100,1.0
M032,matched,39,Technical Issues,29,Technical Challenges,10,-0.015312780241712919,0.8901098901098901,99,1.0
M032,matched,39,Technical Issues,29,Technical Challenges,11,0.00040167300012759267,1.0,98,1.0
M032,matched,39,Technical Issues,29,Technical Challenges,12,-0.07096409390320513,0.4995004995004995,97,0.9958396034345403
M033,matched,39,Technical Issues,16,UE Issues,-12,-0.01016463286345466,0.9340659340659341,97,1.0
M033,matched,39,Technical Issues,16,UE Issues,-11,-0.02707699762191662,0.8001998001998002,98,1.0
M033,matched,39,Technical Issues,16,UE Issues,-10,0.041719233147804576,0.7342657342657343,99,0.9995729461378317
M033,matched,39,Technical Issues,16,UE Issues,-9,0.07991599159915992,0.4885114885114885,100,0.9958396034345403
M033,matched,39,Technical Issues,16,UE Issues,-8,0.0026907396622015143,0.9760239760239761,101,1.0
M033,matched,39,Technical Issues,16,UE Issues,-7,0.07174966497220825,0.5074925074925075,102,0.9958396034345403
M033,matched,39,Technical Issues,16,UE Issues,-6,-0.23379012484746572,0.05094905094905095,103,0.739033693579148
M033,matched,39,Technical Issues,16,UE Issues,-5,0.12653399801068696,0.2677322677322677,104,0.9878819810326661
M033,matched,39,Technical Issues,16,UE Issues,-4,-0.10718978641386409,0.3156843156843157,105,0.9958396034345403
M033,matched,39,Technical Issues,16,UE Issues,-3,0.023845690721517387,0.8381618381618382,106,1.0
M033,matched,39,Technical Issues,16,UE Issues,-2,0.16203335202871935,0.1068931068931069,107,0.800161377084454
M033,matched,39,Technical Issues,16,UE Issues,-1,-0.04378560676989283,0.6413586413586414,108,0.9958396034345403
M033,matched,39,Technical Issues,16,UE Issues,0,0.025887913265989052,0.7672327672327672,109,1.0
M033,matched,39,Technical Issues,16,UE Issues,1,0.08057486104729572,0.4015984015984016,108,0.9958396034345403
M033,matched,39,Technical Issues,16,UE Issues,2,-0.2565062136149501,0.000999000999000999,107,0.06993006993006994
M033,matched,39,Technical Issues,16,UE Issues,3,0.039485086671134206,0.6743256743256744,106,0.9958396034345403
M033,matched,39,Technical Issues,16,UE Issues,4,0.06727315141051235,0.5184815184815185,105,0.9958396034345403
M033,matched,39,Technical Issues,16,UE Issues,5,-0.0427569283446755,0.6443556443556444,104,0.9958396034345403
M033,matched,39,Technical Issues,16,UE Issues,6,0.13332857406768958,0.23276723276723277,103,0.9404388714733541
M033,matched,39,Technical Issues,16,UE Issues,7,-0.052774730577622754,0.6333666333666333,102,0.9958396034345403
M033,matched,39,Technical Issues,16,UE Issues,8,0.042686158613283454,0.6733266733266733,101,0.9958396034345403
M033,matched,39,Technical Issues,16,UE Issues,9,0.01509796274195142,0.8731268731268731,100,1.0
M033,matched,39,Technical Issues,16,UE Issues,10,-0.12232907640592953,0.2627372627372627,99,0.9878819810326661
M033,matched,39,Technical Issues,16,UE Issues,11,-0.04389712072822977,0.6493506493506493,98,0.9958396034345403
M033,matched,39,Technical Issues,16,UE Issues,12,0.14680027096978235,0.1978021978021978,97,0.8978675645342312
M034,matched,40,Troubleshooting,22,Troubleshooting,-12,0.23652167052387965,0.05194805194805195,97,0.739033693579148
M034,matched,40,Troubleshooting,22,Troubleshooting,-11,-0.005425600418236648,0.968031968031968,98,1.0
M034,matched,40,Troubleshooting,22,Troubleshooting,-10,-0.1371799628942486,0.24975024975024976,99,0.9685569904548006
M034,matched,40,Troubleshooting,22,Troubleshooting,-9,0.12326432643264326,0.26573426573426573,100,0.9878819810326661
M034,matched,40,Troubleshooting,22,Troubleshooting,-8,0.008922539312754805,0.936063936063936,101,1.0
M034,matched,40,Troubleshooting,22,Troubleshooting,-7,-0.0929200287247457,0.46353646353646355,102,0.9958396034345403
M034,matched,40,Troubleshooting,22,Troubleshooting,-6,0.15130914202873083,0.2077922077922078,103,0.8978675645342312
M034,matched,40,Troubleshooting,22,Troubleshooting,-5,-0.3651445641736904,0.000999000999000999,104,0.06993006993006994
M034,matched,40,Troubleshooting,22,Troubleshooting,-4,0.1944121915820029,0.08391608391608392,105,0.745535456279258
M034,matched,40,Troubleshooting,22,Troubleshooting,-3,0.030606846865002393,0.8351648351648352,106,1.0
M034,matched,40,Troubleshooting,22,Troubleshooting,-2,0.0022825682321362096,1.0,107,1.0
M034,matched,40,Troubleshooting,22,Troubleshooting,-1,-0.01342326635990359,0.9430569430569431,108,1.0
M034,matched,40,Troubleshooting,22,Troubleshooting,0,-0.08256880733944955,0.44955044955044954,109,0.9958396034345403
M034,matched,40,Troubleshooting,22,Troubleshooting,1,0.046157363742890624,0.7412587412587412,108,0.9995729461378317
M034,matched,40,Troubleshooting,22,Troubleshooting,2,0.08609102842924038,0.4915084915084915,107,0.9958396034345403
M034,matched,40,Troubleshooting,22,Troubleshooting,3,-0.02097387711917777,0.8901098901098901,106,1.0
M034,matched,40,Troubleshooting,22,Troubleshooting,4,-0.015073605639643375,0.962037962037962,105,1.0
M034,matched,40,Troubleshooting,22,Troubleshooting,5,0.13350048010242185,0.28771228771228774,104,0.9923409923409924
M034,matched,40,Troubleshooting,22,Troubleshooting,6,-0.11652681983921276,0.3066933066933067,103,0.9958396034345403
M034,matched,40,Troubleshooting,22,Troubleshooting,7,-0.016245313851773528,0.8811188811188811,102,1.0
M034,matched,40,Troubleshooting,22,Troubleshooting,8,0.09039021549213745,0.46353646353646355,101,0.9958396034345403
M034,matched,40,Troubleshooting,22,Troubleshooting,9,-0.08400840084008401,0.5054945054945055,100,0.9958396034345403
M034,matched,40,Troubleshooting,22,Troubleshooting,10,0.1123191094619666,0.3956043956043956,99,0.9958396034345403
M034,matched,40,Troubleshooting,22,Troubleshooting,11,-0.13178917302628643,0.27972027972027974,98,0.9922509922509922
M034,matched,40,Troubleshooting,22,Troubleshooting,12,0.06844361455922575,0.5614385614385614,97,0.9958396034345403
M035,matched,40,Troubleshooting,21,Bug Reporting,-12,0.09087681464338312,0.4045954045954046,97,0.9958396034345403
M035,matched,40,Troubleshooting,21,Bug Reporting,-11,-0.19335156743109616,0.07792207792207792,98,0.745535456279258
M035,matched,40,Troubleshooting,21,Bug Reporting,-10,0.03095856524427953,0.7412587412587412,99,0.9995729461378317
M035,matched,40,Troubleshooting,21,Bug Reporting,-9,0.027014701470147014,0.7912087912087912,100,1.0
M035,matched,40,Troubleshooting,21,Bug Reporting,-8,0.05702970297029703,0.6113886113886113,101,0.9958396034345403
M035,matched,40,Troubleshooting,21,Bug Reporting,-7,-0.14963443802975385,0.13686313686313686,102,0.8343928798474253
M035,matched,40,Troubleshooting,21,Bug Reporting,-6,0.09058559943768396,0.4035964035964036,103,0.9958396034345403
M035,matched,40,Troubleshooting,21,Bug Reporting,-5,0.10359543369252107,0.3246753246753247,104,0.9958396034345403
M035,matched,40,Troubleshooting,21,Bug Reporting,-4,-0.10340037321169397,0.33466533466533466,105,0.9958396034345403
M035,matched,40,Troubleshooting,21,Bug Reporting,-3,0.013255409728694864,0.8841158841158842,106,1.0
M035,matched,40,Troubleshooting,21,Bug Reporting,-2,-0.1644820627363389,0.13986013986013987,107,0.8343928798474253
M035,matched,40,Troubleshooting,21,Bug Reporting,-1,0.19057418045671498,0.07892107892107893,108,0.745535456279258
M035,matched,40,Troubleshooting,21,Bug Reporting,0,-0.08642387174497267,0.35264735264735264,109,0.9958396034345403
M035,matched,40,Troubleshooting,21,Bug Reporting,1,0.08750369163641906,0.38961038961038963,108,0.9958396034345403
M035,matched,40,Troubleshooting,21,Bug Reporting,2,-0.03319030545269304,0.8421578421578422,107,1.0
M035,matched,40,Troubleshooting,21,Bug Reporting,3,-0.2031337380658488,0.06993006993006994,106,0.741682559864378
M035,matched,40,Troubleshooting,21,Bug Reporting,4,0.2750570184532449,0.005994005994005994,105,0.3702180172768408
M035,matched,40,Troubleshooting,21,Bug Reporting,5,-0.14286781179985064,0.17082917082917082,104,0.8968531468531468
M035,matched,40,Troubleshooting,21,Bug Reporting,6,0.10127180072925361,0.2977022977022977,103,0.9923409923409924
M035,matched,40,Troubleshooting,21,Bug Reporting,7,-0.13164189063109624,0.2017982017982018,102,0.8978675645342312
M035,matched,40,Troubleshooting,21,Bug Reporting,8,0.15389633080955153,0.14585414585414586,101,0.8472296933835395
M035,matched,40,Troubleshooting,21,Bug Reporting,9,0.005568556855685569,0.967032967032967,100,1.0
M035,matched,40,Troubleshooting,21,Bug Reporting,10,-0.18932591218305503,0.06593406593406594,99,0.741682559864378
M035,matched,40,Troubleshooting,21,Bug Reporting,11,0.17710664396967785,0.11888111888111888,98,0.800161377084454
M035,matched,40,Troubleshooting,21,Bug Reporting,12,-0.05884441405428151,0.5534465534465535,97,0.9958396034345403
M036,matched,32,Privacy & Security,8,Safety,-12,-0.004181569535030507,0.983016983016983,97,1.0
M036,matched,32,Privacy & Security,8,Safety,-11,-0.011444127791697747,0.9330669330669331,98,1.0
M036,matched,32,Privacy & Security,8,Safety,-10,0.07172541743970315,0.5244755244755245,99,0.9958396034345403
M036,matched,32,Privacy & Security,8,Safety,-9,-0.10305430543054306,0.38461538461538464,100,0.9958396034345403
M036,matched,32,Privacy & Security,8,Safety,-8,0.11761211415259173,0.3146853146853147,101,0.9958396034345403
M036,matched,32,Privacy & Security,8,Safety,-7,-0.012174090053208634,0.9050949050949051,102,1.0
M036,matched,32,Privacy & Security,8,Safety,-6,-0.06781838949171902,0.5914085914085914,103,0.9958396034345403
M036,matched,32,Privacy & Security,8,Safety,-5,0.03855755894590846,0.7242757242757243,104,0.9995729461378317
M036,matched,32,Privacy & Security,8,Safety,-4,-0.0568422143893842,0.6073926073926074,105,0.9958396034345403
M036,matched,32,Privacy & Security,8,Safety,-3,0.12280524976698491,0.2647352647352647,106,0.9878819810326661
M036,matched,32,Privacy & Security,8,Safety,-2,-0.0038891827817943143,0.935064935064935,107,1.0
M036,matched,32,Privacy & Security,8,Safety,-1,-0.13791953661626988,0.2037962037962038,108,0.8978675645342312
M036,matched,32,Privacy & Security,8,Safety,0,0.08565471226021684,0.4025974025974026,109,0.9958396034345403
M036,matched,32,Privacy & Security,8,Safety,1,0.06988863166519,0.45854145854145856,108,0.9958396034345403
M036,matched,32,Privacy & Security,8,Safety,2,0.02704794372930504,0.7702297702297702,107,1.0
M036,matched,32,Privacy & Security,8,Safety,3,-0.01789052069425901,0.8481518481518482,106,1.0
M036,matched,32,Privacy & Security,8,Safety,4,-0.013611859838274933,0.8781218781218781,105,1.0
M036,matched,32,Privacy & Security,8,Safety,5,-0.13453536754507628,0.24675324675324675,104,0.9685569904548006
M036,matched,32,Privacy & Security,8,Safety,6,0.21456969643720072,0.1008991008991009,103,0.7790004113533525
M036,matched,32,Privacy & Security,8,Safety,7,-0.2519126270137008,0.03296703296703297,102,0.7060247444862829
M036,matched,32,Privacy & Security,8,Safety,8,0.2500640652300524,0.03696303696303696,101,0.7187257187257187
M036,matched,32,Privacy & Security,8,Safety,9,-0.10552655265526553,0.2897102897102897,100,0.9923409923409924
M036,matched,32,Privacy & Security,8,Safety,10,-0.08727272727272728,0.47952047952047955,99,0.9958396034345403
M036,matched,32,Privacy & Security,8,Safety,11,0.041728031418753066,0.7592407592407593,98,1.0
M036,matched,32,Privacy & Security,8,Safety,12,0.050612770881548495,0.6833166833166833,97,0.9994172494172495
M037,matched,19,Kids and Students,26,Educational Use,-12,-0.04999474016410688,0.7122877122877123,97,0.9995729461378317
M037,matched,19,Kids and Students,26,Educational Use,-11,0.16542662050762197,0.1938061938061938,98,0.8978675645342312
M037,matched,19,Kids and Students,26,Educational Use,-10,-0.06996907854050712,0.5584415584415584,99,0.9958396034345403
M037,matched,19,Kids and Students,26,Educational Use,-9,-0.05477347734773477,0.6643356643356644,100,0.9958396034345403
M037,matched,19,Kids and Students,26,Educational Use,-8,0.08527664531158999,0.46553446553446554,101,0.9958396034345403
M037,matched,19,Kids and Students,26,Educational Use,-7,0.09571334060876105,0.41058941058941056,102,0.9958396034345403
M037,matched,19,Kids and Students,26,Educational Use,-6,-0.24934103589157844,0.013986013986013986,103,0.5648197955890264
M037,matched,19,Kids and Students,26,Educational Use,-5,0.129414275045343,0.31368631368631367,104,0.9958396034345403
M037,matched,19,Kids and Students,26,Educational Use,-4,-0.013083143271822518,0.9530469530469531,105,1.0
M037,matched,19,Kids and Students,26,Educational Use,-3,0.07448925611507166,0.5524475524475524,106,0.9958396034345403
M037,matched,19,Kids and Students,26,Educational Use,-2,-0.07444307294421913,0.6163836163836164,107,0.9958396034345403
M037,matched,19,Kids and Students,26,Educational Use,-1,-0.05909476311602694,0.7172827172827173,108,0.9995729461378317
M037,matched,19,Kids and Students,26,Educational Use,0,0.16162580304418095,0.1798201798201798,109,0.8978675645342312
M037,matched,19,Kids and Students,26,Educational Use,1,0.012746893659218704,0.962037962037962,108,1.0
M037,matched,19,Kids and Students,26,Educational Use,2,-0.08476871796278769,0.5364635364635365,107,0.9958396034345403
M037,matched,19,Kids and Students,26,Educational Use,3,-0.0448095443222429,0.7712287712287712,106,1.0
M037,matched,19,Kids and Students,26,Educational Use,4,0.0775193798452216,0.5734265734265734,105,0.9958396034345403
M037,matched,19,Kids and Students,26,Educational Use,5,0.04254785700393083,0.7482517482517482,104,0.9995729461378317
M037,matched,19,Kids and Students,26,Educational Use,6,-0.010142583750487839,0.9070929070929071,103,1.0
M037,matched,19,Kids and Students,26,Educational Use,7,-0.16372585884753352,0.15884115884115885,102,0.8732105590744336
M037,matched,19,Kids and Students,26,Educational Use,8,0.10507310737699582,0.4245754245754246,101,0.9958396034345403
M037,matched,19,Kids and Students,26,Educational Use,9,0.057185890146942496,0.6913086913086913,100,0.9995729461378317
M037,matched,19,Kids and Students,26,Educational Use,10,-0.07287592107617114,0.6113886113886113,99,0.9958396034345403
M037,matched,19,Kids and Students,26,Educational Use,11,0.0448904516143653,0.7922077922077922,98,1.0
M037,matched,19,Kids and Students,26,Educational Use,12,-0.02198618631069341,0.9090909090909091,97,1.0
M038,matched,23,Linux OS,33,Cross-platform,-12,-0.041250262991794656,0.7422577422577422,97,0.9995729461378317
M038,matched,23,Linux OS,33,Cross-platform,-11,0.13140663950678677,0.1928071928071928,98,0.8978675645342312
M038,matched,23,Linux OS,33,Cross-platform,-10,-0.07784786641929499,0.45454545454545453,99,0.9958396034345403
M038,matched,23,Linux OS,33,Cross-platform,-9,0.005988598859885988,0.957042957042957,100,1.0
M038,matched,23,Linux OS,33,Cross-platform,-8,0.01594641817122889,0.8911088911088911,101,1.0
M038,matched,23,Linux OS,33,Cross-platform,-7,-0.04319455360727392,0.6453546453546454,102,0.9958396034345403
M038,matched,23,Linux OS,33,Cross-platform,-6,-0.030773623863286914,0.7822177822177823,103,1.0
M038,matched,23,Linux OS,33,Cross-platform,-5,0.15108330066014655,0.12387612387612387,104,0.8129370629370628
M038,matched,23,Linux OS,33,Cross-platform,-4,-0.18670108544529568,0.028971028971028972,105,0.6913541004450096
M038,matched,23,Linux OS,33,Cross-platform,-3,0.23040104803763778,0.007992007992007992,106,0.4495504495504496
M038,matched,23,Linux OS,33,Cross-platform,-2,-0.17364043401550114,0.08591408591408592,107,0.745535456279258
M038,matched,23,Linux OS,33,Cross-platform,-1,0.0149773839165828,0.932067932067932,108,1.0
M038,matched,23,Linux OS,33,Cross-platform,0,-0.03685030059937779,0.7072927072927073,109,0.9995729461378317
M038,matched,23,Linux OS,33,Cross-platform,1,0.15628900694534759,0.11388611388611389,108,0.800161377084454
M038,matched,23,Linux OS,33,Cross-platform,2,-0.1391577846607695,0.16683316683316685,107,0.8900190718372537
M038,matched,23,Linux OS,33,Cross-platform,3,0.0024236988606468127,0.987012987012987,106,1.0
M038,matched,23,Linux OS,33,Cross-platform,4,0.02718619774406652,0.8321678321678322,105,1.0
M038,matched,23,Linux OS,33,Cross-platform,5,0.01792650154451714,0.8981018981018981,104,1.0
M038,matched,23,Linux OS,33,Cross-platform,6,-0.15176080497557606,0.11688311688311688,103,0.800161377084454
M038,matched,23,Linux OS,33,Cross-platform,7,0.20526176150753053,0.023976023976023976,102,0.6913541004450096
M038,matched,23,Linux OS,33,Cross-platform,8,-0.19477841724196,0.053946053946053944,101,0.739033693579148
M038,matched,23,Linux OS,33,Cross-platform,9,0.0896640312260466,0.38961038961038963,100,0.9958396034345403
M038,matched,23,Linux OS,33,Cross-platform,10,0.029170172143152904,0.7612387612387612,99,1.0
M038,matched,23,Linux OS,33,Cross-platform,11,0.006383073797230905,0.9560439560439561,98,1.0
M038,matched,23,Linux OS,33,Cross-platform,12,-0.07233606140981322,0.4855144855144855,97,0.9958396034345403
M039,matched,24,Mac OS,33,Cross-platform,-12,0.04211813591415948,0.7192807192807192,97,0.9995729461378317
M039,matched,24,Mac OS,33,Cross-platform,-11,0.01430037807062844,0.9280719280719281,98,1.0
M039,matched,24,Mac OS,33,Cross-platform,-10,-0.09222016079158936,0.4725274725274725,99,0.9958396034345403
M039,matched,24,Mac OS,33,Cross-platform,-9,-0.012325232523252325,0.9020979020979021,100,1.0
M039,matched,24,Mac OS,33,Cross-platform,-8,0.06451951077460687,0.5544455544455544,101,0.9958396034345403
M039,matched,24,Mac OS,33,Cross-platform,-7,0.13496672339992424,0.22077922077922077,102,0.9126700071581961
M039,matched,24,Mac OS,33,Cross-platform,-6,-0.14280850503009268,0.17782217782217782,103,0.8978675645342312
M039,matched,24,Mac OS,33,Cross-platform,-5,0.012439987197268751,0.9040959040959041,104,1.0
M039,matched,24,Mac OS,33,Cross-platform,-4,-0.017209205888451172,0.8641358641358642,105,1.0
M039,matched,24,Mac OS,33,Cross-platform,-3,0.0010429025944124442,0.9920079920079921,106,1.0
M039,matched,24,Mac OS,33,Cross-platform,-2,0.061394829396443154,0.5834165834165834,107,0.9958396034345403
M039,matched,24,Mac OS,33,Cross-platform,-1,-0.17638344397630895,0.0999000999000999,108,0.7790004113533525
M039,matched,24,Mac OS,33,Cross-platform,0,0.11239516253204349,0.3336663336663337,109,0.9958396034345403
M039,matched,24,Mac OS,33,Cross-platform,1,0.14167984620027013,0.2057942057942058,108,0.8978675645342312
M039,matched,24,Mac OS,33,Cross-platform,2,-0.06819629097167137,0.5504495504495505,107,0.9958396034345403
M039,matched,24,Mac OS,33,Cross-platform,3,-0.10211361645408516,0.35864135864135865,106,0.9958396034345403
M039,matched,24,Mac OS,33,Cross-platform,4,0.0045617127219031795,0.9820179820179821,105,1.0
M039,matched,24,Mac OS,33,Cross-platform,5,0.026940517509661532,0.8431568431568431,104,1.0
M039,matched,24,Mac OS,33,Cross-platform,6,0.10067327878811612,0.3986013986013986,103,0.9958396034345403
M039,matched,24,Mac OS,33,Cross-platform,7,-0.000695540062523153,0.993006993006993,102,1.0
M039,matched,24,Mac OS,33,Cross-platform,8,-0.07709243416885699,0.4875124875124875,101,0.9958396034345403
M039,matched,24,Mac OS,33,Cross-platform,9,-0.04732357185669313,0.6563436563436563,100,0.9958396034345403
M039,matched,24,Mac OS,33,Cross-platform,10,0.13393530856217029,0.2057942057942058,99,0.8978675645342312
M039,matched,24,Mac OS,33,Cross-platform,11,-0.041067591690155364,0.7312687312687313,98,0.9995729461378317
M039,matched,24,Mac OS,33,Cross-platform,12,-0.1485606830927305,0.2127872127872128,97,0.9009136025265058
M040,matched,24,Mac OS,25,IOS Development,-12,0.07718809173153797,0.5454545454545454,97,0.9958396034345403
M040,matched,24,Mac OS,25,IOS Development,-11,-0.17933808950009245,0.18981018981018982,98,0.8978675645342312
M040,matched,24,Mac OS,25,IOS Development,-10,0.10546691403834262,0.43956043956043955,99,0.9958396034345403
M040,matched,24,Mac OS,25,IOS Development,-9,0.11533153315331533,0.3516483516483517,100,0.9958396034345403
M040,matched,24,Mac OS,25,IOS Development,-8,-0.2345719277810134,0.04995004995004995,101,0.739033693579148
M040,matched,24,Mac OS,25,IOS Development,-7,0.0570706413873826,0.6173826173826173,102,0.9958396034345403
M040,matched,24,Mac OS,25,IOS Development,-6,0.07953696788648244,0.48151848151848153,103,0.9958396034345403
M040,matched,24,Mac OS,25,IOS Development,-5,-0.05510508908567161,0.5644355644355644,104,0.9958396034345403
M040,matched,24,Mac OS,25,IOS Development,-4,0.04562512958739374,0.6973026973026973,105,0.9995729461378317
M040,matched,24,Mac OS,25,IOS Development,-3,-0.017754534988934558,0.8261738261738262,106,1.0
M040,matched,24,Mac OS,25,IOS Development,-2,0.006387335051297421,0.9470529470529471,107,1.0
M040,matched,24,Mac OS,25,IOS Development,-1,-0.04410538802464742,0.7212787212787213,108,0.9995729461378317
M040,matched,24,Mac OS,25,IOS Development,0,0.09426810630573437,0.41858141858141856,109,0.9958396034345403
M040,matched,24,Mac OS,25,IOS Development,1,-0.05989786786773575,0.6173826173826173,108,0.9958396034345403
M040,matched,24,Mac OS,25,IOS Development,2,0.07398626482086801,0.5414585414585414,107,0.9958396034345403
M040,matched,24,Mac OS,25,IOS Development,3,-0.037067640807850424,0.7432567432567433,106,0.9995729461378317
M040,matched,24,Mac OS,25,IOS Development,4,0.01576901147730622,0.8301698301698301,105,1.0
M040,matched,24,Mac OS,25,IOS Development,5,0.07358762347094479,0.6023976023976024,104,0.9958396034345403
M040,matched,24,Mac OS,25,IOS Development,6,-0.22186343350643092,0.09490509490509491,103,0.7790004113533525
M040,matched,24,Mac OS,25,IOS Development,7,0.10629322402640413,0.4205794205794206,102,0.9958396034345403
M040,matched,24,Mac OS,25,IOS Development,8,0.04023530789048535,0.7172827172827173,101,0.9995729461378317
M040,matched,24,Mac OS,25,IOS Development,9,0.05613298137807603,0.6313686313686314,100,0.9958396034345403
M040,matched,24,Mac OS,25,IOS Development,10,-0.09409363615002118,0.4775224775224775,99,0.9958396034345403
M040,matched,24,Mac OS,25,IOS Development,11,-0.0022507157066643134,0.981018981018981,98,1.0
M040,matched,24,Mac OS,25,IOS Development,12,-0.0053916862944161726,0.975024975024975,97,1.0
M041,weak_match,20,Language,14,Testing Requirements,-12,0.16071428571428573,0.13986013986013987,97,0.8343928798474253
M041,weak_match,20,Language,14,Testing Requirements,-11,-0.10640169844882658,0.35664335664335667,98,0.9958396034345403
M041,weak_match,20,Language,14,Testing Requirements,-10,0.036561533704390844,0.8151848151848152,99,1.0
M041,weak_match,20,Language,14,Testing Requirements,-9,-0.041716171617161714,0.7552447552447552,100,1.0
M041,weak_match,20,Language,14,Testing Requirements,-8,0.0075946418171228885,0.9500499500499501,101,1.0
M041,weak_match,20,Language,14,Testing Requirements,-7,0.12187095351454048,0.2707292707292707,102,0.9878819810326661
M041,weak_match,20,Language,14,Testing Requirements,-6,-0.24187277599613408,0.027972027972027972,103,0.6913541004450096
M041,weak_match,20,Language,14,Testing Requirements,-5,0.060119652511823024,0.6343656343656343,104,0.9958396034345403
M041,weak_match,20,Language,14,Testing Requirements,-4,0.09746552318486805,0.44555444555444557,105,0.9958396034345403
M041,weak_match,20,Language,14,Testing Requirements,-3,-0.1297028231427728,0.2827172827172827,106,0.9923409923409924
M041,weak_match,20,Language,14,Testing Requirements,-2,0.0949871175726684,0.4075924075924076,107,0.9958396034345403
M041,weak_match,20,Language,14,Testing Requirements,-1,-0.017786966074525703,0.8911088911088911,108,1.0
M041,weak_match,20,Language,14,Testing Requirements,0,0.08991242306117134,0.4745254745254745,109,0.9958396034345403
M041,weak_match,20,Language,14,Testing Requirements,1,-0.1276366686534207,0.20679320679320679,108,0.8978675645342312
M041,weak_match,20,Language,14,Testing Requirements,2,0.012941718197612109,0.9310689310689311,107,1.0
M041,weak_match,20,Language,14,Testing Requirements,3,0.04777931735501503,0.7282717282717283,106,0.9995729461378317
M041,weak_match,20,Language,14,Testing Requirements,4,-0.009413716253382016,0.985014985014985,105,1.0
M041,weak_match,20,Language,14,Testing Requirements,5,0.05447852768488388,0.6773226773226774,104,0.9976755088486932
M041,weak_match,20,Language,14,Testing Requirements,6,0.016431074085426763,0.942057942057942,103,1.0
M041,weak_match,20,Language,14,Testing Requirements,7,-0.11064741791374419,0.3386613386613387,102,0.9958396034345403
M041,weak_match,20,Language,14,Testing Requirements,8,0.026058594021718506,0.8461538461538461,101,1.0
M041,weak_match,20,Language,14,Testing Requirements,9,0.032573211772524764,0.8591408591408591,100,1.0
M041,weak_match,20,Language,14,Testing Requirements,10,-0.0449131054109014,0.7932067932067932,99,1.0
M041,weak_match,20,Language,14,Testing Requirements,11,0.07809919742473422,0.5464535464535465,98,0.9958396034345403
M041,weak_match,20,Language,14,Testing Requirements,12,-0.10622937045437524,0.3856143856143856,97,0.9958396034345403
M049,matched,15,Horror Game,23,Horror Game,-12,0.09885861561119293,0.3696303696303696,97,0.9958396034345403
M049,matched,15,Horror Game,23,Horror Game,-11,-0.16288914816160766,0.13386613386613386,98,0.8343928798474253
M049,matched,15,Horror Game,23,Horror Game,-10,0.12820037105751392,0.2887112887112887,99,0.9923409923409924
M049,matched,15,Horror Game,23,Horror Game,-9,-0.12117611761176117,0.2787212787212787,100,0.9922509922509922
M049,matched,15,Horror Game,23,Horror Game,-8,0.12651135701805474,0.25074925074925075,101,0.9685569904548006
M049,matched,15,Horror Game,23,Horror Game,-7,-0.0036358290312183705,0.9660339660339661,102,1.0
M049,matched,15,Horror Game,23,Horror Game,-6,-0.03677019724992312,0.7212787212787213,103,0.9995729461378317
M049,matched,15,Horror Game,23,Horror Game,-5,-0.028230022404779686,0.7772227772227772,104,1.0
M049,matched,15,Horror Game,23,Horror Game,-4,0.06306240928882438,0.5794205794205795,105,0.9958396034345403
M049,matched,15,Horror Game,23,Horror Game,-3,-0.10629014787011613,0.3256743256743257,106,0.9958396034345403
M049,matched,15,Horror Game,23,Horror Game,-2,0.1014177918305512,0.36663336663336665,107,0.9958396034345403
M049,matched,15,Horror Game,23,Horror Game,-1,-0.22365337348346476,0.04395604395604396,108,0.739033693579148
M049,matched,15,Horror Game,23,Horror Game,0,0.24243449257021893,0.01898101898101898,109,0.6767426122264832
M049,matched,15,Horror Game,23,Horror Game,1,-0.09892392192546204,0.35364635364635366,108,0.9958396034345403
M049,matched,15,Horror Game,23,Horror Game,2,0.07475349131073125,0.5004995004995005,107,0.9958396034345403
M049,matched,15,Horror Game,23,Horror Game,3,-0.016258565099878792,0.9080919080919081,106,1.0
M049,matched,15,Horror Game,23,Horror Game,4,-0.08444133429474851,0.4325674325674326,105,0.9958396034345403
M049,matched,15,Horror Game,23,Horror Game,5,0.03006588248915672,0.7922077922077922,104,1.0
M049,matched,15,Horror Game,23,Horror Game,6,-0.0379848324406363,0.7082917082917083,103,0.9995729461378317
M049,matched,15,Horror Game,23,Horror Game,7,0.030088325447715707,0.7742257742257742,102,1.0
M049,matched,15,Horror Game,23,Horror Game,8,0.006901773496621762,0.9210789210789211,101,1.0
M049,matched,15,Horror Game,23,Horror Game,9,0.007206936905041198,0.9470529470529471,100,1.0
M049,matched,15,Horror Game,23,Horror Game,10,-0.016098209599829858,0.8851148851148851,99,1.0
M049,matched,15,Horror Game,23,Horror Game,11,-0.012566626718277542,0.8781218781218781,98,1.0
M049,matched,15,Horror Game,23,Horror Game,12,0.009487740897093025,0.8821178821178821,97,1.0
