PostID,Text,Dominant_Topic,Top_Keywords
32451.0,post go show integratevari rate shade vrswith yourunr engineproject order enablefov renderingus thehtc vive pro eyeheadsetthi articl go focu unreal engin use uniti instead unreal engin use vive foveat render plugin uniti asset store github pageit assum your somewhat familiar unreal engin blueprintsrequirementshtc vive pro eye headsetvr readi quadroquadro desktop quadro card higher quadro notebook quadro higher orvr readi geforceturingbas gpu geforc rtx seri gtx gtx ti nvidia driver version latero microsoft windowsthi post divid main partspart foveat render nvidia variabl rate shade vrspart set unreal engin sourc code vive github repositorypart set sranip pluginpart combin everyth foveat render resultsso let get startedpart foveat render nvidia variabl rate shade vrsallow begin stress import foveat render benefici vr applicationscr director technic artist alway tri rais bar visual fidel immers vr applic engin team often hit bottleneck achiev requir minimum fp new headset releas better better display resolut time time new smart render techniqu invent allow us optim process without drop qualitythi foveat render come playif your alreadi familiar term foveat render need know render techniqu use togeth vr headset support eye track htc vive pro eye reduc render workload thu allow develop improv perform vr applic push visual qualiti contentth term foveat deriv word fovea part eye retina allow us sharp central vision foveal vision let us focu visual detail import narrow region right front us foveal parafov area cover field vision degre anyth outsid fovea region belong peripher vision despit fact also use detect fastmov content chang color henc feel compar less detail blurryth foveat render techniqu exploit anatomi human eye suggest comput drop qualiti graphic peripher vision lower resolut focus avail process power smaller foveat area imagevrsvwhitelogompdynam eyetrack foveat render confus variant call fix foveat render latter assum forward view direct limit render cost display area clearli visibl headset mainli around len distort regionalthough concept foveat render around newnvidia ture architectur gpusallow use render techniqu calledvari rate shade vrsthat enabl featur techniqu offer abil vari shade rate within frame combin eyetrack data perform foveat render vr experi henc need gpu base ture architecturegraph card compon call pixel shader fragment shader determin visual characterist singl pixel virtual environ color bright contrast etc instead execut pixel shader per pixel vr gpu appli singl pixel shader oper whole pixel region also dynam chang shade rate actual pixel shade one wayscoars shade execut pixel shader per multipl raster pixel copi shade pixel configur super sampl execut pixel shader per singl raster pixel configur xfor exampl case ofcoars shade select coars shade indic singl shade oper evalu pixel shader invoc replic across region pixel instead sampl time pixel area sampl broadcast result pixelson handsupersamplingi method enabl increas sharp better antialias highfrequ textur possibl simpl msaa pixel shader run everi sampl locat within pixel instead per pixel vr vr applic doesnt need perform supersampl entir render target specif region select instead minim perform impact shade rate supersampl indic pixel shader invok upto time evalu upto uniqu shade sampl within pixel realli use provid smoother immers vr experi user especi need exampl read text vrthi fine level control enabl develop combin vari shade rate gaze track capabl foveat renderingbesid foveat render nvidia vr support follow techniquescont adapt shade take account factor like spatial tempor color coher object variat everi frame lower shade rate success frame eg area detail remain unchang frame frame sky box wallslensoptimis vr use render effici surfac close approxim len correct imag elimin need render pixel would otherwis discard output headset explot fact thatlens design sharper center blurrier around peripheryit worth mention techniqu use unison ultim custom limit much supersampl coars shade done per frame developerspart set unreal engin sourc code vive github repositoryusu engin team use unreal engin vr develop make choic depend vr project work flexibl need usea binari version unreal engin provid epic game via epic game launcher case engin cant modifi binari plugin verifi work version unreal engin use usual case want build quickli demo use technologiesfeatur alreadi support boxth sourc code specif version branch unreal engin engin team introduc entir new featur custom sourc code unreal engin reach goal project exampl unreal doesnt support featur engin modifi sourc code engin introduc featur find bug unreal engin fix yet fix without need wait epic game fix itmost engin team work project new technolog usual prefer nd option give control pipelinecurr want integr vr foveat render unreal engin project need download use custom modifi version unreal engin sourc code thehtc vive github repositori htc vive current support differ version unreal engin foveat render abranch ue anotherbranch ue andon ue dont forget order abl access unreal engin sourc code repositori requir tolink epic game account github account get author epic gamesthi modifi version unreal engin containschang unreal engin render pipelin sourc code support vr certain render passesth vr plugin come nvidia api librariesw realiz may want integr foveat render project may use binaryinstal version unreal engin differ custom version unreal engin htc vive work close nvidia epic game make process easier futur integr requir engin chang offici unreal engin branch vr plugin need without modificationsfor team alreadi use custom unreal engin sourc code version dont want switch differ engin copi chang made unreal engin render pipelin sourc code cours add extra vrsplugin line codemor specif unreal version makechangesto follow filesenginesourceruntimerendererprivatesceneprivatehenginesourceruntimerendererprivatepostprocesspostprocessingcppenginesourceruntimeenginepublicsceneviewextensionhon hand ue wemodifi follow filesa call vr function rhi thread render threadenginesourceruntimerendererprivatescreenspaceraytracingcppenginesourceruntimerendererprivatesceneprivatehenginesourceruntimerendererprivatepostprocesspostprocessupscalecppenginesourceruntimerendererprivatepostprocesspostprocessmaterialcppenginesourceruntimerendererprivatedeferredshadingrenderercppenginesourceruntimeenginepublicsceneviewextensionhy choos download sourc code branch zip file use github desktop clone repositori local recommend use git clone repositori sinc way quickli fetch latest updat bug fix updat local copi everi time htc vive engin push changeher list step requir download custom unreal engin sourc code order get engin run download zip archiv code extract archiv content directori would like build engin egcunrealv make sure use short path otherwis may get error next step file exceed window length limit file name altern map instal directori window drive reduc path length navig engin directori run setupbat may need torun administratorth setupbat script start download requir rd parti depend unreal engin system may take time make sure check regularli window warningsissu next step download requir depend unreal engin need rungenerateprojectfilesbatto gener visual studio solut default scriptgenerateprojectfilesbatcr project file visual studio launchueslnto open project solut visual studio menu bar selectbuild configur managerverifi activ solut configur set develop editor activ solut platform set win solut explor rightclickueunderengineand selectset startup project make sure build engin one program come unreal rightclick ue engin context menu selectdebug start new instanceto launch engin unreal engin launch select project would like open specifi new project creat new project dont forget specifi project namether current issu tri select blank blueprint basic code project everyth black unless mode set unlit instead tri select templat projectsif alreadi unreal project built differ version unreal engin want swap engin version tri open project use unreal engin version support foveat render find unreal engin project file rightclick switch unreal engin version use project new version engin instal brows instal paththat abl use custom unreal engin provid htc vive projectpart set sranip pluginin order optim render qualiti match user gaze need feed eyetrack gaze data vr get access data provid eyetrack capabl htc vive pro eye need use theviv sranip sdkthesranip sdkallow develop track integr user eye lip movement empow read intent model facial express creat new interact experi improv exist one exploit precis track eye movement attent focusth sranip sdk includesth requir runtimesrruntim run notif tray show current eyetrack statu htc vive pro eyeplugin unrealun along sampl code nativ developmentfollow list step order integr sranip plugin project visit theviv sranip sdk pageat theviv develop websit read guidelin start download procedureif dont htc develop account ask regist creat new one abl download sranip sdk download vivesranipalinstal contain requir runtim follow instruct instal srruntim instal ensur vive pro eye headset connect pc andlaunch srruntimeex administratorto start runtim wait notic sranip statu icon look like robot appear window notif tray icon eye turn orang headset eyetrack capabl detect devic idl mode green program retriev eye data start steamvr run alreadi put hmd next step go eyecalibr process requir new user calibr result save pc start eye calibr press vive control system button calibr program show overlay window hmd select vive pro button bottom grid steamvr menunot highest level precis recommend recalibr differ user eye posit pupillari distanc differ individu need read accept user agreement turn vive eyetrack capabl press calibr start start adjust hmd positionif issu calibr process get error messag initi fail pleas follow step describ thistroubleshoot guid next need adjust ipd valu shown guid gaze calibr pleas look bluedot sequenti shown center right left upper lower panel calibr success move eye head calibr done readi develop eyeawar applic tri minidemo light dot eye gaze press vive control system button quit eye calibr download vive sranip sdk zip file contain requir plugin platform well document detail instruct need instal sranip unreal engin plugin unreal project copi folder locat insranip sdkvsranipalsdkunrealvivesranipalunrealpluginsranipalinto plugin folder project dont plugin folder project structur creat new one name plugin gener visual studio project file projectif get compil issu dartboardh file includ pleas make follow chang sranipalbuildc file open unreal project go editplugin see sranip plugin project plugin make sure enablednow use sranip sdk featur eye track htc vive pro eyepart combin everyth foveat render resultsat point last thing need tie everyth togeth combin sranip plugin vr plugin enabl foveat render feed eye gaze data frame vr algorithmin part use custom unreal engin sourc code come vr plugin locat vr plugin folder atunrealengineenginepluginsruntimevivesoftwarevrsplugin notic contain requir nvidia vr api well code easili modifi vr set applicationalso open unreal engin project go editplugin find variabl rate shade plugin render categori unreal engin plugin make sure enabledupd feb use unreal engin branch ue dont need write extra code ignor follow step yo wont need add geteyegazedirectionsnorm call updatestereogazedatatofoveatedrend instal sranip runtim import sranip plugin project enabl eye track vrsset vrsplugin get gaze data engin automat configur settingsin order feed gaze data vr enabl foveat render develop need go follow list step creat new function return normal eye direct use sranip methodgetverbosedataand expos blueprint one way add new function list method found header file sranipalfunctionlibraryeyeh locat pluginssranipalsourcesranipalpublicey cours alway creat new static method anywher els project long use sranip modul dependencygo ahead type follow code new function geteyegazedirectionsnorm function return normal eye gaze direct eyeufunctionblueprintcallablecategorysranipaleyestaticboolgeteyegazedirectionsnormalizedfvectorlefteyegazedirectionnormalizedfvectorrighteyegazedirectionnormalizedalso implement function need type follow code sourc file sranipalfunctionlibraryeyecppboolusranipalfunctionlibraryeyegeteyegazedirectionsnormalizedfvectorlefteyegazedirectionnormalizedfvectorrighteyegazedirectionnormalizedlefteyegazedirectionnormalizedfvectorrighteyegazedirectionnormalizedfvectorvivesranipaleyeverbosedataverbosedataoutboolresultsranipaleyeinstancegetverbosedataverbosedataoutlefteyegazedirectionnormalizedverbosedataoutleftgazedirectionnormalizedrighteyegazedirectionnormalizedverbosedataoutrightgazedirectionnormalizedreturnresult feed normal eye direct vr pluginsupdatestereogazedatatofoveatedrenderingfunct way center foveat region everi frame calcul vr plugin automaticallyy need connect functiongeteyegazedirectionsnormalizedfrom previou step functionupdatestereogazedatatofoveatedrenderingfrom vr plugin event tick creat new blueprint actor ad follow blueprint node event graphdont forget place actor scene tick cours dont necessarili need anactorfor could use blueprint node yourgamemodeor yourgameinst final need drag drop actor typesranipaleyeframeworkin scene anden eye trackingtick box get valid eye gaze direct vr plugin success enabl vr set appear project set plugin categorybelow find list describ set use inform read thisdetail articl nvidiaen vr whether enabl variabler shade noten eye track eyetrack devic properli set eyetrack plugin enabl check automat fetch eyetrack data chang center foveat region accord itscreenpercentag unreal engin vrsplugin requir rscreenpercentag larger trigger upscal pass render vr could take effect that set defaultfov pattern preset properti adjust region size foveat render sever predefin region size smaller aggress pick one predefin option foveat pattern preset detail section autofil valu pick custom option foveat pattern preset custom intern paramet perform foveat render exactli way want specif region size horizont vertic radiu avail region innermost middl peripher custom valu radiu set width height region size span width height window form circl fit render target depend aspect ratio render target well pick valu greater region span outsid render target area avail option arenarrowbalancedwidecustomshad rate preset properti adjust shade rate region automat accord predefin rate without specifi numer paramet avail option arehighest perform high perform balanc high qualiti highest qualiti also custom option allow defin manual shade rate region builtin shade rate preset detail custom tocul noth render blacknorm shade pixel sampl oncesupersampl xxxx pixel sampl would result less alias normal render take comput powercoars shade option sampl per pixel coars shade group pixel sampl would result perform gain fewer detail renderedal paramet vrsset project set chang dynam vr session pie session mean develop also dynam chang preset accord differ gamedepend factorspleas note vr configur modifi project set carri packag therefor set blueprint function provid vr plugin alter runtim develop call function initi phase boolean return valu indic whether setter function execut success notgener vrsplugin fallback fix foveat render there problem eyetrack eg invalid gaze data devic connect tracker modul loadedimpl etcyou abl appli foveat render vr applic adjust shade rate region size either better perform better qualiti accord project requirementscurr isnt way visual region individu eg differ color want test foveat render work inde use cull peripher middl region innermost region renderedperform gain known issuesus balanc option thefov pattern shade rate presetsshould give best visual qualiti perform perform supersampl foveal region middl coars shade peripheri keep foveal region larg enough peripheri outsid instantan field view usersin gener perform gain vr rang static scene vr gain less perform scene full dynam object like skelet mesh particl emitt postprocessingeffectsw test perform improv use scene includ unreal engin sampl scene packsuntempl linkthi scene design showcas mobil featur singl level contain detail pbr materi use varieti graphic featur techniqu come mani static opaqu actor well mani postprocess effectsfram time improv fromm ms withnarrowhighestperform presetfram time improv fromm ms withbalancedbalancedpresetsdefault scene view vrsvr enabl balancedbalancedvr enabl narrowhighest performancerealisticroomlinkthi scene show realist render possibl unreal engin architectur render util physicallybas materi precalcul bounc light via lightmass stationari light use profil photometr light post process reflectionsfram time improv fromm ms withnarrowhighestperform presetsfram time improv fromm ms withbalancedbalancedpresetsno vrsvr enabl balancedbalancedvr enabl narrowhighest performancevirtu studiolinkth virtual studio scene showcas unreal engin abil integr profession qualiti video card contain high qualiti screenspac reflect benefit vr lotfram time improv frommstom withnarrowhighestperform presetsfram time improv frommstom withbalancedbalancedpresetsno vrsvr enabl balancedbalancedvr enabl narrowhighest performanceof cours vr foveat render without shortcomingson notic artifact magnifi alias peripher region artifact obviou thin glossi object sceneto eas kind artifact follow option recommendationsus tempor antialias develop choos aa method project set render default set antialias methodtweak region paramet size resolut base content scene lot text glossi materi develop use less aggress settingu version object may flicker vr enabl uncheck occlus cull project set render fix itoth known issu farkeep mind bloom take effect unless use ue versionif use renderdoc may caus conflict vr plugin pleas disabl renderdoc plugin tri againu version type consol command may crash editoru version editor viewport affect vrswe supportunr engin inject vr function call ue render pipelin make vr happen certain render pass upscal pass introduc ue thu minimum support version beueif want learn thing vr plugin code base read thisarticlefrom nvidia describ vr wrapper apisreferenceswhat variabl rate shade basic definit vrsnvidia say new foveat render techniqu effici virtual unnoticeablevrwork variabl rate shade vrsture variabl rate shade vrworkseasi vr integr eye trackingmicrosoft variabl rate shadingrealist virtual vision dynam foveat render tobii,0,"librari, webinar, orient, unlik, warp, daemon, beginn, energi, changelog, regardsprof"
36693.0,way expos get eye gaze direct normal method post process materi dynam materi instanc,1,"appnam, guysw, modei, equal, colleg, easiest, euro, artifact, pming, mission"
36694.0,elebeny defin vectord variabl materi paramet collect get valu return get eye gaze direct normal method updat valu materi pamet collect everi frame insid materi instanc editor use valu materi paramet collect drive materi final output postprocess set get vector return eye gaze direct set post process set blueprint accord valu,39,"detail, lazi, sing, kranki, decad, vri, fpsvr, hii, afford, surprisingli"
36695.0,sbikoshtcthank much though didnt check alway problem access sth materi figur way creat dynam materi instanc pp materi ad blendabl global pp volum thank fast answer,8,"javascript, ita, meter, channel, physic, ipd, sku, clone, tomcgcmfc, narrow"
36697.0,sbikoshtci sri actual anoth question get screen uv look direct cant anyth like focal length unreal engin ez way refer method somewher els,34,"ultim, heyi, soft, pdf, storefront, electr, relax, coax, forget, news"
37150.0,sbikoshtchello pleas let know reason vive pro eye basic foveat render implemen eye track firmwar gpu driver level doesnt requir specif applic supporteg nvidia ffr fix foveat render vr nvidia panel set miss compon spot eye gaze applic seem dont requir step want util specif featur et modul track data like pupil size etcit would benefici perform increas load applic heavi scenaryi heard pimax et modul doesnt requir applicationsgam support forum aleadi proof peopl recent got modul work game like dc hla otherspleas provid answer one interest topic plan htc bring featur app free dfr support vr vive pro eyethank advanc,14,"use, customerserviceortcom, mp, moreov, attack, delay, vagu, herethank, estor, develop"
37170.0,product licens tobii technolog stack current lack driverlevel support stem bunch tech stack legal licens issu place prevent driverlevel version support product exact moment im sure friction point wear away adopt becom commonplacewhil pimax stuff may offer level support right pretti strong differ legal framework around support hardwar collect track data eye track data highli rich biometr data get one set retina thing like gdpr extend data type level regulatori complianc higher product good thing tobii htc requir develop creat privaci statement specif around eye track variou level hardwar data access pimax accessori driven invensun sranip sdk actual support invensun hardwar well partner well tobii tech one bake pro eyeconsum usecas eyetrack consumercont support hardwar arriv support legal framework data collect occur go huge import topic next year billion dollar question partial eyetrack enterpris applic primarili good prove ground hash technolog regulatoryprivaci measur work,26,"tiltbrush, technic, globe, effect, instrument, whichev, afternoon, overcom, mere, die"
37194.0,thank respons predict legal licens issu fulli agre privaci import howev look forward futur tech enhanc vr experi drastic like eye track varyfoc lens thingsbest regard,25,"projectif, redeem, implement, motherboard, suggest, mad, communityi, bumper, noob, router"
38360.0,sbikoshtcthank great tutori im run bit problem though ive follow step implement seem work one eye close close one eye track either one fine tri eye open doesnt work ive check stereo gaze data avail eye tracker connect true know happen look fix,16,"confin, flawlessli, abstract, use, mostli, randomli, dollar, indi, dash, myselfi"
38365.0,hour ago stefano saidsbikoshtcthank great tutori im run bit problem though ive follow step implement seem work one eye close close one eye track either one fine tri eye open doesnt work ive check stereo gaze data avail eye tracker connect true know happen look fix ithinocan share vr set use see issu happen everi combin settingsfov pattern preset foveat shade ratealso use latest version sranip sdk send log sbikosom look anyth help us reproduc issu eg step follow,16,"confin, flawlessli, abstract, use, mostli, randomli, dollar, indi, dash, myselfi"
41168.0,far best foveat render direct avail internet thank authorsbiko,33,"teamit, questionnair, gold, sweep, optic, ecosystem, unsupport, isi, skew, blink"
41254.0,hisbiko one quick question arebranch ue andu develop winwin machin tri branch build debug mention bit machin howev time fail build ps use visual studio commun edit,36,"infrar, packag, own, swap, motiv, vivecomcod, narr, intact, qatar, appear"
50309.0,support ue project built alreadi could benefit foveat render new vive pro eye thank much detail document,37,"critic, unlimit, ff, experi, grenad, matur, san, giant, objectunityenginedebuglogerrorobjectunityeditorandroidgradleinvokationexceptionparseandshowexceptionunityeditorandroidpostprocessorpostprocessrunnerrunalltaskspostprocessorcontextunityeditorandroidpostprocessandroidplayerpostprocessbuildtarget, conjunct"
51027.0,editedfebruari salma,22,"facial, pci, herei, tool, gamew, inflat, endless, measur, less, thisiv"
52704.0,aimir cg architectur visual compani base china deliv consist art qualiti render anim worldwid fast effici alway deliv time profession commun skill make us easi work end product noth short impress,24,"keep, publicincludepathsaddpathcombinemoduledirectori, unfair, touch, obvious, lowest, similarli, took, cumbersom, dusti"
52791.0,pm nikola saidaimir cgi architectur visual compani base china deliv consist art qualiti render anim worldwid fast effici alway deliv time profession commun skill make us easi work end product noth short impress,24,"keep, publicincludepathsaddpathcombinemoduledirectori, unfair, touch, obvious, lowest, similarli, took, cumbersom, dusti"
57899.0,question clarif clone instead minor error ue launch inpart launch ue alway follow step open sln thendebug start new instanceor way directli run ue like normal installationpart downloadedsranip extract zip file includespluginssranip copypast plugin folder new project differ directori unreal engin clone directori inedit plugin cannot see sranip plugincuserslocaladmindownloadsunitysdkvsdkvsdkunrealvivesranipalunrealpluginzippart see error dartboardh someon problem mean edit sranipalbuildc followspublicincludepathsaddrang new string pathgetfullpathpathcombinemoduledirectori sranipalpubl add public includ path requir tutori publicincludepathsaddpathcombinemoduledirectori publicey publicincludepathsaddpathcombinemoduledirectori publiclip privateincludepathsaddrang new string moduledirectorypriv moduledirectorypublicey moduledirectorypubliclip pathgetfullpathpathcombinemoduledirectori sranipaleyepubl pathgetfullpathpathcombinemoduledirectori sranipallippubl add privat includ path requir tutori privateincludepathsaddpathcombinemoduledirectori privateey privateincludepathsaddpathcombinemoduledirectori privatelip reopen project return error imag,12,"xrkhrwinconvertperformancecountertim, singl, neat, scare, pair, faith, wet, monday, gestur, neg"
58458.0,pm bipul mohanto saidi question clarif clone instead minor error ue launch inpart launch ue alway follow step open sln thendebug start new instanceor way directli run ue like normal installationpart downloadedsranip extract zip file includespluginssranip copypast plugin folder new project differ directori unreal engin clone directori inedit plugin cannot see sranip plugincuserslocaladmindownloadsunitysdkvsdkvsdkunrealvivesranipalunrealpluginzippart see error dartboardh someon problem mean edit sranipalbuildc followspublicincludepathsaddrang new string pathgetfullpathpathcombinemoduledirectori sranipalpubl add public includ path requir tutori publicincludepathsaddpathcombinemoduledirectori publicey publicincludepathsaddpathcombinemoduledirectori publiclip privateincludepathsaddrang new string moduledirectorypriv moduledirectorypublicey moduledirectorypubliclip pathgetfullpathpathcombinemoduledirectori sranipaleyepubl pathgetfullpathpathcombinemoduledirectori sranipallippubl add privat includ path requir tutori privateincludepathsaddpathcombinemoduledirectori privateey privateincludepathsaddpathcombinemoduledirectori privatelip reopen project return error imagei resolv previous post issu want delet post unabl could page administr pleas take action,3,"bother, hinder, cann, auto, wave, toggl, risk, fx, videoplay, atleast"
58706.0,hi mohantohow resolv issueswil solut help develop futur,20,"prototyp, serv, appnam, craft, directx, aud, obstruct, els, destroy, markerbas"
58734.0,chengnay guess ue version compat sranip sdk use tri howev ue doesnt show plugin recompil errorth main problem still unsolv variabl rate shade see static need add blueprint make variabl rate shade work tutori say,22,"facial, pci, herei, tool, gamew, inflat, endless, measur, less, thisiv"
32737.0,get readi discov better way develop integr vr experi htc vive eye track sdk led develop relat engin cori corvu free webinar showcas deep dive eye track use case youll also gain insight intofov render integrationvariabler shadingrecord eye animationsth webinar finish live qa clickhereto regist,16,"confin, flawlessli, abstract, use, mostli, randomli, dollar, indi, dash, myselfi"
46981.0,record session link watch,28,"februari, asu, rma, hisher, keep, form, saber, buildtargetgroup, leftright, amazingtechvr"
46982.0,ye session still host link origin post platform use allow replay still requir regist access content,29,"embed, pick, yeah, infrar, myst, pirat, sidequest, allow, box, becom"
47204.0,thank lotercept,1,"appnam, guysw, modei, equal, colleg, easiest, euro, artifact, pming, mission"
39003.0,develop import pillar viveport ecosystem help kickstart extra special boostthroughout viveport develop receiv payout januari st decemb stwe increas net revenu share develop receiv viveport receiv that right develop receiv revenu share titl optedin follow viveport program viveport store onetim purchas viveport arcad program viveport inapp purchas serviceand cours revenu share titl optedin viveport infin program remain splitw hope extra boost make way fresh bright new yearalreadi publish viveportth new revenu share automat appli titl current publish elig distribut program login develop consol select vr titl default program optin tab make sure titl opt least one elig viveport distribut programsnew viveportthre easi step start make vr titl sign viveport develop via develop consol default titl page select add new titl craft new store list see program optin step make sure opt least one elig viveport distribut program,3,"bother, hinder, cann, auto, wave, toggl, risk, fx, videoplay, atleast"
46264.0,friend join commun earlier becam develop realli like everyth hope interest,3,"bother, hinder, cann, auto, wave, toggl, risk, fx, videoplay, atleast"
37797.0,support member khrono openxr group htc announc openxr runtim preview vive cosmo runtim avail vive cosmo openxr develop preview develop interest test openxr applic vive cosmosopenxr enabl xr portabl across hardwar devic enabl develop focu content port devic htc submit khrono group pass conform test offici openxr adopt join grow list compani learn use openxr develop vr applic check theopenxr specificationapi referenceandquick refer guid inform see khronosopenxr pageinterest develop join vive openxr develop forum detail download openxr beta vive cosmo via vive consol htc vive develop relat team encourag develop support openxr standard beta runtim vive cosmo look forward support addit devic futur,7,"zwwaitforworkviaworkerfactoryxffdbbf, function, heavili, observ, sit, caus, angular, ftin, develop, load"
38081.0,need beta develop openxr vive focusfocu plu pleas contact us asap also work nvidia xr cloud sdk vive focu plu would interest develop openxr uniti instead uniti xr plugin current strategi razoredg,23,"annual, campaign, virtual, hunter, done, everi, sata, webvrwebxr, movement, develop"
38187.0,current strategi wavexr xr plugin uniti recommend one openxr support uniti,12,"xrkhrwinconvertperformancecountertim, singl, neat, scare, pair, faith, wet, monday, gestur, neg"
37341.0,virtual realiti wouldnt today without incred talent creativ developercommunityat htc vive alway workingto enabl developersto build content applic power experi across spectrum realityand eagerli listen feedbackwer excit share updat ourhand track sdkand give look what come nextnow earli accessth vivehand track sdki acrossplatform tool track hand posit gestur recognit use front camera thevivev cosmo vive pro vive focu plu vive focu finger track point avail forvivepro eye vive cosmo vive cosmo elit vive focu plu vive focusw made recent improv add confid hand result add pinch level reducejitterher releas notesfor vive hand track sdk earli accessupd deep learn model platform improv accuraci maintain latencyimprov hand depth calcul match seethrough better includ cosmo see srwork sdkspeedup detect window add support valv indexupd mesh hand modelupd autorig script support hand modelssupport defin custom gestur skeleton modeaddedmor sampl utilitiesth complet list found documentationincludedwith thedownloadaddit there ashortpresent onth vivehandtrack sdkfrom thevrto conferencein juneher month wellalsohav shareon blog thenew featur improv therec updatedwavesdk allinon headset vivefocu plu meanwhil youd like learn aboutdevelop us pleas go follow us twitterv,38,"programm, par, technolog, timei, disregard, van, csv, variant, wrote, pm"
36883.0,collabor team viveport develop consoley invit manag user collabor publish engag titlestheviveport develop consoleserv entri point develop showcas vr experi viveport platform grow continu provid develop enhanc tool featur make creat manag titl easierthi week introducingrolebas permiss new featur develop creat organ dd new user manag permiss within viveport develop consolethi new user manag featur make collabor seamless team member invit addit user manag permiss access edit publish titl within organizationwithin organ aresixpredefin rolesavail assignmentaccount owneradminreleas managerfin managermarket managercustom servic repeach role provid access predefin set featur across titl report set within organizationget startedto access featur firstcreat organ profilesect log develop consolealtern join preexist organ email invit sent anaccount owneroradminadd manag usersa anaccount owneroradminwithin organ grant access mani peopl need simpli invit user would like add theuser profil permissionspageonc userisad specifi type access inform user abl interact along admin reassign user role even remov user organizationfor detail pleas visit ourhowto guid faqsgrow titl team viveport develop consol,23,"annual, campaign, virtual, hunter, done, everi, sata, webvrwebxr, movement, develop"
34109.0,work remot onapril th pstlearn vr benefit team registerherey still view last tuesday gdc webinar herebuild tomorrow vive hand track sdkfor inform upcom session check theviv blogtuesday april pt lesson learn market vr gamestuesday april pt viveport develop consol what come tuesday may pt xr continuum merg vr ar developmenttuesday may pt what opportun enterpris,7,"zwwaitforworkviaworkerfactoryxffdbbf, function, heavili, observ, sit, caus, angular, ftin, develop, load"
34251.0,bump post remind everybodi live webinar happen tomorrow morn,39,"detail, lazi, sing, kranki, decad, vri, fpsvr, hii, afford, surprisingli"
34289.0,webinar start hour,14,"use, customerserviceortcom, mp, moreov, attack, delay, vagu, herethank, estor, develop"
34574.0,vibrantnebula saidthi webinar start hourhivibrantnebulayesterday tri vive sync good come handyi problem cant connect onedr test pictur object link folder sync see htc manual cloud tablet sectioncan help unlock trial operationthanksmichalntnebula,27,"onboard, televis, cart, draw, first, smoother, suppli, elig, ryzen, decid"
34632.0,hi vive sync teamit work onedr folder link window problem pop winbut anoth problem tri pdf jpg mp ppt work well synchron find format onedr objfbxthank helpmich,34,"ultim, heyi, soft, pdf, storefront, electr, relax, coax, forget, news"
36653.0,pm da saidhi vive sync teamit work onedr folder link window problem pop winbut anoth problem tri pdf jpg mp ppt work well synchron find format onedr objfbxthank helpmichali problem cannot get object insid either guess point actual work yet said wast hour tri make work,17,"street, propos, role, lp, seizur, overhead, charger, button, exist, care"
36654.0,vive teamar guy work solv problem object work obj fbx sync upload syncanyon abl make work obj fbxthank youtodd,28,"februari, asu, rma, hisher, keep, form, saber, buildtargetgroup, leftright, amazingtechvr"
34737.0,regist nowand first hear what chang improv soon viveport develop consol find leverag variou vr busi model avail learn new consol featur better integr organ explor what come ahead viveport develop consol what come tue apr pdtyou still catch last week gdc webinar herelesson learn market vr gamesfor inform upcom live webinar check theviv blogtuesday may pt xr continuum merg vr ar developmenttuesday may pt what opportun enterpris,0,"librari, webinar, orient, unlik, warp, daemon, beginn, energi, changelog, regardsprof"
33954.0,join live tomorrowapril th pst handson code webinar session part htc gdc live webinar seriesregist nowviv hand track sdkyou view last week gdc webinar herea step ahead curv use data trend build success vr experiencebelow schedul remaind sessionsfor inform sessioncheck vive blogtuesday april pt work remot vr use vive synctuesday april pt lesson learn market vr gamestuesday april pt viveport develop consol what come tuesday may pt xr continuum merg vr ar developmenttuesday may pt what opportun enterpris,36,"infrar, packag, own, swap, motiv, vivecomcod, narr, intact, qatar, appear"
33999.0,remind webinar begin minut post,29,"embed, pick, yeah, infrar, myst, pirat, sidequest, allow, box, becom"
28115.0,cori corvu dev qain develop blog seri sit mani vive colleagu work develop daili highlight way think help develop best take advantag opportun avail vive viveport month chat cori corvu san francisco officepleas introduc viveportmi name cori corvu im develop relat engin htc vive work content team help bring awesom vr titl viveport store usual im busi help develop technic assist improv sdk document give talk new product like eye track vive pro eyewhat attract vri got start mobil vr blown away first tri phone piec cardboard got tast vr could realli excit futur potenti shortli got dk vive pre work vr project ever sincewhat normal day offic younorm day includ support develop answer question vr develop sdk hardwar part content team also get help find play new titl bring viveporthow work develop bring optim content viveportit depend develop need gener im answer technic question via email forum provid design feedback share develop feedback intern teamsdo best practic share develop current work vr project think distribut anyth better prepar technic levely vr still young industri develop expect fast pace chang import think support multipl hmd store platform earlybest practic find way separ core appgam specif hmd store sdk exampl use wrapper function initi content differ hmd load plan architectur decis earli realli help make easi port platform add support new hardwareand develop start project keep mind plan scope futur developmentplan scope project futur develop tricki vrmani common design decis best practic work game may appli vr developmentthat said suggest would tri reinvent everi design choic vr may tempt creat fulli skeuomorph ui object everyth creat brandnew locomot system gamebut design decis creat lot work may improv user experi much dont afraid use normal float ui panel teleport locomot speak teleport locomot import rememb vr caus seriou motion sick larg number player alway includ comfort option minim artifici locomot want everyon abl actual play awesom gamewhat onehandi tip find often tell develop finish put last layer polish titleth import thing finish project spend time perform profil vr import hit consist frame rate drop frame spend time improv perform realli help qualiti experi also improv perform great lower minimum spec requir target mobil vr import effici improv batteri usagei know also heavili involv enabl develop integr eyetrack vive pro eye highlevel develop get start eyetrackingobvi get vive pro eye hmd help develop test eye track applic ambiti develop integr featur foveat render engin plugin provid besid hardwar requir instal eyetrack runtim necessari run applic support eye track foveat render plugin special requir current need nvidia ture gpu isnt necessari eyetrack use your interest eyetrack download sdk develop resourc site uniti plugin github asset store kind experi featur like eyetrack enableth import eye track featur vr app game use foveat renderingfov render improv perform reduc resolut user peripher vision super sampl increas resolut qualiti user lookingth technolog requir foveat render pretti advanc provid plugin uniti unreal make integr quick easi use case rang improv train analyt scroll menu text look edg uiwhat coolest thing youv seen use eyetrack talk aboutbesid foveat render pretti awesom featur favorit use case enabl aimassist experi throw shootingthrow object shoot gun bow popular mani vr game sinc peopl alway look target use eyetrack give realli nice aimassistfor exampl quivr special power enabl eye track arrow snap midair toward your look feel realli satisfyingwer gear immin releas vive cosmo quit excit viveport look forward releas cosmos use cosmo lot recent realli enjoy flip design screen qualityb abl flip hmd check monitor work conveni developersth screen resolut realli great improv clariti abl read text vralso abl setup use cosmo without base station great im give demo set new locationyouv help mani develop get readi vive cosmo releas make sure titl compat case develop expect compat outofthebox need adjustcosmo work openvr sdk steamvr runtim titl alreadi work steamvr go easi ad support cosmo main chang vive wand there joystick instead trackpad also button trigger bumper develop need think use extra input make user experi even intuitiveani resourc develop interest ensur compat vive cosmo check outcheck blog post forum get latest cosmo develop info penultim question excus use word studi sat forev ago one two favorit experi vr wellrec help launch westworld awaken develop survio impress qualiti charact animationbesid fun good control base show realli enjoy blown away lifelik qualiti npc gamey realli get close appreci fine detail face movementsand final could tell vr develop one thing would tell themvr develop challeng sinc still young industri small develop commun think import reach fellow develop share use knowledg youv learn dont give upthank take time chat cori connect cori corvu linkedinhereand want get start viveport head thedevelop consol next month well chat anoth member developerfac team,26,"tiltbrush, technic, globe, effect, instrument, whichev, afternoon, overcom, mere, die"
58154.0,hido know way run game chang game remot hosti find optionthank lot,27,"onboard, televis, cart, draw, first, smoother, suppli, elig, ryzen, decid"
55580.0,hello vr glass htc vive pro use steamvr use two pc window vr glass connect pc project see content vr glass pc pc edit data send back vr glass see smart easier method use want see like display view steamvr window pc edit pleas need help,32,"laser, offens, broken, shell, zone, wont, shorter, collid, board, thin"
55016.0,ensur shopifi store alway run best comprehens shopifi mainten support servic team expert take care everyth bug fix updat shopifi expert make sure client get uniqu custom brand custom receiv comprehens digit shop experienceshopifi ecommerc websit mainten program readi deal glitch bug superfast speed start new theme design custom featur assist shopifi app team design develop opal infotech assist throughout ecommerc onlin journey shopifi shopifi expert make sure client get uniqu custom brand custom receiv comprehens digit shop experienceshopifi store mainten,16,"confin, flawlessli, abstract, use, mostli, randomli, dollar, indi, dash, myselfi"
27059.0,blog key ingredi strategi rais awar yourvr product servic excel sourc lead great tool help audienc futur custom follow develop progressi blog year although consist alway categori even similar ballpark focus learn vr develop industri tick current stage journeymuch knowledg come read blog truli get gear spin talk other learnt industri still lot unknown import us share listen learn pivoti thinkhop vive blog great sourc inform help us grow knowledg innov vr industri critic thank team like vive awar work risenblog life chang market industri came across new develop blog segment surf vive forum morn well thought cool idea brand new place readi ramblingsif plan write blog consist everi day even everi day guarante see lot great great result help build credibl author specif commun categoryon mission learn vr develop launch strategi new vr fit viro move learn way stand crowd shout louder looooonger make great blog enabl stimul thought emot readerher thing need know firstim highli train vr developeri work realli amaz vr wizard sadli dont alway much time energi preciou blog write love equal passion guy besid write code develop gamesth truth part develop process everi time make suggest test new level retrospect develop special wayyou might chief develop might even chief anyth mayb uniqu perspect team build passion share mayb peopl benefit read expertis experiencedevelop team gain understand world vr everi day vr support market launch team learn everi minut share learn critic end goal ie help defin team expert promot gameproduct passion craft masterpieceperson write everi time someth new open eye wonder potenti vr fit around write rambl amaz excit futur vr fit industri generalim realli good write point alreadi awar im hemingwaywrit take year practic like valuabl skill dont worri new plenti success blog issu punctuat grammarjust rememb write better becom timei use fear criticsbefor internet phenomenon critic live bridg hid around corner complet infest interweb brand new curtain confid front usernam troll everywher readi knock random peopl team idea littl like opportun seen momentrec post launch trailer youtub intellectu gentleman rode along high hors within minut thought express opinion statement mehgenuin gamer develop spot troll mile away chanc wont react commun usual youher real beauti vr game commun push direct benefit mass adopt clear natur protect tri drive technolog forwardto industri one support passion ever work kudo guysmi top tip wari promot social channel reddit although commun larg number contrari troll also tend set camp particular speci write anyth spark debat argument commun usual gather around fight creaturesfrom experi might love build challeng challeng progress huge part help make product even perfectwhi love write gamewhi key knowledgeif realli want learn make special tri everi time play write experienc continu trial start spot issu new idea may miss write talk think itsometim take step back take deep look relat origin want write progress give fresh outlook progress futur build also help test idea commun check still right tracki almost vr fit expertther mani us us mean spend day dream futur vr fit game industri fair bar set high grow im grow vr fit movement grow critic evolut commun industri whole happi play small parti confid know enough industri technolog help littl indieteam grow becom vr fit industri leader mayb help other along waya key element write vr develop blogb consistentimagin blog candl ultim lead commun product write lightsearch engin love blogsdont forget learn basic serp keyword strategi help support search engin awar toob consistenty said critic begin keep momentum forc make time write least week tri write time week although hand deck charg toward releas sometim realli difficult make time trust make time pay offplan post advancetri keep backup extra post justincas someth import crop take mind write alway doeskeep list blog topicsask team commun even friend rel build list blog topic might interest commun futur customerdont write readreddit twitter quora excel way find commun interest hear keep inform date commun movingblock distractionsomg reddit hate love best limit social surf focu what import tri avoid distract wonder reddit comedi trollsbuild websit blog spotit super easi super cheap creat wordpress blog site know futur might even becom industri influencertak advantag industri blogsget involv commun allow promot thought idea exampl get involv htc vive blog team help help push industri forwardtri write thing use inform readersi love write vr fit game experi sometim guilti rambl cool featur excit might set world firemost reader read thought find use inform insight tri focu need hear rather want shout aboutdont dont dont tri make revenu googl pop adsseri dont annoy reader wont make money unless hundr thousand readershav fun passion missionmi mission grow awar vr fit game sell game great id realli happi help vr cross fit industri wow team help chang world least littl worldi hope help get develop blog section start disclaim dont work htc way shape form work fit realiti creator ofviromoveandvirofitand hope chang world fit vr fit game solut,17,"street, propos, role, lp, seizur, overhead, charger, button, exist, care"
27060.0,appreci post thank share itthi definit help other,1,"appnam, guysw, modei, equal, colleg, easiest, euro, artifact, pming, mission"
54795.0,dynam world virtual realiti vr develop maintain blog option strateg advantag your vr develop craft blog power tool showcas creativ engag audienc stay forefront everevolv vr landscap vive port blog offer uniqu platform amplifi effort connect vr enthusiast potenti collaboratorsher isa glimps approach benefit embrac endeavor,11,"themself, dialog, hunt, donat, demonstr, potenti, densiti, checkbox, mon, circl"
53958.0,hi everyonerath happi new htc xr elit wonder possibl creat pc ar uniti openxr look like support uniti ar foundat anyon experi uniti xr elit even possibl howthank ppl,3,"bother, hinder, cann, auto, wave, toggl, risk, fx, videoplay, atleast"
52364.0,uniti tutori vive wave sdk discuss implement spatial map mesh vive xr elit use depth sensor tri run scenemeshanchor sampl scene mesh didnt work,11,"themself, dialog, hunt, donat, demonstr, potenti, densiti, checkbox, mon, circl"
53727.0,also work project requir featur struggl search internet still abl find solut yet,26,"tiltbrush, technic, globe, effect, instrument, whichev, afternoon, overcom, mere, die"
53750.0,vitwth use depth sensor requir beta sdk thatph lincan help provid also need latest version headset romalex,26,"tiltbrush, technic, globe, effect, instrument, whichev, afternoon, overcom, mere, die"
53788.0,htcthank repli alreadi sent email request sign beta program last wednedsay still wait confirm,37,"critic, unlimit, ff, experi, grenad, matur, san, giant, objectunityenginedebuglogerrorobjectunityeditorandroidgradleinvokationexceptionparseandshowexceptionunityeditorandroidpostprocessorpostprocessrunnerrunalltaskspostprocessorcontextunityeditorandroidpostprocessandroidplayerpostprocessbuildtarget, conjunct"
50840.0,greet need port app work oculu quest develop uniti oculu xr plugini creat empti uniti project tri build simpl app vive focu urp instal xr plugin manag wave xr wave xr essenc viu use anyth understood need portingad empti scene waverig wavexr plugin said get start offici documentationand tri build app focu step get start docbuild success work launch black screen second crash main menualso tri use direct preview launch editor scene watch focu via usb direct preview app behav app build second crash desktopi went android studio debug apk focu saw fatal error cant understand happeninglog found herelogpleas help solv problem,26,"tiltbrush, technic, globe, effect, instrument, whichev, afternoon, overcom, mere, die"
50843.0,hiuxath pastebin mark forbidden hard tell tri work project exampl youll need git lf instal make sure work,24,"keep, publicincludepathsaddpathcombinemoduledirectori, unfair, touch, obvious, lowest, similarli, took, cumbersom, dusti"
50845.0,hour ago alexhtc saidhiuxath pastebin mark forbidden hard tell tri work project exampl youll need git lf instal make sure work pastebinalso recent found latest wavevr patch work focu test previou sdk version,24,"keep, publicincludepathsaddpathcombinemoduledirectori, unfair, touch, obvious, lowest, similarli, took, cumbersom, dusti"
50846.0,yeap problem sdk version work,2,"nosourceunityenginedebugloghandlerinternalloglogtyp, righti, assist, bethesda, joint, talent, four, silli, gbp, inbox"
51366.0,alexhtc saidhiuxath pastebin mark forbidden hard tell tri work project exampl youll need git lf instal make sure work helpeditedfebruari nonacannon,21,"definit, thingsi, approach, weekli, smoothli, highspe, account, pod, speech, careregard"
51051.0,hi want get start build virtual world start,36,"infrar, packag, own, swap, motiv, vivecomcod, narr, intact, qatar, appear"
50343.0,hello togetherw would like modern vr lab specif would like continu use htc vive pro eye expand play area meter moreov would like connect vive pro via vive wireless adapt instead cablesin regard follow question correct assum instead two lighthous rather use four lighthous better scan play area alreadi frequent track problem exist meter play surfac ye make sens possibl connect four lighthous via sync cabl often sever subject measur row reason inconveni batteri vive wireless adapt alreadi empti hour therefor question would possibl buy sever vive wireless adapt simpli exchang hour runtim difficult constantli replac wireless adaptersi would happi answer question,32,"laser, offens, broken, shell, zone, wont, shorter, collid, board, thin"
50356.0,shouldnt give track issu two base station alreadi definit give better coverag instanc area four player two base station steamvr work fine steamvr got improv coverag player get close got reflect surfac nearbyy wont need synch cabl base station modul differ frequenc allow devic differenti station sweep come fromyou wouldnt swap wireless adapt caus youd unteth unmount first youd simpli swap power bank that connect usb one import aspect though wireless adapt notori unstabl ghz limit rang need care antenna placement work best signal come top wont run signal occlus howev cabl connect antenna pci card pretti short typic lead mount comput wall ceil truss furthermor power connect adapt power bank classic usba cabl never develop use move system thu littl movement happen either socket frequent lead micro disconnect player white brief connect hmd come back second pretti often cut complet replug reiniti,37,"critic, unlimit, ff, experi, grenad, matur, san, giant, objectunityenginedebuglogerrorobjectunityeditorandroidgradleinvokationexceptionparseandshowexceptionunityeditorandroidpostprocessorpostprocessrunnerrunalltaskspostprocessorcontextunityeditorandroidpostprocessandroidplayerpostprocessbuildtarget, conjunct"
49852.0,tri reach viveportcom pc return dark empti page anyon know,19,"today, strateg, blutooth, steve, reset, reput, wolvic, stock, asu, differ"
49717.0,open websit sometim main page blank fix someon help alsocheck,18,"meantim, hero, via, screenheight, vb, brief, lighthous, saiddo, degrad, lifespan"
49851.0,dont know,27,"onboard, televis, cart, draw, first, smoother, suppli, elig, ryzen, decid"
49614.0,hello thank advanc spent mani hour tri understand vive develop websit develop uniti pro eye confus seem lot junk that collect past year thing evolv chang hope improvedcan someon pleas provid list softwar sdk plugin etc need time instal instal need steamvr viveport would like experi eye trackingthank,21,"definit, thingsi, approach, weekli, smoothli, highspe, account, pod, speech, careregard"
48638.0,hi alli vive headset faejj build smi sensomotor instrument eye track technolog abl use eye track featur open smibox applic make sure work smi experi center collect eye track data given test imagesvideo want use eye track preexist steamvr vive game possibl go activatingcollect eye track data steamvr vive applicationsthank,32,"laser, offens, broken, shell, zone, wont, shorter, collid, board, thin"
47226.0,hii unabl instal vive busi stream work pc alway get messag steamvr found although instal steamvr start tri recommend troubleshoot reinstal steam steamvr start also verifi integr tool file recommendedth system requir met gpu driver datedo anyon els issu,24,"keep, publicincludepathsaddpathcombinemoduledirectori, unfair, touch, obvious, lowest, similarli, took, cumbersom, dusti"
47233.0,fix seem fals permiss vive busi stream find steamvr instal need instal admin,21,"definit, thingsi, approach, weekli, smoothli, highspe, account, pod, speech, careregard"
46642.0,comparison easyship stamp softwar featur,28,"februari, asu, rma, hisher, keep, form, saber, buildtargetgroup, leftright, amazingtechvr"
46643.0,your like enjoy receiv packag mail alway excit see what insid especi someth youv wait ever wonder packag get mailbox blog post well compar two differ method ship easyship stamp well discuss pro con decid best stay tunedwhat meant easyshipeasyship term use refer act transport good eas mean one stress get product deliveredth purpos easyship mainli aim improv deliveri servic onlin retail ecommerc consum aim accomplish provid user three import featur ship cost estim estim arriv time calcul fast ship quotesus ship cost estim provid easyship quit simpl need key inform origin destin item descript sizeweight quantiti etc also option calcul ship cost bulk goodsonc everyth enter easyship comput estim ship cost display estim ship cost columnth estim arriv time calcul provid easyship also quit simpl use need key desir deliveri date locat type shipment exampl want find packag deliv friday need key inform easyship websit mobil appwhat stampth stamp protocol softwar creat redeem trade custom brand digit token blockchainit first creat smartcontract infrastructur compani quantstamp technolog inc launch programm currenc qsp top stamp goal simplifi digit asset creation open new possibl exist token token project previous complex expensiveth stamp protocol enabl develop build userfriendli decentr applic dapp use javascript thu creat whole ecosystem userfac product around censorshipresist asset trust exchang high speed low costa product servic digit brought onto blockchain provid valu util simpl currencyth first product built top protocol tool verifi authent call quantstamp initi creat provid autom softwar verif servic ethereum network smart contractswhat differ easyship stampeasyship stampio allow custom print ship label dymo label writer printer howev two platform sever import differ read easyship offer amazon fulfil servic fba wherea stamp fba amazon warehous servic store product fulfil order sent amazon custom your sell amazon mean dont need process packag shipment easyship api allow user login via thirdparti applic salesforc desk zendesk etc use oauth wherea stamp api easyship support carrier print ship label wherea stamp current support usp easyship allow creat logo use label wherea stamp easyship offer automat import shipment amazon seller central ecommerc platform provid shipment data wherea stamp mean easyship replac thirdparti applic mention api autom everyth includ print ship label imposs use stamp alon easyship enabl faster order process due autom featur wherea stamp requir manual entri track number marketplac like ebay amazon easyship much extens platform autom wherea stampio design manual order process api oauth integr easyship offer usp first class prioriti mail up ground ship rate wherea stamp noteasyship automat retriev latest carrier rate base custom locat wherea need updat account carrier rate inform stampio manual easyship builtin carrier rate updat support carrier print label wherea stamp requir rd parti servic like endicia dymo stamp offer usp easyship deliv free charg updat whenev new rate ad platform subscrib newslett follow us twitter wherea stampio requir manual updat user whenev new rate releas easyship allow print multicarri ship label wherea stamp requir rd parti softwar featur easyship offer order discount base number item order vs individu item cost stampio two featur cannot coexist within one arbitrari price rang due uspss price guidelinesconclusionif compareeasyship vs stampcomeasyship best choic look simplifi ship process costeffici servic help save time money intern shipment plu allow track packag wherev world contact team today inform easyship help grow busi,24,"keep, publicincludepathsaddpathcombinemoduledirectori, unfair, touch, obvious, lowest, similarli, took, cumbersom, dusti"
46056.0,want use htc vive tracker track move object non vr applic unityd base applic pleas help feasibl use htc vive tracker non vr applic,32,"laser, offens, broken, shell, zone, wont, shorter, collid, board, thin"
42576.0,hi everyonei one question vive trackercurr would like detect postur user run wear hmdi would like use vive tracker detect user movement sinc htc vive proey heavi user tri use oculu quest vive focu plusi way use oculu quest vive tracker time cant seem use vive tracker xr interact toolkitalso possibl use vive focu plu vive tracker time id like avoid use run vr content long period time wear vive proey,17,"street, propos, role, lp, seizur, overhead, charger, button, exist, care"
42615.0,ralabvrquest tracker offici unsupport hack job use someth call openvrspacecalibratorthi suitabl product realworld use steamvr updat frequent break tool singleperson open sourc projectquest focu could theoret use viveport stream initi steamvr session tri use openvrspacecalibr like go super janki extra unstablei probabl wouldnt recommend tri could invest huge amount time tri get work get work break updat reboot,26,"tiltbrush, technic, globe, effect, instrument, whichev, afternoon, overcom, mere, die"
30452.0,htc vive present london vive develop jam partner goldsmith univers london depart comput admix compani behind develop commun site vrar pioneer event take place januari allow develop experi creat industri next xr innovationsentr event work profession entrepreneur academ student info registr faq pleas go place goldsmith st jame hatcham particip challeng redefin peopl interpret interact virtual realiti use latest vive hardwar includ forwardthink sdk like eye hand lip track develop creat anyth game art experi enterpris solutionsth bumper weekend run friday sunday first night offer exclus workshop access mentor includ experienc develop artist design compani uniti fundamentalvr tg litho nbc univers north breez entertain team form full weekend hack winner announc sunday even corsair join event offici pc hardwar partner provid equip prize winner partner confirm soonbring togeth mixtur softwar develop design research specialist creat newest xr prototyp vive develop jam one latest develop focus initi vive mark year sinc first develop jam london htc vive continu innov hardwar pro eye latest sdk look forward see develop commun continu push state art xr dave hayn director develop ecosystem vive emea,28,"februari, asu, rma, hisher, keep, form, saber, buildtargetgroup, leftright, amazingtechvr"
35151.0,hello ther ccan still contribut jam regardless also want test someth like lip tracker startsbikoshtc,38,"programm, par, technolog, timei, disregard, van, csv, variant, wrote, pm"
35170.0,hien develop jam held london januari longer contribut,28,"februari, asu, rma, hisher, keep, form, saber, buildtargetgroup, leftright, amazingtechvr"
34924.0,join live tomorrow what opportun enterpris latest trend enterpris vr best posit success learn vive studio partner develop grow enterpris space togetherth webinar finish live qa regist join record distribut registr couldnt attendpres ami peck sr director enterpris contentregist,7,"zwwaitforworkviaworkerfactoryxffdbbf, function, heavili, observ, sit, caus, angular, ftin, develop, load"
34938.0,webinar begin minut,29,"embed, pick, yeah, infrar, myst, pirat, sidequest, allow, box, becom"
34374.0,curiou stand vr app store whether your market first vr titl season develop multipl titl belt session expand timetest do dont market vr experi way improv app convers rate join us ontuesday april st psta pass along lesson learn develop market team whilst build viveport ecosystem registerherey still catch last week gdc webinar herework remot vr use vivesyncfor inform upcom live webinar check theviv blogtuesday april pt viveport develop consol what come tuesday may pt xr continuum merg vr ar developmenttuesday may pt what opportun enterpris,19,"today, strateg, blutooth, steve, reset, reput, wolvic, stock, asu, differ"
34512.0,here remind webinar begin hour bump,39,"detail, lazi, sing, kranki, decad, vri, fpsvr, hii, afford, surprisingli"
33521.0,hello developersw hope youll join us nexttuesday ptfor first htc vive gdc live webinar sessionsa step ahead curv use data trend build success vr experiencestartingmarch stthrough may th host live webinar follow qa period everi tuesday pt registr open schedul session individu registr link found belowtuesday march pt step ahead curv use data trend build success vr experiencefor inform sessioncheck vive blogtuesday april pt build tomorrow vive hand track sdktuesday april pt work remot vr use vive synctuesday april pt lesson learn market vr gamestuesday april pt viveport develop consol what come tuesday may pt xr continuum merg vr ar developmenttuesday may pt what opportun enterpris,36,"infrar, packag, own, swap, motiv, vivecomcod, narr, intact, qatar, appear"
33685.0,registr remind first gdc webinar happen tomorrow morn tuesday th pst step ahead curv use data trend build success vr experi,16,"confin, flawlessli, abstract, use, mostli, randomli, dollar, indi, dash, myselfi"
33320.0,regist htc vive ecosystem confer held entir vr march th pm pst hear speaker around world interact use avatar global audienc industri first eventclick regist,2,"nosourceunityenginedebugloghandlerinternalloglogtyp, righti, assist, bethesda, joint, talent, four, silli, gbp, inbox"
33363.0,remind vive ecosystem confer day away click regist attend free,14,"use, customerserviceortcom, mp, moreov, attack, delay, vagu, herethank, estor, develop"
33388.0,registr close,6,"secondli, therew, favourit, phenomena, strike, vbc, rf, virtuallink, occas, msg"
33392.0,drspreregistr close still attend log engag followingthes instructionsth event begin gmt march th timezon list think timer engag websit incorrect,25,"projectif, redeem, implement, motherboard, suggest, mad, communityi, bumper, noob, router"
33393.0,excel thank,27,"onboard, televis, cart, draw, first, smoother, suppli, elig, ryzen, decid"
30260.0,viveport launcheswav develop awardsglob vr develop elig win prize worth totalvalu ofcni milliondecemb beij viveporttm global vr store subscript servic announc launch first wave develop award wda global develop submit standalon vr app video game viveport wda offici websit march viveport aim encourag support outstand worldwid vr developersstudio creat qualiti standalon vr titl total valu cni million cash prizesth first wda set two group three degre freedom dof six degre freedom dof award total categori includ best dof dof best applic dof dof best visual dof best gameplay dof best video dof special award rise star studentsmoreov increas titl reach longev wda award entri publish viveport automat includ viveport infin content librari qualiti titl introduc new pool consum activ curiou new content viveport infin world first unlimit vr subscript servic launch april year servic give subscrib unrestrict access hundr vr app game video allow discov favorit titlesth vive wave platform open platform toolset enabl viveport cover wide rang standalon vr devic allow develop distribut standalon titl htc vive iqiyi qiyu vr pico dpvr skyworth vr idealen shadow vr china standalon vr market share come devic preinstal viveport dof devic therefor viveport develop offer access effici avenu major china standalon vr devic user addit dof devic expand asianpacif region continu expand global market accord vrar market report releas idc vr market china enter stage rapid growth launch network global shipment standalon vr devic expect reach million unit time china market share global vr industrywith viveport promin standalon vr market cni million prize also demand dof dof titl next year expect continu grow best time becom viveport develop alvin wang graylin china region presid htc said rampup continu standalon vr experi quickli benefit integr believ develop invest standalon today reap benefit standalon market explodesmor opportun vr develop come erastandalon vr experi exponenti growth come era vr common pain point address gs featur high bandwidth low latenc htc pois ensu era present htc partner host global oper includ domest oper aim promot applic gvr leverag brandnew market brought oper layout bring standalon hybrid mobil vr devic consumersth standalon vr industri usher period huge growth era golden opportun develop wda held htc way enrich viveport standalon vr ecosystem also stage develop show capabl believ along boom vr industri wda grow one remark event standalon vr ecosystemfor detail appli wda pleas log viveportviveport global vr platform subscript servic store offer user engag experi countri develop brand agnost platform nearli app game viveport deliv content rang virtual realiti headset includ pc standalon mobil devic viveport infin launch world first unlimit hardwar agnost vr subscript servic give vr owner way discov hundr divers entertain offer viveport pleas visit vive wavev wave offer open interfac enabl interoper numer allinon vr headset accessori support mainstream engin allow player differ vr devic easi access extraordinari contentv wave vr sdk work seamlessli viveport support vive focu multipl vr devic simplifi crossplatform support maxim consum reach creat endless possibl revenu vive wave pleas visit,0,"librari, webinar, orient, unlik, warp, daemon, beginn, energi, changelog, regardsprof"
27448.0,new develop blog seri interview mani vive colleagu work develop daili highlight way think help develop best util opportun avail vive viveport first kri severson san francisco officethoma hi kri even though alreadi know tell us bit role respons vivekri sure im director global content partnership mean work develop commun worldwid bring best content possibl viveport includ everyth premium game compel narr storytel cool thing never thought youd experi vrthoma end viveport world virtual realitykri start game work soni playstat back littl startup got real birdsey view industri work everi major pc consol publisherdevelop ps launch join team rockstar game right around time releas grand theft auto headi experi work hardwar platform compani move side publish gave lot insight pain point side busi one reason love work htc help evangel amaz new hardwar technolog collabor content creator whole new mediumthoma must talk lot developerskri talk lot folk passion rid world zombiesthoma question get developerskri ha right get cosmo get pro eye realli amaz see everyon passion hardwar innov happen xr world great work compani alway forefront fun see develop get realli inspir possibl thing like eye track volumetr video captur creativ world fire right consum big winner thatthoma see lot creativ publish onto viveport develop consid viveport publish us grow rapidli dont user size yet steam oculu storekri one answer thatw best market campaign busi work develop individu basi figur best market opportun tailor particular content collabor crazi uniqu idea may go extra mile paint storefront red superhot launch creat pretti stellar mr video game like angri bird vr takelingsviveport broader demograph tradit gamer audienc steam chanc larger varieti content get visibl consum great blend game app passion promot kind vr content genr hardwar support content vive headset also oculu window mix realiti add mobil storefront wave devic see establish viveport destin storefront everyonew also locationbas busi viveport arcad launch content viveport simpl click button also launch arcad oper worldwid increas reach instantli lbe world provid whole revenu stream content much easier tri negoti commerci licens individu operatorslastli viveport store subscript servic set us apart everyon els vr worldthoma subscript pretti big deal us new develop subscript servic brieflykri viveport infin subscript program user pay flat monthli fee unlimit access titl opt servic weve got impress collect titl grow everi daythoma develop optin viveport infinitykri alway tell develop multipl way use subscript servic advantag one great way launch titl get increas buzz commun realli focu amplifi new content come infin get maximum exposur consum right gate multiplay game amaz vehicl user acquisit signific amount traffic happen infin greatli increas overal user base crossplatform playsubscript also great content mainstream consum get tri mani game app want will experi unknown titl titl benefit come infin ad anoth market cadenc content rev sale cycl weve seen titl make much ongo infin revenu paid download section storesa lot depend price point sticki content replayabilityw work develop figur best strategi everi piec content isnt optimum launch infin still welcom paid download section store bottomlin want winwin situat everyonew want develop make money go creat great content linethoma perspect challeng vr develop face todaykri come consol game world im use million instal unit across mass market consum right need headset head need collect evangel technolog get word vr phone strap head play video part make htc great best hardwar experi dedic partner develop commun bring best content consum know hard develop keep light right invest partner long haulthoma speak invest convers often develop often includ word fund outlin fund opportun come htc your directli part ofkri mention regard keep light ye activ fund highli curat select content pc wave devic want best content viveport custom particularli infin subscrib viveport oper sens firstparti publish firstparti budget function thirdparti supplement fund sourc develop also vive studio program develop applythoma tip develop approach htc compani fundingkri fulli fleshedout propos come differ level potenti fund option open dialog discuss variou way partner togeth keep mind support come differ form well hardwar seed market opportun signific inkind valuethoma hope see vr develop focu futurekri also head htc vr impact initi alway love see project real social impact earlier year launch tree gener donat rainforest allianc support reforest around world love goodthoma last question could tell vr develop one thing whatev may would saykri littl crazi instanc would thought shoot fruit supermarket would much fun ieshooti fruiti littl simpl beat saber surpris everyonesometim easytolearn hardtomast idea whole lot optimist get start know mani mindblow vr experi yet comethank kri take time develop develop thank reach connect kri severson linkedinhereand want get start viveport head thedevelop consol next month sit jennif bullion develop market manag viveport hear see success strategi reach vr custom market opportun avail develop,26,"tiltbrush, technic, globe, effect, instrument, whichev, afternoon, overcom, mere, die"
27447.0,develop blog seri sit mani vive colleagu work develop daili highlight way think help develop best take advantag opportun avail vive viveport month chat thoma gratz san francisco officepleas introduc viveportmi name thoma gratz im senior manag htc lead develop market viveport htc content distribut platform storefront virtual realiti describ role alway split develop market two side first tri reach mani vr develop possibl bring titl onto viveport work hard earn develop trust particip program like infin viveport arcad second aim provid best market support vr industri help titl get discov vr user line promot amplif announc releas sustain launchand youv viveport practic longer anyon els san francisco offic rightthat true bit crazi think put way im celebr year anniversari viveport month join essenti rikard steiber presid vp vp market hire two week earlier quickli brought board need launch viveport global month first market hire viveport quit experi watch team product evolv sincewhat made want join viveport teami microsoft prior join htc microsoft first experi xr use hololen got take devic home weekend test prior develop kit releas soon handson time knew want work emerg industri first experi vive buddi mine gave demo theblu went go work vr startup downtown bellevu experi microsoft also push toward creator commun empow other role viveport team check box opportun get ground floor brandnew busi unit htc vive releas develop start dig vr content creationwhat typic day offic look like youit chang time hard predict even year came back trip europ film differ develop tell stori vr develop team viveport develop stori program produc minut video asset use market develop viveport goal inspir creator provid interest insight recogn grow commun vr develop across world differ cultur background motiv one favorit part jobin normal day im speak lot develop coordin releas date collect asset need market etc im work custom market team storeprogram newslett placement make sure highlight great titl talent develop work content team everyth need talk develop decid develop event choos sponsor decid messag logist outreach event particip inand quiet moment often work strategi team sit greenlight committe viveport fund opportun share input viveport leadership team direct take goal havehow work develop promot contentmost time develop refer develop market team content oper content acquisit team either submit titl viveport develop consol expect releas week convers come platform introduct usual call upon look titl evalu much market support may abl provid depend titl distribut plan releas date call email back forth usual plan place gener time side need execut effect outlin opportun promot across viveport channel provid list need develop time inform asset receiv need turn around fast possibl prepar intern team executepost releas remain contact develop platform let know futur promot opportun think titl well suit cours develop also reach directli latest updat plan best supportther shortag titl viveport good work content team check last month blog kri severson director content partnership develop priorit make job easierha didnt use way launch viveport roughli vr titl servic grown much sinc titl includ high qualiti game app across territori viveport support correct cant support everyon way use thing develop priorit get attentionfirst foremost develop consist lock releas date hold rare unicorn experi lot market must plan prior build get submit final develop deliv initi plan work toward easili priorit date slip bandwidth inventori chang could mean market scope campaign impact import qualiti market asset cant overst qualiti asset art uniqu convey immedi vr experi like catch eye easi digest glanc often user first impress titl bad asset ruin good game chanc discov titl distribut avail territori make live lot easier plan univers messag across channel without worri custom access compat across headset viveport support also help push audienc vr devic vivefin titl optin viveport infin alway priorit noninfin titl viveport custom today come viveport subscrib want highlight titl relev infin key differenti content platform titl optin subscript servic guarante increas market supportfor develop consid submit viveport best way get connect work market teama mention develop get contact market content acquisit content oper team cours im alway happi hear develop come consid come viveport shoot messag overlinkedin also found decent number industri event im kind short youll need keep good look outw sever program optin busi model develop particip like viveport infin viveport arcad particip chang go market titledefinit viveport infin use dedic market channel weve seen infin give second life titl get rediscov may miss titl first came infin member arent worri titl brand new year old long enjoy experi engag audienc look discov sampl new titl everi month said priorit titl infin catalog market opportunitiesfor viveport arcad posit market titl oper choos featur best titl fit venu focu custombuilt arcad titl thought flow user easier quick tutori highactionfun minut session length replay fun watch social elementon program work togeth viveport develop award vda develop dont know itth viveport develop award annual program recogn reward best develop viveport platform winner finalist earn prize money vive hardwar trophi ticket gdc viveport develop stori video one coolest thing get work onwhi viveport develop awardsw know ask lot develop build vr platform emerg market could spend effort tradit mobil game platform much larger audienc take risk us us want encourag develop build categori dont often translat highest sale show greatest potenti vr one lead platform respons give back commun develop recognit vda realli highlight amaz thing develop also legitim workdo favorit experi work develop farperson great experi earlier year gdc sponsor realli late show somehow came togeth end take excel team pull someth scale im fortun work talent folk first ever develop day differ speak session develop run backtoback also featur invit develop intern team vr play area expo highest number featur develop ive ever event ive ran came togeth great platform connect exist develop viveport meet new develop vr viveport curiou kick gdc one best develop mixer vr open bar invit viveport develop award winner wider develop commun honestli blast love connect everyon drink two delici foodand final could tell vr develop one thing would tell themright great time develop vr still earli day import thing develop focus studio build intern skillset vr iter skillset project slowli increas scope project time time build brand around studio titl new brandsip difficult establish matur market great opportun accomplish studio creat reput qualiti focu vr today ride incom wave mass vr adopt highest point futurethank take time chat thoma thank develop read connect thoma gratz atlinkedinher want get start viveport head thedevelop consol next month well chat anoth member developerfac team,26,"tiltbrush, technic, globe, effect, instrument, whichev, afternoon, overcom, mere, die"
27097.0,cori htc vive conduct free workshop eye track develop use htc vive sranip sdk topic includ eye track foveat render variabler shade use eye track avatar anim interest use eye track foveat render vr content come learn network ask question tri demo workshop free open public need siggraph badg attendrsvp free ticketherethi workshop partnership la uniti meetup xrla meetup two bit circu there go strong passion commun xr develop attend itll great opportun connect networkloc two bit circu mateo st lo angel californiad tuesdaytim pm pmhope see check back develop blog workshop date futur global develop relat team,26,"tiltbrush, technic, globe, effect, instrument, whichev, afternoon, overcom, mere, die"
59325.0,develop mr prototyp passthrough real environ captur front camera show bigger scale becasu wave sdk need setup someth camera realli want passthrough show origin scale real world world apper larger like wear magnifi glass,0,"librari, webinar, orient, unlik, warp, daemon, beginn, energi, changelog, regardsprof"
59200.0,im get start need help get ive creat simpl vr space unreal export stand alon exe what involv get vive xr elit doesnt need support comput anyth im total jump without prior knowledg im green,1,"appnam, guysw, modei, equal, colleg, easiest, euro, artifact, pming, mission"
59201.0,hivannessnot exe need build apkand instal use bat file gener unreal engin,38,"programm, par, technolog, timei, disregard, van, csv, variant, wrote, pm"
58862.0,im develop uniti htc vive pro suddenlli last updat steam vr alreadi contact point direct first enter play mode hand start jump around similar base station press menu control stop jump collid detect hand wont work anymor everyt date shake hand press menu button stop ceas collid notic chang mask collid hand noth stop jitter obvious collid got mess project depend thoseim also send video unexpect behaviour collid video show control right spot teleport imag tutori hand get close collid move errat interact object grab grab loos collid appar know anoth object trigger sound hand collid one work grab object scene advic appreci thank,26,"tiltbrush, technic, globe, effect, instrument, whichev, afternoon, overcom, mere, die"
58863.0,hiav tri restart steamvri experi upgrad steamvr method onlin tri downgrad steamvr older versiondid post steamvr forum,33,"teamit, questionnair, gold, sweep, optic, ecosystem, unsupport, isi, skew, blink"
58887.0,hichengnaythank repli firt move contact staem vr support mani messag gotthank addit context issuepleas note there option go back previou versionalso continu well need steamvr system report start make sure vr devic connect host comput power sourc possibl make sure control power pair sorri your issu hardwareit seem like your use non index vr devic provid limit supportw recommend contact htc support follow link best assist casei restart steam vr mani time even got reinstal noth thank,25,"projectif, redeem, implement, motherboard, suggest, mad, communityi, bumper, noob, router"
58897.0,kb saidi restart steam vr mani time even got reinstal nothingi issu exist vr content includ steamvr home,17,"street, propos, role, lp, seizur, overhead, charger, button, exist, care"
58956.0,pm vivechengnay saidi issu exist vr content includ steamvr homehi sorri late repli happen insid uniti play mode,4,"manag, janki, theatr, stage, task, margin, hid, consolev, stolen, conclus"
58974.0,hiould tri creat sampl project see issu still existsif ye could share sampl project investigationthank,17,"street, propos, role, lp, seizur, overhead, charger, button, exist, care"
58991.0,hour ago vivechengnay saidhiould tri creat sampl project see issu still existsif ye could share sampl project investigationthankshichengnayi happen new projectsometh chang mine updat tri delet import player prefab work notic straight away someth wrong enter playmod teleprt tutori control place imag link thank,17,"street, propos, role, lp, seizur, overhead, charger, button, exist, care"
59009.0,hif new project cannot reproduc issu suspect must someth wrong projectcould tri creat new empti scene player prefab projectif issu still exist pleas close uniti delet librari folder launch uniti let regener,17,"street, propos, role, lp, seizur, overhead, charger, button, exist, care"
59117.0,pm vivechengnay saidhif new project cannot reproduc issu suspect must someth wrong projectcould tri creat new empti scene player prefab projectif issu still exist pleas close uniti delet librari folder launch uniti let regenerateshichengnaythank help notic place gigant collid came nowher basic entir room insid collid caus errat hand behaviour thank hope post help anyon els strang situat,17,"street, propos, role, lp, seizur, overhead, charger, button, exist, care"
58631.0,pleas tell use locat connect wirelessli via bluetooth steamvr,15,"server, nope, cheer, slight, august, multiplay, especi, soooo, biggest, journey"
57696.0,get onstream still worth certainli let explor thepro consof onstream app without includ referr linkspro onstream appvast content libraryonstream offer variou movi tv show cater multipl tast preferencesus explor classic titl recent releasesuserfriendli interfaceth app simpl intuit design make access userseasi navig allow viewer find favorit content quicklyno registr requiredus start stream immedi without creat accountthi conveni appeal prefer share person informationhd stream qualitymost content avail highdefinit hd enhanc view experienceus enjoy crisp visual clear audiomultiplatform compatibilityonstream work variou devic includ smartphon tablet smart tvscrossdevic compat ensur flexibl userscon onstream appleg copyright concernsonstream unavail offici app store rais question legitimacysom content may violat copyright law potenti lead legal issuessecur risksa thirdparti app onstream may pose secur risksus exercis caution consid use reliabl vpn privacylack offici supportwithout offici support channel user may face challeng case technic issu glitchesupd bug fix may less frequentintrus adsfre stream app often reli advertis revenueus may encount frequent ad view experiencevari performancestream qualiti stabil may vari base internet speed devic capabilitiessom user report buffer playback issuesconclusionwhil onstream provid conveni access content user weigh pro con care consid legal altern priorit privaci secur choos stream app,10,"instrument, webxr, highli, appropri, halloween, speed, vivev, prefer, submiss, gig"
58167.0,worth onstream app depend individu need prefer evalu featur usabl well meet stream requir consid factor like content varieti user interfac custom support ultim worth use align stream prefer offer satisfactori experi,22,"facial, pci, herei, tool, gamew, inflat, endless, measur, less, thisiv"
58348.0,pm onstreamapk saidto get onstream still worth certainli let explor thepro consof onstream app without includ referr linkspro onstream appvast content libraryonstream offer variou movi tv show cater multipl tast preferencesus explor classic titl recent releasesuserfriendli interfaceth app simpl intuit design make access userseasi navig allow viewer find favorit content quicklyno registr requiredus start stream immedi without creat accountthi conveni appeal prefer share person informationhd stream qualitymost content avail highdefinit hd enhanc view experienceus enjoy crisp visual clear audiomultiplatform compatibilityonstream work variou devic includ smartphon tablet smart tvscrossdevic compat ensur flexibl userscon onstream appleg copyright concernsonstream unavail offici app store rais question legitimacysom content may violat copyright law potenti lead legal issuessecur risksa thirdparti app onstream may pose secur risksus exercis caution consid use reliabl vpn privacylack offici supportwithout offici support channel user may face challeng case technic issu glitchesupd bug fix may less frequentintrus adsfre stream app often reli advertis revenueus may encount frequent ad view experiencevari performancestream qualiti stabil may vari base internet speed devic capabilitiessom user report buffer playback issu onstream provid conveni access content user weigh pro con care consid legal altern priorit privaci secur choos stream appabsolut evalu onstream app object help user make inform decis pro may includ userfriendli interfac divers content howev con like limit featur high subscript cost could affect valu proposit weigh factor ensur user determin onstream align prefer need,10,"instrument, webxr, highli, appropri, halloween, speed, vivev, prefer, submiss, gig"
58303.0,devic vive focu connect tcp ip wireless debug use adb command start applic first need connect usb batteri finish vive focu need reboot need repeat usb connect first order get port open wireless adb accessa import lot batch file launch app pc directli vive focu headset somebodi help either get root access abl modifi buildprop file make persist understand port probabl secur risk also use differ port nr thismani thank advancebelow solut found internetanoth solut also need root accesssu setprop serviceadbtcpportstop adbdstartadbdon solut need root access set serviceadbtcpport defaultprop mayb systembuildprop isnt great idea sinc leav phone open toeverybodyw gain shell access net,27,"onboard, televis, cart, draw, first, smoother, suppli, elig, ryzen, decid"
58304.0,hiif your use wifi adb batteri tend drain faster recommend connect devic power cabl,15,"server, nope, cheer, slight, august, multiplay, especi, soooo, biggest, journey"
58306.0,chengnaythank repli keep mind still doesnt help problemhow either get root access chang buildprop defaultprop ensur port tcip stay open dont need connect usb order open port,13,"core, technic, ctrl, dd, die, everyoneim, hii, entrypoint, enterpris, physic"
57467.0,hello name andrei andrew easier came due recommendet tech support htc want tell thing problemi contact tech support recommendet vr headset could use disabl person abl move head suggest methev focu theviv focu eye trackerand theviv xr elitewith theviv full face trackermi question areit posibl use headset game physic statear softwar could help control game eyesif anoth solutionth person talk use boss stroke he complet paralys cant talk doughter took charg compani take care everythingaround time around month earlier father discov bone cancer vertebra quit damag lucki enough react well treatment normal thing said lucki father abl normal thingsnow look situat understand hard want help somehow use play lot game thought introduc game possibl could way disabl person could spend long day want know like farm simul eurotruck simul could play set manag farm transport compani know mayb anoth game suggestionsmayb ideea vr could help use vr late woke lot didnt time check new technologyi want make setup gift need inform equip softwar need make usablethank read stori hope find solut,26,"tiltbrush, technic, globe, effect, instrument, whichev, afternoon, overcom, mere, die"
58073.0,hisorri late replyw sampl project demonstr eyetrack free tri ask question,17,"street, propos, role, lp, seizur, overhead, charger, button, exist, care"
57836.0,hiwasnt sure realli put bit bug report ask support work get focu project readi upcom releas past week test project headset standalon tether encount consist crash complet specif action project issu hard debug eventu figur play haptic feedback node caus crashi primarili work quest past experienc crash like headsetim sure issu crash hardwar softwar relat unreal engin case handl tether run pc issu occuri want add inform provid awar htc employe issu doesnt seem provid kind debug log seem like haptic need sort clamp valu crash doesnt happen im super sure exactli handl whether unreal hardwar hope help other futurethankskateditedmarch kat,0,"librari, webinar, orient, unlik, warp, daemon, beginn, energi, changelog, regardsprof"
57837.0,notic your admin sure relev info sorri tag,27,"onboard, televis, cart, draw, first, smoother, suppli, elig, ryzen, decid"
57896.0,ph linpleas check post thank,37,"critic, unlimit, ff, experi, grenad, matur, san, giant, objectunityenginedebuglogerrorobjectunityeditorandroidgradleinvokationexceptionparseandshowexceptionunityeditorandroidpostprocessorpostprocessrunnerrunalltaskspostprocessorcontextunityeditorandroidpostprocessandroidplayerpostprocessbuildtarget, conjunct"
57898.0,hicould support us crash log sinc cant tell root caus easili descript experiencey pm confidenti info sidethank,15,"server, nope, cheer, slight, august, multiplay, especi, soooo, biggest, journey"
57968.0,ph linsur although say crash doesnt seem get report log im also happi provid trace file like attach shortli,17,"street, propos, role, lp, seizur, overhead, charger, button, exist, care"
57710.0,hisinc use focu last year get hand track correctli work within steam vr environmenti current use vb pc devic combin steam vr standaloneth mismatch track alreadi start nativ vbssteam vr environmenther alreadi notic control model repres hand place hand join underarm basic like hand cut use underarm controlalso anoth mismatch feelingwhil physic hand rotat thumb show hand palm face underarm slightli rotat hold control nativ posit track hand track mode drastic differ back hand show rotat transform underarm nearli get nativ model control posit similar case use physic control nativ posit differentstrang rotat transform go onthi cant intend sure address problem fix side otherwis would say bridg vb steam vr need improvementsbut anyway good technic possibl use vrdevic pc stream still abl use handtrack,32,"laser, offens, broken, shell, zone, wont, shorter, collid, board, thin"
57727.0,small updat notic handtrack mode work well intend steamvr home environ behavior happen vbssteamenviron nighttim valley nothern light,25,"projectif, redeem, implement, motherboard, suggest, mad, communityi, bumper, noob, router"
57743.0,may case steamvr home app apper run steam sourc engin process thing differ,19,"today, strateg, blutooth, steve, reset, reput, wolvic, stock, asu, differ"
57759.0,hiinc steamvr doesnt realli support natur hand track see steamvr grid space actual virtual control emul natur hand track vb vb take wrist joint center virtual control see offsetvb also rotat discov purpos support steamvr content draw hand model base controllera long content take hand pose render hand model openvr hand skeleton openxr hand track lab steamvr home hand work wellw plan improv virtual control orient hand track current prioriti,23,"annual, campaign, virtual, hunter, done, everi, sata, webvrwebxr, movement, develop"
57549.0,hii got vive xr elit two focu control includ suppos focu accord layout match exactli start util new headset app want use thumb rest input googl saw capacit sensor use vive busi stream steamvr seem imposs find anyth kind input steamvr report control vivecosmoscontrol weird id expect see vivefocuscontrol someth similar look file cprogram filesv busi streamingrrdriverhtcbusinessstreamingresourcesinput find anyth relev thumb rest area also havent seen input work vive app otherwis control work fine ideasthanksstez,9,"hzthank, popul, msf, tuesday, sourc, collabor, standpoint, natur, redefin, moss"
57599.0,hi stezi would separ two comment default vb enabl control compat mode report focu control cosmo control steamvr disabl control compat mode vb consol see vivefocuscontrol howev mode fallback touch control accord steamvr setup content compat suggest support control type thumb rest support vb current,29,"embed, pick, yeah, infrar, myst, pirat, sidequest, allow, box, becom"
57601.0,thank clarif much appreci,37,"critic, unlimit, ff, experi, grenad, matur, san, giant, objectunityenginedebuglogerrorobjectunityeditorandroidgradleinvokationexceptionparseandshowexceptionunityeditorandroidpostprocessorpostprocessrunnerrunalltaskspostprocessorcontextunityeditorandroidpostprocessandroidplayerpostprocessbuildtarget, conjunct"
57707.0,hib come beta control thumb rest supportedenjoy,23,"annual, campaign, virtual, hunter, done, everi, sata, webvrwebxr, movement, develop"
54261.0,hello everyonei interest vive pro newest versioni intel nuc pro kit small intel cpu instal pc camera connectedthat camera send indoor live stream nucalso nuc os ubuntu nuc usb port bluetooth wifimi question want receiv see live stream camera vive headset want send dof dof sensor valu nuc ubuntu real time move rotat vive nuc ubuntu os receiv sensor valu real timemay askcan via vive thank nice day,35,"code, xffdcfd, japan, applic, xrinstancet, xrkhrwinconvertperformancecountertim, rtluserthreadstartcal, cup, inspir, sensit"
57462.0,ye possibl achiev task mention use vive vr headset intel nuc run ubuntu here breakdown accomplish taskview live camera stream vive headsetus softwar stream camera feed ubuntu vive via steamvr find compat softwar purposesend vive sensor data nucdevelop softwar ubuntu receiv dofdof sensor data vive via steamvr api realtim trackingboth task achiev requir softwar develop integr vive headset ubuntu nuc effect need assist guidanc explor websit atvrsutzcom,26,"tiltbrush, technic, globe, effect, instrument, whichev, afternoon, overcom, mere, die"
49655.0,hi issu one ive tri find solut hour wasnt ableth issu tri edit default bind vive tracker edit button work control work find select vive tracker matter much press edit button noth happenpleas help becau stuck tih initi stepregardsmeysam,17,"street, propos, role, lp, seizur, overhead, charger, button, exist, care"
57456.0,im sorri hear issu your face edit default bind vive tracker troubleshoot tri updat tracker firmwar steamvr softwar restart comput steamvr problem persist consid reach htc vive custom support seek help vr commun onlin hope help,17,"street, propos, role, lp, seizur, overhead, charger, button, exist, care"
52112.0,plan make eye track modul vive pro,32,"laser, offens, broken, shell, zone, wont, shorter, collid, board, thin"
57455.0,sure futur,17,"street, propos, role, lp, seizur, overhead, charger, button, exist, care"
57340.0,viveport video current support hand trackingthat would realli help plan roadmap,2,"nosourceunityenginedebugloghandlerinternalloglogtyp, righti, assist, bethesda, joint, talent, four, silli, gbp, inbox"
56189.0,instal vive openxr sdk follow instruct page howev hand track result get use subpar track finger accur enough need mainli issu detect hand pose fist pose suspect work due finger hidden perform fist pose pinch pose also translat well engin place thumb index finger weird posit anyon know way improv hand track hand unreal engin help would much appreci,25,"projectif, redeem, implement, motherboard, suggest, mad, communityi, bumper, noob, router"
55980.0,anyon use webxr htc pro use steamvr cant seem get work,26,"tiltbrush, technic, globe, effect, instrument, whichev, afternoon, overcom, mere, die"
53690.0,hellower work medic app help colourblind user remap colour see requir access passthrough camera video feed possibl achiev function use xr headset,27,"onboard, televis, cart, draw, first, smoother, suppli, elig, ryzen, decid"
53752.0,allow access framebuff pc headset camera camera standalon headset tend protect gener usealex,32,"laser, offens, broken, shell, zone, wont, shorter, collid, board, thin"
54071.0,whitelist process standalon headset ye whitelist allow us read write passthrough framebuff want appli colour filter video feed captur passthrough camera display new imag user instead origin captur imag,37,"critic, unlimit, ff, experi, grenad, matur, san, giant, objectunityenginedebuglogerrorobjectunityeditorandroidgradleinvokationexceptionparseandshowexceptionunityeditorandroidpostprocessorpostprocessrunnerrunalltaskspostprocessorcontextunityeditorandroidpostprocessandroidplayerpostprocessbuildtarget, conjunct"
55979.0,hey shiv abl access manipul video feed show user,39,"detail, lazi, sing, kranki, decad, vri, fpsvr, hii, afford, surprisingli"
55620.0,unreal engin deprec steamvr plugin enabl openxr plugin ue project open steamvr softwar connect vive pro hmd base stationhowev ue project cannot preview vr mode ue project ue support htc vive,35,"code, xffdcfd, japan, applic, xrinstancet, xrkhrwinconvertperformancecountertim, rtluserthreadstartcal, cup, inspir, sensit"
55625.0,yehowdygreat question fulli support unreal first one need instal openx plugin start requir vendorspecif plugin moment platform load openxr runtim incompat way feel silli develop someth work openxr committe address,21,"definit, thingsi, approach, weekli, smoothli, highspe, account, pod, speech, careregard"
55632.0,appreci support,34,"ultim, heyi, soft, pdf, storefront, electr, relax, coax, forget, news"
55593.0,im current face compat issu vive eye facial track sdk uniti seek assist insight fellow develop address realtim challeng vive eye facial track sdk integr uniti experienc unexpect compat issu hinder develop process uniti log show error messag relat sdk integr impact function eye facial track featuresu sing latest version uniti vive eye facial track sdk develop encount resolv similar compat issu vive eye facial track sdk uniti insight specif troubleshoot step practic expertis would highli valuabl,21,"definit, thingsi, approach, weekli, smoothli, highspe, account, pod, speech, careregard"
55619.0,pm gillshreya saidim current face compat issu vive eye facial track sdk uniti seek assist insight fellow develop address realtim challeng vive eye facial track sdk integr uniti experienc unexpect compat issu hinder develop process uniti log show error messag relat sdk integr impact function eye facial track featur use latest version uniti vive eye facial track sdk develop encount realtim transact resolv similar compat issu vive eye facial track sdk uniti bank missouri insight financ purchas specif troubleshoot step practic expertis would highli valuablemymilestonecardaft explor collabor develop commun im pleas share ive identifi solut compat problem vive eye facial track sdk uniti key resolv issu lie ensur uniti vive sdk run latest version addit care follow integr step outlin sdk document proven crucial meticul check updat depend abl overcom compat hurdles test step integr work seamlessli restor expect function eye facial track featuresregardsgillshreya,21,"definit, thingsi, approach, weekli, smoothli, highspe, account, pod, speech, careregard"
48023.0,hi run research lab london one topic develop technolog blind peopl interest use vive tracker track locat handheld prototyp devic use particip complet experimentsbecaus particip blind dont much need wear headset therefor wonder possibl use vive tracker basest headset headset rest tabl nearbi realis could work extern track work vicon system want check vive hardwar support functionalityif possibl id suggest product combo would achiev clear would like buy system headset use headset experi lab work bunch thingsthank,36,"infrar, packag, own, swap, motiv, vivecomcod, narr, intact, qatar, appear"
48027.0,done roomsetup dont realli need headset receiv track pose trackery use usb plug dongl connect tracker wirelesslyy refer vive mar similar conceptch,14,"use, customerserviceortcom, mp, moreov, attack, delay, vagu, herethank, estor, develop"
48028.0,hi im tri connect vive tracker without headset help run roomsetupi follow tutori issu tracker track tracker icon alway breath pleas help,22,"facial, pci, herei, tool, gamew, inflat, endless, measur, less, thisiv"
48032.0,tri use quick calibr set develop develop set,21,"definit, thingsi, approach, weekli, smoothli, highspe, account, pod, speech, careregard"
48044.0,great thank confirmingook like ill order cosmo elit tracker thank,38,"programm, par, technolog, timei, disregard, van, csv, variant, wrote, pm"
48053.0,el vargasnowaday use null driver also need disabl steamvr home otherwis tri boot steamvr home creat cpu usag loop might wait see alter behavior,6,"secondli, therew, favourit, phenomena, strike, vbc, rf, virtuallink, occas, msg"
48072.0,pm hackpercept saidel vargasnowaday use null driver also need disabl steamvr home otherwis tri boot steamvr home creat cpu usag loop might wait see alter behaviorv disabl steamvr home doesnt work one question need base station connect devic requir tracker thank,6,"secondli, therew, favourit, phenomena, strike, vbc, rf, virtuallink, occas, msg"
48073.0,minut ago michael varga saidiv disabl steamvr home doesnt work one question need base station connect devic requir tracker thanksy need least one base station,26,"tiltbrush, technic, globe, effect, instrument, whichev, afternoon, overcom, mere, die"
48102.0,el vargasth basest shoot laser beam interact sensor littl divot tracker without extern laser data tracker wont creat pose estim track lost modeher simplifi exampl st gener track work kind understand well detail explan steamvr track your want studi system,24,"keep, publicincludepathsaddpathcombinemoduledirectori, unfair, touch, obvious, lowest, similarli, took, cumbersom, dusti"
55304.0,use similar setup usb track dongl null hmd driver htc vive controllereveryth work well except cant orient control match direct point real life ive run room setup howev steamvr uniti control tend degre backwardsim sure go wrong could potenti reorient control uniti howev would like creat mani issu road ideal base calibr control accur,15,"server, nope, cheer, slight, august, multiplay, especi, soooo, biggest, journey"
55306.0,hiessenhow setup null hmdi everyth work well hmd casecould list verion uniti editor steam vr plugin instal projectthank,24,"keep, publicincludepathsaddpathcombinemoduledirectori, unfair, touch, obvious, lowest, similarli, took, cumbersom, dusti"
55314.0,hour ago vivechengnay saidhiessenhow setup null hmdi everyth work well hmd casecould list verion uniti editor steam vr plugin instal projectthanksheychengnayfor null hmd set adjust script steamsteamappscommonsteamvrresourcessettingsdefaultvrsettingssteamvr requirehmd fals forceddriv null activatemultipledriv true steamsteamappscommonsteamvrdriversnullresourcessettingsdefaulvrsettingsdrivernul enabl truei also removeddrivernul windowx windowi windowwidth windowheight control appear orient properli use steamvr headsetsoftwar versionssteam steamvr app id build id use beta steamvr beta updateun editor fuse openxr plugin uniti,18,"meantim, hero, via, screenheight, vb, brief, lighthous, saiddo, degrad, lifespan"
55319.0,hiesseni tri method didnt see issu control orientationcould captur video screenshotsi use viu ugui sampl scene orient control vr show exactli direct moverot,18,"meantim, hero, via, screenheight, vb, brief, lighthous, saiddo, degrad, lifespan"
55325.0,control steamvr display control point straight monitor control point left uniti use openxr control point forward screen uniti point left uniti point notic control canva backward look,12,"xrkhrwinconvertperformancecountertim, singl, neat, scare, pair, faith, wet, monday, gestur, neg"
55328.0,hiessenmay know scene use play unitycould copi doubl check sidethank,14,"use, customerserviceortcom, mp, moreov, attack, delay, vagu, herethank, estor, develop"
55332.0,hour ago vivechengnay saidhiessenmay know scene use play unitycould copi doubl check sidethanksthi scene part openxr plugin avail sampl packag manag call control,11,"themself, dialog, hunt, donat, demonstr, potenti, densiti, checkbox, mon, circl"
55353.0,jthiessen saidin uniti point notic control canva backward look belowi dont quit get mean control canva backwardsar abl provid comparison use hmd without hmd thankson question regard point left look point right instead left,12,"xrkhrwinconvertperformancecountertim, singl, neat, scare, pair, faith, wet, monday, gestur, neg"
55355.0,hour ago vivechengnay saidi dont quit get mean control canva backwardsar abl provid comparison use hmd without hmd thankson question regard point left look point right instead leftthi imag uniti hold vive control point straight trackpad face one would tradit hold control text attach object backwardthi imag uniti hold control straight trigger face uncomfort untradit way hold control howev result text face correct wayand correct fact point control left look point right problem control calibrationorient seem degre wrong photo point control left show point rightit almost angl view vr view face player control point view player thu render left right top bottom orient backward degre,3,"bother, hinder, cann, auto, wave, toggl, risk, fx, videoplay, atleast"
55614.0,vive doesnt understand next wii get work without headset easier setup,27,"onboard, televis, cart, draw, first, smoother, suppli, elig, ryzen, decid"
55567.0,hi thereim look integr htc vive focu busi stream solut multipl reliabl vive tracker focu support controllerswrist trackers test openvr space calibr found inconsist experienc visibl lag two system ive notic other manag set tracker trackingoverrid userhead got work wellhowev im current face issu imag slightli skew even though tracker align set camera havent figur set perman offset headset tracker moment im adjust posit head section tracker config upload lighthouseconsoleex look followsquotehead plusx plusz posit without success far clue paramet tweak pleas let knowthank,7,"zwwaitforworkviaworkerfactoryxffdbbf, function, heavili, observ, sit, caus, angular, ftin, develop, load"
55568.0,nsaihowdyi think im miss question understand correctli your overrid output userhead get unexpect head posit headset sound like desir output im sure caus lag requir one use workaround though cant comment fulli wisdom tri use head output positiontri interpret anoth way your use tracker proxi head posit geometryorient puck would differ actual headset forwardetc might would expect would requir fiddl,39,"detail, lazi, sing, kranki, decad, vri, fpsvr, hii, afford, surprisingli"
55569.0,build train simul polic notic slight lag desync lose immers blame softwar fulli work setup vive pro wireless accessori per person track hasnt let us ever far test htc vive focu openvr space cal year ago found wasnt good enough use case compar exist setup still like wifi stream possibl easier setup focu offer want combin good stuff worldsso ye id like fiddl inform solvefiddl id glad hear,37,"critic, unlimit, ff, experi, grenad, matur, san, giant, objectunityenginedebuglogerrorobjectunityeditorandroidgradleinvokationexceptionparseandshowexceptionunityeditorandroidpostprocessorpostprocessrunnerrunalltaskspostprocessorcontextunityeditorandroidpostprocessandroidplayerpostprocessbuildtarget, conjunct"
55570.0,nsaihowdythank share specif setup challeng your face clear maintain high level immers crucial train simul everi detail countsregard use head posit posit puck understand approach intend optim track accuraci reduc latenc decis appear driven need precis realtim track essenti use case differ head puck term track behavior default poll frequenc interpol set could inde play signific role perform your observingto delv deeper would help know technic environ setupengin sdk detailswhat engin use version itar util nativ wave sdk openxr anoth sdk know version sdk applic version xr interact system uniti crucialthes detail import solut might involv tweak engin set modifi data poll input systemphys environ considerationsreflect surfac physic obstruct track environ affect track qualiti evalu factor could provid insight discrep your experiencingfirmwar trackersensur tracker updat latest firmwar essenti here link refer guidanc updat firmwar vive tracker firmwar updateopenxr backendar use vive steam runtim backend openxr switch might resolv track inconsistencieshow setup correct openxr runtim revisit initi configur recalibr devic could necessari step case recalibr significantli improv track perform accuracywer alway excit hear great realist train simul persist commend im eager assist resolv challeng addit inform provid regard point instrument find suitabl solutionthanksalex,19,"today, strateg, blutooth, steve, reset, reput, wolvic, stock, asu, differ"
55571.0,nsaiid remiss iddnt mention develop guidelin may help orientationetc question anoth great overview hereand perhap way offset posit set role use mechan,36,"infrar, packag, own, swap, motiv, vivecomcod, narr, intact, qatar, appear"
55573.0,nsaianoth line think configur firmwar environmentif unitydont forget check move deadzon drag threshold multipli set tune appropri use interact number smoothingdamp option would caus well folk seem report gener success get updat hz well abl swing rope around head high speed get reliabl updatesso anoth approach would look debugg log behavior,21,"definit, thingsi, approach, weekli, smoothli, highspe, account, pod, speech, careregard"
55550.0,hellofor project tri get coordin base station way saw could use inputtrackinggetnodesst doesnt work help would appreciatedbas im get posit headset control want use base station posit refer point real worldthank,22,"facial, pci, herei, tool, gamew, inflat, endless, measur, less, thisiv"
55265.0,hiha anyon abl find updat releas theself track trackershtc announc marchim work project moment use tracker solv problem weve tri solv best part year announc said unit would made avail releas yet news devic sinc initi march announc near end yeariv email contact htc well email inform page htc product howev respons even acknowledg inquiriesincred disappoint develop use xr elit base promis htc directli tracker qr style track made avail yet neither face delay project releaseif anyon provid updat would much appreci,26,"tiltbrush, technic, globe, effect, instrument, whichev, afternoon, overcom, mere, die"
54589.0,hiim develop uniti xr elit im wonder sdk use hand gestur recognit ive alreadi tri vivehandtrack sdk provid vive sens without success im sure compat issu versioni would greatli appreci someon could help answer questioneditedaugust yije,24,"keep, publicincludepathsaddpathcombinemoduledirectori, unfair, touch, obvious, lowest, similarli, took, cumbersom, dusti"
54592.0,higi saw post sever post differ topicsfor xr elit pleas use free ask question,12,"xrkhrwinconvertperformancecountertim, singl, neat, scare, pair, faith, wet, monday, gestur, neg"
54782.0,hand gestur recognit uniti xr elit consid uniti mlagent toolkit hand track featur explor mrtk mix realiti toolkit offer compat activ commun support troubleshoot compat issu check uniti version refer sdk document best luck project,12,"xrkhrwinconvertperformancecountertim, singl, neat, scare, pair, faith, wet, monday, gestur, neg"
55200.0,choic sdk significantli impact develop workflow perform featur final xr experi wellsuit sdk enhanc product optim perform enabl access advanc function,1,"appnam, guysw, modei, equal, colleg, easiest, euro, artifact, pming, mission"
55146.0,im develop project need target differ platform quest htc vive natur im look make use devic within editor test order manag ue notion plugin prioriti system wherebi tell hmd plugin tri order look like default baseengineinihmdpluginprior sinc steamvr also work oculu rift give prioriti nativ oculu plugin tri steamvr openxr product readi enabl prioriti plugin still need priorit nativ plugin due runtim featur yet support openxroculushmdsteamvropenxrhmdth way read oculu hmd plug use associ plugin meta xr case bar steamvr hmd plug use associ plugin thatwhich use actual steamvr plugin deprec els fail connect devic openxr compat hmd use openxr pluginthat said issu im steamvr pugin deprec ive instal viveopenxr plugin enabl direct ue use plugin prioriti perspect im look htc vive identifi reason ask current default prioriti scheme enabl metaxr viveopenxr plugin reason ue attempt use oculushmd associ plugin mean whatev reason believ that right plugin use put openxrhmd higher prioriti everyth work fineit engag viveopenxr pluginhop make sens drive nut dont understand tri use plugin associ oculushmd htc vive guidancesuggest would welcom fwiw realiz doc viveopenxr plugin state disabl metaxr plugin probabl exact reason said run issu plugin enabl long swap hmdpluginprior order prior bring editor would like possibl,21,"definit, thingsi, approach, weekli, smoothli, highspe, account, pod, speech, careregard"
52852.0,instead steam vr one use,17,"street, propos, role, lp, seizur, overhead, charger, button, exist, care"
53814.0,hey enabl openxr disabl steamvr plugin good goth steamvr app still run work,29,"embed, pick, yeah, infrar, myst, pirat, sidequest, allow, box, becom"
54859.0,helloy follow stepsinstal requir softwaremak sure unreal engin version your use instal updat also vive xr elit headset necessari driver installedu vr supportconfirm unreal engin nativ support vr import check version introduc chang vr support specif updat relat vive xr elitealtern vr frameworksinc steamvr deprec youll need find altern vr framework plugin compat unreal engin unreal engin often provid vr framework check there builtin solut use vive xr eliteplugin integrationif there specif plugin sdk vive xr elit avail integr unreal engin project follow document guid provid plugin develop setup configurationen vr modein unreal engin typic enabl vr mode editor preview scene virtual realiti might involv toggl vr mode editor set use specif commandset controlsensur youv set configur control vive xr elit headset might involv map button action unreal engin editortestingfin test vr experi launch scene editor put vive xr elit headset use configur control navig interact virtual environ check certificationvedahukewjspggoibaxxndmwghfebaqtwjbagoeaiurl hope help youregardsmia smith,18,"meantim, hero, via, screenheight, vb, brief, lighthous, saiddo, degrad, lifespan"
51699.0,attempt put togeth small virtual product use vive tracker base station track real world camera unreal engin wonder anyon success set tracker base station without headset sinc need track camera send unreal engin dont want purchas headset neededthank guidanc,38,"programm, par, technolog, timei, disregard, van, csv, variant, wrote, pm"
54524.0,hi got run accord steamvr edit two file steam steamvr pnsteam window cprogram file xsteam linux steamsteam pnsteamvr window cprogram file xsteamsteamappscommonsteamvr linux steamsteamsteamappscommonsteamvrchang enabl like height width valu pnsteamvrdriversnullresourcessettingsdefaultvrsettingsdrivernullenabletrueloadpriorityserialnumbernul serial numbermodelnumbernul model numberwindowxwindowywindowwidthwindowheightrenderwidthrenderheightsecondsfromvsynctophotonsdisplayfrequencyadd three valu steamvr entri pnsteamconfigsteamvrvrsettingssteamvrrequirehmdfalseforceddrivernullactivatemultipledriverstruethen run steamvr againy undo withsteamvrrequirehmdtrueforceddriveractivatemultipledriversfalseeditedaugust throni,35,"code, xffdcfd, japan, applic, xrinstancet, xrkhrwinconvertperformancecountertim, rtluserthreadstartcal, cup, inspir, sensit"
54783.0,set vive tracker base station without headset camera track unreal engin headset isnt necessari purpos good luck,38,"programm, par, technolog, timei, disregard, van, csv, variant, wrote, pm"
54634.0,hi wonder ar foundat support plan htc vive xr elit nearfar futur,28,"februari, asu, rma, hisher, keep, form, saber, buildtargetgroup, leftright, amazingtechvr"
54527.0,helloi want use htc vive tracker track head pose user got full htc vive pro kit want omit hmd activ hmd null driver steamvrset defaultvrset null driver set directori far work system kubuntu os nvidia gpu output steamvr system reportsteamvr version steam public betatrack null driver hmdo linux version gener builddamd xlinuxgnugcc ubuntu ubuntu gnu ld gnu binutil ubuntu ubuntu smp preemptdynam mon ju direct mode graphic unknown systemadmin yesasync reproject disabledperform drop user ipd display extend displaynow question pair inform store see entri homettsteamsteamconfiglighthouselighthousedbjson well folder next file howev use tool homettsteamsteamsteamappscommonsteamvrtoolslighthousebinlinuxlighthouseconsol unpairal devic tracker well control automat reconnect push connect button reflect steamvr window look debug info usb devic realli realli accept steamvr runtim due observ mention last sentenc run better ubuntu fedora vanilla debian cant get pair done anoth distribut run steam background want use even though deprec openvr pyopenvr sometim messag libcurl libpangoft missinggreet thoma thron,26,"tiltbrush, technic, globe, effect, instrument, whichev, afternoon, overcom, mere, die"
54536.0,howdyiim unsur issu would would guess config file servic differ place differ distro mayb there driver incompat depend like libcurl libpangoft satisfi unsur run configur intern interest one inform steam config filessetup might readili avail steamvr linux forum similar need setup integr devic part steamvr suit also captur part setup like boundari onboard render user interfac manag devic well think way fairli unsupport get thing work without steamvr typic narrow use case understandingther may way get sort setup anoth way use vive tracker andor third parti accessori expos electr pin simul much control might anoth approach apart sidestep steamvralex,1,"appnam, guysw, modei, equal, colleg, easiest, euro, artifact, pming, mission"
39052.0,probabl know lot peopl use vive tracker budget virtual product studio problem see lot jitter track data particularli tracker move slowli tv work almost alway move lot slower track camera tripod jitter see realli annoyingim wonder anyth done particularli get tracker openxr need littl nois reduct low pass filter thing would great right jitter much reliabl use handheld camera shot unfortun sampl rate get data openxr low nois random good filter applic side nois random mm peaktopeak doesnt sound like much visibleim sure tune fasttwitch game virtual product rare move fast suddenli peopl use tracker either game virtual product bothhow firmwar design virtual product give smoother output even toler tenthsecond latenc without problem alreadi delay tracker data much match video process systemlot peopl would certainli love htc could next best track system avail start,17,"street, propos, role, lp, seizur, overhead, charger, button, exist, care"
43603.0,hey gregeven januari still trueif would virtual product mode tracker would greatth current nois jitter make dream fall apart,21,"definit, thingsi, approach, weekli, smoothli, highspe, account, pod, speech, careregard"
54435.0,hitwo year later either found solut exact issu slow dolli move,30,"hesit, subject, alway, metadata, reinstal, probabl, elsethank, ok, sure, particularli"
54321.0,hi therei current new program vive xr elit current want link xr hand arduino mega know use net framework obtain systemsioport reason use xr hand packag get xr hand work reason cannot interact object like pinch grasp power grasp question make sure xr hand use openxr interact object vive xr elit ie pick object actual pick object object pick touch object want send signal back arduino indic whether turn system eg dc motora code integr onto xrhand gameobjectb need make separ script call script integr current architecturethank youshauneditedjuli shaun buxaniaccident hit enter post quickli,23,"annual, campaign, virtual, hunter, done, everi, sata, webvrwebxr, movement, develop"
54263.0,creat custom applic use vive cosmo need transfer custom control bind creat abroad developerlook steamvr forum document ui seem im abl find way save bind configur send develop load itask someon alreadi done post guid hint proceededitedjuli david,35,"code, xffdcfd, japan, applic, xrinstancet, xrkhrwinconvertperformancecountertim, rtluserthreadstartcal, cup, inspir, sensit"
53742.0,make sure android packag name hasnt chang also element fro control minwav versionappl section separ linesmetadata androidnamecomhtcvrcontentnumdofhmd androidvaluedofnmetadata androidnamecomhtcvrcontentnumdofcontrol androidvaluedofnmetadata androidnamecomhtcvrcontentnumcontrol androidvaluenmetadata androidnameminwavesdkvers androidvalu specifi,24,"keep, publicincludepathsaddpathcombinemoduledirectori, unfair, touch, obvious, lowest, similarli, took, cumbersom, dusti"
53744.0,minut ago alexhtc saidmak sure android packag name hasnt chang also element fro control minwav versionappl section separ linesmetadata androidnamecomhtcvrcontentnumdofhmd androidvaluedofnmetadata androidnamecomhtcvrcontentnumdofcontrol androidvaluedofnmetadata androidnamecomhtcvrcontentnumcontrol androidvaluenmetadata androidnameminwavesdkvers androidvalu specifi herethank swift repli tri btw could see origin doc,37,"critic, unlimit, ff, experi, grenad, matur, san, giant, objectunityenginedebuglogerrorobjectunityeditorandroidgradleinvokationexceptionparseandshowexceptionunityeditorandroidpostprocessorpostprocessrunnerrunalltaskspostprocessorcontextunityeditorandroidpostprocessandroidplayerpostprocessbuildtarget, conjunct"
53745.0,lickoh right need make sure increment android build number welland sign key use origin debug key,36,"infrar, packag, own, swap, motiv, vivecomcod, narr, intact, qatar, appear"
53774.0,thank realli help forgot sign app simpli run debug keyi focus effort android manifest error messag say think someth wrong sign app someth android manifest im android devyou could probabl add make sure app sign error messag even sound obviou,17,"street, propos, role, lp, seizur, overhead, charger, button, exist, care"
52182.0,hi allim work commerci project moment look put digit skin onto train manikin use emerg respons train utilis passthrough idea traine environ look manikin digit skin overlay thought track posit manikin armsleg use either qr code apriltagswer around month project initi start develop quest pro afford headset market offer colour passthrough howev found hardwar meta support restrict allow us achiev wanton look solut spoke htc capabl new xr elit headset assur headset capabl track qr codesapriltag passthorugh use uniti weve success manag produc project work passthrough underlay howev struggl see solut allow us track imagesqrapriltag use passthroughi sdk plugin utilis achiev function option achiev function want,19,"today, strateg, blutooth, steve, reset, reput, wolvic, stock, asu, differ"
52308.0,eyhowdyat moment whitelist individu develop use case current announc open momenti say individu previous work ar space im excit potenti applic request like help us priorit workthat said shoot email well get processalex,10,"instrument, webxr, highli, appropri, halloween, speed, vivev, prefer, submiss, gig"
52803.0,hi alexim student comput scienc engin im current work mr project use vive xr elit project need object object track function im reach inquir whitelist processto proceed whitelist process could provid email addressbest regardsgianluca,34,"ultim, heyi, soft, pdf, storefront, electr, relax, coax, forget, news"
53684.0,hii also graudat student work vr project would like track surroud object via passthrough mode also inform thank,24,"keep, publicincludepathsaddpathcombinemoduledirectori, unfair, touch, obvious, lowest, similarli, took, cumbersom, dusti"
52786.0,abl packag build transfer htc vive focu instal build run come show unreal logo upsid twice exit program tri use fresh new project think someth old project thingani thought,36,"infrar, packag, own, swap, motiv, vivecomcod, narr, intact, qatar, appear"
52696.0,hii plan place pcvr minidatacent separ usb extens playersa use vrdongl cant use usb plug dongl usb hubcan cabin side separ cm partit without risk interfer dongl around,26,"tiltbrush, technic, globe, effect, instrument, whichev, afternoon, overcom, mere, die"
52526.0,hi anyon experi design psychophys experi vr headseti wonder show fix imag video sequenc stuck user view follow head direct without model sorri naiv question want confirm obviou problem use vr headset psycholog experimentsthank advanceeditedmay masatcorrect typo,35,"code, xffdcfd, japan, applic, xrinstancet, xrkhrwinconvertperformancecountertim, rtluserthreadstartcal, cup, inspir, sensit"
52524.0,anyon know possibl write frame directli display vive headset either wave sdk anoth applic id need individu eye access dont think itd possibl overlayeditedmay jbondhusclar,39,"detail, lazi, sing, kranki, decad, vri, fpsvr, hii, afford, surprisingli"
52486.0,use uniti make apk play real time video headset focusbut seem bottom shown headsetth problemhav anyon met problemscreenrecordmpcdcdcc mp,36,"infrar, packag, own, swap, motiv, vivecomcod, narr, intact, qatar, appear"
51958.0,hi im new develop vive devic wonder sdk use im develop uniti htc vive want control motion,23,"annual, campaign, virtual, hunter, done, everi, sata, webvrwebxr, movement, develop"
52019.0,hie offer two solutionswav xr sdkopenxr crossdevic compatibilitygiven use devic wave sdk would suggestionth wave sdk usual recent featur sometim take get openxr version,23,"annual, campaign, virtual, hunter, done, everi, sata, webvrwebxr, movement, develop"
52025.0,develop applic htc vive use steamvr sdk avail download steam websit steamvr sdk provid set tool api allow develop creat vr experi htc vive steamvr compat devicesth steamvr sdk includ support track devic render input handl featur requir build vr applic also provid sampl code document tutori help develop get startedaddit use uniti unreal engin engin develop vr applic htc vive engin nativ support steamvr sdk provid easytous interfac develop vr experiencesbefor start develop make sure review system requir htc vive steamvr sdk ensur develop environ properli configur,14,"use, customerserviceortcom, mp, moreov, attack, delay, vagu, herethank, estor, develop"
52036.0,compat older sdk like one mention use older deprec openvrmost recent uniti version longer support suggest use wave sdk,22,"facial, pci, herei, tool, gamew, inflat, endless, measur, less, thisiv"
52226.0,wave would recommend new uniti develop vive xr elit get even remot work still struggl openxr much along wave posit orient control problem openxr cant even get wave sampl run,23,"annual, campaign, virtual, hunter, done, everi, sata, webvrwebxr, movement, develop"
52227.0,actual manag fix issu use steam vr uniti plugin uniti store reason get error old packag project remov start work like charm,36,"infrar, packag, own, swap, motiv, vivecomcod, narr, intact, qatar, appear"
52241.0,develop vr simul unreal target limit number user use vive focu headset previou repli fromhtcwould indic would better use wave sdk openxr wave releas ue matter ask back februari wave forum told new version would avail march still releas ask told use openxr plugin havemi question expect perform differ open xr wave plugin ask perform openxr abysm sim run fp standalon window app run fp vive frequent lock headset even spend week tri tune thing reduc geometri simplifi shader abl reach fp lot stutter profil window show frame time ms thread ms gpu focu im see thread around graphic drawsani help advic appreci,32,"laser, offens, broken, shell, zone, wont, shorter, collid, board, thin"
51775.0,hellodo anyon know center passthrough camera frame xr elit arewil made avail dev wave sdk unitythat,26,"tiltbrush, technic, globe, effect, instrument, whichev, afternoon, overcom, mere, die"
52021.0,illyth raw framebuff data expos develop ensur user feel privaci safe,11,"themself, dialog, hunt, donat, demonstr, potenti, densiti, checkbox, mon, circl"
52175.0,meangener develop cant usepassthrough xr elitecompositionlayerpassthroughapi htcpassthrough featur instanc found,27,"onboard, televis, cart, draw, first, smoother, suppli, elig, ryzen, decid"
40066.0,vr tech develop content studio base london weve recent partner twitch creat th dimens space creation live music event vr present rang high profil dj record label music cultur brandswebsit look uniti develop collabor project one focuss ux ui front end anoth core app dev exist team super talent peopl involv howev small indi oper total team size ppl includ biz dev salesth role remuner mix cash equiti compani enabl ppl work defin role decis make around product develop ultim look ppl passion rapidli emerg live vr cg music event space join team long termwhil cash compet remuner role low work invest fund round atm round close month well happili redefin cash compon roleif your passion develop immers tech redefin live music want ground level fast move startup that start scale pl email mesam vrjlivecom,0,"librari, webinar, orient, unlik, warp, daemon, beginn, energi, changelog, regardsprof"
50506.0,join team seo expert year work experi seo rank mani local busi top result,3,"bother, hinder, cann, auto, wave, toggl, risk, fx, videoplay, atleast"
52145.0,sound interest im base uk indi develop work live perform vr platform touch youd like chat,0,"librari, webinar, orient, unlik, warp, daemon, beginn, energi, changelog, regardsprof"
52050.0,model exact replica roomi use leica laser scanner get point cloud import blender mesh poor qualiti textur didnt look great creat clean model basic overlay object blender align point cloud surfacesi import room blender uniti adjust transform room align virtual real result quit amaz realli someth abl reach virtual space wall door frame align across worldsmi question rather timeconsum test adjust method adjust transform room im afraid go sync need carri steam vr room setup smarter way align uniti coordin system real world coordin system use either base station locat vive tracker puck somethingmi setupv pro eye wireless adaptor steam vr basest uniti,20,"prototyp, serv, appnam, craft, directx, aud, obstruct, els, destroy, markerbas"
52071.0,howdyiugreat question ad tracker stabl posit help get two space spotmi top level thought thing relativewel ok isnt philosophi unpack thathow coordin two differ coordin space real life creat share refer point control place specif pointrot specif time tracker help align room like real life see front statu liberti see back goal meet know need walk toward eachoth meetso model need alignedpostiionrot someth virtual room need specifi could use tracker control place point everi time purpos match model room ontop room base trackeror control landmark virtual space merg tracker could even see impact real time rotat stabl point refer ie tracker posit even stabl past tracker overkil exampl wall would know align virtual room high degre accuraci stabil one tracker fall slip littl would less impactappli point help depend budget desir accuraci lot casual experi like one demo vive xr elit merg two space use singl point seriou simulationenterpris solut might want accuraci time fault toler share point referencethank question love use case im excit see content made way let know want dig thisalex,17,"street, propos, role, lp, seizur, overhead, charger, button, exist, care"
52072.0,iuor anoth way put similar use case tracker put accessori want merg two coordin space tech exampl hereth accessori exampl would room,7,"zwwaitforworkviaworkerfactoryxffdbbf, function, heavili, observ, sit, caus, angular, ftin, develop, load"
51348.0,would babi sit build click cancel timeshow remov gross eager assum develop,6,"secondli, therew, favourit, phenomena, strike, vbc, rf, virtuallink, occas, msg"
51349.0,open interactionmodemanagereditorc comment onsceneopen function,20,"prototyp, serv, appnam, craft, directx, aud, obstruct, els, destroy, markerbas"
52024.0,rhrmmake sure auto add interact manag menu option uncheckedth first line function check menu option checkedifshouldautoaddmanag debuglogonsceneopen add manag automaticallyreturn,25,"projectif, redeem, implement, motherboard, suggest, mad, communityi, bumper, noob, router"
51547.0,hellobit newbi question im advanc develop anoth field never work vr ill take train arvr month assess need get hand firstaft look sever headset upcom htc vive xr elit seem like interest choic due recent fairli complet modular miss featur troubl find ifa valid develop platform allow dev environ upload code without much hassl possibl develop mac standalon app target understand wont abl play pcvr mac good run vr viabl option build project that upload vive xr ill probabl invest dedic pc point wonder even start journey train without get pc right away chose headsetcheersgilleseditedmarch gillesrephras,27,"onboard, televis, cart, draw, first, smoother, suppli, elig, ryzen, decid"
52023.0,sabsolut platform support work similar pc platformw sever team use mac xr elit mit realiti hack earli yearund hood use adb thing standard android tool interact devicescheersalex,4,"manag, janki, theatr, stage, task, margin, hid, consolev, stolen, conclus"
51646.0,possibl get csv file htc vive focu oculu quest without interneti develop project use uniti want export data project csv file want abl export csv file user play project work user use htc vive focu oculu quest wonder get csv file headset,0,"librari, webinar, orient, unlik, warp, daemon, beginn, energi, changelog, regardsprof"
52022.0,data store accord android storag standard less insid app directori return function getfilesdir getcachedir nativ api wrap like temporarycachepath open socket send data across network work,24,"keep, publicincludepathsaddpathcombinemoduledirectori, unfair, touch, obvious, lowest, similarli, took, cumbersom, dusti"
51894.0,htc vive focu eye tracker use experiment research collect eye movement data,39,"detail, lazi, sing, kranki, decad, vri, fpsvr, hii, afford, surprisingli"
52020.0,hat eye look certainli expos relat data specif eye movement data look,32,"laser, offens, broken, shell, zone, wont, shorter, collid, board, thin"
46105.0,hiim develop im current work second version publish easi dont find remov publish viveport ill put back next version readi month twobest regardl,23,"annual, campaign, virtual, hunter, done, everi, sata, webvrwebxr, movement, develop"
46111.0,reenercontact viveport content team account manag one otherwis submit request delist process get execut individu store list link multipl backend frontend system,31,"packagenam, faith, orion, easili, similarli, locationbas, empow, aliv, deliveri, smoother"
46155.0,thank quick answer click websit provid said websit cant reach error websit somethingi viveport key dont know could helpeditedfebruari lordgreen,13,"core, technic, ctrl, dd, die, everyoneim, hii, entrypoint, enterpris, physic"
51197.0,remov viveport follow stepsopen viveport desktop app computerclick librari tab locat top apploc want remov hover mous game iconclick thethre dot appear top right corner game iconclick uninstal dropdown menu appearsa popup messag appear ask sure want uninstal click ok confirmth uninstal comput remov viveport librari,13,"core, technic, ctrl, dd, die, everyoneim, hii, entrypoint, enterpris, physic"
50815.0,hii focu offlin firmwar file file name qaimgzip gbi know instal firmwar start headset bootload volum power button id like know possibl instal firmwar use adb fastboot commandsth problem lot headset flash new firmwar would make work easier could trigger firmwar instal use command without navig bootload ui headseti upload rom sdcard adb push qaimgzip sdcard trigger flash processthanksze,25,"projectif, redeem, implement, motherboard, suggest, mad, communityi, bumper, noob, router"
50014.0,hello everyonewer group student uk look creat onlin tool make develop vr world app much easier access think drag dropwer earli stage gener quick survey would love get everyon thought idea potenti featur implement shouldnt take much time wide particip would much appreci mean creat product everyon find usefulsurvey link time look forward feedback,21,"definit, thingsi, approach, weekli, smoothli, highspe, account, pod, speech, careregard"
50644.0,plan work uniti check new packag simplexr alreadi lot featur might plan implement,11,"themself, dialog, hunt, donat, demonstr, potenti, densiti, checkbox, mon, circl"
1964.0,sever develop friend recommend blueprint base unreal cours teach ton realli cool motion graphic effect specif gear toward vr anybodi tri cours,24,"keep, publicincludepathsaddpathcombinemoduledirectori, unfair, touch, obvious, lowest, similarli, took, cumbersom, dusti"
49263.0,hello friend interest gettingnft blockchain buy understand buy sell nft see easi profit good luck,19,"today, strateg, blutooth, steve, reset, reput, wolvic, stock, asu, differ"
50505.0,tri get help cours learn new thing,24,"keep, publicincludepathsaddpathcombinemoduledirectori, unfair, touch, obvious, lowest, similarli, took, cumbersom, dusti"
44891.0,hey guyswer wonder there payment system inapp purchas directli within vrwhat biggest challeng monet inapp vr content vr dev thought thistypeform vr paymenttakesonli minut simpl multiplechoic question hate long survey toocheersrichard holoswitch tripl code,0,"librari, webinar, orient, unlik, warp, daemon, beginn, energi, changelog, regardsprof"
45573.0,pm richardholoswitch saidhey guyswer wonder there payment system inapp purchas directli within vrwhat biggest challeng monet inapp vr content vr dev thought thistypeformonvr paymenttakesonli minut simpl multiplechoic question hate long survey toocheersrichard holoswitch tripl codeok let tri find,0,"librari, webinar, orient, unlik, warp, daemon, beginn, energi, changelog, regardsprof"
45574.0,minut ago brandiran saidok let tri find itthank lot,6,"secondli, therew, favourit, phenomena, strike, vbc, rf, virtuallink, occas, msg"
46046.0,yet last sever year vr truli prime specialist vr believ state within next coupl year vr chang game foreverand busi serious consid use vr technolog continu develop virtual realiti game wonder increas revenu,26,"tiltbrush, technic, globe, effect, instrument, whichev, afternoon, overcom, mere, die"
46265.0,definit develop virtual realiti game quit promis direct person recent start develop game hope everyth work,6,"secondli, therew, favourit, phenomena, strike, vbc, rf, virtuallink, occas, msg"
48379.0,hi recommend appli tocleveroad experi creat vr app monet,3,"bother, hinder, cann, auto, wave, toggl, risk, fx, videoplay, atleast"
50117.0,way virtual realiti monetizationingam advertisingadvertis one common easi way monet vr game video ad premium content subscript inapp purchas ingam gift crossmarket freemium,0,"librari, webinar, orient, unlik, warp, daemon, beginn, energi, changelog, regardsprof"
49840.0,bug vive proprobug desc show ui vr want touch ui menu hand staticmash vr devicesv propro ui show topest layer alway pc show window ok vr view ui layer topi show ui use codeupd ui tick utexturerendertargetd rt widgetptrgetrendertargetstereolayerptrsettexturertin screenshot main pc screen lefttop error vr devicesth ui top handtool unreal engin cdevic vive pro vive prothi bug htc vive propro oculu rift havnt bugmor info chinesehtc vruiuistereolayerui vruipchtc vive proviv pro oculu rift svr uivrsteamvrvruiunr engin coculu rift spc vruitickuwidgetcomponentustereolayercomponentutexturerendertargetd rt widgetptrgetrendertargetstereolayerptrsettexturertvoidudyncaluimanagertickfloatdeltatim widgetstereolayerforintiiwidgetstereolayerpairarrnumi widgetstereolayerpairpair widgetstereolayerpairarriutexturerendertargetdrtpairwidgetptrgetrendertargetifrtisvalidlowlevel pairstereolayerptrsettexturertwidgetstereolayervoidudyncaluimanageraddwidgetstereolayerpairuwidgetcomponentwidgetustereolayercomponentstereolayerwidgetstereolayerpairpairpairwidgetptrwidgetpairstereolayerptrstereolayerwidgetstereolayerpairarraddpair,15,"server, nope, cheer, slight, august, multiplay, especi, soooo, biggest, journey"
41535.0,im tri simpli get vive tracker show ueim follow instruct video straight forward set current control vive tracker camera click edit current bind noth happen imag attachedif chang current control vive control index control click edit work work vive trackerthi mean cant set pose vive tracker match input sourc uei someth need unlock bind settingsim steamvr ue thank advanc,17,"street, propos, role, lp, seizur, overhead, charger, button, exist, care"
49649.0,hi find solus issuethank,6,"secondli, therew, favourit, phenomena, strike, vbc, rf, virtuallink, occas, msg"
49503.0,hey thereim port vr app oculu quest vive focu codewis problem app run camera track control action recogn finebut random crash camera view freez fix user headit doesnt matter use wave sdk open xr crash crash version bebd build type releas script backend ilcpp cpu armva crash revis crash abi arm crash timestamp crash pid tid name thread comrancherosdigitalnoneofyourbusi crash uid crash signal sigsegv code segvaccerr fault addr crash ff cc crash cfe crash cfe deadf crash crash ccb ba crash bf df crash eb dab crash dc crash sp lr cc pc ba crash crash backtrac crash pc apexcomandroidruntimelibbioniclibcso memcpi buildid aafbafe crash pc af dataappcomrancherosdigitalnoneofyourbusinessglxviudcfnnfxmmrhyxgalibarmlibunityso buildid bfdcccbfface crash pc db dataappcomrancherosdigitalnoneofyourbusinessglxviudcfnnfxmmrhyxgalibarmlibunityso buildid bfdcccbfface crash pc cbbb dataappcomrancherosdigitalnoneofyourbusinessglxviudcfnnfxmmrhyxgalibarmlibunityso buildid bfdcccbfface crash pc cb dataappcomrancherosdigitalnoneofyourbusinessglxviudcfnnfxmmrhyxgalibarmlibunityso buildid bfdcccbfface crash pc af dataappcomrancherosdigitalnoneofyourbusinessglxviudcfnnfxmmrhyxgalibarmlibunityso buildid bfdcccbfface crash pc ea apexcomandroidruntimelibbioniclibcso pthreadstartvoid buildid aafbafe crash pc bc apexcomandroidruntimelibbioniclibcso startthread buildid aafbafeeani idea,5,"bootcamp, emit, pressur, frustrat, base, constraint, viveconsol, igpu, ce, max"
49293.0,vive busi steam applic see focu control imag popul somewher computeralso im focu lobbi also focu control ring dont know get screen grab thatfin open vr templat unreal engin enabl steamvr plugin see vive focu control vrtemplatemapfrom popul obvious popul local directori anyon know find focu control mesh comput,28,"februari, asu, rma, hisher, keep, form, saber, buildtargetgroup, leftright, amazingtechvr"
49376.0,hickabroad prefer way load use helper script load appropri model regardless vive devic use rendermodelc compon model herelet know questionsthanksalex,14,"use, customerserviceortcom, mp, moreov, attack, delay, vagu, herethank, estor, develop"
48429.0,need develop busi applic virtual realiti vive focu plu exampl virtual heart surgeri train oil field train vive focu plu kindli share platform develop applicationsar specif develop kit tool provid vive applic need develop program languag applic develop,21,"definit, thingsi, approach, weekli, smoothli, highspe, account, pod, speech, careregard"
48603.0,hi ervinw support develop use wave sdk download nativ java toolkit use depend prefer experi team enabl decisionslet know help furtherthanksalex,14,"use, customerserviceortcom, mp, moreov, attack, delay, vagu, herethank, estor, develop"
49327.0,alexhtc saidhi ervinw support develop use wave sdk download nativ java toolkit use depend prefer experi team enabl decisionslet know help furtherthanksalexthank much detali respons hit point look answer brilliant,6,"secondli, therew, favourit, phenomena, strike, vbc, rf, virtuallink, occas, msg"
49252.0,right focu standalon devic depend batteri last maximum hour option recharg run experi sinc focu pro eye track function like htc pro eye possibl add eye track one comfort research experi peopl particip differ age want conveni one term realiti immers weight etc,36,"infrar, packag, own, swap, motiv, vivecomcod, narr, intact, qatar, appear"
49250.0,unreal engin project tri set player view specif posit begin vr simul use set track origin eye level option put player view right need track head movement also hand track longer align hmd sure miss note posit within move anim actorwhen use floor level stage option head track fine though start posit ideal sinc believ base custom floor set set play area option doesnt work project need sittingtyp view,36,"infrar, packag, own, swap, motiv, vivecomcod, narr, intact, qatar, appear"
49237.0,hello tri use vive tracker multipl track hous room know posit systemi wrapper steamvr addavark libraryi confirm usag within short term howev found corrid chang use longtremi think tracker loos track one track hous coorid changesi want fix coordin one track hous possibl,20,"prototyp, serv, appnam, craft, directx, aud, obstruct, els, destroy, markerbas"
49166.0,success launch vr project htc vive focu begin say connect control hand track support dont want reli control hand track enabl disabl popup begin,2,"nosourceunityenginedebugloghandlerinternalloglogtyp, righti, assist, bethesda, joint, talent, four, silli, gbp, inbox"
49217.0,anyon htc care comment mayb ill switch meta,5,"bootcamp, emit, pressur, frustrat, base, constraint, viveconsol, igpu, ce, max"
48895.0,hiim test sceneunderstandingscen sampl find script missingam miss part,31,"packagenam, faith, orion, easili, similarli, locationbas, empow, aliv, deliveri, smoother"
49111.0,hi adamhengit look like depend arfound script import uniti registryalex,0,"librari, webinar, orient, unlik, warp, daemon, beginn, energi, changelog, regardsprof"
49197.0,hi adamalso pleas make sure follow step exampl make sure prerequisit,0,"librari, webinar, orient, unlik, warp, daemon, beginn, energi, changelog, regardsprof"
49184.0,need abl switch vr packag ive set plugin provid oculu xr plugin manag deactiv vive wave stuff hierarchi whenev run app waveess waveeditor gameobjectscompon creat dontdestroyonload tri actual run app quest sinc ad vive wave sdk crash startupid love know creat waveess waveeditor object stop look like someth inputthank,19,"today, strateg, blutooth, steve, reset, reput, wolvic, stock, asu, differ"
49167.0,unreal engin vr includ lidar point cloud render without issu htc vive focu play editor launch headset lidar render run apk headset doesnt render either sure miss,25,"projectif, redeem, implement, motherboard, suggest, mad, communityi, bumper, noob, router"
48882.0,hello guy anyon know get raw data posit orient vive tracker via api openvr mani tracker get data timei find tutori teach get raw data headset control sure thing vive tracker sinc havent got,7,"zwwaitforworkviaworkerfactoryxffdbbf, function, heavili, observ, sit, caus, angular, ftin, develop, load"
48832.0,hiw develop vr solut industri purpos deploy mostli vive focu headset target profession user headset ok mostli fulfil expectationsour custom intern extern busi partner reli strong technic supportand unfortun made terrif experi vive support feel like support team never use headset toolbox dont undestand problem send total random answersand slow approxim day order get complet useless answer typic get answer like look vive develop page tri follow step help page give ticket closedw base germani support somehow alway speak german dont explicitli ask speak german pretti well way perhap problem dedic support speak german skillsim interest experi vive support good countri base tipp access better support english speaker examplethank repli,0,"librari, webinar, orient, unlik, warp, daemon, beginn, energi, changelog, regardsprof"
48765.0,develop devic servic hand track hardwar dof track order get fullyexpress pose tracker howev necessari queri hmd pose sensor mount hmd certainli seem finch control servic noth document devic servic might get inform context document vr client app that tri make hereani help would appreci,38,"programm, par, technolog, timei, disregard, van, csv, variant, wrote, pm"
38883.0,helloi use htc vive pro eye uniti version passthrough modal import srwork sdki want see separ display right left camera pictur attachedhow sothank,2,"nosourceunityenginedebugloghandlerinternalloglogtyp, righti, assist, bethesda, joint, talent, four, silli, gbp, inbox"
38886.0,icaher srwork pass document help get start,14,"use, customerserviceortcom, mp, moreov, attack, delay, vagu, herethank, estor, develop"
38909.0,thank,1,"appnam, guysw, modei, equal, colleg, easiest, euro, artifact, pming, mission"
48763.0,may choos camera render view option stereoscop camera attribut case left rightyou use stereoscop preview vfb preview effect button locat bottom toolbar frame bufferthi seem work normal make sure add physic cameraresult attribut left right camera assur correct view,21,"definit, thingsi, approach, weekli, smoothli, highspe, account, pod, speech, careregard"
48685.0,hello compani develop variou task vr condit htc develop implement driver program glass,20,"prototyp, serv, appnam, craft, directx, aud, obstruct, els, destroy, markerbas"
48478.0,hi therei look develop access htc vive headset access vive pro vive pro eye vive pro valv index skill unreal engin prefer ue will join establish team opensourc hackathon project due submiss juli thif interest pleas send messag thank youkind regard,14,"use, customerserviceortcom, mp, moreov, attack, delay, vagu, herethank, estor, develop"
34280.0,risk asid use manual treadmil vr fact want know whether possibl use vive tracker treadmil achiev motion vr accur would motion would develop myselfand ive seen video peopl step place achiev motion assum possibl want sure buy vive trackerslarpushka,36,"infrar, packag, own, swap, motiv, vivecomcod, narr, intact, qatar, appear"
34295.0,shkath issu endus solut like vr treadmil softwar your use support type locomot isnt standard driver facilit univers level fortun third parti driver tool call natur locomot specif support style tracker base movement your talk userexampl wont work everyth middlewar wont polish develop go develop nativ support depend game play certainli find game work well natur locomot one popular steamvr tool case youd probabl need pair snap turningaltern fit main goal tri use corridor runner game like pistol whip beat saber use treadmil without sort trackersher exampleof im talk abouta said post person risk type stuff your basic blind real world vredit search appar nolo flexibl enough thatyou even use joyconsfor basic feet track,26,"tiltbrush, technic, globe, effect, instrument, whichev, afternoon, overcom, mere, die"
34326.0,natur locomot hand usag though far understand say stand still move hand would still move forwardquotealtern fit main goal tri use corridor runner game like pistol whip beat saber use treadmil without sort trackersher exampleof im talk aboutimmers abil walk run toprat vr game goal here video made use manual treadmil pc game arduino treadmil sensor pc game kingdom come deliveranceright set goal halflif alyx skyrim etcquotea said post person risk type stuff your basic blind real world vrtrue recent found press elbow hold rail treadmil help reduc accid motion sick sinc give sens orient havent test long runsquoteedit search appar nolo flexibl enough even use joycon basic feet trackinginterest didnt see actual video work far ive seen sever idea solut none made video work natur treadmillv tracker seem like least clumsi solut there agilevr solut didnt see possibl script solut devic dont wanna undertak someth technic impossibleeditedapril larpushka,26,"tiltbrush, technic, globe, effect, instrument, whichev, afternoon, overcom, mere, die"
34341.0,ad feet track support dec someth that heavili discuss forum like ton consum tracker solut super flexibl though theyll accept feet input wide rang track devic,0,"librari, webinar, orient, unlik, warp, daemon, beginn, energi, changelog, regardsprof"
34343.0,problem dont see paramet could chang term calibr sinc im gonna walk place use treadmil could run like usain bolt theoret would give much slower pace perhap could go realli slowli treadmil would run pretti fast seem way calibr correct even calibr per that ok that current design pc game,17,"street, propos, role, lp, seizur, overhead, charger, button, exist, care"
34994.0,larpushka saidproblem dont see paramet could chang term calibr sinc im gonna walk place use treadmil could run like usain bolt theoret would give much slower pace perhap could go realli slowli treadmil would run pretti fast seem way calibr correct even calibr per that ok that current design pc gameselectron technolog machin difficult chang preprogram must good programm understand abl good luck,17,"street, propos, role, lp, seizur, overhead, charger, button, exist, care"
36238.0,that basic tell need work hard smart get done look practic specif inform guru advic,33,"teamit, questionnair, gold, sweep, optic, ecosystem, unsupport, isi, skew, blink"
36256.0,he wrong though game program receiv specif input vr nonstandard there huge rang develop implement movement system game backendsystem like natur locomot attempt leverag openvr driver level manipul tri emul standard input across huge rang target applic pretti cool work youll find stuff like steamvr ecosystem right nowunless develop go ad nativ support given usecas product ie treadmil your firmli world mod mod huge amount trial error deconstruct revers engineeringnatur locomot work treadmil gener sens work perappl type thing,26,"tiltbrush, technic, globe, effect, instrument, whichev, afternoon, overcom, mere, die"
47937.0,vive system track object room kind impress two station throw ir grid use hand tracker superior nice solid fix shape object sensor thought kinect like abil could see everyth room dont would seem like obviou thing add kinect stuff isnt terribl accur forthissort thing would think close enough dont need wire run youthi great work regardless need figur way deal vr better look like solid first step know folk would less thrill prospect love idea jog skyrim whatev get combin workout immers video time might want experi time would diffid want time,34,"ultim, heyi, soft, pdf, storefront, electr, relax, coax, forget, news"
47965.0,steamvr track base base laser time comput vision basest shoot laser sweep requir highli special steamvr sensor hardwar detect translat track datay track object add steamvr sensor eg vive trackerthi video old fairli accur visualizationcamera base track like continu improv offer new track option,38,"programm, par, technolog, timei, disregard, van, csv, variant, wrote, pm"
48427.0,problem dont see paramet could chang term calibr sinc im gonna walk place use treadmillso could run like usain bolt theoret would give much slower pace perhap could go realli slowli treadmil would run pretti fast gameit seem way calibr itcorrect even calibr per that ok that current design pc game,21,"definit, thingsi, approach, weekli, smoothli, highspe, account, pod, speech, careregard"
48368.0,creat openvr driver work fine tri ad devic driver trackeddeviceclassgenerictrack tracker devic receiv rd parti posit data via udp overlay posit data helmet posit data use trackingoverrid dont use base stationth problem use trackingoverrid overrid hmd posit window steamvr applic immedi pop prompt box prompt set room error code vr view display pci see method say chaperon json file use directli dont know use anyon tell detail unifi coordin system openvr driver avoid frequent popup room set steamvr want use posit data thirdparti posit data driver without rotat use rotat data htc vive helmet gyroscop combin thirdparti posit data rotat data htc vive helmet gyroscop fusion set posit rotat helmet togeth know gyro rotat data accur method correct get rotat data htc vive helmet gyroscop openvr driver note use lighthous base stationsi test lot exampl problem includ vive offici git sampl openvrdriverfordiy simpleopenvrdrivertutori mani morehop get help thank ask question steam forum realli bother long time hope get help thank,18,"meantim, hero, via, screenheight, vb, brief, lighthous, saiddo, degrad, lifespan"
5763.0,im new vr develop look hardwar focu plu good piec hardwar start price point access promi target audienc would enterpris wouldnt high intens game exampl train scenarioswhat consid make vr hardwar decisionthank,0,"librari, webinar, orient, unlik, warp, daemon, beginn, energi, changelog, regardsprof"
25946.0,realist desktop vr significantli easier standalon devic develop shippabl product right your new vr standalon headset like focu plu ton benefit inher standalon theyr mobil product current gener standalon use snapdragon port develop standalon requir specif skillseti video highlight help tip definit start focu youll abl get go faster desktopdesktop vr hand doesnt headroom limit dedic gpu handl geometri shade get away alot asset store asset gear toward desktop desktop develop ecosystem around longer there robust set tool forum post learn resourc ect instal base desktop hmd also higher standalon current develop target market your develop vr youll need game pc power gpu primari barrier prevent peopl get desktop vr your halfway alreadyeach platform limit usecas possibl develop project way work standalon desktop use intellig know optim standalon joke resourc intens wherea desktop doesnt requir focu optim youll abl iter much quicker mani tool comput resourc disposalher current top recommend resourc beginn maker toolkit creat vr,0,"librari, webinar, orient, unlik, warp, daemon, beginn, energi, changelog, regardsprof"
25947.0,wow thank detail explan make sens mei appreci feedback,8,"javascript, ita, meter, channel, physic, ipd, sku, clone, tomcgcmfc, narrow"
48304.0,look custom softwar develop compani best custom softwar develop servic deliv desir product hire expert qualifiedcustom softwar develop servic compani,20,"prototyp, serv, appnam, craft, directx, aud, obstruct, els, destroy, markerbas"
48181.0,heyhodoesanyoneknowifthereareanytrackableadviceslikethetrackerforstandaloneheadsetswewouldliketotrackthebodypositionandrotationdatabutalsowouldliketopreventsettingupthebasi stationandadesktoppcorlaptopthosetrackabledevicesshouldbeeasilyattachedtothebodycananyonethinkofasolut,0,"librari, webinar, orient, unlik, warp, daemon, beginn, energi, changelog, regardsprof"
46339.0,hii use focu headset unreal dont understand sometim even vr view work cant use control thingsi use toolfirst add motion control map secondli close unreal copypast plugin file wave sdk file project open project launch vr alway see vr view headset sometim control work sometim dontp tri use steamvr input option chang appear dont know use steam vr plugin activatedcould pleas help ps headset work well steamvr vive streamingthank advanc return,32,"laser, offens, broken, shell, zone, wont, shorter, collid, board, thin"
46343.0,right file work issu appear screen headset,1,"appnam, guysw, modei, equal, colleg, easiest, euro, artifact, pming, mission"
46432.0,hii someon could help pleas cant find solutionthank lot advanc returnsmoukarzel,6,"secondli, therew, favourit, phenomena, strike, vbc, rf, virtuallink, occas, msg"
48127.0,hifrom understand case unabl use control descript control setup fine use motion control compon abl see control timesmak sure vive wave vr pluge enabl turn vr plugin especi oculusvr steamvr prevent conflicti openxr plugin enabl direct preview avail wave sdk would like test directli editor,23,"annual, campaign, virtual, hunter, done, everi, sata, webvrwebxr, movement, develop"
43979.0,guid somewher uniti build set vive flow run app flow dashboardif build app vive wave xr packag app crash load,24,"keep, publicincludepathsaddpathcombinemoduledirectori, unfair, touch, obvious, lowest, similarli, took, cumbersom, dusti"
43980.0,admin delet,27,"onboard, televis, cart, draw, first, smoother, suppli, elig, ryzen, decid"
44111.0,would like know answer specif creat app use uniti vive wave sdk load onto vive flowsideload apk android phone doesnt seem solutioneditednovemb digitalarbitrag,17,"street, propos, role, lp, seizur, overhead, charger, button, exist, care"
44112.0,figur step seem beinstal unityinstal uniti plugin wave sdkinstal android studioconnect vive flow pc possibl might also need connect android phonestart project unityin uniti select file build set open build set dialogin build set dialog select androidset run devic htc vive flowselect build runth app run vive flow headset,36,"infrar, packag, own, swap, motiv, vivecomcod, narr, intact, qatar, appear"
48079.0,experienc develop help exampl id definit recommend hire aded team develop peopl profession field,21,"definit, thingsi, approach, weekli, smoothli, highspe, account, pod, speech, careregard"
47214.0,hello want make custom control beat saber use vive tracker supris way set tracker default control insid steamvr thing set tracker held hand appar normal cotrol pick trigger input steamvr home doesnt show hand way make also found solut reddit safe make modif tracker thank,13,"core, technic, ctrl, dd, die, everyoneim, hii, entrypoint, enterpris, physic"
47215.0,mnsteamvr fairli uniqu bind system that mostli design around valv index controllerssinc your work app didnt creat creat limit ad nativ support alway bestviv tracker someth pogo pin bottom simul control input base simpl binari circuit bridg ground pin one input pin steamvr get input signal use anyth conduct like paperclip bit wire complet circuit test purposesif didnt write target app mix bag get work input map workingther also usbhid interfac that much complex useif diy project person solut pretti clever get around limit firmwar stuff,26,"tiltbrush, technic, globe, effect, instrument, whichev, afternoon, overcom, mere, die"
47216.0,tri use pogo pin doesnt pick input,21,"definit, thingsi, approach, weekli, smoothli, highspe, account, pod, speech, careregard"
47987.0,anonymn saidi tri use pogo pin doesnt pick input itreinstal updat tri,21,"definit, thingsi, approach, weekli, smoothli, highspe, account, pod, speech, careregard"
48021.0,darlen haskin saidreinstal updat tri againi alreadi solv chang config mention insid reddit post tracker seen control insid steamvr,14,"use, customerserviceortcom, mp, moreov, attack, delay, vagu, herethank, estor, develop"
48054.0,mndo control test option havent tri tracker might abl see input use control test tool,21,"definit, thingsi, approach, weekli, smoothli, highspe, account, pod, speech, careregard"
48077.0,test normal show trigger button press noth,21,"definit, thingsi, approach, weekli, smoothli, highspe, account, pod, speech, careregard"
44477.0,reason current project use steamvr plugin follow tutori doesnt work find someon said vive tracker role changer chang role tracker control thu get input howev longer existsi way achiev thisthank advanc steamvr plugin solut also welcom,17,"street, propos, role, lp, seizur, overhead, charger, button, exist, care"
47201.0,strugl get vive tracker pogo pin input follow get extact instruct hereapkgenuin,33,"teamit, questionnair, gold, sweep, optic, ecosystem, unsupport, isi, skew, blink"
47152.0,hello allher problema see pictur imag project screen vp well center pictur vp imag total shift rightso im look way shift recentr imag project screen nativelyi contact vive support week search send herei hope someon abl help thanksi french sorri broken english,27,"onboard, televis, cart, draw, first, smoother, suppli, elig, ryzen, decid"
47177.0,veri view headset correct also shiftedsteamvr mirror let select eye render fromthi might one content specif thing,33,"teamit, questionnair, gold, sweep, optic, ecosystem, unsupport, isi, skew, blink"
47183.0,erceptionhelloin headset worriesi alreadi tri steamvr mirror vive consol mirror ndiall solut work meim look nativ shift imag centr project right eye directli via vp filesthi noth headset problem car simul gamesunfortun moment seen anyon find solutionthank,23,"annual, campaign, virtual, hunter, done, everi, sata, webvrwebxr, movement, develop"
46771.0,helloi vive pro eye vr headset realtim render project want display render scene data htc vive pro eye also need eyetrack data render scene accur three questionsi found sranip nativ sdk languag could use realtim eye track betteraltern way access eye track datahow send render data vive pro eye find sever option egtobii xropen xr vive openxr openvr sdk howev tobii xr sdk probabl work vive pro eye left us last three sdk sdk could use send data headset suggest documentationif could sdk handl eye track commun vr would even betteron question sdk openxr openvr commun render right meant need send stereo render scene vr render render engin openxr openvr would take part render rightthank suggest advanc,1,"appnam, guysw, modei, equal, colleg, easiest, euro, artifact, pming, mission"
46973.0,vive pro eye better option sranipaltobii xr work vive openxr support uniti unreal openvr sdk deprec use openxr hardwar agnosticnot moment openxr might sure yet,38,"programm, par, technolog, timei, disregard, van, csv, variant, wrote, pm"
47151.0,found sranip nativ sdk languag could use realtim eye track better altern way access eye track datahow send render data vive pro eye find sever option egtobii xr open xr vive openxr openvr sdk howev tobii xr sdk probabl work vive pro eyethat left us last three sdk sdk could use send data headset suggest documentationif could sdk handl eye track commun vr would even betteron question sdk openxr openvr commun render righti meant need send stereo render scene vr render render engin openxr openvr would take part render rightj flore bakeri serviceeditedapril eltonwisk,1,"appnam, guysw, modei, equal, colleg, easiest, euro, artifact, pming, mission"
47102.0,possibl get eye track camera steam show uniti,2,"nosourceunityenginedebugloghandlerinternalloglogtyp, righti, assist, bethesda, joint, talent, four, silli, gbp, inbox"
47119.0,access raw imageri avail sranip sdk access raw imag permit sranip sdkruntim per anddevelop privaci guidelinesth vive pro also directli compat tobii xr sdk come lower level access hardwar well suit tool analyt licensesel access directlytobii make eye tracker unit sranip subset sdkruntim that licens use redistribut vive pro eye,24,"keep, publicincludepathsaddpathcombinemoduledirectori, unfair, touch, obvious, lowest, similarli, took, cumbersom, dusti"
47126.0,erceptionthank infoi possibl watch eye track camera use tobii tool extern,38,"programm, par, technolog, timei, disregard, van, csv, variant, wrote, pm"
47137.0,would differ tobii current answer sinc sdk technic rd parti product believ past allow raw imag time think requir specif analyt licens,21,"definit, thingsi, approach, weekli, smoothli, highspe, account, pod, speech, careregard"
36424.0,thought id throw vive setup fallout vr let explain ive learnedth chair big thing make play area giant circl goe wall im stand vr keep frame show break immersionth seat sit whenev come termin puzzl arm rest get way swivel chair depend turn stand headrest get wayth water bottl tool box refer point touch toolbox foot know reset setup wish wireless signal ac power suppli option headset make cabl thinner would need keep batteri thenand could set anyon home go fallout feel like ive left home respons keep actual locat room mind dont destroy anythingwork progressl long prosper,0,"librari, webinar, orient, unlik, warp, daemon, beginn, energi, changelog, regardsprof"
45936.0,your plan decor room see idea thishow creat otaku corner mani design thing may add room like game anim manga also combin theme,28,"februari, asu, rma, hisher, keep, form, saber, buildtargetgroup, leftright, amazingtechvr"
47037.0,like bottl toolbox refer know place,23,"annual, campaign, virtual, hunter, done, everi, sata, webvrwebxr, movement, develop"
46818.0,helloi wonder guid develop app ue vive flowjust tri turn allow usb debug flow connect pc creat openxr vr sampl project ue android develop tool write app oculu quest chose build deploy vive flow output log say run without error see black screen run ue im new vive flow tri restart devic find app see intern storag librari cant run without debugg set allow app unknown sourc enabledanyway anyon give tip project set need turn let knowthank,27,"onboard, televis, cart, draw, first, smoother, suppli, elig, ryzen, decid"
46824.0,dont think there support ue yet abl run apk flow build wave sdk plugin,11,"themself, dialog, hunt, donat, demonstr, potenti, densiti, checkbox, mon, circl"
46866.0,thank help lot download wave sdk abl build sampl project ran flow cool doesnt look like there support openxr yet come later mayb,23,"annual, campaign, virtual, hunter, done, everi, sata, webvrwebxr, movement, develop"
46813.0,long time listen first time callerwer issu get accept port quest focu antialias perform match visual qualiti binari oculu quest msaa make object alpha materi go complet transpar push higher level kill perform fxaa smaa im told happi correct suitabl mobil resourc hungryasset avail uniti asset store help via tempor method seem dead end mayb havent tri right onesthi run headset tether pc port run beauti quest although standard pipelin import reason univers app run stereo chunk geometri anim element alpha materi wellani tip commun best practic get realli great aa focu urp run headset,27,"onboard, televis, cart, draw, first, smoother, suppli, elig, ryzen, decid"
46730.0,hi therei set vive tracker unreal record scene insid sequenc long see motion control doesnt work play everyth right work except rotat tracker point sky instead point front tri manag tracker steamvr chang tracker role differ locationsdiffer blueprint chang rotat axi didnt workplug tracker pc tri fix rotationrot camera compon blueprintoutlin worst option tracker get crazyth easiest solut could buy shape rig handheld chang posit tracker way make work without suggest,7,"zwwaitforworkviaworkerfactoryxffdbbf, function, heavili, observ, sit, caus, angular, ftin, develop, load"
46602.0,hello im develop turn key product util vive product use physic prop booth style area track product aim use base station per booth order resolv occlus issu caus untrack prop case mani booth setup next part solv track issu use differ base station channel ad partit bay seen forum discuss howev question edg case customiz make experi main goal make sure user never touch steamvr also give background im use openvr openscenegraph applic window comput known answer question gener would greati possibl set base station channel extern steamvr configur channel interfac set via code command lineth steamvr statu ui grey duplic channel base station happen determin channel base station use distanc base station seenconfigur firstwhen vive hmdtracker see multipl base station possibl set base station use track via code exampl say want track base station lhbi tri give enough inform allow answer much tmi let know detail neededthank time,6,"secondli, therew, favourit, phenomena, strike, vbc, rf, virtuallink, occas, msg"
46603.0,valv limit public commandsapi around basest specificallyaround push firmwar updat im awar way programmat interfac steamvr valv control system theyr decid access level tool two station duplic channel within line sight steamvr sensor that direct interfer correct mechan expect display think loos concept primari secondari station headset upto primari station steamvr also seem pull sampl data station environ well gener recommend physic unplug station dont want act primari track station setup station want weigh calibr plug preform room setupquick calibratesteamvr seem factor data secondari station work seem mostli proprietari blackbox physic isol way ensur fulli isol track systemsfor seriou instal recommend use someth like smart plug control power state base station automat turn station system isnt use maxim lifespanther pinhol back unit manual channel chang could use preconfigur unit somewhat client dont adjust channel,16,"confin, flawlessli, abstract, use, mostli, randomli, dollar, indi, dash, myselfi"
46604.0,erceptionthank quick respons sort figur programm interfac pipe dreaminggood know primari secondari station didnt know part system also didnt know pinhol could usefulthank,33,"teamit, questionnair, gold, sweep, optic, ecosystem, unsupport, isi, skew, blink"
46605.0,hhere document vive creat might help,18,"meantim, hero, via, screenheight, vb, brief, lighthous, saiddo, degrad, lifespan"
46222.0,hiit seem succeed move insid blender scene backwardforward rightleft stick rotat zoom button focu headsetit work two time doesnt worki somebodi know blender work headset use blender addon vr scene inspect dont remerb seem also addon show option andor use anoth blender versionp use also blenderxr headset even scene move well zoom work button control doesnt work moreov longer supportedthank lot advanc return,34,"ultim, heyi, soft, pdf, storefront, electr, relax, coax, forget, news"
44886.0,hi work unityd might know format export tri insid vive focu htc send link manual tootutorialthank,8,"javascript, ita, meter, channel, physic, ipd, sku, clone, tomcgcmfc, narrow"
44895.0,mo focu driven wavesdk deploy content focu uniti would need integr wavesdk plugin project build apk desir target devic wavesdk target multipl devicesfocu flow support apk file support obb applic containersif your work version uniti prior uniti much harder port focu,26,"tiltbrush, technic, globe, effect, instrument, whichev, afternoon, overcom, mere, die"
44916.0,hi thank creat vr htc uniti need wavesdk would also need steamvr plugin thank,26,"tiltbrush, technic, globe, effect, instrument, whichev, afternoon, overcom, mere, die"
44856.0,hello everyonei want know button inform mobil phone control wave xr pluginto make teleportthanksediteddecemb viveflow,30,"hesit, subject, alway, metadata, reinstal, probabl, elsethank, ok, sure, particularli"
43972.0,passthrough view flow imagin would bei possibl technic userdevelop remov camera flow headset replac higher qualiti camerasif higher end camera hardwar recommendar softwar chang would need type modif,21,"definit, thingsi, approach, weekli, smoothli, highspe, account, pod, speech, careregard"
42624.0,hi alli recent upgrad unreal engin plugin call rigel one full bodi motion captur solutionrigel use vive tracker bodi track tracker valv knuckl notiom hi finger track iphon facial trackingwith ad nativ support autodesk maya humanik mixamo blender autorig pro plugin dazd rig charactersrigel releas videoregardsnicola esposito,19,"today, strateg, blutooth, steve, reset, reput, wolvic, stock, asu, differ"
42050.0,hello guysim wonder someon manag get cordova someth similar correctli run focu plu im tri webbas offlin applic run headset use webvr problem control doesnt work even go menuehom view direct rotat around seem devic report wrong gyro valu anyon got hintdirect overcom issu would highli appreci,16,"confin, flawlessli, abstract, use, mostli, randomli, dollar, indi, dash, myselfi"
41290.0,curios complet htc guidelin tracker usag decid bit stress test order see bad track get strong light specif daylight also use weldk torch close proximityresult complet unexpectedv tracker stress test,13,"core, technic, ctrl, dd, die, everyoneim, hii, entrypoint, enterpris, physic"
37991.0,im proud announc rigel one full bodi motion captur solut built use unreal engin bodi finger face releasedrigel releas videoy download tri demo use linkrigel demoi also creat seri video tutori order understand vive tracker setup use rigel detail document pagerigel video tutorialsrigel documentationi want person thank noitom provid support hardwar year thank dr tristan dai alex teami also would like thank valv send valv knucklesa huge shout ian ross took care convert rigel fix bug creat pluginthank epic game creat unreal engin becom favourit softwar timeif would like know rigel use link regardsnicola esposito,17,"street, propos, role, lp, seizur, overhead, charger, button, exist, care"
38581.0,rigel releasedi sever improv rigel last month order make hand feet track precis also ad uniqu featur integr full bodi vr setup advanc interact use vive control valv knuckl noitom hiv rigel updat,32,"laser, offens, broken, shell, zone, wont, shorter, collid, board, thin"
41289.0,rigel updat ad follow featur fix arm delta ad ui advanc set arm delta slider updownx allow dynam extendshorten arm reach hip height automat set initi calibr longer float feet bent leg calibr fix clavicl pop arm rais fix metahuman uistandardandvr demohav updat rigel unreal engin experiment version avail sinc noitom hi plugin yet avail youll get error andor crash youll abl test rigel ue,23,"annual, campaign, virtual, hunter, done, everi, sata, webvrwebxr, movement, develop"
41107.0,hi everyonefor research project would like visualis leg passeng virtual vehicl environ vive tracker use follow system htc vive pro eye steam vr uniti steamvr uniti plugin open vri way possibl visual leg passeng vive tracker analog vive control visualis hand dont want customis leg intent passeng virtual vehicl environ see pair leg leg dont adapt individu passengerhow mani tracker would need set would makethank youregard benedikt,21,"definit, thingsi, approach, weekli, smoothli, highspe, account, pod, speech, careregard"
41025.0,hellocould someon clarifi differ data collect gazeray pupil diamet etc focus object detect tobii xr sdk versu vive sranip sdk especi sampl rate datafocu detect accuracythank,37,"critic, unlimit, ff, experi, grenad, matur, san, giant, objectunityenginedebuglogerrorobjectunityeditorandroidgradleinvokationexceptionparseandshowexceptionunityeditorandroidpostprocessorpostprocessrunnerrunalltaskspostprocessorcontextunityeditorandroidpostprocessandroidplayerpostprocessbuildtarget, conjunct"
40795.0,hi everyon new htv vive forumi want creat demo app show system camera content extern camera connect comput virtual scene show user himselfherself hesh wear headset even possibl vive thatthank advanc,5,"bootcamp, emit, pressur, frustrat, base, constraint, viveconsol, igpu, ce, max"
40798.0,mean like mix realityang easiest solut would use liv sdk also variou product trick green screen achiev desir effect,24,"keep, publicincludepathsaddpathcombinemoduledirectori, unfair, touch, obvious, lowest, similarli, took, cumbersom, dusti"
36262.0,helloi tri local object mobil robot exampl size space wonder someon could help question wall object could occlud track devic still robustli local tracker presenc interfer buy basest would solv occlus problem mani basest need buy order cover entir space singl coordin system dens could pleas let know track accuraci open sourc sw api support read pose track devicehtc vive seem nice solut compar camera base motion track system term price performancebest regard,36,"infrar, packag, own, swap, motiv, vivecomcod, narr, intact, qatar, appear"
36275.0,basest track isnt realli meant multiroom deploy everyth current design optim usag singl room steamvrfor anyth xm youd need use steamvr track track support upto basest array help occlus meant singl room setup could probabl get basic result mount basest four corner inabl track devic see station would make extrem challeng steamvr algorithm creat coher track universeroomsetupa singl instanc steamvr compositor requir pose estim support upto basest technic pull addit data station way document cannot use reliabl systemtrack accuraci submillimet true accuraci depend deploy paramet everi instal environ differ thing like reflect surfac affect accuracysteamvr entir proprietari tech stack open sourc way interfac steamvr track devic must use openvr sdk correspond steamvr runtim decod data tracker translat pose estimatekinect lowcost option kind stuff sinc array multipl sensor array sdk optim skelet track may abl use marker base system usecas advanc system like optitrack would track volum size,38,"programm, par, technolog, timei, disregard, van, csv, variant, wrote, pm"
36280.0,thank kind replyi research optitrack system also doesnt guarante solv occlus problemnev heard kinect array setup could kindli let know link relat technic document itbest,33,"teamit, questionnair, gold, sweep, optic, ecosystem, unsupport, isi, skew, blink"
36282.0,two solut occlusionput track camera devic differ set occlus limitationsus extern sensorscamera,1,"appnam, guysw, modei, equal, colleg, easiest, euro, artifact, pming, mission"
36287.0,thank kind replycould pleas tell configur doabl let suppos three set vivebaselin three vive tracker possibl uniqu calibr vive tracker respect set basest exampl make tracker vt respond basest vt respond need know coordin transform may sound crazi would like find way use vive systembest,33,"teamit, questionnair, gold, sweep, optic, ecosystem, unsupport, isi, skew, blink"
40607.0,hankm saidthank kind replycould pleas tell configur doabl let suppos three set vivebaselin three vive tracker possibl uniqu calibr vive tracker respect set basest exampl make tracker vt respond basest vt respond need know coordin transform may sound crazi would like find way use vive systembestwer abl iti larg area want localizewa wonder work,33,"teamit, questionnair, gold, sweep, optic, ecosystem, unsupport, isi, skew, blink"
40285.0,greetingsim student end second year go toward year educ candid degre comput sciencethi survey part investig part thesi regard authent possibl within field headmount displaysthi aim softwar develop work either virtual augment mix realitytak roughli minut answer answer anonymousy may submit answer heresurvey headmount displaysfeel free share link develop answer give better accuracyyour help greatli appreci thank,7,"zwwaitforworkviaworkerfactoryxffdbbf, function, heavili, observ, sit, caus, angular, ftin, develop, load"
40350.0,clarificationmi name sebastian jonsson secondyear student swedish linnaeu univers work toward candidatei reach current secondyear thesi blevel regard biometr authent regard ocular periocular area well use mani headmount displaysi hope wish take part anonym survey sent sever compani forumsi leav link survey time limit thesi work question may would happi answer time permitssurvey link minut,34,"ultim, heyi, soft, pdf, storefront, electr, relax, coax, forget, news"
40522.0,survey close gmt,35,"code, xffdcfd, japan, applic, xrinstancet, xrkhrwinconvertperformancecountertim, rtluserthreadstartcal, cup, inspir, sensit"
31373.0,curiou know updat correct imu data vive tracker prolong vibrat skew track data know tracker low pass filter correct plan add current tracker without proper track well probabl end abandon vive tracker,33,"teamit, questionnair, gold, sweep, optic, ecosystem, unsupport, isi, skew, blink"
32883.0,blackboxvrno lp support roadmap vive tracker due chang event haptic trigger work within steamvr input underli steamvr hardwar firmwar architectur old lp methodolog longer valid break track new system new system appar mean implement lp would difficult implement develop side point itd impract sinc lp requir event trigger sent tracker prior haptic eventther lbe compani that come physic isol methodolog recommend profession use case im check see allow refer behind nda,38,"programm, par, technolog, timei, disregard, van, csv, variant, wrote, pm"
35033.0,pm vibrantnebula saidblackboxvrther lbe compani that come physic isol methodolog recommend profession use case im check see allow refer behind ndavibrantnebula unabl find lbe compani develop highprofil vr experi use haptic gun caus signific track issu lighthous setup use tracker desper seek solut forc abandon lighthous track vive tech your abl post compani name publicli would will allow connect us sign nda would will hear need team decid theyd like contact us happi pay effect solutionregardsrob,20,"prototyp, serv, appnam, craft, directx, aud, obstruct, els, destroy, markerbas"
40133.0,upgrad vive acceleromet allow higher vibrat without lose mind float offit appear anyth higher gs extrem low limit easili exceed bump itthat achiev upgrad without chang code would hope version would includ robust acceleromet,39,"detail, lazi, sing, kranki, decad, vri, fpsvr, hii, afford, surprisingli"
40163.0,printingsteamvr specif relationship imu basest output data hz interleav behavior complex station imu data requir sensor fusion base station provid updat speed imu imu play huge role microadjust interpol arent enough optic sampl pose strong gshock realli confus sensor fusion take frame optic data track system get enough optic sampl creat pose estim make sens optic sensor see imu reportingit isnt vivespecif thing low level steamvr track thing past certain depth steamvr track blackbox everybodi outsid valv youd hit similar issu steamvr hardwar specif probabl vari littl similarli optic track system similar limit addit limit track camera oper less hz everi track system differ way tri smooth uncertainti track system updat slower devic move physic space steamvr use less predict model oculu alot oculu track filter machin learn isnt repres real sensor valueswhen deal highg forc highspe track scenario use highspe imag system like optitrack may option mani highperform use casesprintingit case imu robust case track compon basest work fraction refresh speed imu imu output data that high delta sensor fusion creat valid pose estim need hit enough optic sampl properli place againfirst gener vive tracker low pass filter firmwar option could provid level buffer help smooth gspike approach possibl newer steamvr track implement due chang steamvr hardwar stackif situat your regularli get move control faster steamvr track your realli realm optitrack highdemand solut,26,"tiltbrush, technic, globe, effect, instrument, whichev, afternoon, overcom, mere, die"
40073.0,hirec set small step world vr hit limit seem relat comput vive pro eye current connect ryzen gbramgeforc gtx gbi intent buy new pc may fit usecas hope get feedback buy spend money onw recent alreadi bought vive pro eye intent use academ studi focuss speak task peopl suffer speech disablitiestri creat control environ play prerecord video vive pro eye task would use sranip get insight area particip look within videofor found may possibl unityfollow approach suggest link abl play video current via uniti playmod vive pro eyeit clear whether playmod best way uniti first buildfollow approach suggest link abl extract eye data play uniti write outputfil later interpretationfor output mostli lot number interpret data repres best interpretedextract one next task pilotbut alreadi abl confirm sampl ms hz reach vive pro eye although see sampl far wors time cfr figur beloww suspect may larg due fact pc current use perform enough taskdur play uniti also saw resolut video worsecompar play video regular videoplay flat pc screencompar play video video player app vive pro eye itselfw also detect video play smooth use uniti play smooth use nativ player vrheadsetw therefor assum compon comput bottleneck focu thisto accomplish good enough vrexperi good enough enough eye sampl decid procur new comput make possiblethi either pc laptopprefer use uniti mainli seem alreadi possiblebut choos anoth ecosystem make sens also option long still extract eyedatai howev familiar pick spec system sinc fund somewhat limit cannot max specsther interest inputfor exampleprocessorintel amdwhich seri certain subtyp better suit other suggestionsmemoryhow much memori enough gbi speed memori import factor thisvideo cardfor assum one big problem current system gtx hope much benefit gain move anoth systemfor conveni laptop prefer small desktop provid far better result also optionsuggest specif cardhop user experi might better use foveat render attrcat geforc rtxhowev opinion compliant complic approach intent use video even consid foveat renderingoth import componentsw hope spend around eur entir new system,36,"infrar, packag, own, swap, motiv, vivecomcod, narr, intact, qatar, appear"
39819.0,format pngjpgsize px px mbthi size requir inform que read bottom px portrait hero reservedso portrait,35,"code, xffdcfd, japan, applic, xrinstancet, xrkhrwinconvertperformancecountertim, rtluserthreadstartcal, cup, inspir, sensit"
3553.0,hi allth documant bit scarc regard base station spec set track area steamvr cannot seem allow bigger play area xm although vive pro sku set base station theori xm basest right mean diagon base stationsif base station longer apart steamvr complain well although track work,5,"bootcamp, emit, pressur, frustrat, base, constraint, viveconsol, igpu, ce, max"
18693.0,basest individu rate rang meter ideal environ mean could creat upto diagon two basest expect devic reason track real world condit vari ideal rang consist steamvr complaint use addit basest area larger diagon achiev advanc featureset final yet,38,"programm, par, technolog, timei, disregard, van, csv, variant, wrote, pm"
18701.0,sure speed look forward firmwareupgrad add two base station mixi find base station handl distanc fine mount high realli help alot mhowev order make xm track area basest diagon distanc calcul wrongreach steam vr complain although base station maccordingli steamvr apart track work fine,24,"keep, publicincludepathsaddpathcombinemoduledirectori, unfair, touch, obvious, lowest, similarli, took, cumbersom, dusti"
26143.0,confirm document includ box vive pro headset kit imag includ basest incorrectmax play area thing rang meter uptos diagon fact squar play area side would impli diagon rang approxmi mif document incorrect limit known sinc least june pleas explain kit purchas april still contain incorrect inform,38,"programm, par, technolog, timei, disregard, van, csv, variant, wrote, pm"
26144.0,two station cover area around depend environ coverag station station themself rang steamvr want mount apart optim trackingth diagon longer tether hmd howev mani case teather actual dictat rang hmd massiv playspac littl rang hmd playspac simpli refer roomsetup configur store steamvr composit output engin everybodi use pro tether everybodi use pro use station there quit bit ofi dont see anywher imag refer rang diagon imag someth get cut bottom im sure your get valu,6,"secondli, therew, favourit, phenomena, strike, vbc, rf, virtuallink, occas, msg"
26185.0,two station cover area around depend environ coverag stationsthi agre document includ vive pro headsetth station themself rangethi agre document previou sentencein order cover area around wouldnt base station place apart basic geometrywhat im ask think op ask origin exactli zero rang hmd tether playspac steamvr let set chang tether unteth setupaddit true everybodi use pro use station imag shown document includ vive pro kit includ station depict station max rang malso seem cut thought midsent say there quit bit ofyou correct noth imag refer rang quot earlier post thread repli entir point post made nearli year ago disagre document includ kit purchas month agoagain would like ask discrep exist well isnt uptod document avail devic year,13,"core, technic, ctrl, dd, die, everyoneim, hii, entrypoint, enterpris, physic"
39580.0,hi thereiv exact problem newli purcahs vive pro kit wireless adaptorth document ship equip attach show maximum play area xm use base stationshowev use steam vr room setup allow play pace even larger area trace attachedthi appear ongo issu pleas clear respons set xm playspac base station advertisedmani thank,36,"infrar, packag, own, swap, motiv, vivecomcod, narr, intact, qatar, appear"
39583.0,fthi unfortun legaci behavior steamvr roomsetup app click next actual get headset youll notic chaperon wall correct placein short steamvr compositor handl larger space upto right base station configur room setup app subdivid xm area within larger space center boundari xm playspac get report video engin unityunr order help app properli abl center reason xm cross roomscal start get arena scale stuff forc virtual xm space save develop built app seat smaller space redesign app work larger space tell older app huge room wouldnt know handl correctli would caus compat issu often call playspac wall actual extend beyond playspaceit smaller virtual section playspac verifi size actual playspac put headset see wall arei hope valv fix point futur confus af,0,"librari, webinar, orient, unlik, warp, daemon, beginn, energi, changelog, regardsprof"
39523.0,hello camera htc vive cosmicfisheyecameraswher get thedemovideo output vr want buy one littl worri resultwhich one power devic vrmani thanksbest,36,"infrar, packag, own, swap, motiv, vivecomcod, narr, intact, qatar, appear"
38538.0,hiim final year robot phd student im current stream feed stereolab zed headset look like watch screen doesnt cut ive also tri ricoh theta camera resolut aw induc motion sick im think stereo camera might way go im look advic best one might modest research budget cant afford cost thousand thousandsthank advanc,8,"javascript, ita, meter, channel, physic, ipd, sku, clone, tomcgcmfc, narrow"
38798.0,pleas use googl translat futur messag confus question want camera make imag video look standard imag base camera video work etc that case dedic video camera photo camera would suit,21,"definit, thingsi, approach, weekli, smoothli, highspe, account, pod, speech, careregard"
39094.0,hi thought find answer ask someon recommend camera maximum captur angl thank,23,"annual, campaign, virtual, hunter, done, everi, sata, webvrwebxr, movement, develop"
39095.0,sanitygam saidpleas use googl translat futur messag confus question want camera make imag video look standard imag base camera video work etc that case dedic video camera photo camera would suitedenglish first languag apolog thought question poorli written need webcam stream htc vive virtual realiti headset use uniti look advic camera might best either camera thank,21,"definit, thingsi, approach, weekli, smoothli, highspe, account, pod, speech, careregard"
39096.0,mithackeyextern stereo camera hmd pretti nich thingzedcamerai pretti much defacto lead solut ive told sdk intermediateadvanc side spectrumlook like new sku,24,"keep, publicincludepathsaddpathcombinemoduledirectori, unfair, touch, obvious, lowest, similarli, took, cumbersom, dusti"
39097.0,vibrantnebula saidmithackeyextern stereo camera hmd pretti nich thingzedcamerai pretti much defacto lead solut ive told sdk intermediateadvanc side spectrumhi thank replythat interest ive found zed camera im current use much less immers like look screen within headset tip improv field view pleas,38,"programm, par, technolog, timei, disregard, van, csv, variant, wrote, pm"
39099.0,ackey fov probabl hardwar limit dont think us vive direct experi zed realli nich product contextth problem tri get vr vr camera pipe uniti real time camera manufactur dont offer requisit sdk process imag realtim pipe unitypretti much everi camera know offer live stream gear toward provid stream youtub that realli practic use there consider delayz defactolead simpli offer runtim sdk requir type realtim render hmdyou could tri find wide fov webcam bring uniti standard webcam distort geometri your play back get someth that stereo correct monocorrect would difficult custom implement,21,"definit, thingsi, approach, weekli, smoothli, highspe, account, pod, speech, careregard"
39101.0,vibrantnebula saidackey fov probabl hardwar limit dont think us vive direct experi zed realli nich product contextth problem tri get vr vr camera pipe uniti real time camera manufactur dont offer requisit sdk process imag realtim pipe unitypretti much everi camera know offer live stream gear toward provid stream youtub that realli practic use there consider delayz defactolead simpli offer runtim sdk requir type realtim render hmdthank much that realli help tri degre webcam wonder unfortun resolut realtim insuffici keep zed someth els come along thank,21,"definit, thingsi, approach, weekli, smoothli, highspe, account, pod, speech, careregard"
39103.0,ackeyi might recommend ask inthi groupif anybodi current lead knowledg zed practic solut mostli focus dof vive camera tech ton hardwar vendor move quickli,24,"keep, publicincludepathsaddpathcombinemoduledirectori, unfair, touch, obvious, lowest, similarli, took, cumbersom, dusti"
39104.0,vibrantnebula saidackeyi might recommend ask inthi groupif anybodi current lead knowledg zed practic solut mostli focus dof vive camera tech hardwar vendor move quicklygreat thank,24,"keep, publicincludepathsaddpathcombinemoduledirectori, unfair, touch, obvious, lowest, similarli, took, cumbersom, dusti"
37331.0,hi alli anyway access calibr data thank,37,"critic, unlimit, ff, experi, grenad, matur, san, giant, objectunityenginedebuglogerrorobjectunityeditorandroidgradleinvokationexceptionparseandshowexceptionunityeditorandroidpostprocessorpostprocessrunnerrunalltaskspostprocessorcontextunityeditorandroidpostprocessandroidplayerpostprocessbuildtarget, conjunct"
37339.0,access interest eye track sdk provid valid statu flag calibr need,36,"infrar, packag, own, swap, motiv, vivecomcod, narr, intact, qatar, appear"
37340.0,si possibl acquir fixat posit eye posit calibrationeditedseptemb jc,1,"appnam, guysw, modei, equal, colleg, easiest, euro, artifact, pming, mission"
37354.0,current offici access calibr data beyond mention last post gaze direct eye posit data avail calibr inform need,21,"definit, thingsi, approach, weekli, smoothli, highspe, account, pod, speech, careregard"
37356.0,sthat unfortun thank help though,27,"onboard, televis, cart, draw, first, smoother, suppli, elig, ryzen, decid"
38979.0,hi often calibr thank,33,"teamit, questionnair, gold, sweep, optic, ecosystem, unsupport, isi, skew, blink"
38980.0,mittfor best accuraci exampl researchtrain ideal calibr would done everi time user put hmd sinc everi time place adjust slightli differ posit use case game develop eye track accuraci less necessari rare calibr unless switch user,10,"instrument, webxr, highli, appropri, halloween, speed, vivev, prefer, submiss, gig"
38938.0,helloim use vive pro eye headset project uniti version augment realiti sr work sdkto get outsid world front face camera passthrough modal import srworkframework prefab uniti projecti obtain stream video appli imag process render suppos search script relat srworkframework prefab anyway cant understand script get stream video inform savedi search previou topic noth suitabl someon help solv problemthank,21,"definit, thingsi, approach, weekli, smoothli, highspe, account, pod, speech, careregard"
38944.0,icaher document srwork pass get start,14,"use, customerserviceortcom, mp, moreov, attack, delay, vagu, herethank, estor, develop"
38347.0,develop cad robot softwar develop use cad compon provid alreadi integr viveport sdk get real time posit trackersit clear us send vr headset content applic,0,"librari, webinar, orient, unlik, warp, daemon, beginn, energi, changelog, regardsprof"
38348.0,lepillanth viveport sdk contain api support integr viveport storeplatform featur titl publish viveport content store eg leaderboard drm etcyour abl deriv steamvropenvr pose estim sdk im confus your reportingin order deriv pose estim talk steamvr youll need integrateopenvr nativ librariesinto binari document sampl steamvr github valv provid api access via interlac classesintegr librari allow pose estim data io control well video io headset via hand composit framework directx vulcan opengl,24,"keep, publicincludepathsaddpathcombinemoduledirectori, unfair, touch, obvious, lowest, similarli, took, cumbersom, dusti"
38211.0,hii interest integr oculu quest valv knucklesto use finger track let patient improv health injuri reason saw thissteamvr wireless receiv info reason sinc isbluetooth low energi thought mayb could use integr vr devic think would possiblethank timebest regardsalejandro castan,6,"secondli, therew, favourit, phenomena, strike, vbc, rf, virtuallink, occas, msg"
38227.0,nait theoret possibl youd like need extern pc bunch custom softwar workaroundshack ieopenvrspacecalibr would ever realli stabl realworld usagescal steamvr updat could break everyth overnight fight runtim firmwar restrict youd better use pcvr use vive pro wireless adapt knuckl stick limit opticalbas oculu hand trackingif your attempt use oculu patient id also recommend sure meet hippa complianc whatev similar complianc standard exist countri region uphil battl use facebook devic medicala someon whose hybrid steamvr devic nonsteamvr track devic speak experi say extrem frustrat eventu made rage quit definit possibl lot patienc budget free time recommend profession quest order magnitud harder rift srift your tri run mobil execut rather pc execut via linkvirtualdesktop,20,"prototyp, serv, appnam, craft, directx, aud, obstruct, els, destroy, markerbas"
38238.0,hour ago vibrantnebula saidnait theoret possibl youd like need extern pc bunch custom softwar workaroundshack ieopenvrspacecalibr would ever realli stabl realworld usagescal steamvr updat could break everyth overnight fight runtim firmwar restrict youd better use pcvr use vive pro wireless adapt knuckl stick limit opticalbas oculu hand trackingif your attempt use oculu patient id also recommend sure meet hippa complianc whatev similar complianc standard exist countri region uphil battl use facebook devic medicala someon whose hybrid steamvr devic nonsteamvr track devic speak experi say extrem frustrat eventu made rage quit definit possibl lot patienc budget free time recommend profession quest order magnitud harder rift srift your tri run mobil execut rather pc execut via linkvirtualdesktophi vibrantnebulathank fast answer advicemi best option use valv index knuckl big problem cabl need build environ avoid problem know connect valv index wireless adapt like could say best one thank timealejandro,6,"secondli, therew, favourit, phenomena, strike, vbc, rf, virtuallink, occas, msg"
38243.0,na index wireless solut post st rd parti solut use wireless vive pro knuckl setup person use often test,21,"definit, thingsi, approach, weekli, smoothli, highspe, account, pod, speech, careregard"
38256.0,hi ntnebulathank info best regardsalejandro,6,"secondli, therew, favourit, phenomena, strike, vbc, rf, virtuallink, occas, msg"
38217.0,hey guy im robot research interest use base station tracker system local robot softwar support interfac sensor directli output im look would simpli posit orient thank,6,"secondli, therew, favourit, phenomena, strike, vbc, rf, virtuallink, occas, msg"
38225.0,hubbain order use steamvr track devic hard requir per valv use steamvr runtim must use openvrsteamvr sdk interfac runtim decod track data queri pose estim cannot interfac hardwar directli entir steamvr track tech stack proprietari valv usag steamvropenvr sdk requir valv provid nativec libsif want attempt nativ integr custom app pleas seethi guid triad semiconductorfor exampl use tracker without hmd day could also theoret tri use openxr framework earli access differ openvr still realli earli day openxrpleas note vive prospectivew offici support usag tracker without hmdand unabl provid technic support advanc setup valv design entir steamvr uigui design around hmd bare minimum thing like roomsetup requir least hmd ideal hmd control point blank your go save much time frustrat least hmdcontrol overal ad benefit get play vri recommend anybodi attempt use steamvr track profession watchthi videopleas see detail respons follow thread,24,"keep, publicincludepathsaddpathcombinemoduledirectori, unfair, touch, obvious, lowest, similarli, took, cumbersom, dusti"
38230.0,realli cool video thank share got idea see compani use lighthous system use local object applic relat vr realli like lighthous technolog cheap compar altern guy total develop receiv softwar,16,"confin, flawlessli, abstract, use, mostli, randomli, dollar, indi, dash, myselfi"
38071.0,hello possibl connect htc vive one content display thank,32,"laser, offens, broken, shell, zone, wont, shorter, collid, board, thin"
37697.0,helloim phd student inria renn franc im look develop vr applic hmd answer onlinesurvey thissurveyinvestig use avatar humanoid fullbodi user represent vr applic dont use avatar answer thesurvey take around minut answer anonymousy answer welcom share link communitythank,18,"meantim, hero, via, screenheight, vb, brief, lighthous, saiddo, degrad, lifespan"
37567.0,hellodo vive pro eye vive focu pro access raw eye camera feedi research mode avail,39,"detail, lazi, sing, kranki, decad, vri, fpsvr, hii, afford, surprisingli"
37569.0,refer extern forward face camera ye develop access camerafor focu plu need use wave sdk relev camera api vive pro eye want use steamvr api srwork,21,"definit, thingsi, approach, weekli, smoothli, highspe, account, pod, speech, careregard"
37576.0,im refer camera look eyebal forward face camera,37,"critic, unlimit, ff, experi, grenad, matur, san, giant, objectunityenginedebuglogerrorobjectunityeditorandroidgradleinvokationexceptionparseandshowexceptionunityeditorandroidpostprocessorpostprocessrunnerrunalltaskspostprocessorcontextunityeditorandroidpostprocessandroidplayerpostprocessbuildtarget, conjunct"
37578.0,that vive pro eyeth eye tracker vive pro eye integr tobbi eye track platform heavi protect relat access raw retin imag retin imageri consid biometr datapii that protect gdpr similar privaci lawsin short use two sdk pro eyesranip htc provid sdk come prelicens purchas headset agreement tobii allow provid access reten imag via sdktobii xr sdk tobii inhous sdk sdk support retin imag must contact licens sdk directli tobiiso short ye licens proper sdk tobii,26,"tiltbrush, technic, globe, effect, instrument, whichev, afternoon, overcom, mere, die"
37581.0,perfect thank,37,"critic, unlimit, ff, experi, grenad, matur, san, giant, objectunityenginedebuglogerrorobjectunityeditorandroidgradleinvokationexceptionparseandshowexceptionunityeditorandroidpostprocessorpostprocessrunnerrunalltaskspostprocessorcontextunityeditorandroidpostprocessandroidplayerpostprocessbuildtarget, conjunct"
37423.0,helloi hope find simpl hello world exampl applic dx vive similar oculu tini room exampl sdk found seem launch steamvr ideal would like someth run execut independ steamvr uniti unreal enginedo thing existani help appreci thank,38,"programm, par, technolog, timei, disregard, van, csv, variant, wrote, pm"
2200.0,welcom logitech bridg faq question answer pleas visit ourbridg troubleshoot guid let us know via email atsupportsdkechcom thank interestwil take long get bridg runningno straightforward get set first open bridg prompt enter virtual realiti setup walk step get set specif environ condit new keyboard bridg may feel littl strang first give littl time youll type natur know itdo bridg work keyboardsfor thelogitech orion spectrumi support sdkcan get skin creat skin app im developinga still develop weve includ sampl keyboard skin work toward open keyboard creation process everyon feel free get touch us idearequest topic excit potenti contextu augment keyboard would love hear ideaswhat differ hand visual mode bridgeseethrough modei track window realiti see real keyboard hand postprocess intend refer modehand segment modei segment hand captur htc vive camera segment hand imag overlaid top track readabl virtual model keyboard combin overlaid vr appaltern segmentationmodei experiment mode intend provid better support user condit default segment work mode use differ color keyboard hand identifi hand ie hue base segment oppos brightnessbas method use default hand segment may make differ situat light uniform there low contrast hand skin tone keyboard work hard improv experi work everyon across environment condit top prioritycan swap differ htc vive trackery select new tracker time first pair tracker steamvr visibl thepair vive trackertab bridg app next click onpair new app select desir tracker list current activ pair tracker highlight bluecan hide virtual keyboardy keyboard visibl within app use steamvr may wish hide keyboard certain experi there toggl switch label enabl keyboard thesettingstab bridg desktop app allow turn keyboard onoff timecan hide hand see keyboard vrye find lot touchtypist curiou tri mode although research find suggest import visibl hand even profici touchtypist there toggl switch thesettingstab bridg desktop app allow turn hand onoffwil bridg work chang rgb light set logitech keyboardfor bridg recommend turn light keyboard press key top right keyboard alreadi logitech game softwar instal softwar abil control light keyboard automat neededi great idea featur someth im work want sharegreat pleas contact us atsupportsdkechcom comment thread creat anoth thread forum would love hear feedbacki question relat htc vive htc vive trackerfeel free ask question elsewher forum,34,"ultim, heyi, soft, pdf, storefront, electr, relax, coax, forget, news"
15907.0,helloi alogitech orion spectrum soo vive trackerso id like know logitech bridg avail custom pricethank,23,"annual, campaign, virtual, hunter, done, everi, sata, webvrwebxr, movement, develop"
16657.0,hello,35,"code, xffdcfd, japan, applic, xrinstancet, xrkhrwinconvertperformancecountertim, rtluserthreadstartcal, cup, inspir, sensit"
20001.0,project dead,35,"code, xffdcfd, japan, applic, xrinstancet, xrkhrwinconvertperformancecountertim, rtluserthreadstartcal, cup, inspir, sensit"
20696.0,mostli dead luckili logitech releas softwar model file need make access printer friend mine abl print bridg work definit isnt readi prime time still work configur type one row one key vr compar physic keyboardher link file,17,"street, propos, role, lp, seizur, overhead, charger, button, exist, care"
20958.0,thank lot flynnk said readi prime time final usabl thank lot sdk file pleas thed model file need make adapt vlogitechbridgesdkaugthzip,12,"xrkhrwinconvertperformancecountertim, singl, neat, scare, pair, faith, wet, monday, gestur, neg"
20959.0,final found,6,"secondli, therew, favourit, phenomena, strike, vbc, rf, virtuallink, occas, msg"
21817.0,hello firstli apolog delay answer question secondli right bridg first experi probe interest use keyboard vr produc limit batch prototyp posit surpris quit quickli run also decid produc anoth batch could offer final solut user want solutionto cope decid releas stl format file anyon would want print bridg adapt home tri experi find current work implement keyboard tool use vr want hear pleas subscribeherefor info,4,"manag, janki, theatr, stage, task, margin, hid, consolev, stolen, conclus"
21833.0,thank lot make avail need order use logitech bridgei bought vive tracker print adapterif work correctli ill probabl write articl,13,"core, technic, ctrl, dd, die, everyoneim, hii, entrypoint, enterpris, physic"
37409.0,hello guy make whilei couldnt tri logitech bridg hardwar problem cockpit set fix order vive tracker id like know get news correct alway august last build cant wait tri,21,"definit, thingsi, approach, weekli, smoothli, highspe, account, pod, speech, careregard"
37400.0,hi everyoneim psycholog research dev univers laboratori goal use technolog tool psycholog includ eye track vr handtrack weve focus heavili oculu devic vr given afford data privaci becom urgent issu research project regard sensit health informationi would ask vive focu plu vive pro eye devic abid eu gdpr specif hipaacompli inform avail sdk develop privaci guidelin isnt specif devic would need credibl sourc advis direct univ purchas also advis purchas field partnerspractition nation levelalso direct contact fill entrepris contact form email addressemeaviveenterpriseathtcdotcom depart director tri contact sinc begin month repli far im afraid prolong delay purchas confirm deliveri jeopardis sever research project,26,"tiltbrush, technic, globe, effect, instrument, whichev, afternoon, overcom, mere, die"
2204.0,hellow mount vive tracker electr airsoft gun achiv realist simul weapon vr seen video commun happen perfectli abl reloadshoot function perform wellth major issu face tracker float away due recoil initi thought mayb reflect culprit even cover everi reflect surfac play area issu still persiststh tracker jitter float place seen video gun track perfectli recoil turn offi workaround someon els encount issu tooregardspramod,5,"bootcamp, emit, pressur, frustrat, base, constraint, viveconsol, igpu, ce, max"
13526.0,ive alert tracker team may imposs reproduc sinc may recoil depend hope provid use guidanc first glanc well would assum reflect issu gun made track perfectli extend period break fire chang orient alter misbehavior allusb bandwidthchipset compat caus similar behavior control chanc relat thatp look realli neat,2,"nosourceunityenginedebugloghandlerinternalloglogtyp, righti, assist, bethesda, joint, talent, four, silli, gbp, inbox"
13529.0,hellovibrantnebulathank repli forward tracker teami check recheck reflect solv issuew abl play without float issu recoil turn problem caus recoil definetli usb work correctli toono issu thereincreas distanc gun bodi tracker seem reduc float bitw tri build shock isol mount tracker hope resolv hope tracker team help narrow downim glad like amaz play real get regardspramod,17,"street, propos, role, lp, seizur, overhead, charger, button, exist, care"
13537.0,hellovibrantnebulawhil wait respons tracker team tri make vibrat isol trackerseem float obvious isol there terribl jello effect gunwork ithop abl resolv come weekregardspramod,33,"teamit, questionnair, gold, sweep, optic, ecosystem, unsupport, isi, skew, blink"
13538.0,im interest solut well,37,"critic, unlimit, ff, experi, grenad, matur, san, giant, objectunityenginedebuglogerrorobjectunityeditorandroidgradleinvokationexceptionparseandshowexceptionunityeditorandroidpostprocessorpostprocessrunnerrunalltaskspostprocessorcontextunityeditorandroidpostprocessandroidplayerpostprocessbuildtarget, conjunct"
13565.0,known issu verifi solut forc haptic creat disturb caus imu output erron data ms haptic puls coupl imu doesnt creat ms acceler disturb caus imu output erron data ms attempt ignor data easi chain togeth enough haptic essenti ignor imu forev method filter event use success outlin tracker dev guidelin found link tracker fw build support function avail noweven solut provid damp secur tracker firmli peripher mechan isol imu vibrat sourc,6,"secondli, therew, favourit, phenomena, strike, vbc, rf, virtuallink, occas, msg"
13585.0,hello vrdmthank repli ill check meanwhil tri wire isol method seem reduc disturb complet solut yetil tri combin filter event along isolatorthnx againpramod,17,"street, propos, role, lp, seizur, overhead, charger, button, exist, care"
13588.0,hi pramodwhat wire isol methodthanksray,7,"zwwaitforworkviaworkerfactoryxffdbbf, function, heavili, observ, sit, caus, angular, ftin, develop, load"
13589.0,hey raycheck follow link use arieal shoot work perfectli well goproregardspramod,29,"embed, pick, yeah, infrar, myst, pirat, sidequest, allow, box, becom"
13590.0,interestingthank youray,0,"librari, webinar, orient, unlik, warp, daemon, beginn, energi, changelog, regardsprof"
13654.0,use usbpogo pin triggeri encount issu share resolv chip code,21,"definit, thingsi, approach, weekli, smoothli, highspe, account, pod, speech, careregard"
13656.0,steamvr updat today alongsid new tracker firmwar chang filter work see,38,"programm, par, technolog, timei, disregard, van, csv, variant, wrote, pm"
13664.0,hivibrantnebulathat great news link use uniti follow updat steamvr uniti plugin enabl featur tooregardspramod,15,"server, nope, cheer, slight, august, multiplay, especi, soooo, biggest, journey"
13666.0,dont addit info beyond releas note ill tri track updat today,21,"definit, thingsi, approach, weekli, smoothli, highspe, account, pod, speech, careregard"
14102.0,turn low pass filter set cover vive tracker dev guidelin document attach firmwar wasnt push steamvr updat ping,38,"programm, par, technolog, timei, disregard, van, csv, variant, wrote, pm"
14190.0,heyvibrantnebulathank ill tri outregardspramod,24,"keep, publicincludepathsaddpathcombinemoduledirectori, unfair, touch, obvious, lowest, similarli, took, cumbersom, dusti"
20604.0,experienc similar issu attach tracker pole track vr mine safeti simul built uniti pole use dislodg loos rock undergo quit lot shock hit wall roof custom contain built obvious pole fli away disconcert contextw explor dampen vibrationshock absorb use drone howev interest whether found way resolv hardwaresoftwar benefit ad use new steamvr base station vive tracker,38,"programm, par, technolog, timei, disregard, van, csv, variant, wrote, pm"
20608.0,tracker firmwar current support low pass filter option that support recent firmwar version first gener tracker time tracker may actual suscept type shock expos dont lp option help clean data,22,"facial, pci, herei, tool, gamew, inflat, endless, measur, less, thisiv"
21703.0,hi david know plan add lp option tracker firmwar time soon,2,"nosourceunityenginedebugloghandlerinternalloglogtyp, righti, assist, bethesda, joint, talent, four, silli, gbp, inbox"
23333.0,question set airsoft gun work exist trigger system,21,"definit, thingsi, approach, weekli, smoothli, highspe, account, pod, speech, careregard"
23345.0,hii plug gearbox circuit link back vive tracker signal obvious done wirelessli there much space gun around gearbox even host arduino nano espregard,28,"februari, asu, rma, hisher, keep, form, saber, buildtargetgroup, leftright, amazingtechvr"
23725.0,exact issu describ frustrat old retir vive tracker seem much better job newer tracker need filter firmwar tracker otherwis solut go fail big way weve tri mechan solut reduc impact chang mount tracker ideal solut cant believ crucial featur origin tracker firmwar absent devicescan get offici word htc resolv urgent problem us,38,"programm, par, technolog, timei, disregard, van, csv, variant, wrote, pm"
23726.0,hello maxromif share setup may help jitter mount kind turbul expect,28,"februari, asu, rma, hisher, keep, form, saber, buildtargetgroup, leftright, amazingtechvr"
23748.0,mount replica gun fairli strong recoil fire origin fix directli weapon sinc move tracker longer viabl option weve tri use foam bush reduc shock help still good look mount option ideal want tracker mount cleanli possibl weapon dont realli want larg bulki solut use foam bush may ok tracker perform well older one henc hope htc sort problem,22,"facial, pci, herei, tool, gamew, inflat, endless, measur, less, thisiv"
24505.0,current run issu word htc updat trackerif hook vive tracker directli gearbox come doesnt cook lipo batteri airsoft like,23,"annual, campaign, virtual, hunter, done, everi, sata, webvrwebxr, movement, develop"
25612.0,abondon use tracker live fire problem much wors use blowback system instead creat print mount control pretti work much bettera hook gun chose print fake scope use hide audrino mkr track trigger press sent via wifi also solut work controllerstrack mocap work best us pm want detail circuitetc,26,"tiltbrush, technic, globe, effect, instrument, whichev, afternoon, overcom, mere, die"
27012.0,would love hear news plagu us year use usb input use new tracker track space requir cannot anyth chang imu help would greatli appreci consid bought roughli track puck bought well hmd htc cannot find solut may abandon puck rather buy sinc plan ramp devicesthank,14,"use, customerserviceortcom, mp, moreov, attack, delay, vagu, herethank, estor, develop"
37357.0,news issu terribl time mount puck weapon recoilwhich best firmwar use also user pramodpatel use one io pin let puck know trigger pull actual work would cleanest inform puck trust imu data specif amount timethank,17,"street, propos, role, lp, seizur, overhead, charger, button, exist, care"
35927.0,hiwhat best way calibr tracker want zaxi valu zero tracker floorcalibr hmd steamvr put control floor accur sometim cm btw basest height levelcalibr tracker basest better substract height basest error cmi confus alway fix manuallythx,17,"street, propos, role, lp, seizur, overhead, charger, button, exist, care"
35929.0,ffm tracker use track univers paramet defin roomsetup procedur tracker cant miscalibr per say would entir roomsetup would miscalibratedon thing caus offset floor somewhat polishedreflect caus control jump around judder place floor calibr step abl easili test place control floor room setup see virtual represent control firmli anchor virtual steamvr environ bounc around dont stay anchor firmli place reflect issu flooropenvradavncedsettingsha floor fix option that super usefulsometim virtual environ that miscalcul develop sometim dont set floor height correctli app offset floor height upward pick stuff ground without control bash alway use blank steamvr compositor troubleshoot stuff ie app run steamvr home disabledth station need height station doesnt realli matter station station need meter overhead player point toward optic sync system work,10,"instrument, webxr, highli, appropri, halloween, speed, vivev, prefer, submiss, gig"
35948.0,thx detail answer check result calibr room setup,37,"critic, unlimit, ff, experi, grenad, matur, san, giant, objectunityenginedebuglogerrorobjectunityeditorandroidgradleinvokationexceptionparseandshowexceptionunityeditorandroidpostprocessorpostprocessrunnerrunalltaskspostprocessorcontextunityeditorandroidpostprocessandroidplayerpostprocessbuildtarget, conjunct"
36898.0,ntnebulahi tri figur calibr vive tracker without hmd hand control use two base station tracker possibl abl get tracker regist work uniti use base station howev tracker seem need calibratedi understand room setup help calibr process seem cannot complet room setup without hmd hand control way without themthank,24,"keep, publicincludepathsaddpathcombinemoduledirectori, unfair, touch, obvious, lowest, similarli, took, cumbersom, dusti"
36904.0,within context steamvr nativ room setup chaperon system consum vr front end compani make steamvr sensor guid use null hmd driverherebut dont cover coordin system list contact address bottom may abl provid support steamvr chaperon system requir hmd minimum calibr viasteamvr develop develop set quick calibr provid approxim wall though mainli use set origin floor planey tri script calibr sequenc within uniti translat project coordin system base upon known posit tracker ie floor specif locat lbe content take approach im person awar exampl project exampl codev consid support usecas get pretti deep steamvropenvr weed offici support standard roomsetup scenario,21,"definit, thingsi, approach, weekli, smoothli, highspe, account, pod, speech, careregard"
36795.0,hi allwer releas demo rigel one full bodi motion captur solut bodi finger face potenti custom test solut evalu accordinglyher download execut demorigel demosinc introduct steamvr input plugin chang relat vive tracker setup made video explain need done order make everyth work rigel calibrationrigel demo guidelinesus feedback import stage youll test rigel ask spend coupl minut surveyrigel demo surveylook forward receiv valuabl feedbackfor question regard rigel feel free contactespositonrealityitregardsnicola esposito,26,"tiltbrush, technic, globe, effect, instrument, whichev, afternoon, overcom, mere, die"
36842.0,hi allwev recent updat rigel demo ad paragon charact reven yin ltbelica order show adapt ik retargetingrigel demo paragon charactersy find demo download video setup document use link first post,5,"bootcamp, emit, pressur, frustrat, base, constraint, viveconsol, igpu, ce, max"
36411.0,hii develop vr project uniti oculu rift cv gear vr oculu go oculu start program member interest develop vr project vive heaset develop edit vive headset moment thank time,14,"use, customerserviceortcom, mp, moreov, attack, delay, vagu, herethank, estor, develop"
36394.0,helloi look differ menu interfac possibl use vr pick ray touch need inspirationdo know test applic differ input type use could tri test onei comfort one applicationbtw found variat youtub see enough need tri outonehand control use control use input form advancebruegg,16,"confin, flawlessli, abstract, use, mostli, randomli, dollar, indi, dash, myselfi"
36242.0,hi allin video see realtim motion captur data smooth allow user choos degre smooth record motion capturethi featur intend smooth data record fast movement like fight fast gestur anim curv requir less cleanup mocap recordedrigel featur highlight realtim motion captur data smooth,18,"meantim, hero, via, screenheight, vb, brief, lighthous, saiddo, degrad, lifespan"
36185.0,hi alli tri get trigger event vive tracker abl see trigger pull success test control window steamvralso know tracker sent trigger eventthi via unreal engin version thankssbikoshtc,29,"embed, pick, yeah, infrar, myst, pirat, sidequest, allow, box, becom"
36187.0,heyjai help contain instruct use vive tracker unreal enginey use ue may also need steamvr input plugin,17,"street, propos, role, lp, seizur, overhead, charger, button, exist, care"
36188.0,hour ago mariosbikoshtc saidheyjai help contain instruct use vive tracker unreal enginey use ue may also need steamvr input plugin quick replyy went steaminput plugin issu im cant determin tracker sent event doesnt seem friendli multitrack connect go post abl get gener trackeract event would like get event devic id serial number would like upward tracker time,17,"street, propos, role, lp, seizur, overhead, charger, button, exist, care"
36211.0,pjninja saidthank quick replyy went steaminput plugin issu im cant determin tracker sent event doesnt seem friendli multitrack connect go post abl get gener trackeract event would like get event devic id serial number would like upward tracker timesbikoshtc,37,"critic, unlimit, ff, experi, grenad, matur, san, giant, objectunityenginedebuglogerrorobjectunityeditorandroidgradleinvokationexceptionparseandshowexceptionunityeditorandroidpostprocessorpostprocessrunnerrunalltaskspostprocessorcontextunityeditorandroidpostprocessandroidplayerpostprocessbuildtarget, conjunct"
35910.0,hello everyoneil start question hope see answer introduc myselfi outsidein track prefer base station base standalon vr ar headmount go releas near futurei project line immedi make use system long time thought htc vive cosmo might take role becom appar that casesom backgroundi work product compani sell small medium larg scale vr experi brand museum whoever els want buy project rang appetit alway seem stop htc vive alway prefer vr system vendor track system maker perman instal dont mind littl extra work begin long remain accur throughout yearsour trademark far vr experi accur line physic world wall furnitur vr alway perfectli overlay wall furnitur physic world requir trickeri regular vive vive pro weve abl profession util base station continu reposit entir vive coordin space case steamvr space within virtual scene allow us overcom difficulti intent drift introduc track momentarili lost probabl make sens peopl tri weve doingalmost two year ago slap leap motion vive pro start pitch sell tangibl vr system see touch wed creat control panel button lever use vr experi could touch control user im awar vive hand track keen employ next gig thing go well happi pick stick htc vive want evolv experi go forwardth next logic step vr experi perfectli line physic world allow user walk space vr ar headset would need mount mani base station make happen confid that short choic system employ fine possibl limit vive focu plu doesnt allow outsidein track thought cosmo would somehow standalon prove untru unsur proton ever releas let alon support base station trackingso anyon know dream allow peopl wonder around museum pixel accur track made possibl htcoh yeah interest backpack ask peopl wear helmet alreadi pretti big ask found long that ask likewis wireless adapt gocheer,24,"keep, publicincludepathsaddpathcombinemoduledirectori, unfair, touch, obvious, lowest, similarli, took, cumbersom, dusti"
36101.0,nner tri focu stream mode heard quit stabl littl latenc focu posit accruaci meet demand,1,"appnam, guysw, modei, equal, colleg, easiest, euro, artifact, pming, mission"
36088.0,hii build rehabilit treatment vr game need make trike simul vr health project similar thisi interest ad vive tracker vr environ develop ad patient feet help peopl health problem exampl esclerosi multipl similar patologiesfor would like ask vive tracker kit develop availablecould anybodi advic get themthank timebest regardsalejandro castaneditedjun castana,0,"librari, webinar, orient, unlik, warp, daemon, beginn, energi, changelog, regardsprof"
36048.0,deploy vive wireless mdm system microsoft intunew also set depend instal steamvr system contextsteamvr instal complet fine without give end user local admin right vive wireless abl instal end user devic without local admin right tri set user context system contextwhen send app system context microsoft intun get error messag vive wireless need steamvr instal firstif chang user local admin send microsoft intun work finethi major issu due cannot rollout admin right user updat packag,39,"detail, lazi, sing, kranki, decad, vri, fpsvr, hii, afford, surprisingli"
36053.0,specif case would recommend copi queri tosupportenterpriseom certainli fall domain supportin case uac requir may domain may actual result nd parti requir wireless adapt partnership product compani intel displaylink sometim happen nd parti runtimestool instal compon requir uac permiss extend beyond installerwrapperruntim requir enterpris support would best answer,21,"definit, thingsi, approach, weekli, smoothli, highspe, account, pod, speech, careregard"
35960.0,uniti xr project need port support vive focusstruggl understand differ sdkscan anyon point right directionid like abl use uniti xr rig rather rebuild vive wave sdk,36,"infrar, packag, own, swap, motiv, vivecomcod, narr, intact, qatar, appear"
35985.0,wave sdk requir support vive focu,2,"nosourceunityenginedebugloghandlerinternalloglogtyp, righti, assist, bethesda, joint, talent, four, silli, gbp, inbox"
35986.0,use wave sdk uniti xr socket interact,12,"xrkhrwinconvertperformancecountertim, singl, neat, scare, pair, faith, wet, monday, gestur, neg"
35926.0,hiiv got vive tracker soni alpha shoe top camera capabl trigger attach flash lightmi question possibl use electr trigger signal pogo pinsthi way camera trigger would creat pictur also send trigger signal tracker simultaneouslyani idea implement techniqu appreci thx,21,"definit, thingsi, approach, weekli, smoothli, highspe, account, pod, speech, careregard"
35932.0,ffm could theoret depend type output camera flashlight basic could wire sort circuit flashlight one also complet circuit one pogo input pin pogo ground pretti simpl system close circuit one pogo input pin ground regist inputi think case wire light sourc openclos circuit would hard part could alway wire simpl switch instead,1,"appnam, guysw, modei, equal, colleg, easiest, euro, artifact, pming, mission"
35949.0,ah need kind doubl circuit flashlight circuit trigger tracker circuiti look deeper colleagu see get work thx,29,"embed, pick, yeah, infrar, myst, pirat, sidequest, allow, box, becom"
35957.0,ffmif tracker hand use paperclip bridg one input put ground test see work test input behavior within engineher help tutori use steamvr input tracker via uniti,7,"zwwaitforworkviaworkerfactoryxffdbbf, function, heavili, observ, sit, caus, angular, ftin, develop, load"
35700.0,hi allin video show advanc featur rigel one full bodi motion captur solut use vive trackerswer show fast easi calibr process rigel abl retarget realtim anim data vive tracker charact differ bodi sizerigel featur highlightth full bodi motion captur solut set releas end june demo avail short timeif want read entir setup afaq pageregardsnicola esposito,23,"annual, campaign, virtual, hunter, done, everi, sata, webvrwebxr, movement, develop"
35321.0,hido anybodi know put htc vive pro eye headset far eye display im guess coupl inch id like know exact number researchthank,33,"teamit, questionnair, gold, sweep, optic, ecosystem, unsupport, isi, skew, blink"
35322.0,there clean answer pro eye relief adjust distanc come focu bigger problem though everybodi differ facial morpholog depend hmd sit face type facial interfac your use sunk face eye pretti signific rang valu across sampl pool even control eye relief,20,"prototyp, serv, appnam, craft, directx, aud, obstruct, els, destroy, markerbas"
35325.0,hour ago vibrantnebula said there clean answer pro eye relief adjust distanc come focu bigger problem though everybodi differ facial morpholog depend hmd sit face type facial interfac your use sunk face eye pretti signific rang valu across sampl pool even control eye reliefokay thank much infoi way measur keep fix distanc mean know refer suggest thati tri measur angluar magnitud object displac one posit anoth need know distanc subject make lot differ calcul,1,"appnam, guysw, modei, equal, colleg, easiest, euro, artifact, pming, mission"
4585.0,repost thisblog postviv team today excit announc htc vive offici join virtuallink consortium contribut develop virtuallink new open industri standard enabl nextgener vr headset connect simpli pc devic new specif use singl highbandwidth usb typec connector cabl develop make connect current futur vr headset seamlessmost major tether headset requir least two three cabl work virtuallink aim reduc one virtuallink usbc altern mode connector help condens variou type vr headset plug use across multipl compani singl lightweight cord make easi setup vive headset wellnextgener headset includedset power display data youll need virtuallink connector includ support four lane hbr displayport highresolut display usb gen superspe usb gbp headset camera sensor power deliveryat htc strive make best vr experi crisp resolut audio ergonom custom said daniel obrien htc vive gm america work virtuallink work defin connect standard futur vr product also undertak import work help defin futur vr benot new open industri standard streamlin cabl could help bring vr even broader audiencenot highpow game pc futur new connector vr could use varieti usbc support devic laptop tablet notebookswer thrill welcom htc vive consortium lead compani commit virtuallink said rambod jacobi chairman virtuallink consortium princip technologist nvidia one consortium found member virtuallink streamlin cord need highpow experi also help make next phase vr access even peoplemor detail avail trademark virtuallink consortium usb typec usbc trademark usb implement forum compani product nam,32,"laser, offens, broken, shell, zone, wont, shorter, collid, board, thin"
34845.0,know post year old htc devic use virtuallink websit terribl navig get inform,33,"teamit, questionnair, gold, sweep, optic, ecosystem, unsupport, isi, skew, blink"
34942.0,thto knowledg releas virtuallink nativ devic may,2,"nosourceunityenginedebugloghandlerinternalloglogtyp, righti, assist, bethesda, joint, talent, four, silli, gbp, inbox"
34643.0,part thesi give away motion captur program motion data analysi research focus vr game could use form exercis would appreci would take part studi also share movement data answer short survey inform heremotioninvri would appreci could help graduat despit pandem,20,"prototyp, serv, appnam, craft, directx, aud, obstruct, els, destroy, markerbas"
33407.0,reason architectur achiev scenario vr train solut user room two differ scenariosa one user act master either vr trough control panel control shown vr usersb user activ vr simulationmax user im go trough possibl setup alway someth missa scenariother htc technolog enabl us achiev scenario user sit roomalso suppos physic connect let say headset imag gener workstat displayport replicatorsi suppos also stream yt stream headset use media player prefer avoid internet connect use local media playermight use vive cosmo settingsb scenarioabout read wireless kit enabl multi user set fear headset recharg peopl hit safeti train scenario simul emerg also real distanc never respectedi user sit use someth ascybershoesordrudderfor movement wire headset treadmil anoth option total cost highcav anoth option price step start pointabout softwar know use photon engin add multiplay use realtim engin htc tech usesam clear hw setup need connect headset imag generatori suppos case extern track cant think alghoritm smart enough maintain track trough camera surround environ chang due user movement even ie chair,26,"tiltbrush, technic, globe, effect, instrument, whichev, afternoon, overcom, mere, die"
33037.0,would like run multipl vive hmd simul simultaneouslyi understand need two lighthousesbut connect hmd share experiencecan anyon point doc webpag tell accomplishedntnebulajad,36,"infrar, packag, own, swap, motiv, vivecomcod, narr, intact, qatar, appear"
33065.0,rgagether coupl separ layer go herefrom engin prospect standard multiplay doesnt differ youd chose multiplay sdk solut that like build mani case develop often use platform sdk specif content store oculu steamwork ect store build becom increasingli differ one anoth use engin like photonengin multiplay agnosticallywhat your describ copres vr copresencecopres vr well support kind happi accid fulli support featur within steamvrwhen copres vr worldspac must anchor ident player word cant thing like teleport one avatar teleport avatar would differ place rel real world distanc player take look hordez got around rail situat playspac slowli move environmentsteamvr sort wonki nowaday hmd ident roomsetup config previous use abl run roomsetup one pc youd copi chaperon file one pc nowaday doesnt realli work way valv ad error correct methodolog mean chaperon dynam chang without user input open sourc project tri prevent steamvr alter chaperon automat project hostedher said steamvr constantli updat system alway changingdu chang steamvr alot develop instead build calibr step applic fix refer point environ player walk around control calibr fix point transform worldspacether unfortun arent alot instruct nich thing steamvr chang alot last year build calibr step huge benefit make work across runtim vr sdk limit solut steamvr,0,"librari, webinar, orient, unlik, warp, daemon, beginn, energi, changelog, regardsprof"
33183.0,pm trevorgag saidi would like run multipl vive hmd simul simultaneouslyi understandrevers phone lookupnba redditpcpartpickerabout need two lighthousesbut connect hmd share experiencecan anyon point doc webpag tell accomplishedntnebulaanky issu solv,36,"infrar, packag, own, swap, motiv, vivecomcod, narr, intact, qatar, appear"
32863.0,hello everybodyi work poc vr app would use lot vive tracker look actual maximum number vive tracker track simultan singl pci know document describ max want know absolut limit someon abl add themi cant realli invest lot tracker right know anyon reach maximum vive tracker limit forc tri myselfthank read,7,"zwwaitforworkviaworkerfactoryxffdbbf, function, heavili, observ, sit, caus, angular, ftin, develop, load"
32882.0,limit technic what left open account bluetooth receiv hmd control basest valv updat limit sometim last year time updat support hadnt trickl way steamvr plugin havent seen releas note valv specif topic sinc least youd probabl updat project recent steamvr pluginsso realiti maximum number tracker space entir defin wireless condit environmentpast tracker start hit cochannel interfer bluetooth simpli wide spectrum get bunch bluetooth devic close proxim start talk one anoth crowd outwhen work tracker highli recommend disabl ghz wifi network space bluetooth ghz ghz wifi add cochannel interfer problem dramat lower max devic countth tracker ship usbcradl idea want pcside dongl spread far apart one anoth transmitt dont talk one anoth cluster dongl togeth perform max devic count certainli take hitmost user report see perform issu start cross past tracker mark entir depend specif environment factorseach rf environ differ one size fit answer beyond protip post id also like call theviv input util make target specif tracker easier realli count your work bunch emnaydo feedback viu support higher devic count recent updat,10,"instrument, webxr, highli, appropri, halloween, speed, vivev, prefer, submiss, gig"
32928.0,recent tred help develop ongithubi test hmd vive control base station vive trackersi addit tracker devic test whether viu support higher devic count,23,"annual, campaign, virtual, hunter, done, everi, sata, webvrwebxr, movement, develop"
32991.0,ntnebulanaythank answersi better understand situat nowi success gather tracker everyth work fine cant wait tri sinc wont problem connect directli pc instead use donglesi back result littl experimenthav nice day,27,"onboard, televis, cart, draw, first, smoother, suppli, elig, ryzen, decid"
33014.0,youll definit need use dongl gener bluetooth radio dongl contain valv proprietari watchman technolog tracker need correspond dongl youd also want use littl extend cradl come tracker dongl much physic separ one anoth possibl otherwis radio start interf one anoth sinc theyr rel high power transmit load bandwidth bluetooth devic,26,"tiltbrush, technic, globe, effect, instrument, whichev, afternoon, overcom, mere, die"
33027.0,note possibl dongl pair trackersnot timefor exampl power tracker pair trackerif issu happen pleas tri unpair tracker repair,21,"definit, thingsi, approach, weekli, smoothli, highspe, account, pod, speech, careregard"
33034.0,ntnebulasorri answer appar clear tracker stay desk maximum cm surfac therefor test direct connect usb cabl via pc bluetooth thought would prevent bandwidth satur mayb bad way thinkingnayif understood messag correctli could pair tracker dongl wait tracker dongl done use tracker app could power power tracker still use dongl,19,"today, strateg, blutooth, steve, reset, reput, wolvic, stock, asu, differ"
33036.0,ye got pointi test side work like saidprevi encount issu mani dongl couldnt pair one last trackerit tracker pair one dongl one tracker abl pair time,17,"street, propos, role, lp, seizur, overhead, charger, button, exist, care"
32669.0,hello everyonew issu tri use vive headset multius environ succes past experi noticedthat thing get mess whenev updat steamvr firmwar upgrad headset control tracker etcth htc document conflict unclear exampl offici websit state vivev pro headset use togeth multiuserenviron thing mention base station requir xm area base station xm arealink conflict vive pro document guid state vive pro headset recommend multius environ base stationv would requiredlink us unabl use htc vive headset multius environ one headset keep show green screen display outputbi far test follow scenario use offici htc vive productspc pc built specsmotherboard asu tuf pro gamingprocessor intel core ifram corsair vengeanc gb ddr mhzgpu nvidia geforc rtx storag wd green gb sata iii gbsscenario base station vpc htc vive htc wireless kitpc htc vive pro htc wireless kitresult vive wireless green screen vive pro wireless workingscenario base station vpc htc vive pro htc wireless kitpc htc vive htc wireless kitresult vive wireless green screen vive pro wireless workingscenario base station vpc htc vive wiredpc htc vive pro htc wireless kitresult vive wire green screen vive pro wireless workingchang base station vscenario base station vpc htc vive pro wiredpc htc vive pro htc wireless kitresult vive pro wire green screen vive pro wireless workingth play suffici space approxim xm headset xm spacingeveryth set accord guidelin htc use vive headset year consid experienc usersw spent thousand dollar purchas premium htv vive product multipl headset base station control tracker etc problem isnot resolv htc support unabl understand problem solut refer us unhelp documentationwhich conflict also tri scenario gone everyth mani timesour activ alreadi get late help htc offici support issu resolv anyon suggest solut problemw would realli grate help thank,14,"use, customerserviceortcom, mp, moreov, attack, delay, vagu, herethank, estor, develop"
32884.0,arstonevolv pmed email contact enterpris support team theyr team best equip help break downmultius usag technic possibl use basest usecas limit recommend safeti practic reasonsy use pair basest roomlineofsighty need physic isol basest pair otherwis conflict arisey cover meter diagon stationsit super safe fit user track volum provid basest risk peopl run make physic contact high play volum support byus overal far far better multius becauselarg track volum bigger playvolum larger buffer playerssupport multipl basest within room without conflictsno need physic isol basest pairsyou use anywher station track hmd flexibl overallth wider horizont fov enabl mount positionsy cannot use track roomlineofsight without physic isol basest work vive vive pro station strictli work vive pro enabl devic tracker vive pro control valv index ectviv gear either discret ts sensor type matrix vive pro gear gener ts newer revisionsscenario work deploy correctli doesnt make sensescenario also work deploy correctli due use stationsscenario also work deploy correctlyscenario definit worki think someth els go,14,"use, customerserviceortcom, mp, moreov, attack, delay, vagu, herethank, estor, develop"
32459.0,hi alli strang issu wireless adapt vive pro ill tri explain best cani dont even need experi dont think cpu gpu issu exampl simpli stand home space steam menu move head left right menu seem follow flicker positionha anyon els come cross know fixso far triedmout transmitt higher set vrcompositorex vrserverex high prioriti task manag shutdown program run backgroundmi rig spec iswindow home bit gigabyt ud motherboard intel core ghz kabi lake gb xgb corsair ddr vengeanc rgb geforc gtx ti msintnebulaesi,14,"use, customerserviceortcom, mp, moreov, attack, delay, vagu, herethank, estor, develop"
32391.0,im sadli one genet inferior human cant seem use vr headset due dstereoscop video caus devast headach movi theater well particularli pain vr someth ive want play sinc childhood hope monoscop product htc could strap tini monitor face track head id heaven,32,"laser, offens, broken, shell, zone, wont, shorter, collid, board, thin"
32395.0,part anyth hear see us near futur stereoscop dof typic type hmd your describ call person cinema person viewer theyv histor commerci success earli product heavili limit display avail limit success mean alot compani creat kind product existon develop side actual disabl stereoscop project realli need someth endus without sourc project,17,"street, propos, role, lp, seizur, overhead, charger, button, exist, care"
32366.0,order page seem bust css js firefox cannot repro chromelftlmawdevmp,3,"bother, hinder, cann, auto, wave, toggl, risk, fx, videoplay, atleast"
32373.0,eichten thank report weve reach correct team investig current recommend would use differ browser temporarilych,6,"secondli, therew, favourit, phenomena, strike, vbc, rf, virtuallink, occas, msg"
32153.0,hello macbook pro radeon tb space releas also instal twinmot window boot camp would like know helmet would compat comput order abl make architectur render thank wait answer good dayntnebula,25,"projectif, redeem, implement, motherboard, suggest, mad, communityi, bumper, noob, router"
32010.0,attent vr developersw love share us feedback experi develop vive commun enter chanc win vive pro full kit act fast survey close tonight januari th pm pacif timesweepstak rule,33,"teamit, questionnair, gold, sweep, optic, ecosystem, unsupport, isi, skew, blink"
31324.0,helloim develop unityi way turn tron mode unityi want work code rather steamvr settingi want know class method modifysteamvr version beta sdk thank,25,"projectif, redeem, implement, motherboard, suggest, mad, communityi, bumper, noob, router"
31325.0,purpos turn steamvr set camera show camera room edg code,21,"definit, thingsi, approach, weekli, smoothli, highspe, account, pod, speech, careregard"
31337.0,far know much topic use thisvalvevropenvrchaperoneforceboundsvisibletrueanyway rememb read someth uniti blog help littl,36,"infrar, packag, own, swap, motiv, vivecomcod, narr, intact, qatar, appear"
31344.0,blogulapost recommend uniti resourc topic user need previous camera enabl steamvr set work camera disabl your luck,27,"onboard, televis, cart, draw, first, smoother, suppli, elig, ryzen, decid"
31369.0,hour ago jcsegula saida far know much topic use thisvalvevropenvrchaperoneforceboundsvisibletrueanyway rememb read someth uniti blog help littlethank method gave doesnt work let find relev rink script,36,"infrar, packag, own, swap, motiv, vivecomcod, narr, intact, qatar, appear"
31375.0,hour ago vibrantnebula said blogulapost recommend uniti resourc topic user need previous camera enabl steamvr set work camera disabl your luckevrsettingserror evrsettingserrornoneopenvrsettingssetboolopenvrkpchcamerasectionopenvrkpchcameraenablecameraforcollisionboundsboolenableref eopenvrsettingssynctru ref ereturn ethi methodsetbool workingbut getbool method workingi dont know problem,28,"februari, asu, rma, hisher, keep, form, saber, buildtargetgroup, leftright, amazingtechvr"
31376.0,see help,27,"onboard, televis, cart, draw, first, smoother, suppli, elig, ryzen, decid"
31537.0,also rememb topic,1,"appnam, guysw, modei, equal, colleg, easiest, euro, artifact, pming, mission"
31458.0,hello communityw group two student uphf valencienn franc yet beginn vr develop world gener first project develop small applic get familiar htc vive developmentth applic provid abil readdisplay media file includ pdf thu user somehow explor file system choos file display use uniti environ steamvr pluginaft research found possibl display media file steamvr media player directli howev didnt find clue use function api librari project plu function limit media typesso wonder librariesapi use expos user abil explor file system choos file well open way browser examplethank advanc repli suggest could help us pleas dont hesit,35,"code, xffdcfd, japan, applic, xrinstancet, xrkhrwinconvertperformancecountertim, rtluserthreadstartcal, cup, inspir, sensit"
31501.0,yi suggest check use one uniti file browser plugin avail asset store github ad vr control support,18,"meantim, hero, via, screenheight, vb, brief, lighthous, saiddo, degrad, lifespan"
31399.0,want get ray inform use one left right,36,"infrar, packag, own, swap, motiv, vivecomcod, narr, intact, qatar, appear"
31497.0,ave download eye track sranip sdk check document,32,"laser, offens, broken, shell, zone, wont, shorter, collid, board, thin"
31321.0,hi recent publish paper render triangl nonlinear project use render len distort imag directli data without intermedi step big frame buffer vertex shader black frame build antialiasingth paper avail onlin hope commun find interest,25,"projectif, redeem, implement, motherboard, suggest, mad, communityi, bumper, noob, router"
30647.0,hiw build vr target standalon vr headset vive focu virtual requir headset headset that better cardboard worki believ viveport use default app store number vr standalon headset addit first parti vive focusther number option seem develop consol use wave sdk use link sdk cardboard sdkbut there inform platform get app sdkfor exampl found app made avail vive focu use cardboard sdkso what best option distribut wave sdk broader audienc cardboard sdk select dof exclud dof user instal appthank advanc,18,"meantim, hero, via, screenheight, vb, brief, lighthous, saiddo, degrad, lifespan"
30942.0,tudiopleas use wave sdk vive focu support publish viveport mobil store,39,"detail, lazi, sing, kranki, decad, vri, fpsvr, hii, afford, surprisingli"
30715.0,someon pleas direct view patch note firmwar updat wireless adapt recent receiv updat htc wireless connect util well firmwar updat wireless adapt would like view changedthank,32,"laser, offens, broken, shell, zone, wont, shorter, collid, board, thin"
30848.0,ningfight unfortun dont make releas note avail wireless ever major releas wed like make vivecom blog post alert user,21,"definit, thingsi, approach, weekli, smoothli, highspe, account, pod, speech, careregard"
30854.0,wireless adapt technic fault address beta programm seem highli unusu compani would make inform avail custom,21,"definit, thingsi, approach, weekli, smoothli, highspe, account, pod, speech, careregard"
30420.0,look like left imag place lower right ok look via singl eye imposs look eyesi hardwar bug idea fix,19,"today, strateg, blutooth, steve, reset, reput, wolvic, stock, asu, differ"
30429.0,rikim abl replic issu let us know version steamvr use send steamvr report,13,"core, technic, ctrl, dd, die, everyoneim, hii, entrypoint, enterpris, physic"
30515.0,ssteamvramtxt,0,"librari, webinar, orient, unlik, warp, daemon, beginn, energi, changelog, regardsprof"
30560.0,sani ideasnew steamvr hereth problem still mode,25,"projectif, redeem, implement, motherboard, suggest, mad, communityi, bumper, noob, router"
30562.0,good afternoon new develop interest question develop desktop lock glass want exit glass vive pro cosmo must go desktop mode user cannot control tabl leav longer control desktop glass start comput steamvr start glass cri question program languag use readymad method implement ill thankfuli apolog english use googl translat,14,"use, customerserviceortcom, mp, moreov, attack, delay, vagu, herethank, estor, develop"
30587.0,unfortun im abl understand translat tri develop sort virtual desktop applic sound like your say person exit applic openvr also close prevent access desktop dashboard im realli suregener speak work openvr need refer api documen within api there number differ way launch close applic steamvr instanc trigger compositor shutdown via hmd driverquotevreventreservedt data vrvrserverdriverhostvendorspecificeventmunobjectid vrvreventdriverrequestedquit vreventdatatdata,35,"code, xffdcfd, japan, applic, xrinstancet, xrkhrwinconvertperformancecountertim, rtluserthreadstartcal, cup, inspir, sensit"
30405.0,school prodject wonder could aska question,34,"ultim, heyi, soft, pdf, storefront, electr, relax, coax, forget, news"
30418.0,go ahead ask hope vive commun abl help,24,"keep, publicincludepathsaddpathcombinemoduledirectori, unfair, touch, obvious, lowest, similarli, took, cumbersom, dusti"
30424.0,feel free question alway welcom,34,"ultim, heyi, soft, pdf, storefront, electr, relax, coax, forget, news"
30425.0,htc vive come idea vr head set,27,"onboard, televis, cart, draw, first, smoother, suppli, elig, ryzen, decid"
30438.0,that realli complex question short vr thing research experi sinc thing vr cluster technolog combin one packag produc compel immers experi vr headset core sophist sensor array sens head motion combin technolog like display lens audio ect actual take advanc wide rang technolog combin togeth make good vr headseti would recommend listen podcast earli histori vr podcast overal best learn resourc think come vrthe key import vive histor first headset launch consum fulli track motion control submillimet track precis beat oculu touch control number month partnership valv overal vr taken work ten thousand research engin last decad spread across wide spectrum disciplin prior vive vr headset primit limit use research defens cost hundr thousand million dollar comparitivley low qualiti vr experi valv advanc steamvr track technolog key innov spur ton vr develop gpu also start get fast enough vr around timei hope get right directionan,4,"manag, janki, theatr, stage, task, margin, hid, consolev, stolen, conclus"
30449.0,thank,1,"appnam, guysw, modei, equal, colleg, easiest, euro, artifact, pming, mission"
30458.0,compani meet,20,"prototyp, serv, appnam, craft, directx, aud, obstruct, els, destroy, markerbas"
30569.0,pm vibrantnebula saidan that realli complex question short vr thing research experi sinc thing vr cluster technolog combin one packag produc compel immers experi vr headset core sophist sensor array sens head motion combin technolog like display lens audio ect actual take advanc wide rang technolog combin togeth make good vr headseti would recommend listen podcast earli histori vr podcast overal best learn resourc think come vrthe key import vive histor first headset launch consum fulli track motion control submillimet track precis beat oculu touch control number month partnership valv overal vr taken work ten thousand research engin last decad spread across wide spectrum disciplin prior vive vr headset primit limit use research defens cost hundr thousand million dollar comparitivley low qualiti vr experi valv advanc steamvr track technolog key innov spur ton vr develop gpu also start get fast enough vr around timei hope get right directionangreat help,4,"manag, janki, theatr, stage, task, margin, hid, consolev, stolen, conclus"
30579.0,roboman saidhow compani meet otherthi complex htc longstand oem work googl releas first android phone one point one everi smartphon global htc phone former peter chou lead futur develop lab help establish partnership valv around steamvr technolog stack,17,"street, propos, role, lp, seizur, overhead, charger, button, exist, care"
30453.0,helloid like purchas vive pro eye howev system run ubuntu id like know compat project document ive found googl run window concern special eye tracker intel tri vive pro eye ubuntu thank answersamandin,24,"keep, publicincludepathsaddpathcombinemoduledirectori, unfair, touch, obvious, lowest, similarli, took, cumbersom, dusti"
30459.0,current eye track runtim support window gener much support vr linux appreci feedback develop request linux support evalu futur,2,"nosourceunityenginedebugloghandlerinternalloglogtyp, righti, assist, bethesda, joint, talent, four, silli, gbp, inbox"
30365.0,ive think bit nowseem like giant multi direct treadmil big compani right seem good live room use fact peopl play game chair couchreal somon need move around tumbstick even realli way dpad pressur sensit buttonswhi make button realli heavi duti attach footmak control attach foot similar snowboard bind foot rais ground mayb inch surround lift kinda like platform shoe pressur sensit button bottom edg lift face tword ground put pressur tword toe end move forward put pressur heal move back put pressur tword outsid move left put pressur tword outsid move right combo move diagon push foot harder make runnow dont stand use weird teleport system would super easi get use someth like would make game viabl move around realli low cost develop,21,"definit, thingsi, approach, weekli, smoothli, highspe, account, pod, speech, careregard"
30366.0,wasnt sure editjoin head track foot posit move forward look left head lead move left kinda like move wsad mous dual joy stick movementth reason method work bodi alreadi know feet move everi one know head lead direct want movether small learn curv wont caus much motion sick long speed adjust slider differ peopl,25,"projectif, redeem, implement, motherboard, suggest, mad, communityi, bumper, noob, router"
30367.0,anoth editmov backward head trace function need disabl serverli slow well know dont swing head make lot backward motion move backward linearcertain slowdown head set track need take place strafe foot left right wild disori swing dont happen welli truli whole hardheadedli think style control vr becom de facto go think went thumstick unheard until year ago playstaion show us done vr,18,"meantim, hero, via, screenheight, vb, brief, lighthous, saiddo, degrad, lifespan"
30369.0,sorri one morew gonna need spacial sensor foot alway know foot forward alway forward regardless rotat move issu couch issu stand upther need calibr function well peopl duck foot peopl pigion peopl forward need adjust rel info inplaceediteddecemb binarymushroom,37,"critic, unlimit, ff, experi, grenad, matur, san, giant, objectunityenginedebuglogerrorobjectunityeditorandroidgradleinvokationexceptionparseandshowexceptionunityeditorandroidpostprocessorpostprocessrunnerrunalltaskspostprocessorcontextunityeditorandroidpostprocessandroidplayerpostprocessbuildtarget, conjunct"
30370.0,account foot move dont want button pressedther main pressur button top control inbetween foot control pressur sensit lift foot reduc wight kill button action bottom control way dont wild movement caus nausea,20,"prototyp, serv, appnam, craft, directx, aud, obstruct, els, destroy, markerbas"
30372.0,contol question would look similar style bottom shoeexternalcontentduckduckgocomjfif,35,"code, xffdcfd, japan, applic, xrinstancet, xrkhrwinconvertperformancecountertim, rtluserthreadstartcal, cup, inspir, sensit"
30374.0,baiscli control bottom shoe bunch joystick hardwar attach bottom iteveri button pressur zone analogu vari pressur sensit back round like pictur previou post cannot press forward back timeth button never actual hit ground nice thin water resist rubber coat bottom similar old control use rubber gasket pad time outsid,8,"javascript, ita, meter, channel, physic, ipd, sku, clone, tomcgcmfc, narrow"
30376.0,read far move foot around tri get grasp itand would notic harder put pressur insid foot fix put button right closer top footso button form cross shape like holi christian cross button tword toe control heel backward movementdont forget spacial sensorediteddecemb binarymushroom,37,"critic, unlimit, ff, experi, grenad, matur, san, giant, objectunityenginedebuglogerrorobjectunityeditorandroidgradleinvokationexceptionparseandshowexceptionunityeditorandroidpostprocessorpostprocessrunnerrunalltaskspostprocessorcontextunityeditorandroidpostprocessandroidplayerpostprocessbuildtarget, conjunct"
30379.0,jumpassign control button easyor someth diffrentw roll control back front ie heel toe lift jump,17,"street, propos, role, lp, seizur, overhead, charger, button, exist, care"
30380.0,jump work progress need actual control figur movent requir releas forward motion lift motion sensor problem better use assign hand control button until someon put place,17,"street, propos, role, lp, seizur, overhead, charger, button, exist, care"
30381.0,rememb take account joystick dead zone regular thumb stick dead zone middl move tword axi get acceler dead zone need tword control axi button toe control dont get wild nausea induc movementsediteddecemb binarymushroom,32,"laser, offens, broken, shell, zone, wont, shorter, collid, board, thin"
30384.0,think joystick brought market roughli around millioncost consum would unpackagedpackag would buck extra cost vr packagesal cost usd,8,"javascript, ita, meter, channel, physic, ipd, sku, clone, tomcgcmfc, narrow"
30385.0,ymushroomat high level problem hardwar base solut introduc hardwar softwar base depend need work decent portion global popul term ergonom weight limit size ect usual target th percentil launch hardwar base solut huge effort requir hundr develop team updat softwar compat mani case program support app complet chang uxwhil think your idea pretti solid way feasibl extern locomot solut ive seen person think vr industri whole still struggl basic io io fragment go key topic go simpli take time vr industri figur hand hardwar compani come onlin theyll differ schema hand requir develop buy hand mean solv problem still locomot probabl medium long term thing due complex,26,"tiltbrush, technic, globe, effect, instrument, whichev, afternoon, overcom, mere, die"
30386.0,appreci repli sound realli corporatether alway hurdl everyth first paragraph small part second problem address compani jump board requir prototypeth second section much intens actual softwar dximput even call much harder section hardwar prototyp develop io api control solut real challang without hardwar solut area develop softwar io solutionsw refer previou post soni dual imput control never done one develp softwar dual imput came becam defacto compani program itnot way aroundediteddecemb binarymushroom,20,"prototyp, serv, appnam, craft, directx, aud, obstruct, els, destroy, markerbas"
30390.0,consensu whiten vr communitywhat hurdl dont peopl play vr costno cost come time like anoth tech hurdl reduc vomit nauseahow reduc vomit nausaiawhi happen stop itw allreadi know fast weird thumb controlshow stop ita solut base human physiolog respond movement current top high end tech compani use giant tread mill simul movement succeed feet key feet drive us real life understand feet move us back forth left right dont get nauseousth key isth feet foot control simul everyth full multipurpos treadmil fraction priceth human brain respond drastic differ thumb stick thumb dont move us around feet doth movement control attach foototherwis bodi alway go becom motion sick,30,"hesit, subject, alway, metadata, reinstal, probabl, elsethank, ok, sure, particularli"
30392.0,motion sick happenwel itcaus arent control peopl get motion sick arent controlno one get motion sick control go ask anyon anyon knowhello ask questionha ever time life drive car got motion sickth answer noso control vr reason get sick unless arent full controlwhi arent full control vr infanc stage good control trick brain think regular movement need hard ware softwar get super smooth softwareso hardwar miss good control trick brain think regular movementgraph processor faster frame rate come futureobvi graphic hardwar also kick ass hardwar solut defacto control solut much like steer wheelwhat softwar missinggood io interfac stop nausea vomitingwhat good controlseasi grasp dont make peopl pukehow make peopl pukeutil psycholog set rule trick brain get sick put movement control footediteddecemb binarymushroom,31,"packagenam, faith, orion, easili, similarli, locationbas, empow, aliv, deliveri, smoother"
30393.0,softwar need getsmot captur feet leg movementdata api input captur softwarehardwar need getsprototyp foot controllerfooty need kinesiologistprogrammerhypeman hypewomannot comprehens rework next meetingediteddecemb binarymushroom,33,"teamit, questionnair, gold, sweep, optic, ecosystem, unsupport, isi, skew, blink"
29889.0,want see tip creat script open close specif canva call welcomecanva uniti use voic recognit scene without new canva creat class project much code experi visual studio alreadi basic script creat cube sphere vari size need adapt open close desir canva attach code vs creat new cubespher help greatli appreciatedsvoicerecognitionc,6,"secondli, therew, favourit, phenomena, strike, vbc, rf, virtuallink, occas, msg"
30207.0,need refer canva object enabledis object open close,35,"code, xffdcfd, japan, applic, xrinstancet, xrkhrwinconvertperformancecountertim, rtluserthreadstartcal, cup, inspir, sensit"
30074.0,og vive one lighthous control trackpad broken well sent email get repair im hold breath sinc well warranti sinc use lighthous best option move forward get run without spend lot moneylook ebay replac control replac lighthous seem like itd cost rate id almost rather get new wmr headset someth sinc worri issu repeat new stuff,27,"onboard, televis, cart, draw, first, smoother, suppli, elig, ryzen, decid"
29932.0,hi id like develop variant headset particular applic type project possibl offer sw develop accessthank,0,"librari, webinar, orient, unlik, warp, daemon, beginn, energi, changelog, regardsprof"
29963.0,whack realli depend your develop busi modelgener speak your develop hmdproper past certain point youll need use thesteamvr hdkand becom asteamvr licenseeso youll adher valv legal framework steamvr usageyour welcom pm info use case busi assess give better idea resourc may avail,21,"definit, thingsi, approach, weekli, smoothli, highspe, account, pod, speech, careregard"
29705.0,recent bought vive pro seem much wors og vive sweet spot lens almost twice small degre cone vs chromat aberr outsid sweet spot made almost unplay compound much dimmer screen also strap absolut garbag compar da way rectifi issu want increas resolut money isnt factor seem like im pay wors expier advic would super appreci refund thing also use vive wireless,39,"detail, lazi, sing, kranki, decad, vri, fpsvr, hii, afford, surprisingli"
29708.0,ngomesar adjust eye relief lens optic chain similar og vive actual one common critic hmd thing like sweet spot optic similar besid eye relief factor think could impact ux much would facial morphologyy dont wear pro headstrap way wear da sit higher head da,37,"critic, unlimit, ff, experi, grenad, matur, san, giant, objectunityenginedebuglogerrorobjectunityeditorandroidgradleinvokationexceptionparseandshowexceptionunityeditorandroidpostprocessorpostprocessrunnerrunalltaskspostprocessorcontextunityeditorandroidpostprocessandroidplayerpostprocessbuildtarget, conjunct"
29723.0,jawlingom saidi recent bought vive pro seem much wors og vive sweet spot lens almost twice small degre cone vs chromat aberr outsid sweet spot made almost unplay compound much dimmer screen also strap absolut garbag compar da way rectifi issu want increas resolut money isnt factor seem like im pay wors expier advic would super appreci refund thing also use vive wirelessfedloanirsgoveasybibissu solv,39,"detail, lazi, sing, kranki, decad, vri, fpsvr, hii, afford, surprisingli"
29653.0,hello everyonecan anyon advis develop tracker avail australia need purchas asap tri use us store blockeddu us credit card see avail almost everywher els australia,6,"secondli, therew, favourit, phenomena, strike, vbc, rf, virtuallink, occas, msg"
29684.0,rjhon im confus im see list instock australianapac store aud perhap browser geoloc wrong store tri via page,28,"februari, asu, rma, hisher, keep, form, saber, buildtargetgroup, leftright, amazingtechvr"
29711.0,pm petterjhon saidhello everyonecan anyon advis develop tracker avail australia need purchas asap tri use us store blockeddu us credit card see avail almost everywher els australiamobdrobioluckypatchertipskodibiothank issu solv,6,"secondli, therew, favourit, phenomena, strike, vbc, rf, virtuallink, occas, msg"
29555.0,hii develop vr project uniti oculu rift cv gear vr oculu go oculu start program member interest develop vr project vive heaset develop edit vive headset moment thank timecastana,14,"use, customerserviceortcom, mp, moreov, attack, delay, vagu, herethank, estor, develop"
29558.0,ngome specif sku develop vive headset use develop playback,14,"use, customerserviceortcom, mp, moreov, attack, delay, vagu, herethank, estor, develop"
29583.0,hour ago jawlingom saidhii develop vr project uniti oculu rift cv gear vr oculu go oculu start program member interest develop vr project vive heaset develop edit vive headset moment thank timefedloanirsgoveasybibcastanaissu solv,14,"use, customerserviceortcom, mp, moreov, attack, delay, vagu, herethank, estor, develop"
29520.0,purchas index minor buyer remors hmd extra refresh rate noth realli miss ole black index camera mayb even lower qualiti origin vive far apart creat properli scale imag im probabl go pull trigger vive pro im curiou anyon hade opportun compar passthrough vive pro better pure passthrough im concern lcd vs ole opinion aspect ive alreadi got good idea thank,34,"ultim, heyi, soft, pdf, storefront, electr, relax, coax, forget, news"
29580.0,hour ago jorkgom saidi purchas index minor buyer remors hmd extra refresh rate noth realli miss ole black index camera mayb even lower qualiti origin vive far apart creat properli scale imag im probabl go pull trigger vive pro im curiou anyon hade opportun compar passthrough vive pro better pure passthrough im concern lcd vs ole opinion aspect ive alreadi got good idea thankstweakboxappvalley got solv,1,"appnam, guysw, modei, equal, colleg, easiest, euro, artifact, pming, mission"
27879.0,interfac viu steamvr get time buttontrigg pressedreleas fidel hzit seem must order sort reason nonhacki throw experienceon slow toss hand still move ms cm per uniti tick that incred imprecis veloc hand posit releas time frame interpol could use button simulationsnay,3,"bother, hinder, cann, auto, wave, toggl, risk, fx, videoplay, atleast"
29516.0,dranear work dfor get time want get time press trigger get anoth time releas ityou simpli get time system use time classif misunderstood question pleas provid exampl thank,34,"ultim, heyi, soft, pdf, storefront, electr, relax, coax, forget, news"
29458.0,vive pro havent play coupl day decid reinstal indow updat driver download steam ectwhen start steamvr popup say prepar launch disappear steamvr boxset doesnt pop neither room scale setup take home hmd posit almost flooriv reinstal window time peopl get issu like mine could updat fuck thing pleas help,27,"onboard, televis, cart, draw, first, smoother, suppli, elig, ryzen, decid"
29494.0,pm monilgom saidhav vive pro havent play coupl day decid reinstal indow updat driver download steam ectwhen start steamvr popup say prepar launch disappear steamvr boxset doesnt pop neither room scale setup take home hmd posit almost floorvidmatemobdroword counter reinstal window time peopl get issu like mine could updat fuck thing pleas helpissu got solv,38,"programm, par, technolog, timei, disregard, van, csv, variant, wrote, pm"
28754.0,im work asymmetr player steam vr experi one player use hmd one control experi mous screenth nonvr user shown complicatedui central frame suppos show vr user perspectivei know use ui canva screen space overlay mode overlay ui top regular nonvr user display way regular vr feed shown ui part leav transparenthowev that want want see full vr user view scale frame without lose peripher element would cover ui case use addit camera parent head object render rendertextur rendertextur display rawimag ui elementy butthi costli good qualiti use postprocess effect blit vr user feed rendertextur ye imag fishey distort later correct hmd len could use shader undistort iscurr best bet im think isnt simpler less expens wayfor exampl know way access final textur display vr user stream screen thing that behind ui option need scale show fulli ui element,17,"street, propos, role, lp, seizur, overhead, charger, button, exist, care"
28629.0,hi htc vive develop teamaft read introduct thehtc vive cosmo idea want share im imagin vr live social futurew social like facebook youtub user use vr devic share live view work live view travel scenc action peopl like instant transmiss go everywher dont enough money travel ecosystem vr share connect user base fifth gener mobil network social share live view user want view must pay money like youtub creat new gener vrer go everywher world cheaper fee also help big compani confer video call someth like thisthi suddenli idea want share hope idea futureeditedoctob haind,32,"laser, offens, broken, shell, zone, wont, shorter, collid, board, thin"
28240.0,need develop busi applic virtual realiti vive focu plu exampl virtual heart surgeri train oil field train vive focu plu kindli share platform develop applic specif develop kit tool provid vive applic need develop program languag applic develop ntnebulaph lin,23,"annual, campaign, virtual, hunter, done, everi, sata, webvrwebxr, movement, develop"
28529.0,hithank inquiri interest vive focu plusw enterpris solut pleas visit link info also consult witheeto get servic infotechn need develop base wave sdkpleas see detail intro,23,"annual, campaign, virtual, hunter, done, everi, sata, webvrwebxr, movement, develop"
28277.0,hi im graduat student studi ray trace vr unitymi program make render imag eye send uniti show imag camerami question make stereoscop render imag found htc vive offici paper couldnt findtemporarili use axi project stereoscop methodif guy know offici paper thesi question plz give feedbackthank youph lin,29,"embed, pick, yeah, infrar, myst, pirat, sidequest, allow, box, becom"
28378.0,himay know your ask pc vive seri mobil seri like focusfocusthank,1,"appnam, guysw, modei, equal, colleg, easiest, euro, artifact, pming, mission"
28392.0,hour ago toni ph lin saidhimay know your ask pc vive seri mobil seri like focusfocusthankshiph linim use pc vive seri first version htc vivei differ,1,"appnam, guysw, modei, equal, colleg, easiest, euro, artifact, pming, mission"
28479.0,two feedbackswhi use uniti write openvr nativ applic thishow obtain project use openvr api get correct project eyeymko,23,"annual, campaign, virtual, hunter, done, everi, sata, webvrwebxr, movement, develop"
28304.0,hello everyonei work project creat virtual anatomi studi room would need accommod mani student time would like know statement vive wireless inform pageus vive wireless adapt singleroomscal environ region dependenti way around limitsntnebula,21,"definit, thingsi, approach, weekli, smoothli, highspe, account, pod, speech, careregard"
28309.0,hey zagagelgreat question short vive wireless adapt connect mode support individu user mode per user space without interfer overlap mode multipl user space caus interferencehowev way around depend physic space avail prevent overlap interfer user modeher screenshot user guid small space support maximum individu usersnow here screenshot user guid larg space support multipl wireless unit usersy access digit wireless user guid detail page us know addit question,39,"detail, lazi, sing, kranki, decad, vri, fpsvr, hii, afford, surprisingli"
28311.0,el limit hardwir adapt wigig compon support channel underli intel wigig hardwar capabl output regul china restrict channel region two strategi doubl channel close environ strateg space channel apart share theyr far enough one anoth signal propag limit rang taken advantag physic isol play space one anoth use physic barrier room partit,6,"secondli, therew, favourit, phenomena, strike, vbc, rf, virtuallink, occas, msg"
28331.0,thank everyon repli question everyth need know,33,"teamit, questionnair, gold, sweep, optic, ecosystem, unsupport, isi, skew, blink"
28295.0,feel free build video stream applic withdeovr player open rd parti develop could whitel purpos could besimpli integr websiteit come entiti deo webvr websit player deovr nativ vr playerit outperform playback user interfac product chosen stream hundr hour vr video dailymak sure add integr withn deovr playerthat allow launch video websit directli player outsid vr browser simpli add link open deovr websit video stream much better qualiti nativ app overcom limit webvrth player integr advanc stream cdn infrastructur need singl video highest resolut bitrat input encod differ format match highest spec everi singl headset low latenc stream also whitel playersmail supportcom detailsit releas viveport shorti,36,"infrar, packag, own, swap, motiv, vivecomcod, narr, intact, qatar, appear"
28045.0,recent friend play social vr wit user full bodi track suddenli drop start convuls audio twitch convuls avatar evid user suffer seizur kind luckili user room mate abl contact emerg servic user get need help got wonder possibl vive implement seizur detect program softwarei consid essenti softwar would detect player suddenli fell headset start shake speed amount time detect made softwar would bring menu requir user select messag confirm okay need medic servic player select appropri amount time emerg servic contact user locat indic may experienc emergencyit obvious risk user take enter vr play space health safeti warn tell user seizur prone play vr howev case still happen think would good implement compani would like see least someth implement,36,"infrar, packag, own, swap, motiv, vivecomcod, narr, intact, qatar, appear"
28110.0,chan thank write idea ive pass around intern think would realli neat idea implement someth like would monster stage xr deploy may someth that feasibl mediumterm challeng twofold first there data privaci issu youd essenti monitor user ml algorithm open huge privaci worm lean toward lean data collect approach secondari issu that challeng hardwar make way across globe would rather difficult integr countri emerg servic there huge technic legal hurdl itd multiyear sort rolloutaccess featur like definit radar simpli go take time get vr reliabl work percentil current goal industri larg creat runway requir sustain flush deeper level interact like complex balanc act cant get deep develop cycl without least put placehold access featur lineiv also seen user seizur social vr rather haunt definit inform view vr access consum request featur vocal sooner like see themat platform ecosystem level,12,"xrkhrwinconvertperformancecountertim, singl, neat, scare, pair, faith, wet, monday, gestur, neg"
27950.0,recent ad download page websit order potenti custom tri full bodi vr solut creat full bodi motion captur advanc interact use ikinema orion noitom hi vr glovesth full bodi interact vr solut mostli use virtual job train allow user enhanc presenc vr perform task addit gather data task perform bodi postur perform time demo downloadher see gif interact systemgrabpinchmenumovementfeel free download question pleas let knownicola esposito,23,"annual, campaign, virtual, hunter, done, everi, sata, webvrwebxr, movement, develop"
27112.0,hellomi last post mani unnecessari newlin end modifi post delet newlin edit button alreadi disabl tomlink shown correctli,29,"embed, pick, yeah, infrar, myst, pirat, sidequest, allow, box, becom"
27125.0,flag commun manag look werent abl edit post ive remov extra space post your flag new forum system live less week still see bug pop sorri impact abil edit post,37,"critic, unlimit, ff, experi, grenad, matur, san, giant, objectunityenginedebuglogerrorobjectunityeditorandroidgradleinvokationexceptionparseandshowexceptionunityeditorandroidpostprocessorpostprocessrunnerrunalltaskspostprocessorcontextunityeditorandroidpostprocessandroidplayerpostprocessbuildtarget, conjunct"
27102.0,hiw custom permit bluetooth wireless premis simul system use vive bypass vive link box necessari elimin bluetooth understand sinc use passiv marker track optitrack believ still wireless hardwar vive goggl way prove client wireless configur disabl document hack around thisani suggest direct welcomethanksstephen lenserbluedrop train simul inc,21,"definit, thingsi, approach, weekli, smoothli, highspe, account, pod, speech, careregard"
27104.0,enlens bluetooth core element watchman tech stack hmd two rf radio form two bt transceiv one two control awar stabl way disabl receiv softwarefirmwar especi way would pass secur audit system tie watchman modul core system youd like need physic remov antenna probabl kill hmd alter watchman modul firmwar super proprietari valv could attempt reach valv well see say matter suspect similar,7,"zwwaitforworkviaworkerfactoryxffdbbf, function, heavili, observ, sit, caus, angular, ftin, develop, load"
27144.0,thank take time respond appreci,9,"hzthank, popul, msf, tuesday, sourc, collabor, standpoint, natur, redefin, moss"
27089.0,use tracker lot develop develop full bodi track gamesi find tracker work love find turn easili stay indefinit begin charg like common senseth tracker howev horribl come turn eg tri reach around back enabl chest tracker difficult puck design complex pushandhold button interfac unabl see ledi use tracker time motion captur practic imposs work compar trackersi understand kind attempt save batteri whatev may feedback one custom honestli say becom huge inconveni see annoy featur caus frustrat vr gener mention world fullbodi track applicationsi realli dislik tracker primarili due mani unnecessari interlock andor short sleep timerspleas fix tracker firmwarepleas make tracker easier turn eg exactli way tracker turn easi one tap enabl super intuit interfac idiot could understand includ full bodi track mocap enthusiast use whole bunch themeditedjuli airmous,17,"street, propos, role, lp, seizur, overhead, charger, button, exist, care"
27072.0,hi alli want get real time data rate vive headset play video find way iti method get data rate devic estim date rateani help much appreci,10,"instrument, webxr, highli, appropri, halloween, speed, vivev, prefer, submiss, gig"
27062.0,hellodo anybodi experi problem wanna creat new topic button missingthanksthoma,37,"critic, unlimit, ff, experi, grenad, matur, san, giant, objectunityenginedebuglogerrorobjectunityeditorandroidgradleinvokationexceptionparseandshowexceptionunityeditorandroidpostprocessorpostprocessrunnerrunalltaskspostprocessorcontextunityeditorandroidpostprocessandroidplayerpostprocessbuildtarget, conjunct"
27063.0,minut ago tom saidhellodo anybodi experi problem wanna creat new topic button missingthanksthomashii look right nowthi fix give anoth shot,0,"librari, webinar, orient, unlik, warp, daemon, beginn, energi, changelog, regardsprof"
27066.0,thank loty work,1,"appnam, guysw, modei, equal, colleg, easiest, euro, artifact, pming, mission"
6160.0,hi look know measur converg diverg via htc vive eye,33,"teamit, questionnair, gold, sweep, optic, ecosystem, unsupport, isi, skew, blink"
6152.0,hello everyonei tri use htc vive old version singl camera augment realiti applic could use extern camera connect webcam show htc screen camera captur use vuforia detect track imag target render virtual objectsit work fine put htc virtual object arrow render doubl close right eye see virtual object slightli move left close left eye see virtual object slightli move right eye open object doubl blur gener strang sensat two view left right matchi would like know correct unpleas effectthank help,23,"annual, campaign, virtual, hunter, done, everi, sata, webvrwebxr, movement, develop"
26979.0,id recommend contact vuforia post invuforia htc vive develop portalvuforia definit third parti sdk thu third parti respons support sdk far im awar none develop relat staff deep experi vuforia vive outsid scope work regular basi mr hmd srworkssdk opencv vuforia awesom product heavili skew toward ar thu isnt much vive develop oppos vr specif sdk,2,"nosourceunityenginedebugloghandlerinternalloglogtyp, righti, assist, bethesda, joint, talent, four, silli, gbp, inbox"
6124.0,post move follow link new locat thank,4,"manag, janki, theatr, stage, task, margin, hid, consolev, stolen, conclus"
5989.0,hello guy work project use htc vive vr user magic leap ar userw like let two user talk real time like talk phone ie vr user speak space voic captur vive stream magic leap user anoth space ultim possibl could anyon indic toolsdk may help thisthank lot advanc,27,"onboard, televis, cart, draw, first, smoother, suppli, elig, ryzen, decid"
26567.0,certainli someth abl build use tool current thereth mic vive pick window standard microphon youd use engin target mic one window sound devic dont need anyth special front im sure magic leap side integr im sure similar simpler uniform hardwar platform unlik pcwhere boil network youd like need truli crossplatform multiplay sdk voip built would consid build project use photonengin use could set voip enabl crossplatform build that depend store driven sdk steamwork oculu sdk photon engin seem like best sdk candid given understand scenario certainli altern may fit need,36,"infrar, packag, own, swap, motiv, vivecomcod, narr, intact, qatar, appear"
26619.0,thank well give tri,33,"teamit, questionnair, gold, sweep, optic, ecosystem, unsupport, isi, skew, blink"
5952.0,way develop provid commandlin arg arcad oper use config gamehow provid setup paramet menu would cost oper money setup,1,"appnam, guysw, modei, equal, colleg, easiest, euro, artifact, pming, mission"
26411.0,im go launch support ticket email address associ forum account arcad team comment inquiri,17,"street, propos, role, lp, seizur, overhead, charger, button, exist, care"
26475.0,thought use text config file instead command line argument specif function tri expos arcad oper,22,"facial, pci, herei, tool, gamew, inflat, endless, measur, less, thisiv"
26536.0,hii could text config though would user friendli oper set within viveport arcad manag perhap one way allow enter commandlin arg insid vam otherwis know instal chang configsom exampl want oper abl configgraph settingserv ip address multiplay servercontrol scheme support gunperipher vs regular control,39,"detail, lazi, sing, kranki, decad, vri, fpsvr, hii, afford, surprisingli"
2742.0,hello peopledo anyon know differ local global data read leaderboardalso daili weekli monthli worksthank,35,"code, xffdcfd, japan, applic, xrinstancet, xrkhrwinconvertperformancecountertim, rtluserthreadstartcal, cup, inspir, sensit"
26277.0,would also like know differ global local,25,"projectif, redeem, implement, motherboard, suggest, mad, communityi, bumper, noob, router"
26423.0,hello sorri get back earlier pleas see detailfor paramet downloadleaderboardscorespubl enum leaderboardrequesttypeglobaldata internaleleaderboarddatarequestkeleaderboarddatarequestglob globaldataaroundus internaleleaderboarddatarequestkeleaderboarddatarequestglobalaroundus localdata internaleleaderboarddatarequestkeleaderboarddatarequestloc localdataaroundus internaleleaderboarddatarequestkeleaderboarddatarequestlocalearoundus public enum leaderboardtimerangealltim internaleleaderboarddatatimerangekeleaderboarddatascropealltim daili internaleleaderboarddatatimerangekeleaderboarddatascropedaili weekli internaleleaderboarddatatimerangekeleaderboarddatascropeweekli monthli internaleleaderboarddatatimerangekeleaderboarddatascropemonthli userstatsdownloadleaderboardscorescallbackleadernam nameleaderboardrequesttypeleaderboardtimerangestartendifleaderboardrequesttypeof download leaderboard globaldata content get user rank data anywher worldbut localdata content get user rank data depend locationand could also set leaderboardtimerang alltim daili weekli monthli get user rank periodpleas let know still question thank,33,"teamit, questionnair, gold, sweep, optic, ecosystem, unsupport, isi, skew, blink"
26456.0,thank respons id still like know specif like region local score shown ie score europ group togeth per countri etcalso regard weekli daili monthli leaderboard reset ie time day daili board reset time everywher depend timezon day week weekli board resetmi apolog document miss describ,13,"core, technic, ctrl, dd, die, everyoneim, hii, entrypoint, enterpris, physic"
5921.0,ive vive sinc first came love game far play old gameboy pokemon blue cartridg thought hasnt anyon come vr pokemon like old school game pokemon go walk around like googl map pokemon would throw pokebal actual hit pokemon wanna catch mayb play ash pokemon fight goe first person attact option like veiw ash track pad differ attack know there like copi right stuff legal stuff take care bleep someon could make happen feel like would catch realli quick huge follow would love hear peopl idea,2,"nosourceunityenginedebugloghandlerinternalloglogtyp, righti, assist, bethesda, joint, talent, four, silli, gbp, inbox"
1379.0,hi alla coupl month ago develop tech demo show system use oculu dk mocap suit msi vr one laptop possibl full bodi track without space limit without track camerasth dk use without ir camera get gyroscop orient inform posit track done use mocap suitwhat would like someth similar use vive mostli upgrad visual qualiti project also integr uniqu fatur ive work onim use ue tri use lightous soon connectedrecogn track stop im abl get orient datai workaround order achiev someth like thati know short time multipl camera setup wireless tpc adapt solut wont use anymor im curiou entir setup use evolvedcheersnicola espositoent realiti,26,"tiltbrush, technic, globe, effect, instrument, whichev, afternoon, overcom, mere, die"
11066.0,hope di cant wait multipl lightous support wireless vive would great experi,34,"ultim, heyi, soft, pdf, storefront, electr, relax, coax, forget, news"
18724.0,interest issu driftingor mocap suit time parent hmd rel posit datai work augment space setup performac need absolut posit bs tracker give meeven love xsen suit drift space travel accordingli need someth like lighthous track stay place otherwis video project time,33,"teamit, questionnair, gold, sweep, optic, ecosystem, unsupport, isi, skew, blink"
26043.0,sorri later repli havent check forum whileanyway alreadi solv drift caus suit ad vive tracker onto mocap suitno drift guess techniqu also use xsen play xmeter max sinc appar cant chain togeth base station even clearli rememb dev chain togeth your interest setup contact via dm,18,"meantim, hero, via, screenheight, vb, brief, lighthous, saiddo, degrad, lifespan"
5653.0,hellow develop vr zone player purchas htc vive pro headsetshow mani total base station need order gameplay fluid playersi read two base station htc pro use zone meter four base station could creat track area ye mani player moment player headset two controllersthank,36,"infrar, packag, own, swap, motiv, vivecomcod, narr, intact, qatar, appear"
5643.0,tri instal vivewireless driver get messag vive wireless need steamvr instal firsta see pictur steam vr instal also tri beta version resultanyon idea fix thatcan move post dev support thank,26,"tiltbrush, technic, globe, effect, instrument, whichev, afternoon, overcom, mere, die"
5581.0,morn check forum saw someon ask help frenchiv figur english forum translat messag incras chanc get help even minut post translat ive notic messag remov mark spami allow fals posit spam filter also someth use first placemight relat,18,"meantim, hero, via, screenheight, vb, brief, lighthous, saiddo, degrad, lifespan"
25362.0,spam filter autom heavi hand time usual review within hour restor post legitth filter actual catch consider amount junk post daili necessari evil well hope chang platform soon result differ system implement,37,"critic, unlimit, ff, experi, grenad, matur, san, giant, objectunityenginedebuglogerrorobjectunityeditorandroidgradleinvokationexceptionparseandshowexceptionunityeditorandroidpostprocessorpostprocessrunnerrunalltaskspostprocessorcontextunityeditorandroidpostprocessandroidplayerpostprocessbuildtarget, conjunct"
25363.0,alright also assumpt right support provid english base multi languag team handl non english messag,26,"tiltbrush, technic, globe, effect, instrument, whichev, afternoon, overcom, mere, die"
25364.0,specif forum system english base also separ forum that mandarin,24,"keep, publicincludepathsaddpathcombinemoduledirectori, unfair, touch, obvious, lowest, similarli, took, cumbersom, dusti"
25365.0,alright thank,16,"confin, flawlessli, abstract, use, mostli, randomli, dollar, indi, dash, myselfi"
5585.0,htc vive great time vr develop gdc excit got share cool thing work thank everyon attend ask question connect team werent abl make need refresh here develop session held video pleas take look jump comment thank againdevelop day keynot platform strategi kick htc vive develop day keynot present share latest updat announc platform strategi new opportun develop video youwil learn htc vive platform strategi new opportun possibl vr ecosystemspeakersrikard steiber svp presid viveportvinay narayan avp product operationshugo swart head xr qualcomm technologiesbjorn booklarsson vp product viveportlink resourcesviveport infin releas blogviveport infin develop revenu share announcementdownload gdc state industri reportviveport develop award winner announcementv cosmo product pagev pro eye product pagev focu plu product pageviveport photonget start success era new compet digit platformshow vr develop find success today digit platform emerg session industri veteran vp product bjorn booklarsson use data trend outlin strategi toward increas engag monet context new landscap second half session bjorn moder panel industri expert share path taken achiev success vryou learn vr develop find success market today strategi take increas engag revenu also hear panel industri expert find success vrspeakersbjorn booklarsson vp product viveportgraham gaylor cofound ceo vrchatchristof wegmann founder cto exit gamesdavid sapienza execut director htc viveget start publish beyond viveport sdk vive input utilityin twopart session learn build crossplatform vr applic viveport sdk vive input util among mani featur viveport sdk provid user insight monet path digit right manag distribut varieti vr headset vive input util uniti toolkit multiplatform vr develop includ common action vr like teleport object grabbingthrow ui pointer sdk walk support featur demonstr use case developmenty learn key featur viveport sdk vive input util get start implement vr applic toolset hear develop use tool today lay foundat vr experiencesspeakersdavid sapienza execut director htc vivedario laverda sr dev dev relat partnershipsbuild standalon ecosystem wave platform sdksvive wave open platform toolset enabl easier standalon vr content develop highperform devic optim third parti partner vive wave sdk offer open interfac enabl interoper numer mobil vr headset vive focu accessori watch session learn vive wave key featur hear panel develop hardwar partner share effort enrich ecosystem youwil learn key featur vive wave sdk get start creat standalon vr ecosystem also hear panel industri expert leverag vive wave achiev goal vrspeakerstoni lin director htc viveleigh momii sr manag content partnershipskaren zu vp market pico technologyli zhang cofound chief strategi offic dp vrpedro matsumra kayatt ceo vrmonkeycr immers experi dsp audio sdk hand track sdkin twopart session learn creat immers vr experi vive audio sdk vive hand track sdk vive audio sdk spatial audio sdk enhanc vr applic featur hoa hrtf geometri occlus hire audio support vive hand track sdk provid realtim hand skeleton gestur recognit use onboard camera vr devic pure softwarebas requir extra hardwar sdk walk support featur demonstr use case develop youwil learn key featur vive audio sdk vive hand track sdk start implement vr applic sdk hear develop use tool today creat immers vr experiencesspeakersaveri kuo sr manag htc viveandrew champlin sound design ii htc viverel chu sr manag htc viveth futur xr develop srwork sdk sranip sdkin twopart session learn vive push futur xr develop srwork sdk sranip sdk srwork sdk softwar framework develop leverag hardwar headset spatial map ai scene understand sranip sdk allow develop track integr user eye lip movement empow develop read intent model facial express sdk walk support featur demonstr use case develop youwil learn key featur srwork sdk sranip sdk get start implement vr applic sdk hear develop use tool today creat groundbreak vr experiencesspeakersdaniel yang sr director htc vivegaspar ferreiro ceo project ghost studiosjeff marshal ceo vrspeak,23,"annual, campaign, virtual, hunter, done, everi, sata, webvrwebxr, movement, develop"
5441.0,use forum month ive notic quirk rule govern spammak edit previous publish post often result post flag spam removedi believ user forum allow edit post mani time possiblethi improv commun particip forum,24,"keep, publicincludepathsaddpathcombinemoduledirectori, unfair, touch, obvious, lowest, similarli, took, cumbersom, dusti"
25106.0,im sure commun manag pmed want ensur saw respons though go topic convers current forum vendor dont alot control spam system side must press forum vendor plan hope migrat differ platform near futur current platform unwieldi implement quick chang sidebas post weve reach forum vendor tri modifi set less heavi hand said hope throw babi bathwat soon enough start flexibl system sometim soon,37,"critic, unlimit, ff, experi, grenad, matur, san, giant, objectunityenginedebuglogerrorobjectunityeditorandroidgradleinvokationexceptionparseandshowexceptionunityeditorandroidpostprocessorpostprocessrunnerrunalltaskspostprocessorcontextunityeditorandroidpostprocessandroidplayerpostprocessbuildtarget, conjunct"
25162.0,thank respons,35,"code, xffdcfd, japan, applic, xrinstancet, xrkhrwinconvertperformancecountertim, rtluserthreadstartcal, cup, inspir, sensit"
2359.0,attach vive tracker develop guidelin document,7,"zwwaitforworkviaworkerfactoryxffdbbf, function, heavili, observ, sit, caus, angular, ftin, develop, load"
17821.0,pleas note latest,36,"infrar, packag, own, swap, motiv, vivecomcod, narr, intact, qatar, appear"
24143.0,helloi similar document control ive spend whole yesterday tri find refer materi want know exactli center coordin refer frame controllerlik,14,"use, customerserviceortcom, mp, moreov, attack, delay, vagu, herethank, estor, develop"
24168.0,isnt full look coordin system report openvr via specif engin uniti ue vive tracker radial symmetri wherea sinc control assymetr engin often add abstract layer theyr work full model interact point,17,"street, propos, role, lp, seizur, overhead, charger, button, exist, care"
24181.0,get coordin rotat matrix via openvr integr mind want know coordin origin control around physic space turn control around without chang posit chang yawpitchrol angl point relat physic devic,29,"embed, pick, yeah, infrar, myst, pirat, sidequest, allow, box, becom"
24185.0,here uniti doc worth center around menu button easili see cast ray control origin see exampl code viu uniti plugin cast ray vivepoint vive control,11,"themself, dialog, hunt, donat, demonstr, potenti, densiti, checkbox, mon, circl"
24198.0,alright thank inform better nothingthought applic would relli like someth much specifici want use vive control positionorient ground truth recorderdetector devic want tell inform plan design print mount would hold devic attach control math work would like precis rel positionorient devic center rotat vive control,32,"laser, offens, broken, shell, zone, wont, shorter, collid, board, thin"
25148.0,cannot creat post abl get help develop troubl vive tracker none support line onlin servic help issu link post issu reciev help,27,"onboard, televis, cart, draw, first, smoother, suppli, elig, ryzen, decid"
5270.0,viveport offer vive oculu checkbox vr submiss add also windowsmr headset checkbox work openvr user acer issu subscript titl platform made worri everi time spend subsctipt slot potenti unsupport titl develop tri submit app see dev fault platform want support platform rather microsoft store steam without even label windowsmr dont feel welcom,27,"onboard, televis, cart, draw, first, smoother, suppli, elig, ryzen, decid"
24466.0,viveport offici support wmr time henc absenc develop consol program optin checkbox mwr supportdistrubit platform support softwarehardwar runtimeecosystem alot involv simpli hardwar support layer openvr place complex framework legal partnership agreement must place add wmr offici support distribut target platformviveport endgoal add mani render targetshw platform possibl isnt anyth offici place wmr post continu work add partner updat platform develop consol requir,17,"street, propos, role, lp, seizur, overhead, charger, button, exist, care"
25107.0,want follow say announc gdc viveport ad offici wmr support nearterm mediumterm current work ad support tricki hmd complic process well start develop outreach commun soon start move toward product,35,"code, xffdcfd, japan, applic, xrinstancet, xrkhrwinconvertperformancecountertim, rtluserthreadstartcal, cup, inspir, sensit"
25112.0,great news thank updat,16,"confin, flawlessli, abstract, use, mostli, randomli, dollar, indi, dash, myselfi"
4636.0,hello vive seem setup great ive done mani escap room type game friend alway fun im develop one im notic also alot game ive play control physic floor half foot virtual floor vive setup incorrectli good practic vive develop player easili grab thing floor manipul item close floor honestli think work well project sever object alreadi feel pretti low interact design pretti low floor virtual floor less far away real floor never bother anyon els use im concern peopl might use control floor feel like gonna hit head everi door frame realli get low floor certain puzzlesi want post develop discuss wont let what,9,"hzthank, popul, msf, tuesday, sourc, collabor, standpoint, natur, redefin, moss"
22211.0,role system nomin develop separ endus forum develop forum ive given account develop credenti requir post dev forumsth way test floor calibr properli steamvr would go inhmd chaparon set activ floor bound alway set display actual level floor see screenshot belowgener speak best practic vr practic float top app simpli avoid put object near ground add inch height floor vive rift control shape conduc toward pick stuff that tie real floor kind cop answer think proper respons would go user feedback test reveal prefer solut interact scenario uniqu specif app one solut see game like moss idea magnet control certain environment puzzl piec radiu influenc allow drive interact without need control directli touch virtual object radiu pretti variabl specif certain object depend size orient interact outcom your tri drive,24,"keep, publicincludepathsaddpathcombinemoduledirectori, unfair, touch, obvious, lowest, similarli, took, cumbersom, dusti"
22220.0,thank good info honestli dont get use vive much id like idea calibr recalibr game control sit nice floor rescal lot thing pretti ignor check earlier oh well know ive play experi past charact could reach object floor extrem frustrat use think extra floor act safeti look better floor common issu peopl calibr thing ground unreach without sometrh like magnet techniqu use develop commonli put big collid stick control lot prevent way set current control collid big front controlleri common floor setup control floor around instead floor setup pictur work player,24,"keep, publicincludepathsaddpathcombinemoduledirectori, unfair, touch, obvious, lowest, similarli, took, cumbersom, dusti"
24898.0,best practic vr like one found member setup floor boundari match real floor better ye bound control gener allow slightli larger actual control technic even bound match mesh exactli also work your concern floor drift time make slightli higher actual floor slightli mean inch less,29,"embed, pick, yeah, infrar, myst, pirat, sidequest, allow, box, becom"
4581.0,im exterem interest tri sdk finger track htc vive pro im work project would groundbreak,24,"keep, publicincludepathsaddpathcombinemoduledirectori, unfair, touch, obvious, lowest, similarli, took, cumbersom, dusti"
21986.0,point unfortun intern sdk share partner wider develop commun approach product readi updat featur commun via press develop channelsw github repo earlier handtrack code add onto srwork sdk finger track repo,11,"themself, dialog, hunt, donat, demonstr, potenti, densiti, checkbox, mon, circl"
23241.0,helloar updat see sdk releas soon,30,"hesit, subject, alway, metadata, reinstal, probabl, elsethank, ok, sure, particularli"
23258.0,thank head git repo dive asappleas keep us updat pleas share futur plan guy think import busi segment,9,"hzthank, popul, msf, tuesday, sourc, collabor, standpoint, natur, redefin, moss"
23268.0,ping sdk team current work see updat inde sinc teas develop confer believ take conserv approach rollout branch cv featur theyd need reason reliabl rgb system wide rang light background condit,38,"programm, par, technolog, timei, disregard, van, csv, variant, wrote, pm"
23814.0,backend use android studio develop applic use good librari function,6,"secondli, therew, favourit, phenomena, strike, vbc, rf, virtuallink, occas, msg"
23820.0,hi news,6,"secondli, therew, favourit, phenomena, strike, vbc, rf, virtuallink, occas, msg"
23836.0,latest work sdk featur correspond document still wip advanc toward earli releasei dont timelin thatsrwork basic hand track featur alreadi bake sdk,34,"ultim, heyi, soft, pdf, storefront, electr, relax, coax, forget, news"
24392.0,hi newsthank,14,"use, customerserviceortcom, mp, moreov, attack, delay, vagu, herethank, estor, develop"
24778.0,sdk releas week earli access found,12,"xrkhrwinconvertperformancecountertim, singl, neat, scare, pair, faith, wet, monday, gestur, neg"
5256.0,take peek newhtcvivecosmo control gamerfriendli control seamless track vive cosmo control design give greater control vr experi stay tune cosmo announc websit htc vive vefebruari,32,"laser, offens, broken, shell, zone, wont, shorter, collid, board, thin"
3825.0,auto updat steam vr pogo pin stop read uniti program made use hyperblast similar control tri configur button press event send button use sent effectdo anyon inform make vive tracker pogo pin behav use im setup show ill next day broke everyth im show,17,"street, propos, role, lp, seizur, overhead, charger, button, exist, care"
19637.0,suspect relat yesterday steamvr updat current investig behavior parallel valv sent email pleas keep lookout,38,"programm, par, technolog, timei, disregard, van, csv, variant, wrote, pm"
19645.0,updat new hotfix still see issu,25,"projectif, redeem, implement, motherboard, suggest, mad, communityi, bumper, noob, router"
19649.0,run problem right vr hackfest taiwan build custom vr gun,19,"today, strateg, blutooth, steve, reset, reput, wolvic, stock, asu, differ"
19651.0,ive sent detail messag email address associ forum account pleas look let know dont see,21,"definit, thingsi, approach, weekli, smoothli, highspe, account, pod, speech, careregard"
19671.0,updateto anybodi may experinc issu updat pleas see follow poststeamvr temporari rollback,25,"projectif, redeem, implement, motherboard, suggest, mad, communityi, bumper, noob, router"
22375.0,hellohav got news integr detect pogo pin last offici version steamvrcur im impos use pogo pin tracker vive wireless time last version vive wireless compat branch program steam vrthank youp want know problem commun privat messag,17,"street, propos, role, lp, seizur, overhead, charger, button, exist, care"
22959.0,hi manag find solut steamvr hotfix beta isnt shown anymor pogo pin arent work lastest steamvr updat,23,"annual, campaign, virtual, hunter, done, everi, sata, webvrwebxr, movement, develop"
23080.0,confirm remov beta still broken beta anyth offlin mode beta,22,"facial, pci, herei, tool, gamew, inflat, endless, measur, less, thisiv"
23178.0,steamvr unabl retreiv tracker input state unityi use directli openvr api without use uniti steamvr sdk well steamrend steamvrtrackeddevic steamvrcontrollermanag etcwhat dont understand openvrisinputavail return fals certain combinaison devic connect control andor trackerwhi hell cant return state regardless els connect anyway even openvrisinputavail return true cvrsystemgetcontrollerstatetrackerindex return true tracker stay buttonlessbut input doesnt work tracker correctli track spaceit drive mad,20,"prototyp, serv, appnam, craft, directx, aud, obstruct, els, destroy, markerbas"
23239.0,im creat subject advisor htc vive franc today said send urgent request developp resolv problem hope htc go reactiv lot develop im block applic,37,"critic, unlimit, ff, experi, grenad, matur, san, giant, objectunityenginedebuglogerrorobjectunityeditorandroidgradleinvokationexceptionparseandshowexceptionunityeditorandroidpostprocessorpostprocessrunnerrunalltaskspostprocessorcontextunityeditorandroidpostprocessandroidplayerpostprocessbuildtarget, conjunct"
23488.0,hi allth new steamvr input system note vive specif announc month ago chang shouldv affect app bring benefit app regard tracker adress one sever way still affect tracker requir pogo pin interfac recogn control tracker held hand make bind one first devic basic control ie instruct user manag tracker bind steamvr set current known issu report openvr github steamvr uniti plugin github regard button input via pogo pin addit control beyond first left right control roll back version new input system although branch fall back remov realli bind develop updat new input system way user roll back app steam last resort,21,"definit, thingsi, approach, weekli, smoothli, highspe, account, pod, speech, careregard"
23692.0,wrotehi allth new steamvr input system note vive specif announc month ago chang shouldv affect app bring benefit app regard tracker adress one sever way still affect tracker requir pogo pin interfac recogn control tracker held hand make bind one first devic basic control ie instruct user manag tracker bind steamvr set current known issu report openvr github steamvr uniti plugin github regard button input via pogo pin addit control beyond first left right control roll back version new input system although branch fall back remov realli bind develop updat new input system way user roll back app steam last resort harsh tone ahead result lot time wast tri figur wrong spoiler turn wasnt someth wrongseri way open api vr aka openvr provid untouch raw input valu connect devic need manual load month old version steamvrim work seriou enterpris solut involv multipl tracker complet unusu take money tracker api access input anoth api im unawar privd access function sellyou abl fix month either valv realli want succeed stick htc enterpris effort trueli incompet folk involv option equal sad,21,"definit, thingsi, approach, weekli, smoothli, highspe, account, pod, speech, careregard"
23699.0,steamvr valv technolog thu control thing like api access via openvr way pull raw valu watchman devic without openvr intermedi function watchman system compress system worksa dario point valv announc chang input system half year ago init cover thispost valv post guid rebind legaci gamesher joe ludwig elabor chang specif affect vive tracker thispostfor case pogo pin valv made endus must specif tracker set held hand bind pogo pin work origin pleas specif chang block work your post contain enough inform provid action support complet understand frustrat valv chang develop endus prospect howev chang valv commit public branch steamvr thu must work constraint new possibl introduc new input system,24,"keep, publicincludepathsaddpathcombinemoduledirectori, unfair, touch, obvious, lowest, similarli, took, cumbersom, dusti"
24056.0,ok thought id add inform frustrat seem pile new updatevers steamvr bring new set annoy enterpris use abl pair tracker control machin dongl simultan use either control setup tracker actual system use whenev pair set forget pair previou devic even though even tracker kept restart dont turn control steamvr shut set power manag light stay green steamvr boot doesnt connect tracker control manual turn tracker still show green light turn back steamvr recogn turn controllerstrack onoff special chosen two input seem arbitrari still cant get pogo pin input tracker tracker control would happi hear anyth would make maintan support deploy solut less nightmar keep run,12,"xrkhrwinconvertperformancecountertim, singl, neat, scare, pair, faith, wet, monday, gestur, neg"
24101.0,problem pogo pin woke tri use vive role changer tracker actual didnt chang their role control pogo pin start work fine hope help link tool,17,"street, propos, role, lp, seizur, overhead, charger, button, exist, care"
24393.0,tri betath gogo pin never work work restart work againcan someon htc advis what best way use tracker gogo pin,24,"keep, publicincludepathsaddpathcombinemoduledirectori, unfair, touch, obvious, lowest, similarli, took, cumbersom, dusti"
5172.0,post move wavesdk forum offici forum vive focu,22,"facial, pci, herei, tool, gamew, inflat, endless, measur, less, thisiv"
4725.0,submiss close nomine beenannounc thank participatinghav question viveport develop award answer ask question answer pleas leav commentwhat viveport develop awardsth third annual viveport develop award open contest vr develop publish viveport subscript viveport develop award showcas celebr reward vr develop vr experi two set categori two type vr titl distribut viveport pc mobilehear vda winner finalist particip impact studioswhat prize viveport develop awardspceach categori pc contest winner finalistth winner receiv usd studio profil video produc viveport prioriti access new develop hardwar two ticket develop confer san francisco market support paid media physic trophi commemor awardth finalist receiv usd studio profil video produc viveport prioriti access new develop hardwaretwo ticket develop confer san francisco market support paid mediaand physic trophi commemor awardmobileeach categori mobil contestwil onewinnerth winner receiv usd studio profil video produc viveport prioriti access new develop hardwar two ticket develop confer san francisco market support paid media physic trophi commemor awardwhat content categoriesin viveport develop award four categori pc titl three categori mobil titl titl submit develop must selectonecategori titl judg categori arepc mobileentertainmentcaptiv player engag world stori featur interact satisfi reward leav last impress encourag player revisit titl game narrativedriven experienceseducationoff immers interact learn experi classroom outsid spark curios imagin passion intrigu subject matterart cultureen preserv democrat creation art address divers global audienc contribut knowledg enjoy cultur heritagepc onlyarcadedelight custom new virtual realiti design locationbas entertain consid eas learn playtim great choic venu busi offer virtual realiti experienceshow titl enter consider viveport develop awardsdevelop submit titl theviveport develop consol pc titl enter select homearcad busi model target pc platform mobil titl enter select homearcad busi model target mobil platform submiss section find viveport develop award optin program optin check appropri box categori finish rest content submiss order enter viveport develop award titl must optedin viveport subscript program titl enter arcad categori titl must also optedin viveport arcad program offici submit titl select creat product releas submit tabwhen viveport develop award start endth contest run pacif time novemb submiss window content close februari pm pacif time viveport develop award offici end march announc winnersam elig enter viveport develop award countri participateviveport develop must regist theviveport develop consoleto particip develop live countri elig enter unit state canada exclud quebec unit kingdom germani franc sweden netherland australia new zealand taiwan south korea switzerland norway poland austria belgium russia thailand singapor india argentina brazil finland hong kong ireland itali portug romania spain brunei bulgaria burma cambodia croatia cypru czech republ denmark estonia greec hungari iceland indonesia lao latvia lithuania luxembourg macau malta malaysia peru philippin slovakia slovenia uruguay vietnam mexico china japan addit elig rule pleas see page theterm conditionsi titl elig enter viveport develop awardsmost like ye exist titl viveport store enter well new titl titl need upload submit viveport develop consol deadlin viveport develop award program optin selectedin order toenterth viveport develop award titl must optedin viveport subscript program titl enter arcad categori titl must also optedin viveport arcad programtitl elig enter includetitl nomin andor previou viveport develop awardstitl fund vive initi includ limit vive studio vive vr impactwhat term conditionsth term condit third annual viveport develop award foundherei china includ viveport develop awardsy separ viveport develop award china third annual viveport develop award develop elig countri includ china participatewil titl publish viveport storey titl pass review submiss process titl publish viveport order enter titl viveport develop award must submit titl publish viveport storedo matter titl app gameno app game submit viveport develop award expect game submit entertain arcad categori app appear four categoriescan enter one titl viveport develop awardsy recogn develop often creat multipl titl elig titl enter develop multipl entri may win one prize pc mobil categori maximum two prizeshow receiv prizeaft notifi develop winner finalist viveport team work directli ensur swift payment schedul studio profil video hardwar deliveri develop notifi winner nomine expect two member studio attend viveport develop award event gdc receiv theirphys trophi commemor award cours celebr peer meet mani member vive viveport team,35,"code, xffdcfd, japan, applic, xrinstancet, xrkhrwinconvertperformancecountertim, rtluserthreadstartcal, cup, inspir, sensit"
22902.0,wil finalist announc receiv thetwo ticket develop confer thank,14,"use, customerserviceortcom, mp, moreov, attack, delay, vagu, herethank, estor, develop"
22932.0,hi plan announc nomine around feb alloc gdc pass still work logist provid code use time registr well handl registr nomine behalf thank,32,"laser, offens, broken, shell, zone, wont, shorter, collid, board, thin"
24036.0,dev stage applic need alpha enough need least beta releas state elig enter vda,36,"infrar, packag, own, swap, motiv, vivecomcod, narr, intact, qatar, appear"
24045.0,well consid build publicli publish storefront deadlin includ alpha beta must publish storefront qualifi consider bear mind youd compet product build,2,"nosourceunityenginedebugloghandlerinternalloglogtyp, righti, assist, bethesda, joint, talent, four, silli, gbp, inbox"
5138.0,hey everyonechines new year fast approach holiday could impact develop februari februari major hardwork team taipei enjoy time famili viveport content oper team manag mani core servic titl review evalu publish payment small skeleton crew offic make sure essenti servic continu run without issueif plan submit new updat build titl period experi delay reviewpublish compar normal process want ensur titl impact holiday want schedul releas time pleas submit buildsmateri soon possibl reach account manag content oper anoth vive staffw appreci understand global team enjoy import holiday alway thank viveport develop join us journeythoma,33,"teamit, questionnair, gold, sweep, optic, ecosystem, unsupport, isi, skew, blink"
5108.0,steamvr srwork start new project ad openvr packag instal steamvr srworkserrorassetsvivesrscriptsvivesrdualcameracalibrationtoolc error cs name registri exist current contextit look like recent chang may broken srwork plugin,23,"annual, campaign, virtual, hunter, done, everi, sata, webvrwebxr, movement, develop"
23886.0,srwork doesnt support yet srwork experi demo requir previou version steamvr uniti plugin,15,"server, nope, cheer, slight, august, multiplay, especi, soooo, biggest, journey"
305.0,your read congratul exclus access forum develop htc vive viveportwith excit viveport launch last week includ revamp forum didnt time introduc frankli explain what go herefirst hello im stephen reid run commun viveport right primarili mean im handl forum ive work game tech year us also europ im english base san francisco offic liter next vive develop team ive spent lot time work develop consid privileg get see product creat help spread word consum across worldnow what go herew built design forum privat develop area allow commun htc staff cours develop normal forum member cant see forum other within develop forum categori cant even see existwhil obvious million place web discuss develop vr hope make mustvisit destin mind hope make convers talk us well talk back nice let start tell us someth your develop specif vagu your comfort regard project whatev your work wed love hear itif question time commun pleas feel free reach via pm ill best helplook forward hear,0,"librari, webinar, orient, unlik, warp, daemon, beginn, energi, changelog, regardsprof"
23866.0,want say forum help develop like us also want say forum go help us also give answer question anoth develop well email verif requir add question forum need torecov gmail passwordto,22,"facial, pci, herei, tool, gamew, inflat, endless, measur, less, thisiv"
3262.0,hiquick contexti work research center combin ar vr develop network applic content share someon vr wear htc vive anoth person ar wear microsoft hololensissuew upgrad vive vive pro whenev hololen look straight vive pro later lose track right away hololen look away hololen look front heaset back matter track persist lost sinc hololen ir emitt believ mess ir emit two base station vive pro confusedbut never issu first gener vive happen new vive proquestionani use thought driver updat fix issu anytim soona understand test ir emiss chang close sun light environ vive pro sensor obvious handl ir differ fashion vive sensor though,32,"laser, offens, broken, shell, zone, wont, shorter, collid, board, thin"
19860.0,issu well im surpris peopl arent issu trade show like,37,"critic, unlimit, ff, experi, grenad, matur, san, giant, objectunityenginedebuglogerrorobjectunityeditorandroidgradleinvokationexceptionparseandshowexceptionunityeditorandroidpostprocessorpostprocessrunnerrunalltaskspostprocessorcontextunityeditorandroidpostprocessandroidplayerpostprocessbuildtarget, conjunct"
19873.0,sorri seem like thread slip anoth thread topic respond tooveral seen limit report ir interfer pro restrict specif type developerenviron name crossplatoform dev mocap studio user issu certain hardwar rev kinecti reach triad maker sensor asic comment receiv relev info topic date tri bump thread hope get answer ir interfer,3,"bother, hinder, cann, auto, wave, toggl, risk, fx, videoplay, atleast"
23573.0,want bump thread im compet problem im assum there someth go interfer hololen ir emitt fact base station includ data beam nowthi kind dealbreak situat unfortun there cool innov stuff could happen merg equip,28,"februari, asu, rma, hisher, keep, form, saber, buildtargetgroup, leftright, amazingtechvr"
4674.0,ive tri get work research lab im vive support chat absolut useless ive differ convers spend hour tell even told need buy whole new vive pro set becuas need base pod still problemim tri extend room steamvr room set keep limit green squar box,28,"februari, asu, rma, hisher, keep, form, saber, buildtargetgroup, leftright, amazingtechvr"
22360.0,ive respond develop support ticket via email,28,"februari, asu, rma, hisher, keep, form, saber, buildtargetgroup, leftright, amazingtechvr"
23082.0,hi sev share answer see issu,7,"zwwaitforworkviaworkerfactoryxffdbbf, function, heavili, observ, sit, caus, angular, ftin, develop, load"
23098.0,get confus terminolog basic steamvr limit play space that report engin roomscal box that xm chaparon extend beyond space allow much larger area what allow default steamvr current limit space that allow report engin know make much difficult initi warehous scale app correctli affect camera origin point current limit compositor work annoy your still abl creat much larger chaparon,39,"detail, lazi, sing, kranki, decad, vri, fpsvr, hii, afford, surprisingli"
1138.0,accord page look like trigger button press tracker simpli close connect ground pin appropri pin button want work grip trigger menu button doesnt seem work trackpad button tri two differ tracker coupl differ game inform make trackpad button workalso use pogo pin axi touchpad somehow avail usbther also vibrat digit output pin inform use suppos could get oscilloscop probabl figur would nice documentationthank guy otherwis document great,21,"definit, thingsi, approach, weekli, smoothli, highspe, account, pod, speech, careregard"
10578.0,would also interest find trackpad button via pogo pin doesnt seem regist rest work fine ever find addit inform somewher els find help,21,"definit, thingsi, approach, weekli, smoothli, highspe, account, pod, speech, careregard"
10579.0,base trackpad input pin current regist ue openvrso look like fact use control mode order ue see button allwhich isnt someth would want consum figur ue dev get shaft news fixedafaik problem defin htc end sinc show like trackpad button control switch control modehop get epic radar well implement direct support far havent see anyth epic worrysom sinc pretti big vr,0,"librari, webinar, orient, unlik, warp, daemon, beginn, energi, changelog, regardsprof"
11411.0,touchpad vive tracker issu resolv pleas see releas note recent steamvr beta updat,6,"secondli, therew, favourit, phenomena, strike, vbc, rf, virtuallink, occas, msg"
11414.0,great news thank let us know ill give tri,16,"confin, flawlessli, abstract, use, mostli, randomli, dollar, indi, dash, myselfi"
22958.0,hellohav issu sinc steamvr beta hotfix remov mine work cannot find solutionthank,25,"projectif, redeem, implement, motherboard, suggest, mad, communityi, bumper, noob, router"
4825.0,ive built app persist data steamwork cloud use leaderboard function viveport although im still work kink leaderboardim readi share beta submit beta build viveport launch crash say steamapiinit failed setup dummi steam viveport account test beta crash launchi think steam account isnt licens beta viveport account licensedha anyon encount know solut may abl get success beta launch,25,"projectif, redeem, implement, motherboard, suggest, mad, communityi, bumper, noob, router"
22953.0,hiactual use steamwork api viveport api contentso need two content build submit two platform separatelyregard,22,"facial, pci, herei, tool, gamew, inflat, endless, measur, less, thisiv"
4667.0,develpo proejct ar experien need two addit base stationswher buy thatcheer,34,"ultim, heyi, soft, pdf, storefront, electr, relax, coax, forget, news"
4269.0,may notic recent migrat forum wavesdk srwork dsp sdk move come effort make forum access easier find thread origin contain privat group migrat new locationy find new locat belowv wavesdk forumsv srwork sdkvive dsp audio sdk forumsch,14,"use, customerserviceortcom, mp, moreov, attack, delay, vagu, herethank, estor, develop"
22122.0,thank know,33,"teamit, questionnair, gold, sweep, optic, ecosystem, unsupport, isi, skew, blink"
4555.0,get theseanoth pair wand steamvr track would nice toothank,12,"xrkhrwinconvertperformancecountertim, singl, neat, scare, pair, faith, wet, monday, gestur, neg"
21958.0,tri send support ticket email associ account think caught caught spam setup pleas fill develop ticket includ locat control cabl recent avail purchas us,14,"use, customerserviceortcom, mp, moreov, attack, delay, vagu, herethank, estor, develop"
2706.0,text provid logitechnew windowss insid build late januari break bridgesdkif opt window insid build latest updat happen last week januari broke bridgesdk releas team current work fix readi yet pleas awar issu hang tight well get back ie tri optout insid build note issu affect ms windowss offici buildsim get messag vive camera need enabledif see messag bridg softwar abl acquir vive hmd camera feed happen reason tri follow solutionsth camera htc vive hmd may disabl open steamvr steamvr desktop app menu click onset camera enabl camera camera enabl abl pick upsometim htc vive camera enabl avail happen restart steam vr disconnectingreconnect vive hmd camera usual work us check steamvr troubleshoot uptod solutionsa last resort also close bridg sw system tray right click quit restart see hmd camera enabl availablehow associ htc vive tracker track keyboardfirst vive tracker must pair htc vive system use steamvr interfac steamvr beta menu devic pair control next logitech bridg desktop applic go pair vive tracker tab tracker appear list click pair new shake desir tracker progress bar fill shake trackermi tracker appear listif dont see tracker list make sure alreadi pair steamvr steamvr beta menu devic pair control next check switch led lit green blue case tracker still appear list pleas contact us atsupportsdkechcomim see keyboard vrcheck bridg swlogitechgbridgeexei run system tray minimizedcheck keyboard visibl toggl labelleden keyboard desktop app set tab set toonif still cannot see keyboard see object doesnt look like keyboard pleas contact us atsupportsdkechcommi hand align virtual keyboardon bridg vr keyboard place rightctrl key there key labelledalign left arrow key hold key bring align mode goal align real keyboard view camerafe blue outlin key holdingalign use highlight key chang rotat scale posit keyboard inform check align section set tab bridg desktop app align use bridg vr setup configur timemi keyboard swim dowhen move head keyboard hand may appear swim move front virtual space due delay acquisit pose keyboard tracker render layer keyboard hand engin realis somewhat disconcert peopl work improv next releas complet setup im still get clear imag handsat proofofconcept stage two big factor awar affect clariti imag light condit contrast keyboard hand research use ideal light condit alway clear virtual hand imag nonid light condit low contrast keyboard color hand skin tone result poor experi fulli awar primari issu work solv today experi differ light differ color keyboard weve experi blue prototyp gs matt finish also includ altern segment mode set tab tri accommod broader rang condit experiment mode right your still problem get set pleas get touch let us know well see help,26,"tiltbrush, technic, globe, effect, instrument, whichev, afternoon, overcom, mere, die"
21818.0,hellow releas newer version sw packag seeher solv previou bug ms window insid build issu well ad support vive pro well go check,7,"zwwaitforworkviaworkerfactoryxffdbbf, function, heavili, observ, sit, caus, angular, ftin, develop, load"
4297.0,current sold eu uk us far see,9,"hzthank, popul, msf, tuesday, sourc, collabor, standpoint, natur, redefin, moss"
4244.0,copi theoffic vive blogtoday announc second year row conjunct second anniversari viveport give develop titl viveport subscript subscript revenu end viveport subscriptionallow everi subscrib pick titl month experi mean viveport subscript member pick develop titl unlik normal revenu viveport receiv develop get full owe revenu monthth second year viveport subscript seen grow dramat expand titl total number subscrib support oculu rift also ad along partnership amazon oculu rift compat effect doubl potenti audienc reach well introduc rift owner benefit viveport subscript addit amazon sell viveport app new prospect custom display viveport app purchas compat hardwareit simpl take advantag rev share opportunityexist viveport developerlogin thedevelop consolenavig program optinscheck box optin viveport subscriptionnew viveport developersign viveport develop via thedevelop consoleupload requir file detail new titleund program optin check box optin viveport subscriptionwhat nextwheth alreadi titl viveport subscript your ad exist one great time promot fact ensur get mani subscrib possibl experienc titl make sure tag viveport onfacebooktwitterandinstagramwhen link titl especi interest hear youv updat titl major changesthank us celebr second anniversari viveport,35,"code, xffdcfd, japan, applic, xrinstancet, xrkhrwinconvertperformancecountertim, rtluserthreadstartcal, cup, inspir, sensit"
3269.0,mod note ntenbula srwork group open group join go url click join group log filev srwork log vivesriniti successjson log esoftssteamjson log found steam instal pathjson log usig devic lhrfcdjson error code xea devic config file open fail meraparameterswindow nvdia driver gtx updat hmd firmwarey run steamvr betay test camera steamvr settingsy run latest nvidia drivery copi lighthouseconsoleex downloadconfig configjson lhrfcd yesstil error,15,"server, nope, cheer, slight, august, multiplay, especi, soooo, biggest, journey"
17853.0,note ntenbula order view solut must join srwork group first go url click join group,31,"packagenam, faith, orion, easili, similarli, locationbas, empow, aliv, deliveri, smoother"
18473.0,closest thread find problem similar mine thread unfortun miss idea solut thank,25,"projectif, redeem, implement, motherboard, suggest, mad, communityi, bumper, noob, router"
18475.0,ad srwork group see thread may check email verificationmod note ntenbula srwork group open group join go url click join group,15,"server, nope, cheer, slight, august, multiplay, especi, soooo, biggest, journey"
18527.0,thank thread fix happen home work might worth toss faq peopl without access,2,"nosourceunityenginedebugloghandlerinternalloglogtyp, righti, assist, bethesda, joint, talent, four, silli, gbp, inbox"
18558.0,hii problem could mayb add group see solut,19,"today, strateg, blutooth, steve, reset, reput, wolvic, stock, asu, differ"
18572.0,ive ad group youll receiv email confirmationmod note ntenbula srwork group open group join go url click join group,26,"tiltbrush, technic, globe, effect, instrument, whichev, afternoon, overcom, mere, die"
18604.0,ive ad youmod note ntenbula srwork group open group join go url click join group,15,"server, nope, cheer, slight, august, multiplay, especi, soooo, biggest, journey"
20394.0,cant join group view solut pleas help,34,"ultim, heyi, soft, pdf, storefront, electr, relax, coax, forget, news"
3993.0,greetingsw look creat vr content util vr backpack setup freeroam play area area feet length cool prospect inde thinkhowev steamvr room setup applic still allow user calibr maximum play area meter ye thechaparon boundscan calibr huge space squareplay areai still restrict small size seem like issu develop creat unforutn restrict usw wish automat gener wall object base size space within uniti leastw obtain dimens play area actual boundariesi know vive forum strictli steamvr issu thought id pass issu along simpl updat allow user set larger play area correctthank,0,"librari, webinar, orient, unlik, warp, daemon, beginn, energi, changelog, regardsprof"
20133.0,tri discuss valv via steamvr commun steamvr hdk commun steamvr githubwel look state would ultim valv would manag compositor integr,13,"core, technic, ctrl, dd, die, everyoneim, hii, entrypoint, enterpris, physic"
20135.0,thank quick feedback,33,"teamit, questionnair, gold, sweep, optic, ecosystem, unsupport, isi, skew, blink"
3929.0,would made life easeir prototyp made,32,"laser, offens, broken, shell, zone, wont, shorter, collid, board, thin"
3814.0,hi question submiss viveportour question mainli option upload one build im ask western asian languag cover howev cannot put build tech wise isnt possibl dev therefor want know split build one asia region one western give user choic download either build platofrm,36,"infrar, packag, own, swap, motiv, vivecomcod, narr, intact, qatar, appear"
19567.0,hello curios prevent publish languag skugener speak strong prefer publish languag cluster sku prevent consum confus creat unifi custom experi zero room consum purchas wrong buildif must publish two build separ sku technic reason ask followingb sure toveri clearlynot titl local build especi specif languageonli select appropri distribut territori region local sku ie dont allow mandarin build distribut america english build distribut china ectpleas overlap distribut region two build,6,"secondli, therew, favourit, phenomena, strike, vbc, rf, virtuallink, occas, msg"
996.0,got vive tracker yesterday tri play around realiz could use anyth lue normal control couldnt even use mix realiti bathop miss someth way make think tracker anoth control creat extern offset config differ coordin systemth idea creat gun control anoth multipl game didnt develop access code want updat exampl space pirat trainer hot dog horsesho hand grenad hover junker consum buy gener specif use gun game set config file offset coordin track puck show normal control play gameright tri use puck hand control make doesnt show second control even control turn know use sdk uniti call trackedobject trackedcontrol uniti made make tracker work game spend time add code game take control away user home maker may printer make someth favorit gameani insight would help read htc vive tracker develop guidelinesvpdf scenario look foreword repli also word mix realiti tracker defaultthank,17,"street, propos, role, lp, seizur, overhead, charger, button, exist, care"
14016.0,appar discuss link removedth messag tri access perman deletedani chanc captur essenc post note thx,8,"javascript, ita, meter, channel, physic, ipd, sku, clone, tomcgcmfc, narrow"
14051.0,hi tool allow chang tracker roll control tracker sinc deprec tool prevent confus consum side accident delet thread intend lock still need tool send pm,19,"today, strateg, blutooth, steve, reset, reput, wolvic, stock, asu, differ"
14072.0,davidi would appreci greatli access tool better yet link github page hint hint hint rememb open sourc stuff get better custom use case feedback well free servic develop like myselfmani thankslb,20,"prototyp, serv, appnam, craft, directx, aud, obstruct, els, destroy, markerbas"
14238.0,hint hint hint viu open sourc github youll notic plenti addit tracker project avail well there need treat vive tracker vive control recommend dont there need,17,"street, propos, role, lp, seizur, overhead, charger, button, exist, care"
14258.0,id second dario suggest take look inputoutput util need help dont hesit pm,21,"definit, thingsi, approach, weekli, smoothli, highspe, account, pod, speech, careregard"
15683.0,hi david would like get hand vivechangertool well thank,37,"critic, unlimit, ff, experi, grenad, matur, san, giant, objectunityenginedebuglogerrorobjectunityeditorandroidgradleinvokationexceptionparseandshowexceptionunityeditorandroidpostprocessorpostprocessrunnerrunalltaskspostprocessorcontextunityeditorandroidpostprocessandroidplayerpostprocessbuildtarget, conjunct"
15733.0,copi tool recommend look vive input util recommend develop tracker control mode consum tracker ship tracker mode,20,"prototyp, serv, appnam, craft, directx, aud, obstruct, els, destroy, markerbas"
15734.0,pmed,35,"code, xffdcfd, japan, applic, xrinstancet, xrkhrwinconvertperformancecountertim, rtluserthreadstartcal, cup, inspir, sensit"
18469.0,hi david would like get hand vivechangertool well thanksbi waycan tool use tracker,20,"prototyp, serv, appnam, craft, directx, aud, obstruct, els, destroy, markerbas"
18470.0,tool post compat tracker pro,22,"facial, pci, herei, tool, gamew, inflat, endless, measur, less, thisiv"
18976.0,hey use convert tracker ago unabl convert tracker back tracker role help pleas,6,"secondli, therew, favourit, phenomena, strike, vbc, rf, virtuallink, occas, msg"
18978.0,use latest version role changer,6,"secondli, therew, favourit, phenomena, strike, vbc, rf, virtuallink, occas, msg"
18995.0,pleas confirm version tool your use behavior your experienc behavior produc error code simpli refus revert desir roleth version link work newer firmwar addit recoveri tool pleas give shot your older branch,19,"today, strateg, blutooth, steve, reset, reput, wolvic, stock, asu, differ"
19016.0,use definit give tryth issu face actual firmwar updat tracker control configur connect tri chang back say multipl vive devic connect unabl chang rolei tri newer version let know work,17,"street, propos, role, lp, seizur, overhead, charger, button, exist, care"
19093.0,error keep get even role changer connect tracker vive devic still get error,1,"appnam, guysw, modei, equal, colleg, easiest, euro, artifact, pming, mission"
19096.0,assum tri reset found say plug tracker pc press button secondsalso use old laptop role chang way dont exitclos vr disconnect gear dont anyth attach old laptop start would get error someth els connect game rig come find tp cast softwar run background caus error,17,"street, propos, role, lp, seizur, overhead, charger, button, exist, care"
19097.0,procedur fix firmwar control tracker describ boot pc connect control press trackpad button put usb drive mode allow copi new firmwar devicei know control tracker connect pogo pin ground trackpad button power mayb would effectjust theori,5,"bootcamp, emit, pressur, frustrat, base, constraint, viveconsol, igpu, ce, max"
19101.0,tracker show steamvr,12,"xrkhrwinconvertperformancecountertim, singl, neat, scare, pair, faith, wet, monday, gestur, neg"
19154.0,ye tracker show steamvr show control tracker,12,"xrkhrwinconvertperformancecountertim, singl, neat, scare, pair, faith, wet, monday, gestur, neg"
19155.0,tri theori dont pogo pin tri find tri fix suggest thank youand dont softwar still tri quit everyth els tri fix againmi issu probabl warn convert tracker control role updat firmwar guess mess somewher updat firmwar realli want revert though hope way,21,"definit, thingsi, approach, weekli, smoothli, highspe, account, pod, speech, careregard"
3620.0,hdk develop kit configur use lighthous vive pro headset,32,"laser, offens, broken, shell, zone, wont, shorter, collid, board, thin"
18876.0,newer hdk ts asic nativ compat steamvr basest older hdk ts base sensor compat basestationsp second part question im sure mean compat pro hmd hdk specif track platform first foremost,22,"facial, pci, herei, tool, gamew, inflat, endless, measur, less, thisiv"
18900.0,fortun sensor new chip,38,"programm, par, technolog, timei, disregard, van, csv, variant, wrote, pm"
1047.0,hiwev got yesterday vive tracker found tracker send track data without dongl guidelin written workingso alittl bit confus work realli need use donglei newer version guidelin,21,"definit, thingsi, approach, weekli, smoothli, highspe, account, pod, speech, careregard"
9843.0,hi far know current latest version guidelin ill ask clarif your see,13,"core, technic, ctrl, dd, die, everyoneim, hii, entrypoint, enterpris, physic"
9937.0,hi stephenhav found someth topici think connect directli hmd like control,31,"packagenam, faith, orion, easili, similarli, locationbas, empow, aliv, deliveri, smoother"
9943.0,tracker use radio control dongl basic radio dongl plug comput essenti ad two radio alreadi headset possibl pair tracker one radio headset one avail isnt current connect one alreadi pair control suspect that your see,26,"tiltbrush, technic, globe, effect, instrument, whichev, afternoon, overcom, mere, die"
9949.0,thank answeri thougt similar,1,"appnam, guysw, modei, equal, colleg, easiest, euro, artifact, pming, mission"
10051.0,also suspect one control power pair repair control dongl unplug tracker power plug dongl pair tracker good tracker work well unreal,17,"street, propos, role, lp, seizur, overhead, charger, button, exist, care"
18873.0,need plugin dongl tracker use one dongl multipl trackersi assum one dongl mention radio headset suggest otherwis,22,"facial, pci, herei, tool, gamew, inflat, endless, measur, less, thisiv"
18874.0,youll requir one dongl tracker,12,"xrkhrwinconvertperformancecountertim, singl, neat, scare, pair, faith, wet, monday, gestur, neg"
18875.0,thank receiv tracker hdk kit vive pro headset vive headset hdk kit setup work vive pro headset also post new post,1,"appnam, guysw, modei, equal, colleg, easiest, euro, artifact, pming, mission"
18899.0,receiv hdk kit sensor newer chip,33,"teamit, questionnair, gold, sweep, optic, ecosystem, unsupport, isi, skew, blink"
2827.0,ever vive tracker lite way place fix object identifi pattern vrfor exampleth vive tracker basic control mount implement everyth need full fledg controllerbodi track doesnt need control track bodi need identif point bodi abl creat skeleton programaticallykeyboard track one simplest thing track need patteren physic overlay identifi keyboard posit space use two camera speak dont lighthous depth sens camera recreat mix realitythes two exampl vive tracker lite would fill full fledg tracker would overkil simpl posit track without control option patteren overlay track two exampl simpl track im sure morethought,32,"laser, offens, broken, shell, zone, wont, shorter, collid, board, thin"
16129.0,probabl theyll like fill third parti lighthous open book anyon could make arm leg band track instanc,3,"bother, hinder, cann, auto, wave, toggl, risk, fx, videoplay, atleast"
18725.0,rokoko percept neuron xsen categori,35,"code, xffdcfd, japan, applic, xrinstancet, xrkhrwinconvertperformancecountertim, rtluserthreadstartcal, cup, inspir, sensit"
18818.0,purchas kit virtual build current cheaper buy tracker great custom project develop project youtub robawesomevr finish,9,"hzthank, popul, msf, tuesday, sourc, collabor, standpoint, natur, redefin, moss"
2190.0,hi got tracker work pc use everi usb port go buy hub wonder anyon use one recommend,20,"prototyp, serv, appnam, craft, directx, aud, obstruct, els, destroy, markerbas"
13490.0,noon someth obviou miss,17,"street, propos, role, lp, seizur, overhead, charger, button, exist, care"
13493.0,sorri miss think xx hub fine sent question onto tracker team see recommend,37,"critic, unlimit, ff, experi, grenad, matur, san, giant, objectunityenginedebuglogerrorobjectunityeditorandroidgradleinvokationexceptionparseandshowexceptionunityeditorandroidpostprocessorpostprocessrunnerrunalltaskspostprocessorcontextunityeditorandroidpostprocessandroidplayerpostprocessbuildtarget, conjunct"
13498.0,heard back tracker team dont specif recommend said hub work plan also use devic hard drive hub id possibl recommend get extern power hub,4,"manag, janki, theatr, stage, task, margin, hid, consolev, stolen, conclus"
13509.0,thank david want make sure result get tracker use ikinema orion quit incred post video,5,"bootcamp, emit, pressur, frustrat, base, constraint, viveconsol, igpu, ce, max"
18566.0,hi follow question subject work applic requir multipl tracker use wish use hub well wonder tri yet work well also know there practic limit number tracker pair use hub thank,26,"tiltbrush, technic, globe, effect, instrument, whichev, afternoon, overcom, mere, die"
18567.0,realli dont recommend hubwis high qualiti modern hub trust supplier may wish get power hub depend specif usecas limit your like encount cochannel interfer mani tracker area limit practic number tracker support given scenario uniqu specif rf environ softwar limit steamvr instanc,33,"teamit, questionnair, gold, sweep, optic, ecosystem, unsupport, isi, skew, blink"
18568.0,thank lot prompt respons helpedi also wonder vive would produc hub interfac tracker multitrack applic without use wireless dongl trackerthank,5,"bootcamp, emit, pressur, frustrat, base, constraint, viveconsol, igpu, ce, max"
18569.0,worth note steamvr instanc softwar limit devic includ basest hmd total number pair use two control two basest would tracker without control im sure hub part antenna need seper physic prevent interfer far im awar,28,"februari, asu, rma, hisher, keep, form, saber, buildtargetgroup, leftright, amazingtechvr"
18570.0,okay thank david,37,"critic, unlimit, ff, experi, grenad, matur, san, giant, objectunityenginedebuglogerrorobjectunityeditorandroidgradleinvokationexceptionparseandshowexceptionunityeditorandroidpostprocessorpostprocessrunnerrunalltaskspostprocessorcontextunityeditorandroidpostprocessandroidplayerpostprocessbuildtarget, conjunct"
3437.0,hii develop vr project uniti oculu rift cv gear vr oculu go oculu start program member interest develop vr project vive heaset develop edit vive headset moment thank timecastanap sorri littl english,14,"use, customerserviceortcom, mp, moreov, attack, delay, vagu, herethank, estor, develop"
18389.0,longer separ develop edit vive headset avail,26,"tiltbrush, technic, globe, effect, instrument, whichev, afternoon, overcom, mere, die"
18394.0,add anybodi develop vive use vive devic handi restrict develop author devic program connect develop hardwar aka devkit ill shoot pm regard,38,"programm, par, technolog, timei, disregard, van, csv, variant, wrote, pm"
18416.0,im oculu start member develop ue would appreci pm regard vive devkit program smileyhappi,28,"februari, asu, rma, hisher, keep, form, saber, buildtargetgroup, leftright, amazingtechvr"
2873.0,current work vive integr android base player video servicethough done success vive tri job vive didnt workthu multipl question regard need know connect develop tool pleas let know enabl develop mode driver connect android studio usb cabl let know check wifi ip connect adb connect xmani thank advanc,26,"tiltbrush, technic, globe, effect, instrument, whichev, afternoon, overcom, mere, die"
17820.0,first pleas check vive wave sdk forum im assum meant vive focu mode enabl android devic shouldnt need instal driver pleas see adbtip refer forum use adb connect mean adb tcpip run wifi,39,"detail, lazi, sing, kranki, decad, vri, fpsvr, hii, afford, surprisingli"
3254.0,hi read guid creat beta build develop portal app button creat beta build disabl right someth wrong,19,"today, strateg, blutooth, steve, reset, reput, wolvic, stock, asu, differ"
17764.0,ah nm realiz cant creat beta build educ app reason,5,"bootcamp, emit, pressur, frustrat, base, constraint, viveconsol, igpu, ce, max"
17819.0,refer titl that push educ portal educ portal preapprov chines develop unless preapprov pleas post build store possibl move submiss educ portal home portal subcategori educ use properli sort submiss,18,"meantim, hero, via, screenheight, vb, brief, lighthous, saiddo, degrad, lifespan"
3192.0,vive pro sku featur steamvr accessori avail immedi order start today enterpris portal info pleas visit annouc fortun magazin,24,"keep, publicincludepathsaddpathcombinemoduledirectori, unfair, touch, obvious, lowest, similarli, took, cumbersom, dusti"
17589.0,im bit confus contact shen ye two week ago well contact valv got repli base station arenot yetin mass manufactur way obtain would valv point stock empti though wait next batch factoryso limit run lbe franchis current prepar variou new venu want equip vive pro id like secur suppli order run issu tracker thatv stock month license want order hardwareanoth question develop meter setup could theoret order two vive pro starter kit four base station run ive told respect firmwar support public branch yet venu open later year enough space showcas latest game gamescom august anyway part booth organ would time start prototyp govern firmwar point reach,38,"programm, par, technolog, timei, disregard, van, csv, variant, wrote, pm"
17620.0,sebastian launch unabl comment releas date strict compani polici comment unannounc product product roadmap apologis clear ask access bs develop kit seed valveth vive pro full kit bs limit run support use bs track come soon valv work releas updat readi,36,"infrar, packag, own, swap, motiv, vivecomcod, narr, intact, qatar, appear"
17665.0,hey shenoh inform yet mass product base station came valv got confus good know limit run way recommend new kit license rollout plan end provid short cabl adapt backpack pc like done regular vive,38,"programm, par, technolog, timei, disregard, van, csv, variant, wrote, pm"
2961.0,hi allim look develop document contain inform relev api enabl integr vive hmd control tracker written vr enginethanx help best regard zoltan,18,"meantim, hero, via, screenheight, vb, brief, lighthous, saiddo, degrad, lifespan"
16580.0,question best answer openvr document github,34,"ultim, heyi, soft, pdf, storefront, electr, relax, coax, forget, news"
2922.0,pst vivepro avail preorder full detail pleas visit theor check overview belowdevelop order support experienc issu complet vivepro purchas pleas pm ntnebula compani name cell phone number email addressgdc attende would like schedul meet record interviewvlog vive develop team pleas pm ntnebula compani name booth number locat cell phone number email address,20,"prototyp, serv, appnam, craft, directx, aud, obstruct, els, destroy, markerbas"
2907.0,would like run multipl vive hmd simul simultaneouslyi understand need two lighthousesbut connect hmd share experiencecan anyon point doc webpag tell accomplish,36,"infrar, packag, own, swap, motiv, vivecomcod, narr, intact, qatar, appear"
16403.0,start find tutori pleas disrgardi would delet thread could figur,36,"infrar, packag, own, swap, motiv, vivecomcod, narr, intact, qatar, appear"
2822.0,current organis widereleas short film nowher linkani tip submit stereograph video content theamaz viveport platformw would love film avail free viveport weve check websit submiss guid creat developeraccount look submit app stereoscop vr film interact submit wellfor vivevideo viveport work vimeo content accord vimeo vive select video avail vivevideo contact aboutsubmiss curationlast year multipl prize coupl filmfestiv march year want releas short film free select platform believ viveport would perfect channel itmor practic detailsorigin titl nowher virtual realiti experiencedur minutesproduct countri netherlandsfestiv releas januari genr psycholog thrillervideo resolut xdepth stereospati audio channel st order ambison ambixformat top bottom mpour ideal publish datemarch synopsisnowher virtual realiti short fiction film revolv around psycholog thriller person suffer multipl person disord find confin psychiatr hospit trap recur nightmar guilt consequ often watch nowher intrigu becomesenjoy daynowher creator,2,"nosourceunityenginedebugloghandlerinternalloglogtyp, righti, assist, bethesda, joint, talent, four, silli, gbp, inbox"
2778.0,oh would love two port vive pro would open final one gpu per eye almost boost performac say zero asynchron reprojectionth vive pro probabl final stage prepar product though doubt dream would come truebut oh could couldbi way htc vive peopl read give us even littl hint much pro headset alon would cost,8,"javascript, ita, meter, channel, physic, ipd, sku, clone, tomcgcmfc, narrow"
15923.0,perhap day well see technolog avail nvidia project call vrwork among thing aim bring sli vr youll abl multipl gpu work togeth render frame read cours nowher near readi even modern display hardwar push limit vr realli itll probabl time abl one gpu per eye although realiti theyd synch slicrossfir wouldnt match exactli otherwiseso realli your look one gpu gpu team split display regardless slice itthanksjohn cp nope,18,"meantim, hero, via, screenheight, vb, brief, lighthous, saiddo, degrad, lifespan"
15924.0,read vrwork nvidia site start saliv bit research find use uniti unreal engin implement still bare anyon use dont get ita vive pro price your mean lolcan least tell us go outsid rang,21,"definit, thingsi, approach, weekli, smoothli, highspe, account, pod, speech, careregard"
15925.0,there number factor involv least gpu expens right basic there huge demand get go yet probabl treat prioriti project sinc realli go provid power hmd dont need ita demand increas peopl adopt highend vr youll see emerg fact unreal uniti support huge kind main two public viabl engin day theyv gone vr support helpgreat postjohn cp youll wait see,29,"embed, pick, yeah, infrar, myst, pirat, sidequest, allow, box, becom"
15933.0,vrwork pretti awesom import keep mind vr dev team peopl implement technolog learn curv mani case need base entir project tech stack render pipelin use thu enabl retroact isnt simpl seemsin month youll start see game vrwork implement incept,26,"tiltbrush, technic, globe, effect, instrument, whichev, afternoon, overcom, mere, die"
15938.0,least give us idea vive pro come special introductionari price exist owner andor first adopt paid full price vive vive pro dear may abl get though realli realli realli want xxi want play elit danger ed higher resoloutionand suggest new productapi camera rig multipl camera face inward captur subject api inject subject vr want see actual sit captain chair ed cool would abl extract differ view vr independ show exampl vr may look forward api would gener anoth view back side stream know product suggest free,21,"definit, thingsi, approach, weekli, smoothli, highspe, account, pod, speech, careregard"
15961.0,pro still slate info forthcomingth scan thing actual alreadi real thing someth special theyr call captur stage use dozenshundr camera gener model use photogrammetrythey look like reason theyr common price take quit clean result model case may take hundr artist hour fulli clean decim textur rig model cost complet model boughthereat afford price also use laser scan drawback workflowther realli neat tool calledatom viewwhich think huge help get scan data vrwhat probabl avatar editor super popular think vreal caus shift stream work next gen stuff happen usc,26,"tiltbrush, technic, globe, effect, instrument, whichev, afternoon, overcom, mere, die"
15965.0,price htc vive pro hmd usd announc febuari st actual cost hmd upgrad hmd avail current owner origin vive first per daniel obrien announc ce offici complet packag avail consum usd,36,"infrar, packag, own, swap, motiv, vivecomcod, narr, intact, qatar, appear"
15966.0,price htc vive pro hmd usd announc febuari st actual cost hmd upgrad hmd avail current owner origin vive first per daniel obrien announc ce offici complet packag avail consum usd,36,"infrar, packag, own, swap, motiv, vivecomcod, narr, intact, qatar, appear"
2749.0,would like track object vr research purpos howev one tracker object could often occlud tracker certain orient result object appear differ locat actual im consid use two vive tracker improv track qualiti cannot find api know whether one tracker occlud object suggest,7,"zwwaitforworkviaworkerfactoryxffdbbf, function, heavili, observ, sit, caus, angular, ftin, develop, load"
15950.0,hi jackiehav done bodi track tracker best recomment avoid occlus much possibl place base station high possibl point downward degre depend height base stationsther arent occuls api tell sensor got occlud couldnt assum loss track occlus anoth tracker simpli rang suppos could calcul possibl occluson tracker base last known posit rel base station ideal placement tracker best optim locat avoid issu first placefor vive tracker would recommend studi diagram develop document show optim placement track also hotspot regard bluetooth connect find develop guidelin research add addit insight regard optim placement handl occlus pleas share result herebestdario,6,"secondli, therew, favourit, phenomena, strike, vbc, rf, virtuallink, occas, msg"
15954.0,your tri track object toss around eg ball solut ive seen use transpar case your attach mobil phone base hmd attach top head distanc use camera mount sort,26,"tiltbrush, technic, globe, effect, instrument, whichev, afternoon, overcom, mere, die"
2748.0,submiss viveport develop award close tonight midnight pst sure submit build chanc win upto well access futur vive develop hardwareb sure check thevda discuss thread informationif question submiss dont hesit pm,35,"code, xffdcfd, japan, applic, xrinstancet, xrkhrwinconvertperformancecountertim, rtluserthreadstartcal, cup, inspir, sensit"
2596.0,im look attach wire pogo pin back vive tracker would anyon recommend would buy simpli attach pinsmi goal jumperoutput simpl prototyp hardwar like arduino raspberri pi nowthanksshaun,28,"februari, asu, rma, hisher, keep, form, saber, buildtargetgroup, leftright, amazingtechvr"
15779.0,know crazi late got answer back engin post case anybodi els stumbl across tracker meant interfac connector purpos design specif project templat canyou download thingyverseand alter fit need usespin avail digikey,19,"today, strateg, blutooth, steve, reset, reput, wolvic, stock, asu, differ"
2530.0,hi im produc mix realiti content connect tracker reflex camera third control extern camera posit record often paus actor review result tracker turn output window switch fullscreen first person perspect configur tracker turn idea thank advanc,5,"bootcamp, emit, pressur, frustrat, base, constraint, viveconsol, igpu, ce, max"
15368.0,im still look eleg solut realiz use openvr advanc set dashboard chang disabl hardwar idl time affect tracker,38,"programm, par, technolog, timei, disregard, van, csv, variant, wrote, pm"
15410.0,quick fix disabl steam vr power manag set page,35,"code, xffdcfd, japan, applic, xrinstancet, xrkhrwinconvertperformancecountertim, rtluserthreadstartcal, cup, inspir, sensit"
15416.0,thank ultra fast respons,16,"confin, flawlessli, abstract, use, mostli, randomli, dollar, indi, dash, myselfi"
2637.0,cyberpunk hovercarbykmiklasonsketchfabwit embed futur thought might interest sketchfab betalaunch store alreadi good resourc model your model marketplac sell there even vr view support sitetak look,35,"code, xffdcfd, japan, applic, xrinstancet, xrkhrwinconvertperformancecountertim, rtluserthreadstartcal, cup, inspir, sensit"
2627.0,work unityi scene use steamvrlaserpointerc pick interact object object pick chang scene chang scene disabl steamvrlaserpointerc scriptbut new scene laser pointer still visibl control yet script disableddo anyon idea turn thing thank,29,"embed, pick, yeah, infrar, myst, pirat, sidequest, allow, box, becom"
15310.0,solv im idiotin editor remov compon control scene isnt need,29,"embed, pick, yeah, infrar, myst, pirat, sidequest, allow, box, becom"
2594.0,hi alli plan develop vr game vive heard take better comput spec support develop run vr gamesi understand gtx graphic card enough run vr game also enough develop themultim optim comput spec develop vr gamesthank,26,"tiltbrush, technic, globe, effect, instrument, whichev, afternoon, overcom, mere, die"
15217.0,hi your set go gpu side editor uniti unreal also requir bit cpu power ram playback satisfi need gb ram enough use case youll probabl want dedic ssd use swap drive also plan extra hdd back project,36,"infrar, packag, own, swap, motiv, vivecomcod, narr, intact, qatar, appear"
15286.0,case unabl get gtx ti gtx also suffici,30,"hesit, subject, alway, metadata, reinstal, probabl, elsethank, ok, sure, particularli"
2465.0,hello develop vive trackerbas gun per vive tracker develop guid septemb use six thimbl interfac bottom tracker button locat gun key normal use novemb steam vr push new firmwar vive tracker touchpad key updat firmwar invalid far bug fix way roll back firmwar previou version contact steam vr custom servic custom servic let contact htc htc custom servic call also play solut,38,"programm, par, technolog, timei, disregard, van, csv, variant, wrote, pm"
14756.0,pogo pin implement chang unless perhap use usb featur report interfac touchpad button press still work make sure listen button press pad valuesalso make sure latest firmwar instal current tracker button work hyper blaster use pinsdario,17,"street, propos, role, lp, seizur, overhead, charger, button, exist, care"
14807.0,thank replyiv alreadi upgrad tracker firmwar latest versiony tri vive tracker role changer convert tracker control steamvrhom press hyper blaster touchpad key teleport,24,"keep, publicincludepathsaddpathcombinemoduledirectori, unfair, touch, obvious, lowest, similarli, took, cumbersom, dusti"
14813.0,updat firmwar tracker convert control mode key normal steamvr home press touchpad key teleport follow system reportdevic lhrabf htcfirmwar htcvrsoftwarearewin fpga vrc radio hardwar revis product rev lot hardwar id xfirmwar updat updat necessarywatchman firmwar watchman fpga vrc version updat necessaryradio version dongl version attach devic idsupport button axi type axi type axi type axi type axi type connect dongl aaacc version unknown versionaft updat firmwar tracker switch control mode press touchpad button steamvr home abl send follow system reportdevic lhrdca htcfirmwar htcvrsoftwarearewin fpga vrc radio hardwar revis product rev lot hardwar id xwatchman firmwar watchman fpga vrc version radio version dongl version attach devic idsupport button axi type axi type axi type axi type axi type connect dongl adcb version unknown version,22,"facial, pci, herei, tool, gamew, inflat, endless, measur, less, thisiv"
14825.0,would highli recommend dont assum user convert tracker control pleas updat firmwar latest version develop specif vive tracler check devic type gener tracker instead control convert avail earli steamvr support tracker type devic develop uniti ue anoth engin identifi devic tracker button work control your use uniti recommend use vive input util plugin easili manag tracker role instead devic idi would also recommend test one app support vive tracker eg arizona sunshin rather test use steam home may listen tracker relat button except system menu button tracker alway listen todario,20,"prototyp, serv, appnam, craft, directx, aud, obstruct, els, destroy, markerbas"
14826.0,thank patienc solut,25,"projectif, redeem, implement, motherboard, suggest, mad, communityi, bumper, noob, router"
2393.0,hello start implement integr viveport gamei test code statist achiev other couldnt figur test drm gamein uniti editor apigetlicens alway return licens verif failedbefor releas viveport cannot test code viveport drm,29,"embed, pick, yeah, infrar, myst, pirat, sidequest, allow, box, becom"
14303.0,hi recent updat drm system brief specif new system im current bit loop develop focus call hour ill sure mention issu get proper detail lend hand verifi engin version sdk version your tri implement thank,26,"tiltbrush, technic, globe, effect, instrument, whichev, afternoon, overcom, mere, die"
14316.0,hello thank repli vibrantnebulaim current usingun fbit viveport sdk xc version nativ version code follow instruct sampl codevoid awak callsapiinitinitstatushandl appidinitstatushandl callsuserstatsisreadyisreadyhandlerisreadyhandl callsapigetlicensenew licensecheck appid appkeyneedless say licensecheck class overrid apilicensecheck implement onfailur onsuccessi didnt build test uniti editor problem vr store like oculu store steamso wonder followingscannot test drm system im use uniti editor releas test drm system,35,"code, xffdcfd, japan, applic, xrinstancet, xrkhrwinconvertperformancecountertim, rtluserthreadstartcal, cup, inspir, sensit"
14318.0,thank detail report realli help ill let know soon hear back sdk team,16,"confin, flawlessli, abstract, use, mostli, randomli, dollar, indi, dash, myselfi"
14325.0,hi error code mean errorinvalidpublickeydid input correct app id could see screen shot know viveport idand pleas let know solv problem thank lot,12,"xrkhrwinconvertperformancecountertim, singl, neat, scare, pair, faith, wet, monday, gestur, neg"
14326.0,pleas input viveport id develop consol tri dont use copi test id button right side thank,21,"definit, thingsi, approach, weekli, smoothli, highspe, account, pod, speech, careregard"
14352.0,hi yakingkuo thank kind helpther error viveport idbut found put wrong viveportkeyinto sourc code chang key work pretti wellthank,29,"embed, pick, yeah, infrar, myst, pirat, sidequest, allow, box, becom"
2399.0,kevin leroy sirhaianart post handi tutori today might help dev new shade uniti tutori includ project file easi tweak dissect cover textur pack vertex offset textur pan tile post process,27,"onboard, televis, cart, draw, first, smoother, suppli, elig, ryzen, decid"
2358.0,hello allw tri use tracker standalon mode work multi user scenario idea hook tracker small pc attach object visibl usersanyon say someth use scenario document point direct link dongl pc steam vr discov tracker without hmdthanksmichelweird realitygermani,32,"laser, offens, broken, shell, zone, wont, shorter, collid, board, thin"
14105.0,hi use vive tracker without vive hmd offic support use tracker place point toward advic issu isthi guid triad semiconductor,17,"street, propos, role, lp, seizur, overhead, charger, button, exist, care"
14119.0,thank exactli need proceed appreci,1,"appnam, guysw, modei, equal, colleg, easiest, euro, artifact, pming, mission"
2241.0,hey everyon im work creat custom paint app allow track movement control realli usedbas want tilt brush simplifi without hold trigger paintingdo anyon idea start thank,34,"ultim, heyi, soft, pdf, storefront, electr, relax, coax, forget, news"
13657.0,would input high level set event lay ink trigger base desir input tilt brush depress trigger,5,"bootcamp, emit, pressur, frustrat, base, constraint, viveconsol, igpu, ce, max"
2212.0,hello vr applic develop use htc vivedur develop question connect hdmi cabl main boarddesktop link boxso compositor avail error present steamvri connect hdmi cabl extern gpu vive workingthi mean thant warn composit avail display builtingraph support vive resolut test simpl vr applic use notebook equip gpu mxsimpl vr applic made unityd one planebut connect vive error display composit availablei alreadi know minum pc spec think simpl vr program work nointeract control object noth load gpui understand vr program run delayhowev error compositor could use pitythat hmd could usedwhat exactli compositor roledo work use graphic card support resolut htc vive,32,"laser, offens, broken, shell, zone, wont, shorter, collid, board, thin"
13566.0,convers continu,34,"ultim, heyi, soft, pdf, storefront, electr, relax, coax, forget, news"
1912.0,possibl set xb track devic configjsoni tri set vive tracker hmd devic class connect head mount display usb use head track want achiev ie use vive tracker head tracker foundat project would like vive trackera valv develop recent indic possibl use vive tracker hmd display optic configur data hmd ad current track devic config along bit tweak configjsonth steamvr track hdk document explain great detail config file made steamvr tarck devic steamvr runtim nativ tool download upload track devic config jsoni possibl set vive tracker xb track data sent usb lower level use de tool offici develop document go way explain involv would like see firmwar relat solut provid set vive tracker xb well hmd devic classhow set xb edit vive tracker configjson,22,"facial, pci, herei, tool, gamew, inflat, endless, measur, less, thisiv"
13014.0,found make sure watchman dongl avail vive tracker use connect vive tracker usb stare steamvr requirehmd fals allow triadopenvr prove track data sent usb least api level openvrsteamvr start ipc connectect failur point runtim issu like illustr steamvr plugin uniti show steamvr need vive headset connect,27,"onboard, televis, cart, draw, first, smoother, suppli, elig, ryzen, decid"
13429.0,hi shaullcan describ cant simpli use camera tracker hmd ye track work without hmd disabl posit andor rotat track hmd object place tracker hmd objectdario,2,"nosourceunityenginedebugloghandlerinternalloglogtyp, righti, assist, bethesda, joint, talent, four, silli, gbp, inbox"
13465.0,hey darioth titl discuss like set vive tracker hmd class openvrmi intent use vive tracker add steamvr track non steamvr track hmd make chang vive tracker openvr driver masterofshap share info ad steamvr track daydream hmd use vive tracker osvr dev share info use vive tracker add steamvr track osvr hdk hmd methodolog use osvr runtim mean good osvr app use use use steamvr appsvalv develop describ possibl make vive tracker work use hmd head tracker edit make chang devic json config file hint info need contain steamvr track hdk document need set vive tracker hmd firmwar chang add optic display paramet vive tracker devic jsonhop make tri clearil look suggest updat solut,38,"programm, par, technolog, timei, disregard, van, csv, variant, wrote, pm"
1070.0,vive tracker role changer vthi tool chang role tracker read steamvr control requir applic doesnt yet recogn devic correctli eg mix realitydirectionsunplug vive computerplug tracker via usb cablerun tool follow promptstool report tracker current report give option switch role reportingon complet unplug tracker restart steamvr reconnect everythingnotewhil tracker report control shouldnt ask updat updat firmwar report tracker againhop didnt miss anyth tool let us know work also guy need tool anoth issu outsid mr issu awar pleas let us knowvivetrackerchangerzip,33,"teamit, questionnair, gold, sweep, optic, ecosystem, unsupport, isi, skew, blink"
10276.0,save tracker control bind uniti code pleas take look role bind exampl vive input util plugin avail asset store,21,"definit, thingsi, approach, weekli, smoothli, highspe, account, pod, speech, careregard"
10803.0,use tracker hmd posit steam vr,22,"facial, pci, herei, tool, gamew, inflat, endless, measur, less, thisiv"
10806.0,clarifi ask use third parti hmd use tracker pose instead,6,"secondli, therew, favourit, phenomena, strike, vbc, rf, virtuallink, occas, msg"
12008.0,im use role changer use tracker control build glove chang origin rotat steamvr game hand everyth line,17,"street, propos, role, lp, seizur, overhead, charger, button, exist, care"
12264.0,hi thereto start sorri necro postingsecondli updat version tool altern mirror downloadcurr see attach strike tough link clickablethank dvanceharold,6,"secondli, therew, favourit, phenomena, strike, vbc, rf, virtuallink, occas, msg"
12267.0,hi think youv found bug forum solut thank point im awar still current version im sure fix strikethrough appar still download click icon immedi follow texther direct link,13,"core, technic, ctrl, dd, die, everyoneim, hii, entrypoint, enterpris, physic"
12336.0,way provid openvr provid mean switch vive tracker mode control hmd control hmd two current support devic class openvr vive tracker use gener tracker devic class hard code vive tracker devic config act control way use vive tracker head tracker non vive hmd use steamvrbi use steamvr mean steamvr featur like room setup room layout steamvr compositor vive tracker seem support spirit openvr exist encourag multi vendor vr setuo provid support one make vr devicei possibl use steamvr track hdk toolset togeth draw current config file vive tracker creat proper config support current openvr featuresi would like add vive tracker non vive hmd facepl find tutori document client side develop find vive tracker use devic class document offici support openvr api seem righthow set vive tracker devic class support current openvr protocol,17,"street, propos, role, lp, seizur, overhead, charger, button, exist, care"
12337.0,hi dario set vive tracker devic class hmd config file track devic config file creat steamvr track hdk tool thing like steamvr compositor use pose creat trackeropenvr api document defin two devic class support openvr control hmd use lighthouseconsol downloadconfig allow read config json vive tracker defin vive tracker use generictrack devic classhow use vive tracker head tracker track non vive hmd thing like steamvr room setup steamvr compositor steamvr home,38,"programm, par, technolog, timei, disregard, van, csv, variant, wrote, pm"
12338.0,tool updat function set vive tracker use openvr devic class hmdedit look like openvr devic index system switch tracker role,38,"programm, par, technolog, timei, disregard, van, csv, variant, wrote, pm"
12900.0,hi project ueif would tracker replac one controllersso make vive control unusableif way get around still use vive control puls use tracker function control use triggermani thank,32,"laser, offens, broken, shell, zone, wont, shorter, collid, board, thin"
13430.0,unreal look follow check latest ue,35,"code, xffdcfd, japan, applic, xrinstancet, xrkhrwinconvertperformancecountertim, rtluserthreadstartcal, cup, inspir, sensit"
2051.0,hii use htc vive uniti creat vr environ use plugin armswing walk scene problem walk tool work comput doesnt work other could help know solv,36,"infrar, packag, own, swap, motiv, vivecomcod, narr, intact, qatar, appear"
13029.0,dont think us staff specif use arm swinger mean differ pc perhap setup dont space larg enough plugin properli function id recommend directli contact dev electr night owl one post uniti forum,21,"definit, thingsi, approach, weekli, smoothli, highspe, account, pod, speech, careregard"
2050.0,test topic,4,"manag, janki, theatr, stage, task, margin, hid, consolev, stolen, conclus"
2018.0,hello everyonefor long time special idea make real natur locomot vri got idea year could afford vive may constantli remind must better wayand ye differ current vr movement ideassolut new prove wrongbtw sinc first time share would love appreci feedbackdo get idea potenti work done rubbish reason wait post think idea good would abl actual partner someon mayb earn littl money thisbut realiti knowledg develop abl find right peopl get respons contact give persu choos share hope idea work benefit vrtrue move idea ingam vr locomot make movement easi natur mayb even help littl reduc nauseadisclaim idea clue track possibl expect possibl way make test itmi idea basic base movement spot simul walkingy other figur track head bob walk spot lift feet hard longer period run optionlet admit lot vr gamer athlet cannot make system leav player sweat gasp breath minut surviv fallout open world lolinstead track head bob walk spot bend knee leftrightleftright etc stand feed littl apart face forward shift bend easi rythimc motion anyon actual hour basic move expand walk mention small knee bend knee time walk pace run motion quicker paceso ingam run walk speed version advanc pick speed accord knee movement pace jump simultani small deeper walk bend knee track wise deeper headbob record jump length jump base speed jump version stand jump walk jump run jump steeringon normal pc steer mous vr solut head turn controllerif headlookst possibl would great would leav hand total free like ame opposit direct advanc movement first thought cours turn bodi real direct howev interrupt walkingrun motion dont know work head steer probabl good version sinc expect caus nausea test turn follow lookaltern test could tilt head left right turn direct brainstorm option control steer probabl best way usepush trackpad direct also solv walk backward would possibl even item hand like duawield gunsblad crouch well walkrun headbob hight let crouch littl deeper kneee bend like jump stay crouch like hight inchesit bit harder still headbob posit bit asship wiggl walk stair keep walk motion walk ladder keep walk motion contact need reach arm forward walk sidestep control steer tilt head strafe sideway headsteer use touchpad sidesteppingthos basic move idea hope like iti idea long anyon els pick track headbop use wrong motion itorigin idea also use tracker attach side right knee special track tracker make access playerswith tracker howev lot option open upi bunch idea got basic idea realli hope someon skill develop vr make vr movement better everyonei want see solut game like skyrim fallout vr bethesda use send nice fat bonu pleas someon want idea feel free contact mebest regardsjesp,2,"nosourceunityenginedebugloghandlerinternalloglogtyp, righti, assist, bethesda, joint, talent, four, silli, gbp, inbox"
12887.0,like idea seen implement elsewher dont think see stuff like commonli becasu requir custom ik expens develop ill run team use tracker,22,"facial, pci, herei, tool, gamew, inflat, endless, measur, less, thisiv"
12892.0,thank vndavidr repli interestif look solut tracker mind ton note idea support expand possibl contact meand cours vive develop take interest idea would expect make vive tracker solut trackersel interest make solut tracker enough cours easi solut go track headbob pace knee bend mayb combinationpleas give feedback team like idea dismiss bad difficult make workthxwooootaka jesper,20,"prototyp, serv, appnam, craft, directx, aud, obstruct, els, destroy, markerbas"
1875.0,window dongl dock show usb com port com plug usb port plug usb port get usb devic recogn also watchman dongl devic show like window,5,"bootcamp, emit, pressur, frustrat, base, constraint, viveconsol, igpu, ce, max"
12235.0,motherboard sometim asu usb doesnt alway play nice vive stuffif that dig bit morethanksjohn,34,"ultim, heyi, soft, pdf, storefront, electr, relax, coax, forget, news"
12263.0,hi motherbaord msi za xpower game titanium edit ms think devic driver issu devic hsow window,26,"tiltbrush, technic, globe, effect, instrument, whichev, afternoon, overcom, mere, die"
12888.0,ever get figur,13,"core, technic, ctrl, dd, die, everyoneim, hii, entrypoint, enterpris, physic"
2020.0,way use pogo trigger pin axi pin like full vive cintrol use unreal engin use trigger axi event pin fire event limit way vari voltag order get valu,38,"programm, par, technolog, timei, disregard, van, csv, variant, wrote, pm"
12886.0,hi thank post develop forum current develop version tracker use intern integr pullup resistor pin mean data pin output known state high low im awar remain true consum version imagin remain contest,6,"secondli, therew, favourit, phenomena, strike, vbc, rf, virtuallink, occas, msg"
1865.0,hi allher wip cad data insid ue use vive interact simul itselfth video show continu kinemat simul assembl line micropump vr menu allow increasedescreas rpm speed second exampl show simul vision system product separ base colourther still room improv draw call look better sync rpm overal prototyp vive ue quit fast easi dobi end august mid septemb ill releas playabl demo test get feedback user,32,"laser, offens, broken, shell, zone, wont, shorter, collid, board, thin"
12183.0,neat,12,"xrkhrwinconvertperformancecountertim, singl, neat, scare, pair, faith, wet, monday, gestur, neg"
12278.0,thanksil updat post project im work later month ill upload project user testcheersnicola,29,"embed, pick, yeah, infrar, myst, pirat, sidequest, allow, box, becom"
1868.0,hello guysim go start big project creation game use htc vivebut sever import question relat base game creation could help base station maximum size room real use room real limit room size base station enabl user one room maximum size limit number user one room sdk use enabl base station user sdk free need pay forp abl advis issu pleas let know email forum platform adress get inform interestthank advancecheersartem,26,"tiltbrush, technic, globe, effect, instrument, whichev, afternoon, overcom, mere, die"
1752.0,possibl somehow,15,"server, nope, cheer, slight, august, multiplay, especi, soooo, biggest, journey"
11696.0,hi best applic record vive screenshot open sourc toolob studiogo basic set awar select sourc choos either vr applic window steamvr mirror either left eye right eye eye applic work better other rd parti mode specif design captur captur st person view consciou quickli swing head,33,"teamit, questionnair, gold, sweep, optic, ecosystem, unsupport, isi, skew, blink"
11833.0,saw post learn use nvidia geforc experi softwar alreadi systemit work finethank though keep mind,24,"keep, publicincludepathsaddpathcombinemoduledirectori, unfair, touch, obvious, lowest, similarli, took, cumbersom, dusti"
1629.0,current multifunct trackpad steam come two flavour steamvr gamepad handheld vive control suppos want make larger haptic devic ambidextr suitabl lefthand righthand user design pc replac function exist trackpadswould technolog collabor occur htc valv,23,"annual, campaign, virtual, hunter, done, everi, sata, webvrwebxr, movement, develop"
11312.0,steam control design manufactur valv vive control collabor compani design manufactur htc hardwar design collabor valv youd probabl want talk valv your think doingthi actual someth independ viasteamwork steamtrackerprogram basic youd appli license would creat hardwar compat steamvr get integr steamvr nativ devic would requir collabor steam youd probabl develop sdk plugin major game engin,2,"nosourceunityenginedebugloghandlerinternalloglogtyp, righti, assist, bethesda, joint, talent, four, silli, gbp, inbox"
11522.0,wroteth vive control collabor compani design manufactur htc hardwar design collabor valv youd probabl want talk valv your think doingthat kind expect besid devic tactil peripher like normal trackpad mocapbas situationa steamtrack program current difficult peopl dont live usa despit other ask set facil global valv still want travel studio instead train cours isnt practic,2,"nosourceunityenginedebugloghandlerinternalloglogtyp, righti, assist, bethesda, joint, talent, four, silli, gbp, inbox"
11523.0,valv remov requir attend cours ago,37,"critic, unlimit, ff, experi, grenad, matur, san, giant, objectunityenginedebuglogerrorobjectunityeditorandroidgradleinvokationexceptionparseandshowexceptionunityeditorandroidpostprocessorpostprocessrunnerrunalltaskspostprocessorcontextunityeditorandroidpostprocessandroidplayerpostprocessbuildtarget, conjunct"
1336.0,anyon know buy develop tracker get amsterdam europ within coupl day need strap back wrist tip experi imageswould great find support one thank advanceruben van leerrubenattruthio,7,"zwwaitforworkviaworkerfactoryxffdbbf, function, heavili, observ, sit, caus, angular, ftin, develop, load"
10759.0,hi ruben abl purchas tracker eu local version store linkedher check chose express ship term strap wrist mani differ approach commun standard screw nut get pretti creativ use print rapid prototyp process mani differ approach consid cant make specif recommend moment suggest check thetrack develop guidelinesprior arriv tracker,20,"prototyp, serv, appnam, craft, directx, aud, obstruct, els, destroy, markerbas"
10814.0,develop buy,14,"use, customerserviceortcom, mp, moreov, attack, delay, vagu, herethank, estor, develop"
10825.0,michal great tip thank youbut alreadi order usa cost pain time extra ship argggghi couldnt find european store anywher didnt get repli vive support emailswhat best way complain,25,"projectif, redeem, implement, motherboard, suggest, mad, communityi, bumper, noob, router"
10845.0,apolog didnt find eu store order place tri cancel reorderingif need help process let us know,33,"teamit, questionnair, gold, sweep, optic, ecosystem, unsupport, isi, skew, blink"
11516.0,may ask order go us vive store see grey buy buttonthank,9,"hzthank, popul, msf, tuesday, sourc, collabor, standpoint, natur, redefin, moss"
1508.0,new employ request order two vive tracker use manu vr glove current stock wonder wether inform avail avail order situat netherland,15,"server, nope, cheer, slight, august, multiplay, especi, soooo, biggest, journey"
11203.0,soon check back next week info,8,"javascript, ita, meter, channel, physic, ipd, sku, clone, tomcgcmfc, narrow"
11216.0,thank,1,"appnam, guysw, modei, equal, colleg, easiest, euro, artifact, pming, mission"
11499.0,seem like theyr still back stock estim theyll avail,0,"librari, webinar, orient, unlik, warp, daemon, beginn, energi, changelog, regardsprof"
11500.0,hope within next two week region emea wait reciev shipment stock theyll reopen order process,20,"prototyp, serv, appnam, craft, directx, aud, obstruct, els, destroy, markerbas"
11501.0,thank super quick responsewil keep eye order page come week,9,"hzthank, popul, msf, tuesday, sourc, collabor, standpoint, natur, redefin, moss"
1645.0,im happi report tracker offici back stock avail immedi purchas anybodi regist develop within north america,7,"zwwaitforworkviaworkerfactoryxffdbbf, function, heavili, observ, sit, caus, angular, ftin, develop, load"
11467.0,thank news im still unabl order though avail worldwid,6,"secondli, therew, favourit, phenomena, strike, vbc, rf, virtuallink, occas, msg"
11470.0,also tri order sweden eu site say theyr stock tri us site button grey,22,"facial, pci, herei, tool, gamew, inflat, endless, measur, less, thisiv"
11487.0,ive updat post reflect theyr current avail north america apolog includ region start accept order emea soon region center receiv stock current underway current hunt timelin asia beyond ping see theyr stock specif region youd like,9,"hzthank, popul, msf, tuesday, sourc, collabor, standpoint, natur, redefin, moss"
1580.0,project want live want combin platform movement helmet virtual realiti complet immers virtual world project wait comment vectorgiperboreevcom,33,"teamit, questionnair, gold, sweep, optic, ecosystem, unsupport, isi, skew, blink"
1505.0,work quit unusu task htc vive compani special comput photographi area decid make experi htc vive main goal improv qualiti pictur observ user look htc vive word stream frame known pictur get wors edg vive lens beleiv overcom limit programmaticali achiv find way get prepar render vive frame process frame shader render vive screen ill realli appreci someon help sort develop issu thank advanc,33,"teamit, questionnair, gold, sweep, optic, ecosystem, unsupport, isi, skew, blink"
1383.0,hi anyon advis develop tracker avail australia need purchas asap tri use us store block due us credit card see avail almost everywher els australia,14,"use, customerserviceortcom, mp, moreov, attack, delay, vagu, herethank, estor, develop"
1354.0,unreal get tracker track need report controlleralso debug devic id type report trackersif isnt report tracker despit steamvr indic pair could mean,36,"infrar, packag, own, swap, motiv, vivecomcod, narr, intact, qatar, appear"
10815.0,use two vive control set devic id tracker two tracker michal,7,"zwwaitforworkviaworkerfactoryxffdbbf, function, heavili, observ, sit, caus, angular, ftin, develop, load"
1349.0,develop control discount rate appli publish long period limit certain blackout date,23,"annual, campaign, virtual, hunter, done, everi, sata, webvrwebxr, movement, develop"
1333.0,hi vive commun intern team produc soundreact vr piec collab holland festiv first project june th concert hall amsterdamwer look vive develop amsterdam want share informationpleas add contact info andor url commun thank look forwardruben van leerrubenattruthio,21,"definit, thingsi, approach, weekli, smoothli, highspe, account, pod, speech, careregard"
1308.0,hellofirst im sorri english isnt perfect nativ languageim current work kind axi joystick accessori track vive tracker want send data axi micro usb port vive tracker saw possiblewhil im write post work hid joystick made mcu picf made potentimet correspond one axi joystick xy zso question get data joystick pc either uniti directli joystick pc dont mind im get inform plug devic vive tracker extern vcc guess need make modif codemi report descriptor saw datasheet someth featur descriptor investig someon alreadi deal data transfert micro usb help gratefulthank nice day,0,"librari, webinar, orient, unlik, warp, daemon, beginn, energi, changelog, regardsprof"
10663.0,hi azurwakstaken abl use vive tracker microusb transfer joystick data grant correctli set picf alreadi creat firmwar abl commun devic window plan window gener hid driverthi tutorialmay relev depend far along joystick,26,"tiltbrush, technic, globe, effect, instrument, whichev, afternoon, overcom, mere, die"
1226.0,read faqviveport doesnt restrict mani comput access content time content developerspublish may set rule limit access submissionsi seem easi someon share account name password possibl exchang money access contenti way viewport prevent behaviori also cannot find place dashboard could limit accessthank,10,"instrument, webxr, highli, appropri, halloween, speed, vivev, prefer, submiss, gig"
10402.0,talk viveport arcad make sure get correct answer,13,"core, technic, ctrl, dd, die, everyoneim, hii, entrypoint, enterpris, physic"
10471.0,ye plan releas viveport arcad onlyw know system charg arcad oper basi playtimei assum case run oper dashboard way run disk locat viveport sdk drm check user log skip timecount partor addit sdk arcad build provid timecountingcharg function,0,"librari, webinar, orient, unlik, warp, daemon, beginn, energi, changelog, regardsprof"
10517.0,inform would appreci readi releas,2,"nosourceunityenginedebugloghandlerinternalloglogtyp, righti, assist, bethesda, joint, talent, four, silli, gbp, inbox"
10648.0,helloani news topicbtw info viveport arcad launch global,7,"zwwaitforworkviaworkerfactoryxffdbbf, function, heavili, observ, sit, caus, angular, ftin, develop, load"
10652.0,hey hope final stage trial viveport arcad hope final releas date share longregard viveport arcad submit app arcad use mean access viveport arcad platform anyon who access app arcad oper control login etc develop get paid htc base amount time play across entir viveport arcad platformif want make app arcad home use normal use essenti submit two differ build appli drm home build wish,29,"embed, pick, yeah, infrar, myst, pirat, sidequest, allow, box, becom"
1297.0,im current work hardwarebas applic lose track standalon tracker period time unaccept track lost need abl detect shut hardwar immedi howev abl find document steamvr handl track lossi wonder way detect lighthous sensor lost track capabl vive tracker need implement safeti featur one tracker go bound lose track entir work within unityd use steamvr plugin im look trackerontrackinglost trackeronoutofbound type functionparamet listen respond could potenti analyz raw tracker data would prefer use steamvr function directli possibl,15,"server, nope, cheer, slight, august, multiplay, especi, soooo, biggest, journey"
1152.0,hia client mine look acquir commerci licens front defens fantahorn studio would someon abl help get touch fantahorn studio dont seem presenc englishspeak internet outsid vive websit,0,"librari, webinar, orient, unlik, warp, daemon, beginn, energi, changelog, regardsprof"
10238.0,hi front defens actual publish vive studio ie im sure commerci licens would come fantahorn ask aroundi believ front defens part viveport arcad would option your talk commerci client,27,"onboard, televis, cart, draw, first, smoother, suppli, elig, ryzen, decid"
10347.0,could pleas ask around wed like see viveport arcad addit licens option wed love hear well,3,"bother, hinder, cann, auto, wave, toggl, risk, fx, videoplay, atleast"
1204.0,rough littl prototyp put togeth mainli focus ai final asset sound dont vr headset realli im look pick brain develop work vr kind give littl advic might overlook anticip bring project vr ive lot hood work idea project would take financi finish realli want clear pictur expect throw money headset ive read tech stuff possibl two big headset know intang thing peopl experi shed light onyoul excus protoyp car decid tri integr vr want final asset design headset hand theyll optim advic insight would insan help appreci,26,"tiltbrush, technic, globe, effect, instrument, whichev, afternoon, overcom, mere, die"
1154.0,hey everyoneif arent awar here offici site vive studio ive seen quit question submit propos vive studio consider regard publish fund kind vr develop support there answer visit site click button near top youll taken form via submit detailsif question vive studio wed love hear feel free reach post question,14,"use, customerserviceortcom, mp, moreov, attack, delay, vagu, herethank, estor, develop"
1145.0,greetingsi idea move taiwan almost year ago would end live three minut walk htc heaquart origin netherland live state almost year done lot web develop video product anim seem like good time place get vr let lunch coffe neighborhood skype differ zonech,0,"librari, webinar, orient, unlik, warp, daemon, beginn, energi, changelog, regardsprof"
1011.0,helloi read faq use one vive trackermultipl vive tracker hardwar use limit applywhat maximum number simultan vive tracker use singl hmd without two control limit,38,"programm, par, technolog, timei, disregard, van, csv, variant, wrote, pm"
9944.0,theoret mani tracker radio dongl limit would wireless frequenc crowd would depend exist wireless environ connect via usb cabl would sidestep issueiv mean test ill report back soon,0,"librari, webinar, orient, unlik, warp, daemon, beginn, energi, changelog, regardsprof"
10052.0,someth chang think arbitrari limit current headsetcontrollerxtrackerx,38,"programm, par, technolog, timei, disregard, van, csv, variant, wrote, pm"
1014.0,hii newbi vr develop wonder way overrid posit orient track inform outsid let say wanna disabl posit track someon els develop doableif doabl open sourc vr game start tweak experi differ thingsthanksmc,20,"prototyp, serv, appnam, craft, directx, aud, obstruct, els, destroy, markerbas"
9855.0,tri unplug base station dont want track,22,"facial, pci, herei, tool, gamew, inflat, endless, measur, less, thisiv"
1033.0,helloi research field radiowav propag interest urban propag id like attach one tracker antenna record signal power function posit insid room measur type previous made measur lot differ locat within room crude estim antenna posit averag thu throw potenti use spatial inform process tracker seem like reason way get cmscale posit inform real time would make collect detail georegist signal measur possibl first time everi know noth vr vive system guess would need least two base station tracker make work anyon comment appropri kind system applic mind short gonna easi knownoth like myselfi decent amount gener program interfac experi toler level reinvent wheel lot unecessari vr extra pretti low want antenna posit mayb orient data prefer nonproprietari format text stream finethank advanc thought matter,17,"street, propos, role, lp, seizur, overhead, charger, button, exist, care"
898.0,hello vive tracker developersw know question hope abl answer pleas make sure check faq bothgeneralandsdkhardwar base ensur download vive tracker develop guidelin click get pdf havent alreadywer look forward see creat vive tracker,32,"laser, offens, broken, shell, zone, wont, shorter, collid, board, thin"
799.0,submit project binari build theviveport editori team receiv email erroroccurredi chang test app id app key app id app key written delvelop windowdid make mistakeshouldnt chang app id app keythank,21,"definit, thingsi, approach, weekli, smoothli, highspe, account, pod, speech, careregard"
9249.0,issuewhen ask real auth server test cant get work say dont,27,"onboard, televis, cart, draw, first, smoother, suppli, elig, ryzen, decid"
9250.0,hey chase,18,"meantim, hero, via, screenheight, vb, brief, lighthous, saiddo, degrad, lifespan"
9279.0,manag get test auth server run close exe servic relat uniti steam vive start pleas updat sdk document mention file date seem sdk made th march,38,"programm, par, technolog, timei, disregard, van, csv, variant, wrote, pm"
854.0,hi stephen vive dev communitymark big dumb fun game weve ship first vr titl steam review launch tuesday thing current stand mean ifinallyhav spare moment thought id write quick note introduc big dumb fun game live sydney ive work indi scene sinc cut teeth io game move pc game vr caught imagin big way point made decis make determin move vr develop start big dumb fun gamesl last year releas proof concept episod strang alli flagship project episod rpg wearvrcom vrdbcom strang alli poc episod well receiv reason follow current let percol build follow like run crowdfund campaign develop fund need make episod season dont current budget justicewhil strang alli percol away shift focu anoth relat separ vrgu start experi random level gener strang alli soon develop someth roguelik shooter turn realli fun gear around minut play time better suit grow vr cafe market decid strong enough stand two feet releas right steam last year end bang big dumb fun game best upcom role play strang alli vrdbcom vr year award unexpect amaz particularli consid calib compeitionat rate launch vrgu plan strang alli fair say promis big year big dumb fun game teamil end wish happi new year look forward get know via forum mayb even one day person cheersmark,0,"librari, webinar, orient, unlik, warp, daemon, beginn, energi, changelog, regardsprof"
81.0,hi everyonebefor begin havent seen heard system use anywher pleas let knowiv toy idea movement system oblig player take everi singl step way ever world head without worri real life boundari motion sicknessa much like teleoprt system flaw simpli wont work genr stealth exampl exlud budget cut look great also feel teleport system make less roomscal ive notic player tend simpli teleport rather take step pick object meter away case use roomscalei also partial simpl navig use direct key especi sinc appear one immun motion sick creat effect peopl easier push foward take step thu lower immers eye leastthi come follow system forc player take everi singl step although ad run featur make long journey less tiresometh idea less measur distanc swim pool length basic walk one side zone turn walk back rins repeat would go swim simpli walk back forth end end side side zone even corner end whatev prefer situat turn around ingam avatar doesnt mean walk back across zone avatar still walk whatev direct turnedin word walk length zone charact walk straight linei alreadi tri use uniti creat work model play tester found agreeabl state want get somewher take everi singl step long distanc travel ad run featur multipli speed walk seemingli motion sick friend cant even play hover junker without headach day complet fine use systemwer player fallout vr would hope system playabl optioni creat packag import uniti complet test scene comment script anyon want see action doesnt quit know mean im sure post ill sort someth hope put uniti asset store turn get publish difficulti hope least given guy someht think pleas let know think also movement system allow creation climb game creat littl test simpli scale larg wall avoid fall boulder player must work get anywher teleport direciton control herethanksmemymoiedit downlaod build hsould video therefor bug get stuck wall know movement system anywayedit see video indepth explan also see descript video download link demo scenescript,36,"infrar, packag, own, swap, motiv, vivecomcod, narr, intact, qatar, appear"
6196.0,realli like work issu tri differ method movement last two month still settl someth happi like idea allow user walk whole distanc alreadi tri use uniti creat work model play tester found agreeabl state video linksbas area would like peopl comfort walk around without teleport might nice solut,6,"secondli, therew, favourit, phenomena, strike, vbc, rf, virtuallink, occas, msg"
6198.0,plan make one weekend want see would interest ther seem ill creat uplaod link one,17,"street, propos, role, lp, seizur, overhead, charger, button, exist, care"
6200.0,ad link origin post point video explain system also link video descript allow download scenescript,34,"ultim, heyi, soft, pdf, storefront, electr, relax, coax, forget, news"
6203.0,check similar solut call walkabout,11,"themself, dialog, hunt, donat, demonstr, potenti, densiti, checkbox, mon, circl"
6204.0,yeah told recent see reddit post link still arent ident thank point though,37,"critic, unlimit, ff, experi, grenad, matur, san, giant, objectunityenginedebuglogerrorobjectunityeditorandroidgradleinvokationexceptionparseandshowexceptionunityeditorandroidpostprocessorpostprocessrunnerrunalltaskspostprocessorcontextunityeditorandroidpostprocessandroidplayerpostprocessbuildtarget, conjunct"
9145.0,hi mark big dumb fun game cant say walkaboutstyl locomot system might work share went first test strang alli gener speak work pretti well definit reduc simul sick issu player other though didnt seem helpth bigger problem number stub toe achiev test much owwi goodth reddit commun seemingli dislik walkaboutstyl system principl particuarli want see hardcor vr approach domin broadli support tri new thingsin end decid abandon walkaboutstyl system strang alli may come back point particularli see demand dont well trackpad walkinghop help regardsmark,26,"tiltbrush, technic, globe, effect, instrument, whichev, afternoon, overcom, mere, die"
831.0,im go submit viveport storei difficult time appli vive drm sdk gamecan submit without applyingv drm sdk check wrapperbas drmanybodi didnt answer question thank,17,"street, propos, role, lp, seizur, overhead, charger, button, exist, care"
593.0,hi guysmi name david founder avrlon finish prototyp first vr gameelement combat gamei fastpac competit onlin virtual realiti blend speed intens fp martial art control water fire earth air hand battl oppon headtohead arenaw wonder vive steam make good promis support young grow vr develop scene would like avoid platformexclus would love work close togeth creat someth bigfeel free shoot messagecheersdavid,17,"street, propos, role, lp, seizur, overhead, charger, button, exist, care"
7926.0,hi davidthi forum privat develop elabor mean work close partnership opportun dont gener go platform exclus eitherlet know thought ill tri put touch right peoplestephen,23,"annual, campaign, virtual, hunter, done, everi, sata, webvrwebxr, movement, develop"
321.0,hi allw launch ne want invit vive develop interest write experi project stori howto industri issu etc also one us keenli interest monet vrar that viabl subject wellpleas feel free email lwallacedmocoml,14,"use, customerserviceortcom, mp, moreov, attack, delay, vagu, herethank, estor, develop"
6505.0,welcom good luck site,35,"code, xffdcfd, japan, applic, xrinstancet, xrkhrwinconvertperformancecountertim, rtluserthreadstartcal, cup, inspir, sensit"
88.0,hello limit develop experi manag get littl vr built id like submit viveport problem im troubl understand dev guid pdf talk binari build fairli unclear newbi like creat app manifest zip uniti file properli exe data folder id greatli appreci help thank,9,"hzthank, popul, msf, tuesday, sourc, collabor, standpoint, natur, redefin, moss"
6214.0,hi exvr check get back sorri delay,29,"embed, pick, yeah, infrar, myst, pirat, sidequest, allow, box, becom"
6215.0,wrotehello limit develop experi manag get littl vr built id like submit viveport problem im troubl understand dev guid pdf talk binari build fairli unclear newbi like creat app manifest zip uniti file properli exe data folder id greatli appreci help thankshi exvrsth app manifest automat creat upload need zip file exe data folder one zip upload youll need specifi path exe file apart manifest taken care youhop help sorri delay let us know still difficulti,19,"today, strateg, blutooth, steve, reset, reput, wolvic, stock, asu, differ"
6216.0,thank much respons clarifi specifi path exe form field ill provid also document there mention put exe folder appnamebinarieswin also data folder upload sinc folder mean need creat appnam folder binari folder win folder put exe zip everyth sorri confus thank help,12,"xrkhrwinconvertperformancecountertim, singl, neat, scare, pair, faith, wet, monday, gestur, neg"
6217.0,wrotethank much respons clarifi specifi path exe form field ill provid also document there mention put exe folder appnamebinarieswin also data folder upload sinc folder mean need creat appnam folder binari folder win folder put exe zip everyth sorri confus thank helphi exvr sorri delay check submiss team here tldr version ye creat folder detailsth path exe specifi content manifest section binari build here screenshot see ive outlin specif line redyour go modifi linedirectli insid text box dont need chang anyth els content manifest look exactli like one variabl differ youll put binari path line vari depend file structurewhen exe file root directori zip file youd simpli place within binarypathwindow line file name coolvrex describ document binari path line would look like thisbinarypathwindowscoolvrexein case data folder mean need creat folder structur exe guess complet file structur appnamebinarieswinappnameex appnam exe name youll creat folder root name whatev exe call exe name appnameex folder insid call binari folder insid binari name win put exe filefin result use coolvrex exampl binari path line manifest would look like note doubl slashesbinarypathwindowscoolvrbinarieswincoolvrexelast least total charact count file locat ie what contain quot mark start coolvr cannot total good news slash count charact exampl count slash bring us remov charact count per slash bring back simpl rule thumb dont make overli long exe name fine final rememb submiss review real human make error manifest path theyll help correct youhop help let us know submit,12,"xrkhrwinconvertperformancecountertim, singl, neat, scare, pair, faith, wet, monday, gestur, neg"
6218.0,thank much viveportteam problem solv,37,"critic, unlimit, ff, experi, grenad, matur, san, giant, objectunityenginedebuglogerrorobjectunityeditorandroidgradleinvokationexceptionparseandshowexceptionunityeditorandroidpostprocessorpostprocessrunnerrunalltaskspostprocessorcontextunityeditorandroidpostprocessandroidplayerpostprocessbuildtarget, conjunct"
6219.0,question found sollut decid ignor manifest found templat dev manual guess updat there clue know manifest templat gener websit submiss process,16,"confin, flawlessli, abstract, use, mostli, randomli, dollar, indi, dash, myselfi"
6220.0,wrotew question found sollut decid ignor manifest found templat dev manual guess updat there clue know manifest templat gener websit submiss processthank feedback well take look,2,"nosourceunityenginedebugloghandlerinternalloglogtyp, righti, assist, bethesda, joint, talent, four, silli, gbp, inbox"
31251.0,today nvidia announcedvrss supportfor hand app releas driver packageat time youll need manual enabl vrss perappl basi updat driver vrss current support rtx cardsper nvidiato enabl vrss open nvidia control panel select manag set scroll virtual realiti variabl rate supersampl chang set adaptiveher exampl set page bonework also highlight mode doesher nvidia offici support content list januari th battlewakeboneworksetern warriorstm vrhot dog horsesho hand grenadesin deathjob simulatorkil floor incursionla noir vr case fileslon echomercenari silicon risingpavlov vrraw datarec roomrick morti virtual rickalityrobo recallsairentovrseri sam vr last hopeskeet vr target shootingspac pirat trainerspeci forc vr infin warspiderman far homespiderman homecom virtual realiti experiencetalo principl vrthe soulkeep vr,26,"tiltbrush, technic, globe, effect, instrument, whichev, afternoon, overcom, mere, die"
34825.0,thank headsup wasnt awar overrid whatev ss set chosen via steamvr ingam ss set isnt like vivepro eye foveat render seen improv graphic fidel frame boost dont game vrss support compar,2,"nosourceunityenginedebugloghandlerinternalloglogtyp, righti, assist, bethesda, joint, talent, four, silli, gbp, inbox"
36792.0,set global set game support,27,"onboard, televis, cart, draw, first, smoother, suppli, elig, ryzen, decid"
46365.0,chilli chubb saidthank headsup wasnt awar overrid whatev ss set chosen via steamvr ingam ss set isnt like vivepro eye foveat render seen improv graphic fidel frame boost dont game vrss support compareset global set,27,"onboard, televis, cart, draw, first, smoother, suppli, elig, ryzen, decid"
49825.0,user enabl vrssfrom nvidia control panel manag set page program set tab coupl option choos turn vrss,37,"critic, unlimit, ff, experi, grenad, matur, san, giant, objectunityenginedebuglogerrorobjectunityeditorandroidgradleinvokationexceptionparseandshowexceptionunityeditorandroidpostprocessorpostprocessrunnerrunalltaskspostprocessorcontextunityeditorandroidpostprocessandroidplayerpostprocessbuildtarget, conjunct"
49945.0,user enabl vrss nvidia control panel manag settingspag program set tab coupl option choos turn vrss,37,"critic, unlimit, ff, experi, grenad, matur, san, giant, objectunityenginedebuglogerrorobjectunityeditorandroidgradleinvokationexceptionparseandshowexceptionunityeditorandroidpostprocessorpostprocessrunnerrunalltaskspostprocessorcontextunityeditorandroidpostprocessandroidplayerpostprocessbuildtarget, conjunct"
52488.0,user enabl vrssfrom nvidia control panel manag set page program set tab coupl option choos turn vrsswatch storiescc generatoreditedapril lucycat,37,"critic, unlimit, ff, experi, grenad, matur, san, giant, objectunityenginedebuglogerrorobjectunityeditorandroidgradleinvokationexceptionparseandshowexceptionunityeditorandroidpostprocessorpostprocessrunnerrunalltaskspostprocessorcontextunityeditorandroidpostprocessandroidplayerpostprocessbuildtarget, conjunct"
54293.0,enabl vrss open thenvidiacontrol panel select manag set click program set tab select program custom scroll virtual realiti variabl rate supersampl chang set adapt,9,"hzthank, popul, msf, tuesday, sourc, collabor, standpoint, natur, redefin, moss"
59326.0,hi everyonei question regard safeti use htc vive headset transcrani magnet stimul tm sessionsfor may familiar tm noninvas procedur use magnet field stimul nerv cell brain often use treat depress neurolog condit im current undergo tm therapi curiou potenti risk danger associ use htc vive headset periodspecif would like knowcould magnet field gener tm interfer function safeti htc vive headsetar known advers effect complic use vr headset tmsha anyon person experi insight matterani inform advic would greatli appreci thank advanc helpbest regardsalba,4,"manag, janki, theatr, stage, task, margin, hid, consolev, stolen, conclus"
58244.0,eye track helpi eye track add vive,32,"laser, offens, broken, shell, zone, wont, shorter, collid, board, thin"
58188.0,hi cant find accessori websit miss somethingor altern purchas rd parti accessoriesthank,37,"critic, unlimit, ff, experi, grenad, matur, san, giant, objectunityenginedebuglogerrorobjectunityeditorandroidgradleinvokationexceptionparseandshowexceptionunityeditorandroidpostprocessorpostprocessrunnerrunalltaskspostprocessorcontextunityeditorandroidpostprocessandroidplayerpostprocessbuildtarget, conjunct"
55876.0,anyon know vive wrist tracker vive wrist tracker vive busi unit state function success vrchat xr elit headsetit would nice set headset control util wrist tracker fbt danc sign languag etcalso anyon know work xr elitev focu eye tracker vive busi unit statesi seen focu facial track vive focu facial tracker vive busi unit state work xr elitebut anyon know compat toothanksediteddecemb kyli,7,"zwwaitforworkviaworkerfactoryxffdbbf, function, heavili, observ, sit, caus, angular, ftin, develop, load"
58169.0,im wonder thing there indepth review wrist tracker outsid htc market product,0,"librari, webinar, orient, unlik, warp, daemon, beginn, energi, changelog, regardsprof"
3135.0,hey everyonei tri see could use vive mac comput want input kind softwar need pre instal requier pleas need help asap,36,"infrar, packag, own, swap, motiv, vivecomcod, narr, intact, qatar, appear"
17361.0,vive support mac still develop integr hardwar technic support via extern gpu desktopslaptop made mid thunderbolt port work newest mac pro without need egpu current hand mac nativ vr binari experi window launch window app via bootcamp hit miss perform wise still earli day updat support egpu pretti recent,18,"meantim, hero, via, screenheight, vb, brief, lighthous, saiddo, degrad, lifespan"
18810.0,hi davidi purchas vive saw there support macsi late core mac pro dual amd chip connect vive per instruct attempt use via steam vr problem im game wont launch vive ever get blank room compass roseim use steamvr rout dont see mac version setup softwar tutori actual htc sitei anoth way use vive mac pro need patient let technolog developethank,18,"meantim, hero, via, screenheight, vb, brief, lighthous, saiddo, degrad, lifespan"
18813.0,updategam mark vr osx open headset ive play sweepervr blobbi tenni problemsth game dont work osx game vr support list osx compatibleincel vrinmind vrlunar flightwar thunderwhen launch get alert launch vr monitor perform may good state earlier though open monitor headset,27,"onboard, televis, cart, draw, first, smoother, suppli, elig, ryzen, decid"
22808.0,go sinc how perform compar window vive experi,7,"zwwaitforworkviaworkerfactoryxffdbbf, function, heavili, observ, sit, caus, angular, ftin, develop, load"
23774.0,new tri find authorit sourc get start appear vive interest mac wrong imac pro amd chipset seem appl claim outstand way experi high end vr anyon point basic explan thing stand horizon,17,"street, propos, role, lp, seizur, overhead, charger, button, exist, care"
23785.0,appl control ux hardwar softwar platform simpli state appl manag develop program integr vive keynot announc last year primarili develop face announc consum face announcementsa stand consid developerpredevelop level hardwar support maco furthermor overwhilm vast major vr titl compil maco tini hand app work maco nativ henc consum readi ecosystem consum tri attempt use vive could tri boot win via bootcamp otherwis would highli recommend attempt use vive mac ecosystem support place,32,"laser, offens, broken, shell, zone, wont, shorter, collid, board, thin"
25463.0,hi kevin wonder could share softwar setupi new vive machin egpu black magic download steam steam vr find set instructionsthank advanc,14,"use, customerserviceortcom, mp, moreov, attack, delay, vagu, herethank, estor, develop"
25464.0,vive consid predevelop maco yet endus support your consum tri use maco drive vive fulli awar hardwar support one part puzzl piec hand less experi binari run maco publicli avail egpu support super weird appl primarili support esonn egpu develop program case appl valv manag develop program vive desktop vr almost entir center around window base pcsyou access maco enabl binari steamvr via steamvr beta tab,18,"meantim, hero, via, screenheight, vb, brief, lighthous, saiddo, degrad, lifespan"
25465.0,vive consid predevelop maco endus support your consum tri use maco drive vive fulli awar hardwar support one part puzzl piec hand experi binari run maco egpu support super weird appl primarili support esonn egpu develop program case appl valv manag develop program vive desktop vr almost entir center around window base pcsyou access maco enabl binari steamvr via steamvr beta tab,17,"street, propos, role, lp, seizur, overhead, charger, button, exist, care"
25466.0,vibrantnebulathank note new media artist consid use vive art much game might know vr grow among futurist artist artist friend work vr share complain use non maco oper system short arli adapt will walk road vr macosi ask pointer,15,"server, nope, cheer, slight, august, multiplay, especi, soooo, biggest, journey"
25484.0,that less level endus support current maco maco need support hardwar case nativ mojav base machin also softwar ecosystem drive hardwar need place consid overal experinc developerpredevelop state appl hardwar maco valv appl maintain develop program independ vive drive support vive steamvr overal within appl ecosystema end user simpli arent app compil run maco main issu develop cant turnkey deploy project maco project use core window base render technolog like directx appl variat core technolog ex directx metal develop would go rework entir project work appl render shade technologiesyour less abl boot hmd via branch post isnt much unless your develop overal support steamvr mac valveappl convers part,23,"annual, campaign, virtual, hunter, done, everi, sata, webvrwebxr, movement, develop"
45607.0,pm hackpercept said vive support mac still develop integr hardwar technic support via extern gpu desktopslaptop made mid thunderbolt port work newest mac pro without need egpu current hand mac nativ vr binari experi window launch window app via bootcamp hit miss perform wise still earli day updat support egpu pretti recent hi hackperceptionthank statement may ask chang meanwhilei got mac pro run win instal base bootcamp got follow problemsth vive consol say grafic driver date download latest amd bootcamp driver radeon xthe headset show rd screen upsid run video doesnt appear headseti due driver problem fool click somewher headset monitory say earli vr mac need mac maco mac pro bootcamp window work regularykind regardsvalentinct,24,"keep, publicincludepathsaddpathcombinemoduledirectori, unfair, touch, obvious, lowest, similarli, took, cumbersom, dusti"
45638.0,terth major chang valv offici discontinu effort bring steamvr mac os april simpli isnt ton data point use steamvr bootcamp beyond origin vive dont think much test get newer desktop headset work mac hardwar simpli due lack offici support lack commun interest pcvr commun deepli coupl nvidia cardswhat headset use vive consol need cosmo pro og vive vive pro connect directli steamvr without vive consol,17,"street, propos, role, lp, seizur, overhead, charger, button, exist, care"
45693.0,pm hackpercept saidterth major chang valv offici discontinu effort bring steamvr mac os april simpli isnt ton data point use steamvr bootcamp beyond origin vive dont think much test get newer desktop headset work mac hardwar simpli due lack offici support lack commun interest pcvr commun deepli coupl nvidia cardswhat headset use vive consol need cosmo pro og vive vive pro connect directli steamvr without vive consolei vive pro run mac pro actual kill reinstal window thru bootcampdy got idea solv problem think isnt possibl make work mac pro bootcamp window,27,"onboard, televis, cart, draw, first, smoother, suppli, elig, ryzen, decid"
45770.0,pm vkoester saidi vive pro run mac pro actual kill reinstal window thru bootcampdy got idea solv problem think isnt possibl make work mac pro bootcamp windowsthi work,24,"keep, publicincludepathsaddpathcombinemoduledirectori, unfair, touch, obvious, lowest, similarli, took, cumbersom, dusti"
45772.0,minut ago andreasnielsen saidthi workcan help pleas handl what wrong grafic driver also want privat messag german,24,"keep, publicincludepathsaddpathcombinemoduledirectori, unfair, touch, obvious, lowest, similarli, took, cumbersom, dusti"
45848.0,hour ago andreasnielsen saidsur dm cant talk germanamaz got mail,31,"packagenam, faith, orion, easili, similarli, locationbas, empow, aliv, deliveri, smoother"
45857.0,dont know vive mac take longer load window dont even know,25,"projectif, redeem, implement, motherboard, suggest, mad, communityi, bumper, noob, router"
45889.0,pm spsecret saidi dont know vive mac take longer load window dont even know itwhen talk btwwhat mean load mac never abl get anyth work vive pro app load someth steam player tool use vr headset deliv movi mac vr headet,1,"appnam, guysw, modei, equal, colleg, easiest, euro, artifact, pming, mission"
45993.0,pm spsecret saidi dont know vive mac take longer load window dont even know itim new look reliabl resourc get start appear vive uninterest mac,1,"appnam, guysw, modei, equal, colleg, easiest, euro, artifact, pming, mission"
57849.0,updat ye vive today better old version thx vive team realli work hard,17,"street, propos, role, lp, seizur, overhead, charger, button, exist, care"
58164.0,go sinc how perform,7,"zwwaitforworkviaworkerfactoryxffdbbf, function, heavili, observ, sit, caus, angular, ftin, develop, load"
57738.0,hello im consid get wireless adapt hour batteri life kinda put offiv dig look bank might keep thing run much longerfrom understand need least support qcim current look specif power bank amazon claim deliv qci hope someon understand kinda stuff could confirm whether bank would work id hate purchas find wont work cosmo elit wireless adapterim awar also quit big plan keep fannypack someth whilst vrhere link amazon page,21,"definit, thingsi, approach, weekli, smoothli, highspe, account, pod, speech, careregard"
58091.0,sapphiresoul saidhello im consid get wireless adapt hour batteri life kinda put offiv dig look bank might keep thing run much longerfrom understand need least support qcim current look specif power bank amazon claim deliv qci hope someon understand kinda stuff could confirm whether bank would work id hate purchas find wont work cosmo elit wireless adapterim awar also quit big plan keep fannypack someth whilst vrhere link amazon page cosmo elit wireless adapt your correct requir power bank support least qc optim perform power bank your consid claim deliv qc support technic meet requir cosmo elit wireless adapterhowev alway best check compat power bank specif model wireless adapt usual find inform product descript contact manufactur custom support addit read custom review question amazon product page might provid insight whether other success use cosmo elit wireless adaptercarri power bank fannypack practic solut quit larg long doesnt interfer movement vr make sure secur properli avoid accid userememb also consid weight dimens power bank ensur comfort extend vr session comfort key your immers virtual environ long timebest regardryan,21,"definit, thingsi, approach, weekli, smoothli, highspe, account, pod, speech, careregard"
58030.0,eye track add vive pro see htc vr headset,36,"infrar, packag, own, swap, motiv, vivecomcod, narr, intact, qatar, appear"
58012.0,im use vive pro uniti project project goal use hand track interactionmi project succseulfi track hand problem want ray hand choos interact object uniti doesnt work get ray doesnt interacti tri use vive input util packeg sampl get vive track ray cant interact object even selectif anyon know solv regard code,36,"infrar, packag, own, swap, motiv, vivecomcod, narr, intact, qatar, appear"
49793.0,anyth likeocton vrfor vive,17,"street, propos, role, lp, seizur, overhead, charger, button, exist, care"
49823.0,im curiou well ive seen pattern peopl get talk disappear normal mean experi wast dont want bash new techtbh dont think fight treadmil walk would immers cant see physic work without battl,34,"ultim, heyi, soft, pdf, storefront, electr, relax, coax, forget, news"
49951.0,well need treadmil realiti work,26,"tiltbrush, technic, globe, effect, instrument, whichev, afternoon, overcom, mere, die"
51218.0,im curiou well ive seen pattern peopl get talk disappearingrout loginpicashow,13,"core, technic, ctrl, dd, die, everyoneim, hii, entrypoint, enterpris, physic"
53968.0,look quit interest use vr watch film could use good work,14,"use, customerserviceortcom, mp, moreov, attack, delay, vagu, herethank, estor, develop"
53981.0,secondli mind would also divert vr one could treadmil longer durat,1,"appnam, guysw, modei, equal, colleg, easiest, euro, artifact, pming, mission"
54526.0,train headset cool idea im also wonder possibl vive flow,5,"bootcamp, emit, pressur, frustrat, base, constraint, viveconsol, igpu, ce, max"
58002.0,look quit interest,8,"javascript, ita, meter, channel, physic, ipd, sku, clone, tomcgcmfc, narrow"
50535.0,anyon know contact live support made order doesnt show order listthank,27,"onboard, televis, cart, draw, first, smoother, suppli, elig, ryzen, decid"
50544.0,need click support top tab,26,"tiltbrush, technic, globe, effect, instrument, whichev, afternoon, overcom, mere, die"
57855.0,laurafinn saidyou need click support top taby that right follow finn step,12,"xrkhrwinconvertperformancecountertim, singl, neat, scare, pair, faith, wet, monday, gestur, neg"
57786.0,onstream app vs pikashow app compar analysi onstream appavail thea href appai access android io firestickcont provid access thousand movi show without requir account subscriptionfeatureshug catalog onstream offer mani movi tv show documentari animeintuit interfac navig app straightforwardmultipl stream server provid stream link variou serverssubtitl support subtitl variou languageschromecast support allow stream tv via chromecastofflin view download content offlin view pikashowavail like onstreampikashowi avail android io devicescont pikashow pull content publicli avail sourc across internetfeaturesextens librari pikashow boast extens collect new old movi plu tv seriesmultisourc stream stream content variou file hostsdownload capabl download video directli devicegenr organ content organ differ genr categoriesfrequ updat databas regularli updat new contentcomparison key featureslibrari size contentboth app larg librari butonstreammay obscur older contentstream qualitypikashowmay offer hd optionssubtitlesonstreamsupport wider rang subtitl languagesdownloadingpikashowdownload faster whileonstreamprovid format optionsinterfaceonstreamha modern intuit interfaceupdatesnew content ad frequent onpikashowwhich one winsmobil streamingfor faster download hd optionspikashowmay slight edgeintern contentonstreamshin wider subtitl optionsultimatelyit depend specif need preferencesi recommend tri app see stream experi suit bestin summari bothonstreamandpikashowoff conveni free access ton movi tv show without requir account fee subscript whether prefer fast mobil stream smoother smart tv experi explor either app enjoy free entertain,24,"keep, publicincludepathsaddpathcombinemoduledirectori, unfair, touch, obvious, lowest, similarli, took, cumbersom, dusti"
57737.0,bank direct usa forefront revolution bank experi seamlessli blend cuttingedg technolog customercentr servic commit innov effici bank direct redefin tradit bank norm offer userfriendli digit platform empow custom unparallel control financ intuit mobil onlin bank solut person financi insight rang tailor product servic bank direct ensur seamless secur bank experi priorit access transpar custom satisfact bank direct set new standard futur bank unit state promis transform usercentr approach meet evolv need divers clienteleread,21,"definit, thingsi, approach, weekli, smoothli, highspe, account, pod, speech, careregard"
