Review_ID,Text,Dominant_Topic,Top_Keywords
1,bethani ranch home work larg popul peopl syndrom love beamz interact music system jam studio vr absolut love there didnt think would realli involv one love first thing see start play big smile amaz see nonverb peopl open shine honestli like magic smile go onread absolut amaz one addit great benefit see surpris mani lot time theyv told cant interact music experi make feel like anyth short time theyr feel like limit experi,44,"disappoint, trend, asset, keeper, tini, twitch, frighten, under, swap, mysteri"
2,share bless inc nonprofit organ dedic help children adult special need use jam studio vr individu school day care center home facil person seen jam studio vr work wonder popul engag focus use jam studio vr fun thing never thought could also exercis fine gross motor skill cognit skillread more therapeut goal new learn therapi content includ lesson plan therapi guid differ music appreci instrument fundament educ seri excel highli recommend jam studio vr educ health care edit tom reidi director share bless,45,"vast, email, corrupt, utterli, uncontrol, sensit, manag, deal, sincer, seper"
3,start deg behind also height adjust bad look like good app,24,"stream, ride, wannab, cute, mhz, cgi, yall, ai, upper, promis"
4,work indexthu useless,43,"von, five, accident, week, natur, industri, musicrhythm, russian, extrem, viveport"
5,look fantast gameplay seem bit poorli program point put effort tri work expect stuff realli immers shame tri perhap test vive thoroughli idk would recommend despit,32,"batman, acer, stegosauru, moreour, paid, period, bold, gave, two, terrif"
6,play minut control bit quirki use vive control also got motionsick first time graphic okay fantast gameplay call far float differ locat space station activ stuff quit blown station made way back fix scanner motionsick bad time could altf,3,"shooti, partak, viread, acceler, brother, noth, gaug, soud, mor, blue"
7,ultim homebound great job bring handsoff experi watch graviti immers potenti virtual realiti concess made along way make difficult recommend control imprecis disconnect your ingam bodi real world brutal stomach toler motion sick treat mostli slightli interact short film may stread moreil find valu particularli sinc visual genuin standout everyon els price pay experienc eye candi might bit much,1,"exper, spectacular, solitair, straight, wipe, minigolf, trooper, spin, french, school"
8,terribl see control horribl even move around your press anyth cant grip onto object float inch two hand clear object marker got point someth happen station robot voic tell steer ship someth there noth actual steer go control arm noth hand doesnt grab onto control stickread move right hand around move left right still noth cant get back initi seat use joystick room cant get asid bed section eventu end clip station space control camera absolut horribl dont wast money didnt get motion sick though ppl weak,1,"exper, spectacular, solitair, straight, wipe, minigolf, trooper, spin, french, school"
9,voic act comput nice design spacecraft good control unbeliev aw graphic realli pixel jag constantli float float float float made nauseu quickli play mani vr game none made nauseu bare got first room shut,43,"von, five, accident, week, natur, industri, musicrhythm, russian, extrem, viveport"
10,trash rage good titl may caus rage quit inconsist throw catch simpl concept catch trash thrown two robot throw specif recycl bin progress get harder time count ad colorstrash type random item howev thing get thrown far head way catch clumsi hand spike trash one throw launch thread more next may design vive control like rift wmr werent chang properli assist throw besid mayb compet local friend higher score rather bore,19,"minu, fall, descript, revamp, catalog, click, calm, bare, juli, metal"
11,highli recommend immers fun,24,"stream, ride, wannab, cute, mhz, cgi, yall, ai, upper, promis"
12,encount technic problem,35,"moref, minigolf, tweak, pitfal, winki, builder, absurd, right, bounc, level"
13,cant wait see,36,"bear, disc, straightforward, saturn, janu, eu, nostalg, subscribt, dirti, extraordinari"
14,simpl quick probabl fun kid adult drunk cours longer cours like steep would realli good least better,32,"batman, acer, stegosauru, moreour, paid, period, bold, gave, two, terrif"
15,fairli bland inform,18,"wanna, consist, utterli, drop, intut, end, monthli, fireproof, weight, fatal"
16,bad idea difficult use interfac clunki detract everyth difficulti grab time experi full room experi set stand room find thing suppos grab may unreach,25,"supris, hurri, branch, novic, soak, anyon, mustplay, alsread, biggest, violenc"
17,interest firstperson puzzl soul memori claim issu start vr tri point button say dont seem recogn actual button input screen control rift least work like gamepad never play brought vr wish actual hand interact still nice environ play coupl hour pretti sure oread morenli seen coupl locat,5,"vice, circuit, hypatia, whenev, visit, admiss, rickshaw, neon, thoughtout, moreg"
18,rough recommend need strong vr leg first feel like vr afterthought first thing happen tumbl massiv height control arm hand never gain control either theyr stuck one posit entir top physic move doesnt move charact frequent see insid bodi reset camread moreera posit annoy despit list oculu touch compat button need remap dont work default also visual glitch look cool anim fast also caus nausea comfort scale technic issu past get game theme premis upload mind cloud avoid death becom corrupt isnt new concept game alway feel fun uniqu case weak premis never said anyth meaning moral idea way mention religion frequent without say anyth profound lip servic look cool flash substanc yet still cool let talk gameplay occasion fun puzzl simpl easi point theyr puzzl sequenc event follow lot puzzl wander around find puzzl piec there thought process behind there also quit lot backtrack didnt want play second level hub world push anoth two world fair wale interact made amaz game thoroughli enjoy soul axiom isnt one,1,"exper, spectacular, solitair, straight, wipe, minigolf, trooper, spin, french, school"
19,playabl cant get past languag screen thing that work touch pad one control switch languag cant select tri button look direct noth,12,"wwii, bland, audica, pirat, introductori, fan, wonder, oper, dare, viewer"
20,work start new open credit trap menu option pick resum new exit etc make pop nois return menu,14,"return, stone, sooth, boggl, explor, translat, gag, suspens, three, bond"
21,love way short,20,"powerbeat, firstperson, watch, nope, satur, memor, invit, choos, puzzler, wonderful"
22,polish bow shooter well worth monthli subscript explor first two stage easi easi tri next stage medium difficulti graphic ultra high set still cartoonish still eye pleas knock far teleport method intuit player look next hop perhap uniqu color crane know go,4,"moreil, nois, function, emul, she, promot, temp, grafic, gori, unclimb"
23,fun wish hard wasnt hard,17,"moreon, unrealist, turret, smoke, stream, suffer, underr, blah, encourag, ago"
24,fan watch year super hero like green arrow hawkey stood shadow superman iron man phaser lock interact bombast take genr realli show underappreci skill bow truli lot option choos bow arrow genr arcad action shooter vr arent mani go toetoto intens fieri explosionfil tour citi brink chao,44,"disappoint, trend, asset, keeper, tini, twitch, frighten, under, swap, mysteri"
25,one new favorit game,43,"von, five, accident, week, natur, industri, musicrhythm, russian, extrem, viveport"
26,great everyth first tri vr far still favorit great mechan great arrow option haptic feedback bow allow place hide time shoot around corner exactli one would real life,29,"hide, curs, detail, consum, yknow, burn, frequent, kid, abruptli, il"
27,absolutli fantast,11,"portray, primarili, kread, rariti, around, nice, rid, soundtrack, preset, tedious"
28,innov bring bow arrow nd centuri great level design lose boss fight whole level,10,"unfortunatley, whovian, toy, weari, public, ride, took, began, soundself, absolut"
29,one good old arcad style fun great graphic good menu system big explos quick pace arrow system pretti good fun nice work,34,"resourc, lo, command, almost, bone, grindi, burger, exit, exe, shadow"
30,fun suprisingli substanti graphic basic well drawn mission right difficulti,45,"vast, email, corrupt, utterli, uncontrol, sensit, manag, deal, sincer, seper"
31,love one favourit zombi dont seem fit least engag aspect,19,"minu, fall, descript, revamp, catalog, click, calm, bare, juli, metal"
32,fun trueli like one slight issu mean affraid height buy vr game come warn dont wast money arent affraid height go awar crane arm hundr feet ground dont real issu height even gave didnt seem need long run that what go ot hurt,20,"powerbeat, firstperson, watch, nope, satur, memor, invit, choos, puzzler, wonderful"
33,love bow action mission inspir great fun,10,"unfortunatley, whovian, toy, weari, public, ride, took, began, soundself, absolut"
34,ruin poor level designth movement system repeadetli forc jump middl group enemi instead pick around corner teleport node placement also teleport node suddenli disapear mid combat checkpoint even boss battl realli like bow arrow game vr one huge letdown,20,"powerbeat, firstperson, watch, nope, satur, memor, invit, choos, puzzler, wonderful"
35,sdettest process,41,"viread, irrit, trojan, appl, ever, unfortunatelli, suitabl, jai, skirt, encount"
36,nice cool control give awesom experi pali shot differ type bowl action,18,"wanna, consist, utterli, drop, intut, end, monthli, fireproof, weight, fatal"
37,cool graphicsgreat vr experi play easi play flexibl shot,46,"ingam, complaint, avoid, proport, sprite, distant, ma, respons, count, shown"
38,love look forward see next version,44,"disappoint, trend, asset, keeper, tini, twitch, frighten, under, swap, mysteri"
39,well experienc play,4,"moreil, nois, function, emul, she, promot, temp, grafic, gori, unclimb"
40,task could make entertain,46,"ingam, complaint, avoid, proport, sprite, distant, ma, respons, count, shown"
41,realli enjoy vr cricket great fun especi face fast shot would love see develop eg instanc presenc fielder would forc choos shot care,31,"mejor, stiff, plagu, dope, mag, squad, plush, coop, bullshit, janki"
42,ofcours good start make lot chang hit six hand aswel someth like precit etc lack,27,"stash, wack, mous, urgenc, fp, understand, playbl, truli, sourc, absorb"
43,compar vr cricket subscrib last month astoundingli incomplet prematur releas pleas someon tell get hold previou name thoroughli enjoy work continent championship current vr cricket lack almost realism calibr bat mechan fielder comment competit challeng anyth besid practic bowl machin read morereadi insult wast money subscript credit,18,"wanna, consist, utterli, drop, intut, end, monthli, fireproof, weight, fatal"
44,mix strategi tower defens battl arena protect stronghold tri destroy enemi even faster differ map minion weapon get pretti repetit quickli fun probabl would even friend compet,27,"stash, wack, mous, urgenc, fp, understand, playbl, truli, sourc, absorb"
45,great blend rt moba strategi could use bit varieti unit map great style polish make easi keep come back,46,"ingam, complaint, avoid, proport, sprite, distant, ma, respons, count, shown"
46,see full review fun vs stratergi ultim found fun outsid vr fashion,15,"unsatisfi, downward, lefti, skill, pov, increment, tribut, alien, cheap, vs"
47,gameplay strategi quit basic fun bit deep becom samey quickli,49,"upon, sin, invis, underwelm, concern, eras, withread, trueli, rebirth, dosnt"
48,enjoy gameplay whole thought realli fun almost everi singl time tri boot menu becom unclick issu follow game leav sour tast mouth come back know fix issu,3,"shooti, partak, viread, acceler, brother, noth, gaug, soud, mor, blue"
49,museum multivers beauti immers world wish could live art music gorgeou ill replay,39,"teaser, buri, consol, yay, astray, beer, conquer, morend, began, radic"
50,trippi adventur art,33,"secret, twilight, websit, steadi, requir, ui, redirect, flipper, ven, gb"
51,doesnt score right cant make head tail system,29,"hide, curs, detail, consum, yknow, burn, frequent, kid, abruptli, il"
52,version number first version feel like alpha earli access pshycic doesnt yet well,28,"recogn, weirdli, bond, latest, pump, explan, ui, tie, sink, cosmo"
53,rather enjoy reminic atanti solv puzzl find part helix,19,"minu, fall, descript, revamp, catalog, click, calm, bare, juli, metal"
54,initi gave bad review look like couldnt play vive pro howev found simpl fix internet need chang data skip tutori past found scenario creativ imagin case here fix modifi save file text editor notepad work fine appdatalocallowsvrv studiossvrv deu helixuserdata save file name random number end gamedat filread more chang totalprogress instead youll abl select next level lewi basement main menu tri chang checkpoint valu well,21,"spanish, blood, programm, dark, signifi, inifin, moment, uniti, child, time"
55,great escap room experi mayb could hint stuck,29,"hide, curs, detail, consum, yknow, burn, frequent, kid, abruptli, il"
56,jump scare despit ambianc first level hour puzzl solv right difficulti sure gb disk see whole thing stori end cliffhang,23,"usb, aswel, insight, promiss, worthi, recapthca, realworld, million, thiev, couldnt"
57,took stop talk get challeng,33,"secret, twilight, websit, steadi, requir, ui, redirect, flipper, ven, gb"
58,support window mr control even reviv,17,"moreon, unrealist, turret, smoke, stream, suffer, underr, blah, encourag, ago"
59,crash first mission load oculu quest link,0,"simplic, youread, score, worth, teh, suitabl, skywrit, cosmet, buy, freeli"
60,visual ok wmr samsung odyssey control work,24,"stream, ride, wannab, cute, mhz, cgi, yall, ai, upper, promis"
61,got far grab control would never come tabl turn one hand,4,"moreil, nois, function, emul, she, promot, temp, grafic, gori, unclimb"
62,wouldnt work couldnt pick control start seem game issu use vive pro check onlin,32,"batman, acer, stegosauru, moreour, paid, period, bold, gave, two, terrif"
63,work vive pro get control work work around edit file bunch bs,1,"exper, spectacular, solitair, straight, wipe, minigolf, trooper, spin, french, school"
64,pick one subscript game unplay tell grab control mater approach control direct click click hold button stuck forev frustrat could play,47,"host, weather, shock, technolog, spook, greatest, potion, night, pure, illumin"
65,great escap room hour content,25,"supris, hurri, branch, novic, soak, anyon, mustplay, alsread, biggest, violenc"
66,surprisingli good despit rather gener titl quit bit effort pack three environ loos interlink bit stori told via comic book panel environ uniqu feel doesnt recycl puzzl previou environ puzzl also welcom element challeng good chanc wont beat first tri min time limit ran read moreminor glitch frustrat noth problemat end,23,"usb, aswel, insight, promiss, worthi, recapthca, realworld, million, thiev, couldnt"
67,great compris seper yet somewhat relat vr room level level complex problem solvabl logic time level take attempt complet close min durat buck certainli get money worth construct critic side cartoon compon seem add valu make longer collis object hand frustratingread hit object teleport mani case beem somewher unretreiv forc quit need restart quit option said done fun despit bug quirk thoroughli enjoy well worth download,29,"hide, curs, detail, consum, yknow, burn, frequent, kid, abruptli, il"
68,nice,11,"portray, primarili, kread, rariti, around, nice, rid, soundtrack, preset, tedious"
69,control ruin realli enjoy ruin teleport realli tricki get right place bend gener end put head insid thing make view go black hand right oreint need rotat degre realli put floor right place cannot get right place matter occas end close sinc noread ingam menu start due drop someth floor wife realli enjoy aar still play despit bug would star wasnt problem would also nice non time mode peopl good control also enjoy vr parti ect,16,"tradit, neutral, slurpi, women, trash, sfx, way, nail, creation, surfac"
70,teleportonli control make almost imposs get right posit unless play roomscal fustat pick anyth ground reach cupboard hand orient make insert key fiddli would pretti solid escap room werent forc use teleport movement option adjust bright set,11,"portray, primarili, kread, rariti, around, nice, rid, soundtrack, preset, tedious"
71,full bug couldnt even finish play horribl unfortun puzzl interest storylin decent,4,"moreil, nois, function, emul, she, promot, temp, grafic, gori, unclimb"
72,handl realli bad frustrat make hard focu play,30,"drag, face, hungri, rapidli, unobtrus, plummet, internet, ladi, field, temp"
73,damn there like million activ minigam fill mansion graphic arent great bad either physic good enough iirc realli someth everyon paint archeri umm climb shoot that jam climb wall els maze stuff dunno everyth,16,"tradit, neutral, slurpi, women, trash, sfx, way, nail, creation, surfac"
74,sdettest,45,"vast, email, corrupt, utterli, uncontrol, sensit, manag, deal, sincer, seper"
75,everyth look beauti lot fun room problem encount far item littl tabl tenni paddl inch hand ball made imposs play honestli min get experi hardli anyth environ offer use oculu quest combin virtal desktop experi vr thread morerough viveport laptop msi stealth thin help narrow possibl fix updat come across issu,1,"exper, spectacular, solitair, straight, wipe, minigolf, trooper, spin, french, school"
76,great choreographi game central strength plu simpl gameplay mechan full bodi danc contrast powerbeat vr punch beat never felt like danc like titl,15,"unsatisfi, downward, lefti, skill, pov, increment, tribut, alien, cheap, vs"
77,cannot even press acknowledg button health warn want money back fix,1,"exper, spectacular, solitair, straight, wipe, minigolf, trooper, spin, french, school"
78,shart aka shati fart al way gmaw,43,"von, five, accident, week, natur, industri, musicrhythm, russian, extrem, viveport"
79,fun multiplay experi resent memori,5,"vice, circuit, hypatia, whenev, visit, admiss, rickshaw, neon, thoughtout, moreg"
80,good updat peopl play,12,"wwii, bland, audica, pirat, introductori, fan, wonder, oper, dare, viewer"
81,solid vr would recommend anyon look horror simpl challeng anyon look play solo friend mechan difficult start master lot fun play,6,"lightn, impress, exactli, channel, romp, problem, underwhelm, ss, commun, twilight"
82,cool even steam,48,"thatd, english, muffl, moreoth, wonderful, son, man, beuti, shread, playstat"
83,phasmaphobia earli access quit flesh get environment psycholog horror scienc even may danger feel asens impend doom may overwhelm spend get set find ghost within varieti map use tool decid room ghost tool scan help use correctli anger ghost make tri huntkil read morey playabl yearround titl definit activ around halloween,25,"supris, hurri, branch, novic, soak, anyon, mustplay, alsread, biggest, violenc"
84,amaz multiplay work vr standard player play friend even dont vr still earli access bug expect work alreadi put great base build scari,3,"shooti, partak, viread, acceler, brother, noth, gaug, soud, mor, blue"
85,one best game ive play far still develop damn scari,6,"lightn, impress, exactli, channel, romp, problem, underwhelm, ss, commun, twilight"
86,plz updat plz cant play boi,36,"bear, disc, straightforward, saturn, janu, eu, nostalg, subscribt, dirti, extraordinari"
87,play mous keyboard,18,"wanna, consist, utterli, drop, intut, end, monthli, fireproof, weight, fatal"
88,show great promis still earli releas fair share bug notabl vr height adjust unabl get anyth ground accid drop either seat stand would realli benefit height sens adjust like game also ai certain ghost glitchi expect get better time one ghost went djinn decid interest walk wall bother read moreu suggest would weapon like supernatur thing like iron poker fight ghost machet chop undead head ga match burn bone would also fun devil trap imprison ghost advanc mechan salt allow better way trap ghost could also benefit outdoor map graveyard catacomb seasid fish villag ala cthulhu haunt forest like blair witch underground cavern stand hoot realli need snappi dialogu respons deceas,20,"powerbeat, firstperson, watch, nope, satur, memor, invit, choos, puzzler, wonderful"
89,steam realli great earli access person,38,"vrigad, inclin, path, splash, pair, microsoft, aud, incomplet, starway, vrexperi"
90,pretti darn scari like one tri look player tell one im one onlin,6,"lightn, impress, exactli, channel, romp, problem, underwhelm, ss, commun, twilight"
91,cant find play,23,"usb, aswel, insight, promiss, worthi, recapthca, realworld, million, thiev, couldnt"
92,paid look awesom reinstal time high end system get audio grey screen headset pc screen get stuck headset splashscreen,1,"exper, spectacular, solitair, straight, wipe, minigolf, trooper, spin, french, school"
93,dont work creat server pleas fix,26,"fairli, goofi, ich, knive, comput, ther, kitchen, placement, instal, vocal"
94,fun demo seem pretti polish,14,"return, stone, sooth, boggl, explor, translat, gag, suspens, three, bond"
95,cool tri free version,27,"stash, wack, mous, urgenc, fp, understand, playbl, truli, sourc, absorb"
96,polish fun pine full experi,1,"exper, spectacular, solitair, straight, wipe, minigolf, trooper, spin, french, school"
97,impress show sure wave shooter good one think well realli super fun anyth product valu high much western version boil steel everyth technic similar wonder prefac differ demo,23,"usb, aswel, insight, promiss, worthi, recapthca, realworld, million, thiev, couldnt"
98,excel shooter,32,"batman, acer, stegosauru, moreour, paid, period, bold, gave, two, terrif"
99,fun tire good shooter nervou accur,24,"stream, ride, wannab, cute, mhz, cgi, yall, ai, upper, promis"
100,woulnt even start wast time dont even bother,22,"rotor, bullsht, exce, miss, creat, unreal, knew, scariest, expert, medium"
101,wow fun son love,44,"disappoint, trend, asset, keeper, tini, twitch, frighten, under, swap, mysteri"
102,immers amaz sandbox quest core mechan solid ran littl choppi ik gtx,25,"supris, hurri, branch, novic, soak, anyon, mustplay, alsread, biggest, violenc"
103,second updat latest updat absolut broken perform wors ever three enemi screen caus whole stutter insuffer dont know what go god sake dont ruin amaz bad code come guy updat im notic updat lag behind steamvr big updat week ago still wait kinda irrit like viveport foread morer secondclass player,48,"thatd, english, muffl, moreoth, wonderful, son, man, beuti, shread, playstat"
104,high hope issuessnap turn smooth turnwhen fli lose peripher vision realli stinksweb bunge hand would ok new vrbut experienc,22,"rotor, bullsht, exce, miss, creat, unreal, knew, scariest, expert, medium"
105,bad thing level want much,41,"viread, irrit, trojan, appl, ever, unfortunatelli, suitabl, jai, skirt, encount"
106,excel first journey escap room type alreadi found standard compar other stori well though puzzl rang easi intric well done,45,"vast, email, corrupt, utterli, uncontrol, sensit, manag, deal, sincer, seper"
107,realli fun puzzl puzzl arent hard hint system realli great point right place look stuck without tell answer like start pretti straight quickli goe quit cthulu freaki realli enjoy puzzl thing manipul lever switch realli nice use scale puzzl ala fisherman tale yep type probabl woulread morednt normal look pay full price make great addit viveport infin improv think would make would make eyepiec somehow part glass could turn move hand near face wouldnt cool could switch lens like cool spectacl movi hellboy golden armi yep recommend,32,"batman, acer, stegosauru, moreour, paid, period, bold, gave, two, terrif"
108,love wouldnt mind counter someth tell mani time need hint think,16,"tradit, neutral, slurpi, women, trash, sfx, way, nail, creation, surfac"
109,fantast,30,"drag, face, hungri, rapidli, unobtrus, plummet, internet, ladi, field, temp"
110,look polish vr control work pretti well sometim thing get littl finnicki noth annoy good time solv puzzl arent realli hard mostli hope make vr puzzler like one,23,"usb, aswel, insight, promiss, worthi, recapthca, realworld, million, thiev, couldnt"
111,great good puzzl challeng crazi hard use vive graphic beauti,41,"viread, irrit, trojan, appl, ever, unfortunatelli, suitabl, jai, skirt, encount"
112,first download vr freakin awesom everyth hope would want like,5,"vice, circuit, hypatia, whenev, visit, admiss, rickshaw, neon, thoughtout, moreg"
113,begun deep journey vr first download got say everi develop take notic expertli develop quickli becom one top ten favorit game time,3,"shooti, partak, viread, acceler, brother, noth, gaug, soud, mor, blue"
114,want room puzzl game vr pleas pleas pleas,41,"viread, irrit, trojan, appl, ever, unfortunatelli, suitabl, jai, skirt, encount"
115,awesom puzzl enjoy start finish,11,"portray, primarili, kread, rariti, around, nice, rid, soundtrack, preset, tedious"
116,easili best escap room asid expect die puzzl cleaver satisfi importantli sens your someth right surpris doesnt work progress point look gorgeou like escap room perfect,24,"stream, ride, wannab, cute, mhz, cgi, yall, ai, upper, promis"
117,absolut love thank well done,44,"disappoint, trend, asset, keeper, tini, twitch, frighten, under, swap, mysteri"
118,great good puzl engoy much look forward folow,33,"secret, twilight, websit, steadi, requir, ui, redirect, flipper, ven, gb"
119,final escap room hang time enjoy ambianc atmospher art work refin riddl even solv puzzl could escap magic,39,"teaser, buri, consol, yay, astray, beer, conquer, morend, began, radic"
120,good quest sane riddl smooth gameplay,7,"moreion, topnotch, goggl, public, regularli, fantahorn, eread, signifi, home, vfr"
121,kudo fireproof game take time make solid vr room franchis feel like solid nativ vr lazi shortcut taken make quick buck everyth feel design ground vr aaa qualiti place wouldnt person mind replay previou room game vr redon ground vr like one,35,"moref, minigolf, tweak, pitfal, winki, builder, absurd, right, bounc, level"
122,realli one uniqu fun vr experi great intro vr made puzzl challeng enough keep hook imposs realli blast play highli recommend one,46,"ingam, complaint, avoid, proport, sprite, distant, ma, respons, count, shown"
123,best room escap vr ever thank awesom content,12,"wwii, bland, audica, pirat, introductori, fan, wonder, oper, dare, viewer"
124,love kind game vr ist amaz,47,"host, weather, shock, technolog, spook, greatest, potion, night, pure, illumin"
125,brilliant love organ puzzl thing realli got stuck,49,"upon, sin, invis, underwelm, concern, eras, withread, trueli, rebirth, dosnt"
126,pretti cool retain lot charm atmospher mobil game new vr take whole thing didnt find lean hint system much moment found wander tri work proceed,6,"lightn, impress, exactli, channel, romp, problem, underwhelm, ss, commun, twilight"
127,fantast puzzl challeng without make smash head stori intrigu enjoy twist toward end hint system help get stuck without blatantli give away puzzl hope make anoth one,9,"wo, stuck, slowpac, holobal, contact, close, difficult, mored, bang, antiviru"
128,usual type say realli enjoy thisplay start finish well polish,46,"ingam, complaint, avoid, proport, sprite, distant, ma, respons, count, shown"
129,excel adventur captur imagin excel graphic smooth user interfac,6,"lightn, impress, exactli, channel, romp, problem, underwhelm, ss, commun, twilight"
130,great perfect mysteri like teleport amaz,38,"vrigad, inclin, path, splash, pair, microsoft, aud, incomplet, starway, vrexperi"
131,fun consum highli recommend noth caus nausea lot think noth obscur say stuck box look rope side miss minut,6,"lightn, impress, exactli, channel, romp, problem, underwhelm, ss, commun, twilight"
132,perfect mysteri boy enjoy,13,"craft, gamplay, hit, surround, chest, sprint, stop, hyper, spoilershint, noninteract"
133,dont like teleport game amaz stori puzzl keep come back,3,"shooti, partak, viread, acceler, brother, noth, gaug, soud, mor, blue"
134,best puzzl ive found vr yet,12,"wwii, bland, audica, pirat, introductori, fan, wonder, oper, dare, viewer"
135,awesom vr platform puzzl decent tricki work dad great time work togeth thank creat would love see,4,"moreil, nois, function, emul, she, promot, temp, grafic, gori, unclimb"
136,absolut amaz hope find like,3,"shooti, partak, viread, acceler, brother, noth, gaug, soud, mor, blue"
137,absolut fantast like smartphon version,30,"drag, face, hungri, rapidli, unobtrus, plummet, internet, ladi, field, temp"
138,like one play phone feel tad bit sad end good hope fireproof continu produc game like,18,"wanna, consist, utterli, drop, intut, end, monthli, fireproof, weight, fatal"
139,quit fun interest realli tri,32,"batman, acer, stegosauru, moreour, paid, period, bold, gave, two, terrif"
140,great visual nice right amount challeng,25,"supris, hurri, branch, novic, soak, anyon, mustplay, alsread, biggest, violenc"
141,dont usual spend lot time puzzl game much less escap room genr wonder definit must play recommend,45,"vast, email, corrupt, utterli, uncontrol, sensit, manag, deal, sincer, seper"
142,like prior game platform even engag realli hope team produc sequel two three definit one best vr experi ive date,43,"von, five, accident, week, natur, industri, musicrhythm, russian, extrem, viveport"
143,fantast realli enjoy puzzl clever rather frustrat relali couldnt fault look forward,11,"portray, primarili, kread, rariti, around, nice, rid, soundtrack, preset, tedious"
144,truli awesom experi gorgeou graphic like non vr version well put togeth quit hard,43,"von, five, accident, week, natur, industri, musicrhythm, russian, extrem, viveport"
145,puzzl game usual like puzzl realli dumb answer dont intuit make sens well put togeth puzzl cleverli put togeth great,39,"teaser, buri, consol, yay, astray, beer, conquer, morend, began, radic"
146,great lovecraft like escap room experi love want,38,"vrigad, inclin, path, splash, pair, microsoft, aud, incomplet, starway, vrexperi"
147,love everi minut gave real broken sword vibe,38,"vrigad, inclin, path, splash, pair, microsoft, aud, incomplet, starway, vrexperi"
148,favorit puzzl vr total stroke urg solv compex puzzl box without need spend singl box,11,"portray, primarili, kread, rariti, around, nice, rid, soundtrack, preset, tedious"
149,best escap room puzzel like,28,"recogn, weirdli, bond, latest, pump, explan, ui, tie, sink, cosmo"
150,word,46,"ingam, complaint, avoid, proport, sprite, distant, ma, respons, count, shown"
151,superb addit franchis ad atmospher vr cant underst hope isnt long see sequel,20,"powerbeat, firstperson, watch, nope, satur, memor, invit, choos, puzzler, wonderful"
152,best puzzl ever play wow,23,"usb, aswel, insight, promiss, worthi, recapthca, realworld, million, thiev, couldnt"
153,definit one top vr game super engross thought well design world great sound design puzzl design highli reccomend,18,"wanna, consist, utterli, drop, intut, end, monthli, fireproof, weight, fatal"
154,got engross compltet one set longest reali feel qualiti quantiti scenario,8,"racket, dof, studder, gore, stop, trough, spellcast, archer, crystal, inner"
155,fantast vr puzzl great environ music realli good first vr finish highli reccomend,8,"racket, dof, studder, gore, stop, trough, spellcast, archer, crystal, inner"
156,great brought back good old day use play adventur pointandclick puzl game stori interest puzzl fun visual pretti cool decent graphic control simpl pretti smooth overal highli recommend like puzzl andor scape room,25,"supris, hurri, branch, novic, soak, anyon, mustplay, alsread, biggest, violenc"
157,nice enviro riddl vr hope new chapter,14,"return, stone, sooth, boggl, explor, translat, gag, suspens, three, bond"
158,well done tricki enough keep think without obscur need guid,44,"disappoint, trend, asset, keeper, tini, twitch, frighten, under, swap, mysteri"
159,big fan room seri mani year introduc vr someth made puzzl genr even better fantast stori usual puzzl rang easi complex none test patienc hint system nice touch doesnt quit hold hand fulli masterclass atmospher puzzl good develop easili,11,"portray, primarili, kread, rariti, around, nice, rid, soundtrack, preset, tedious"
160,german english ein unglaublich toll und unterhaltsam spiel ich habe da spiel sehr gern gespielt die programmier haben hier viel herzblut da spiel mit einflieen lassen zum teil war es gruselig dass ich heftig gnsehaut hatt toll spiel sehr gut gemacht gern mehr davon english incred great fun love play programm put lot heart soul sometim scari sever goos bump great read morematch well done like,4,"moreil, nois, function, emul, she, promot, temp, grafic, gori, unclimb"
161,good puzzl hard enough wont breez though whole hint enough stuck give way,11,"portray, primarili, kread, rariti, around, nice, rid, soundtrack, preset, tedious"
162,best puzzleescap room play vr graphic done well difficulti easi hint need hope develop work sequel,12,"wwii, bland, audica, pirat, introductori, fan, wonder, oper, dare, viewer"
163,compet immers fun puzzl couldnt put highli recommend,44,"disappoint, trend, asset, keeper, tini, twitch, frighten, under, swap, mysteri"
164,great fantast graphic puzzl,18,"wanna, consist, utterli, drop, intut, end, monthli, fireproof, weight, fatal"
165,definit one best game ive play vr stori engag puzzl difficult enough frustrat,18,"wanna, consist, utterli, drop, intut, end, monthli, fireproof, weight, fatal"
166,met expect room also great experi vr anyon pickup get pretti easili definit must room escap enthusiast thing would note wish quick trigger turn len easier cumbersom use time realli think access,46,"ingam, complaint, avoid, proport, sprite, distant, ma, respons, count, shown"
167,love set pick amaz incred immers engag love puzzlessom easier other hint system work perfectli time need atmospher mind blow also first vr actual finish control work great entir time play intuit proceed one step next would love type game realli realli amaziread moreng handsdown best ive play vr date,8,"racket, dof, studder, gore, stop, trough, spellcast, archer, crystal, inner"
168,espectacular fashion room game also give nice touch vr realm puzzl appeal engag set up environ get stori final thing didnt like top vr stori,18,"wanna, consist, utterli, drop, intut, end, monthli, fireproof, weight, fatal"
169,true room fashion provid yet anoth masterpiec vr implement amaz mobil absolut amaz love everi minut,47,"host, weather, shock, technolog, spook, greatest, potion, night, pure, illumin"
170,realli enjoy like puzzl dum satisfi find solut overal enjoy,9,"wo, stuck, slowpac, holobal, contact, close, difficult, mored, bang, antiviru"
171,star wish longer ish hour room game ipad one good better realli hope continu focu vr releas sequel,18,"wanna, consist, utterli, drop, intut, end, monthli, fireproof, weight, fatal"
172,might favourit vr yet puzzl challeng yet intuit hint system handi,19,"minu, fall, descript, revamp, catalog, click, calm, bare, juli, metal"
173,fun clever love everyth puzzl could challeng noth obtus frustrat nice balanc puzzl graphic good stori solid right length type,41,"viread, irrit, trojan, appl, ever, unfortunatelli, suitabl, jai, skirt, encount"
174,like sibl room dark matter provid intrigu contempl pleasantli intric puzzl solv though obvious greater immers thank vr there physic mechan feel satisfi use hand control interact screen difficulti never frustrat partner doesnt play vr much enjoy endtoend recommend look less hectic vr experi,39,"teaser, buri, consol, yay, astray, beer, conquer, morend, began, radic"
175,good fisherman tale expect die vr make puzzl game much better part tough spot clue system perfect,30,"drag, face, hungri, rapidli, unobtrus, plummet, internet, ladi, field, temp"
176,one best vr experi ever,12,"wwii, bland, audica, pirat, introductori, fan, wonder, oper, dare, viewer"
177,great well done,0,"simplic, youread, score, worth, teh, suitabl, skywrit, cosmet, buy, freeli"
178,excel wonder experi realli good time puzzl good took hour complet time feel wast even think replay good time stori bit hard follow end bit abrupt unclear experi big part encount singl bug play prevent progress reload save file work,23,"usb, aswel, insight, promiss, worthi, recapthca, realworld, million, thiev, couldnt"
179,wonder immers spectacular great work,12,"wwii, bland, audica, pirat, introductori, fan, wonder, oper, dare, viewer"
180,realli awesom puzzl satisfi specif itch right difficulti littl short that get puzzl game,11,"portray, primarili, kread, rariti, around, nice, rid, soundtrack, preset, tedious"
181,vr great puzzl escap room difficult requir think clear dev spent lot effort ambianc detail,15,"unsatisfi, downward, lefti, skill, pov, increment, tribut, alien, cheap, vs"
182,excel nice puzzl bauti graphic inmers stori wonder vr experi recommend,41,"viread, irrit, trojan, appl, ever, unfortunatelli, suitabl, jai, skirt, encount"
183,fantast escap room adventur make full use magic vr took hour im glad avail infin yeah could fun share experi friend want buy person note magic theme brew potion portray posit want keep kid away good know that also gener creepi young kid theread good job launch right action tutori appear subtli begin first puzzl doesnt spoon feed thing next gener get stuck there simpl hint system help figur next step abl puzzl variou uniqu interest design whole thing refin sleek whole way mustplay sure,1,"exper, spectacular, solitair, straight, wipe, minigolf, trooper, spin, french, school"
184,wonderful make great use vr puzzl challeng fun must play,9,"wo, stuck, slowpac, holobal, contact, close, difficult, mored, bang, antiviru"
185,great stori great movement easi puzzl puzzl arent hardest pay attent everyth get stuck coupl time search around figur would definitley recommend anyon enjoy stori driven puzzl,23,"usb, aswel, insight, promiss, worthi, recapthca, realworld, million, thiev, couldnt"
186,beauti everyth perfectli balanc puzzl overli complic,4,"moreil, nois, function, emul, she, promot, temp, grafic, gori, unclimb"
187,highli recommend difficult intellig fun despit issu stabil interact still give star base calibr gameplay flow church look forward rest well worth,16,"tradit, neutral, slurpi, women, trash, sfx, way, nail, creation, surfac"
188,amaz great easi enjoy puzzl kept interest entir time worth time would happili buy next softwar product,11,"portray, primarili, kread, rariti, around, nice, rid, soundtrack, preset, tedious"
189,great,0,"simplic, youread, score, worth, teh, suitabl, skywrit, cosmet, buy, freeli"
190,excel spend time immers great puzzl except graphic well worth time fanci good mysteri,37,"burn, seatedstand, md, morelay, breathtak, teleport, tear, dimens, restaraunt, way"
191,fun experi puzzl could bit like nonvr game that reason give star love,44,"disappoint, trend, asset, keeper, tini, twitch, frighten, under, swap, mysteri"
192,absolut love mood esthet beauti puzzl fun rd th room bit challeng complaint would annoy activ len everi time chang place,3,"shooti, partak, viread, acceler, brother, noth, gaug, soud, mor, blue"
193,enjoy fun disappoint finish,16,"tradit, neutral, slurpi, women, trash, sfx, way, nail, creation, surfac"
194,one best vr experi play guy genius,26,"fairli, goofi, ich, knive, comput, ther, kitchen, placement, instal, vocal"
195,one best game ive honestli play vr yet intricasi creepi vibe made incred brain puzzl think differ step time definit make difficult good way plu way get hint case your stuck absolut amaz hope sequel anoth room come soon cant wait,17,"moreon, unrealist, turret, smoke, stream, suffer, underr, blah, encourag, ago"
196,one best game vr slightli spooki famili friendli room vr one smoothest experi ive vr everyth work flawlessli almost clutter jank discomfort movement control huge achiev fireproof game right theyv manag bring smooth experi fun engag escap room puzzl recommend anyon enjoy assort puzzlebox style gameplay,8,"racket, dof, studder, gore, stop, trough, spellcast, archer, crystal, inner"
197,great love,38,"vrigad, inclin, path, splash, pair, microsoft, aud, incomplet, starway, vrexperi"
198,excel product around great graphic physic work well interest environ also big plu hint util realli get stuck without find walkthrough internet highli reccomend titl say game,21,"spanish, blood, programm, dark, signifi, inifin, moment, uniti, child, time"
199,wow wow got total mindblown id describ escap room experi immers ambienc blew away differ scene arent time explor solv puzzl leisurey differ room differ theme connect start first room advanc puzzl arent actual difficult solv still realli enjoy total recommend thiread more,46,"ingam, complaint, avoid, proport, sprite, distant, ma, respons, count, shown"
200,work great oculu quest wireless virtual desktop reall good explor good graphic good puzzl foreign languag local overal good nice experi,25,"supris, hurri, branch, novic, soak, anyon, mustplay, alsread, biggest, violenc"
201,great puzzl arent hard still engag hint mecan well thought nose control also good anim fluid music well balanc great overal ambianc didnt make one go think shack stage bit weaker one probabl look puzzl felt bit repetit overal realli enjoy play,4,"moreil, nois, function, emul, she, promot, temp, grafic, gori, unclimb"
202,play minut far alreadi excit,30,"drag, face, hungri, rapidli, unobtrus, plummet, internet, ladi, field, temp"
203,one amaz game vr,31,"mejor, stiff, plagu, dope, mag, squad, plush, coop, bullshit, janki"
204,well made superb graphic realli enjoy,5,"vice, circuit, hypatia, whenev, visit, admiss, rickshaw, neon, thoughtout, moreg"
205,masterpiec room game pc smartphon alreadi realli impress visual vr wow amaz puzzl awesom definit list must play vr game,18,"wanna, consist, utterli, drop, intut, end, monthli, fireproof, weight, fatal"
206,room vr dark matter cantmiss titl puzzl time tricki doabl admittedli reli hint twice veteran genr might abl figur obscur challeng without help highli recommend,47,"host, weather, shock, technolog, spook, greatest, potion, night, pure, illumin"
207,realli immers realli enjoy would recommend,40,"onward, nevertheless, sexi, wick, isol, trojan, anoth, domino, anoy, ninja"
208,fantast puzzler great stori graphic puzzl immers unforgett place great hint system hour,25,"supris, hurri, branch, novic, soak, anyon, mustplay, alsread, biggest, violenc"
209,absolut grandios rtselgam ich mocht die flat game schon aber da jetzt vr einfach super zustzlich ist die qualitt der umsetzung wirklich poliert und ein der besten vr titel zur zeit super macht weiter nur mit solch guten game kommt vr auch der nisch dank fireproof game absolut great puzzl alreadi like flat game great vr qualiti realli polish current one best vr titl keep good game vr leaveread more nich thank fireproof game,43,"von, five, accident, week, natur, industri, musicrhythm, russian, extrem, viveport"
210,excel alway,20,"powerbeat, firstperson, watch, nope, satur, memor, invit, choos, puzzler, wonderful"
211,reviewinprogress im enjoy much previou one good job gripe star cant play wife there good spectat mode let particip without get sick id love sort nonjitteri mirror screen see without barf,23,"usb, aswel, insight, promiss, worthi, recapthca, realworld, million, thiev, couldnt"
212,nice transit mobil vr would given puzzl wasnt buggi one pipe without say spoiler realli realli glitchi point readi uninstal buggi level bad,40,"onward, nevertheless, sexi, wick, isol, trojan, anoth, domino, anoy, ninja"
213,great around,18,"wanna, consist, utterli, drop, intut, end, monthli, fireproof, weight, fatal"
214,longtim fan room seri felt one need extra level done quicker mobil one definit recommend perhap multipl end avail uniqu storylin would feel interest purchas wait super sale purchas,25,"supris, hurri, branch, novic, soak, anyon, mustplay, alsread, biggest, violenc"
215,puzzl noth realli star rate suggest play your puzzlemysteri wouldnt say mustplay titl,46,"ingam, complaint, avoid, proport, sprite, distant, ma, respons, count, shown"
216,good great visual puzzl mechanc bit short,39,"teaser, buri, consol, yay, astray, beer, conquer, morend, began, radic"
217,good,7,"moreion, topnotch, goggl, public, regularli, fantahorn, eread, signifi, home, vfr"
218,pro high qualiti immers atmospher creativ fun con easi puzzl creativ lack depth introduc interest concept move next without challeng brain linear one way solv piec limit option easi figur mani puzzl dont requir understand one thing wave one item around cread morelick somewher even combin lock often option accident figur tri option would pay hour long fun keep get someth new dont get stuck anywher fine want vegit vr bit fun great viveport infin subscrib,12,"wwii, bland, audica, pirat, introductori, fan, wonder, oper, dare, viewer"
219,nice play,30,"drag, face, hungri, rapidli, unobtrus, plummet, internet, ladi, field, temp"
220,understand good rate realli dont like control wand index control quest like puzzel game one star riddl stuff would rather give seem littl uinfair,16,"tradit, neutral, slurpi, women, trash, sfx, way, nail, creation, surfac"
221,person find snap turn complet nauseat smooth turn option ridicul give option,33,"secret, twilight, websit, steadi, requir, ui, redirect, flipper, ven, gb"
222,unplay cant chang screen bright way dark see anyth,36,"bear, disc, straightforward, saturn, janu, eu, nostalg, subscribt, dirti, extraordinari"
223,hate block town block peopl asset pack satisfi destroy,31,"mejor, stiff, plagu, dope, mag, squad, plush, coop, bullshit, janki"
224,pretti neat actual kinda fun free version free version alot thing fun,6,"lightn, impress, exactli, channel, romp, problem, underwhelm, ss, commun, twilight"
225,set look promis technic aw blurri even high set unplay steam version seem abl made sharper edit rscreenpercentag valu defaultengineini doesnt work viveport version develop pleas let user chang supersampl deactiv horribl antialias least make set access,27,"stash, wack, mous, urgenc, fp, understand, playbl, truli, sourc, absorb"
226,dont read review steam right,25,"supris, hurri, branch, novic, soak, anyon, mustplay, alsread, biggest, violenc"
227,open world shooter live ecosystem cyberthreat stand class highoctan actionshoot genr multipl mode ton destruct environ fan game much total destruct take wave enemi field day cyberthreat uniqu blend onfoot intheair combat also set apart shooter space itll leav littl time slow downread breath ballet bullet await everi corner,3,"shooti, partak, viread, acceler, brother, noth, gaug, soud, mor, blue"
228,play vr lowerend gpu time dont issu lag issu whenev fli put lowest graphic set bare allow see anyth crap gpu way pretti fun play time eventu stop,3,"shooti, partak, viread, acceler, brother, noth, gaug, soud, mor, blue"
229,great fun fli featur took surpris get argu whose turn,10,"unfortunatley, whovian, toy, weari, public, ride, took, began, soundself, absolut"
230,seem like foundat laid good never finish citi feel empti end mission run around tedious tri find last enemi two walk motion realli short choppi teleport reason player scifi type weapon honesti look like kid toy rather actual cool weapon fight alongsid gener militari personel camo uniform modern gun stori read moreno feel cohes,49,"upon, sin, invis, underwelm, concern, eras, withread, trueli, rebirth, dosnt"
231,feel broken unfinish although fun,16,"tradit, neutral, slurpi, women, trash, sfx, way, nail, creation, surfac"
232,poor fast die also cant defend self,3,"shooti, partak, viread, acceler, brother, noth, gaug, soud, mor, blue"
233,interest nearli non interact stori retel classic ghost stori perspect beati graphic though quit low re quest even steam supersampl great voic act charact anim scenario unsettl scari think anyon play overal highli recommend short vr experi,8,"racket, dof, studder, gore, stop, trough, spellcast, archer, crystal, inner"
234,dark storytel best scari wouldnt catagor horror good graphic immers bit dark also quit short well worth time spent locomot whatsoev sit back enjoy stori unfold front around,27,"stash, wack, mous, urgenc, fp, understand, playbl, truli, sourc, absorb"
235,like stori,9,"wo, stuck, slowpac, holobal, contact, close, difficult, mored, bang, antiviru"
236,excel thrill experi without jumpscar,29,"hide, curs, detail, consum, yknow, burn, frequent, kid, abruptli, il"
237,good expect interact interact spoiler dead tell look tombston someth good section like movi theatr show good love sound graphic voic act fantast want see interact want put develop thank make,16,"tradit, neutral, slurpi, women, trash, sfx, way, nail, creation, surfac"
238,stori bit weak graphic kind lowrest quest scene visual strong other look like copi past prehalf life video,8,"racket, dof, studder, gore, stop, trough, spellcast, archer, crystal, inner"
239,thing,8,"racket, dof, studder, gore, stop, trough, spellcast, archer, crystal, inner"
240,even,10,"unfortunatley, whovian, toy, weari, public, ride, took, began, soundself, absolut"
241,fuck bs wast time data zero interact stand room listen ghoul rambl,1,"exper, spectacular, solitair, straight, wipe, minigolf, trooper, spin, french, school"
242,use index contol cant get anyth hapen stood outsid door woolf head posibl suport,1,"exper, spectacular, solitair, straight, wipe, minigolf, trooper, spin, french, school"
243,christma carol one alltim favorit stori say disappoint gross understat handsdown worst vr experi ever subject voic act stilt monoton disjoint unbeliev bore graphic limit consist larg silhouett ghost talk shadow quit liter see anyon els virtual interact littl isread riddl bug free would overpr titl wast money wast time bought elsewher id get refund,35,"moref, minigolf, tweak, pitfal, winki, builder, absurd, right, bounc, level"
244,want play golf isnt golf puzzl bad physic well done plan get par better sold puzzl id probabl give five star least four sinc sold golf isnt golf im go three star,44,"disappoint, trend, asset, keeper, tini, twitch, frighten, under, swap, mysteri"
245,sure expect wasnt play one round desir play,9,"wo, stuck, slowpac, holobal, contact, close, difficult, mored, bang, antiviru"
246,instructor video didnt play repres white panel audio play fine still solid star got grandson play first brought back lot fond memori disect frog earth worm school educ valu titl high instruct tool model well done especi like background music ad environment plu one thing would recommend remov oread morergan allow correct organ remov bring mind mode organ could remov place appropri name contain point mani possibl titl happi see genr vr commun need educ titl qualiti one excit see victoryvr next,44,"disappoint, trend, asset, keeper, tini, twitch, frighten, under, swap, mysteri"
247,fascin pleas pehap utilis valv index control hand map,11,"portray, primarili, kread, rariti, around, nice, rid, soundtrack, preset, tedious"
248,liter awesom hpoe add subtitl,28,"recogn, weirdli, bond, latest, pump, explan, ui, tie, sink, cosmo"
249,interest educ concept lot potenti magnifi lens pleas still bug loos imag jump close give glimps educ could futur better content better graphic avail inform light complet minut,45,"vast, email, corrupt, utterli, uncontrol, sensit, manag, deal, sincer, seper"
250,want go school great lesson simul excel display inform sever layer well organ immers environ readymad elabor interact frog ragdol pretti physic turn stiff model dissect like experi wonder learn subject virtual classroom case interest learn platform mooc could throw paperead morer plane around globe,16,"tradit, neutral, slurpi, women, trash, sfx, way, nail, creation, surfac"
251,great music first song move also good represent real life experi know vr smell chicken frog like rememb good job wont play great teacher,18,"wanna, consist, utterli, drop, intut, end, monthli, fireproof, weight, fatal"
252,great vr shooter awesom graphic great gameplay howev modifi chang system need contact support authoris new hardwar unfortun support littl slow side star actual though,28,"recogn, weirdli, bond, latest, pump, explan, ui, tie, sink, cosmo"
253,hard also fun knee dielol,32,"batman, acer, stegosauru, moreour, paid, period, bold, gave, two, terrif"
254,wowit realli awesom great graphic cant wait next level,21,"spanish, blood, programm, dark, signifi, inifin, moment, uniti, child, time"
255,one best vr shooter ive tri long time check full preview,49,"upon, sin, invis, underwelm, concern, eras, withread, trueli, rebirth, dosnt"
256,pull steam,48,"thatd, english, muffl, moreoth, wonderful, son, man, beuti, shread, playstat"
257,get english love would like know stori part,45,"vast, email, corrupt, utterli, uncontrol, sensit, manag, deal, sincer, seper"
258,beauti high energi even almost imposs complet even play easi havent get past boss sadli perfect exampl digit right done badli punish custom pay refus run slightest chang system requir email support take day unlock allow play two reason three star review otherwis five star gamread more,39,"teaser, buri, consol, yay, astray, beer, conquer, morend, began, radic"
259,doesnt work everytim load like frame second dissconnect oculu comput abl run,2,"monster, perman, artsi, cursor, stair, tre, approv, flight, endur, mashup"
260,itselv greatbut support crap bought new pc start errormessag contact support email appear never got answer,13,"craft, gamplay, hit, surround, chest, sprint, stop, hyper, spoilershint, noninteract"
261,move,13,"craft, gamplay, hit, surround, chest, sprint, stop, hyper, spoilershint, noninteract"
262,fun tilt head left right turn use pole push order start quiker figur order stop quickli tilt head look,37,"burn, seatedstand, md, morelay, breathtak, teleport, tear, dimens, restaraunt, way"
263,wow aw control link keyboard map vive control tilt behavior turn fun right decid spaz make spin around time known problem uniti engin glad got subscript instead buy,36,"bear, disc, straightforward, saturn, janu, eu, nostalg, subscribt, dirti, extraordinari"
264,could updat level,14,"return, stone, sooth, boggl, explor, translat, gag, suspens, three, bond"
265,textur poli great fun arcad sometim want sit back relax hard day work,23,"usb, aswel, insight, promiss, worthi, recapthca, realworld, million, thiev, couldnt"
266,start stare start button noth happen,26,"fairli, goofi, ich, knive, comput, ther, kitchen, placement, instal, vocal"
267,need lot work mean aim weapon graphic good either,41,"viread, irrit, trojan, appl, ever, unfortunatelli, suitabl, jai, skirt, encount"
268,simpl wave shooter somehow made hook play whole campaign mode pretti challeng normal difficulti turn easi less stress like wasnt terrifi play even though zombi dinosaur there alway barrier cannot cross got lot lot gun unlock,45,"vast, email, corrupt, utterli, uncontrol, sensit, manag, deal, sincer, seper"
269,realli enjoy one sometim simplic best like wave shooter one better one enjoy prehistor time zome,23,"usb, aswel, insight, promiss, worthi, recapthca, realworld, million, thiev, couldnt"
270,simpl yet superfun wave shooter easytolearn control fit vr noobi vr veteran cant see new gunsenemi store futur great thank dev,47,"host, weather, shock, technolog, spook, greatest, potion, night, pure, illumin"
271,love wave shooter need switch gun often let reload take gun level lot level map enemi gun graphic sound great howev gameplay fun finish main campaign challeng also great highli recommend triggerhappi player,45,"vast, email, corrupt, utterli, uncontrol, sensit, manag, deal, sincer, seper"
272,omg mint liter addict monster dinosaur cant wait see what next watch trex come even golliath pretti amaz love gun format realli realli good gun,3,"shooti, partak, viread, acceler, brother, noth, gaug, soud, mor, blue"
273,arriv molten glass sphere termin style fight wave zombi dinosaur robot immers wave shooter slick graphic time reload key complet level,35,"moref, minigolf, tweak, pitfal, winki, builder, absurd, right, bounc, level"
274,monthli subscript innov weapon manag system ran time beat hard old man,35,"moref, minigolf, tweak, pitfal, winki, builder, absurd, right, bounc, level"
275,kind nostalg real point stand shoot whatev come fun though easi fit quick session dinosaur blast enemi movement shoot mechan arent perfect still enjoy,45,"vast, email, corrupt, utterli, uncontrol, sensit, manag, deal, sincer, seper"
276,decent mindless shooter wave wave like reload mechan time travel thing get realli nauseat,8,"racket, dof, studder, gore, stop, trough, spellcast, archer, crystal, inner"
277,wave easi short slow felt underwelm wave,49,"upon, sin, invis, underwelm, concern, eras, withread, trueli, rebirth, dosnt"
278,janu vr somehow still around use back day pain ass still somewhat interfac intensli simpl work dont know see peopl like whatev server need still run still afaict hub start point nice consid room made html someth everyth stream perform fairli well even oculu go port read morejanu vr closest thing metavers check realli seem like one might wide use day make janu vr room least see that like locomot hors shit hard move mayb tri use gamepad also dont open mani portal might crash seem like arent mani room hub choos mayb good one pin hard brows without crash expect mani room found reddit someth secret back alley vr,5,"vice, circuit, hypatia, whenev, visit, admiss, rickshaw, neon, thoughtout, moreg"
279,yesterday suggest someon use htc vive vr possibl one peopl space answer,40,"onward, nevertheless, sexi, wick, isol, trojan, anoth, domino, anoy, ninja"
280,broken barli teleport around without fall throgh ground,19,"minu, fall, descript, revamp, catalog, click, calm, bare, juli, metal"
281,broken go tri download steam version instead,40,"onward, nevertheless, sexi, wick, isol, trojan, anoth, domino, anoy, ninja"
282,im surround list file click seem show scene cannot go idea jan seem develop,21,"spanish, blood, programm, dark, signifi, inifin, moment, uniti, child, time"
283,tri use vive terribl control mous pointclick doesnt work background imag vr room left right eye switch compar rest room apropi name would anusvr,25,"supris, hurri, branch, novic, soak, anyon, mustplay, alsread, biggest, violenc"
284,launch stoneheng program root directori noth seem broken,28,"recogn, weirdli, bond, latest, pump, explan, ui, tie, sink, cosmo"
285,good strategi player requir,41,"viread, irrit, trojan, appl, ever, unfortunatelli, suitabl, jai, skirt, encount"
286,funpleas add id loklormak,10,"unfortunatley, whovian, toy, weari, public, ride, took, began, soundself, absolut"
287,fun card current well popul worth check viveport subscript worth like style check full review,0,"simplic, youread, score, worth, teh, suitabl, skywrit, cosmet, buy, freeli"
288,interest concept hectic throw waepon nearli time action tactic next problem beginn oppon found get good player immedi enough player onlin guess motiv play htc vive cosmo,21,"spanish, blood, programm, dark, signifi, inifin, moment, uniti, child, time"
289,interest vr constantli crippl small commun,44,"disappoint, trend, asset, keeper, tini, twitch, frighten, under, swap, mysteri"
290,dont think bad certainli make good impress graphic etc feel polish dont know somehow lack extra level motiv like stori achiev could certainli help,45,"vast, email, corrupt, utterli, uncontrol, sensit, manag, deal, sincer, seper"
291,noth special fun minut love kind well build,3,"shooti, partak, viread, acceler, brother, noth, gaug, soud, mor, blue"
292,discourag new player outsid tutori match way learnexperi deck build ai pvp,34,"resourc, lo, command, almost, bone, grindi, burger, exit, exe, shadow"
293,download chines,45,"vast, email, corrupt, utterli, uncontrol, sensit, manag, deal, sincer, seper"
294,japanes languag languag hard chang cant navig japanes menu,2,"monster, perman, artsi, cursor, stair, tre, approv, flight, endur, mashup"
295,overal good,25,"supris, hurri, branch, novic, soak, anyon, mustplay, alsread, biggest, violenc"
296,wow awesom cant wait episod,46,"ingam, complaint, avoid, proport, sprite, distant, ma, respons, count, shown"
297,space rift annoy aspect intro forc tutori abil skip ahead beyond cool see perspect space ship pilot cockpit thrill see pilot posit astronoaut role futur bleak fun,6,"lightn, impress, exactli, channel, romp, problem, underwhelm, ss, commun, twilight"
298,nice graphic cant get vive control work got stuck first rock cant find rt buttonwait respons,1,"exper, spectacular, solitair, straight, wipe, minigolf, trooper, spin, french, school"
299,great graphic,18,"wanna, consist, utterli, drop, intut, end, monthli, fireproof, weight, fatal"
300,cant play simpl fact control mess tri use keyboard first switch steam control steam control seem work thing except direct hope get fix realli confus,25,"supris, hurri, branch, novic, soak, anyon, mustplay, alsread, biggest, violenc"
301,warn may good easili compat vive work vive control vive provid guidanc warn problem sinc paid develop say control mous keyboard better gamepad recommend xbox xbox one gamepad,25,"supris, hurri, branch, novic, soak, anyon, mustplay, alsread, biggest, violenc"
302,cant play simpl fact control mess tri use keyboard first switch steam control steam control seem work thing except direct hope get fix realli confus begin see symbol save space rift episod start,25,"supris, hurri, branch, novic, soak, anyon, mustplay, alsread, biggest, violenc"
303,anoth great experi price less latt roller coaster pretti simpl take next level allow experi anywher mix interest adapt sound light effect anim environ flawless suit coaster solut get bore yet sure probabl one go mani time redo roller coaster real life youll love your friend famili wiread morel love doesnt break bank,38,"vrigad, inclin, path, splash, pair, microsoft, aud, incomplet, starway, vrexperi"
304,cool coaster fun set ride price cant beat one steam like fun set ride realli give sens your actual coaster caught lean turn time,5,"vice, circuit, hypatia, whenev, visit, admiss, rickshaw, neon, thoughtout, moreg"
305,fairli fun way kill minut glitch first tri think initi steam menu start someth noth select restart pretti straightforward select coaster enjoy ride fun simpl way entertain rel guest vr,36,"bear, disc, straightforward, saturn, janu, eu, nostalg, subscribt, dirti, extraordinari"
306,space coaster favorit fun program keep eye updat program develop,33,"secret, twilight, websit, steadi, requir, ui, redirect, flipper, ven, gb"
307,alot fun good graphic lot color sceneri one first coaster vive,6,"lightn, impress, exactli, channel, romp, problem, underwhelm, ss, commun, twilight"
308,problem play posit bee adjust seem work properli thing realli pull experi space track quit obvious use normal earth graviti thu even booster pad regain speed slow lot climb strang sinc moon level correctli implement lower graviti high speed climb curv total shatter illus bee read moreout space one appeal aspect moon level somewhat remedi howev,26,"fairli, goofi, ich, knive, comput, ther, kitchen, placement, instal, vocal"
309,like wouldnt pay full price best rollercoast ive found look limit,12,"wwii, bland, audica, pirat, introductori, fan, wonder, oper, dare, viewer"
310,enjoy type track space moon one best,23,"usb, aswel, insight, promiss, worthi, recapthca, realworld, million, thiev, couldnt"
311,coaster deliv amaz homebas roller coaster experi pretti close even lack servo environment cabinet realli get feel your roller coaster fantast set least scenario coaster real fail get use four track thrill start wear sinc there noth els sit back ride rush gone coaster ultimaread moret valu probabl end virtual realiti showpiec friend famili happen though youll like gotten money worth particularli sinc cost entri less singl ride simul let alon cost entri arcad amus park host machin first place,11,"portray, primarili, kread, rariti, around, nice, rid, soundtrack, preset, tedious"
312,weak experi obvious littl effort put guess that okay price right room coaster best bunch worth glanc great worth look,3,"shooti, partak, viread, acceler, brother, noth, gaug, soud, mor, blue"
313,littl fun first time much tech demo sit swivel chair spin time add sens motion experi,3,"shooti, partak, viread, acceler, brother, noth, gaug, soud, mor, blue"
314,solid coaster experi moder graphic track,5,"vice, circuit, hypatia, whenev, visit, admiss, rickshaw, neon, thoughtout, moreg"
315,shaki display buffer differ zone map uninstal one ride map,24,"stream, ride, wannab, cute, mhz, cgi, yall, ai, upper, promis"
316,occulu warum,17,"moreon, unrealist, turret, smoke, stream, suffer, underr, blah, encourag, ago"
317,slow uninterest,36,"bear, disc, straightforward, saturn, janu, eu, nostalg, subscribt, dirti, extraordinari"
318,terribl honestli would feel total rip didnt get play free sceneri stupid live room picknick tabl one real like coaster track support look terribl also bare use decent slope train acceler complet unrealist actual physic artifici speed sometim wrong place get minut playtim idread more surpris,9,"wo, stuck, slowpac, holobal, contact, close, difficult, mored, bang, antiviru"
319,great fun play immedi addict play hour one favourit game audio graphic incred impress play hour im nowher near complet fantast experi immers creat world player pro graphic amaz good visual entertain environ fun zombi surviv mode addict fireworksread end round con option save progress restart everi time loos conclus simpli stun play,18,"wanna, consist, utterli, drop, intut, end, monthli, fireproof, weight, fatal"
320,basic concept execut well play smooth respons mode arcad target base hit challeng enjoy zombi mode well done,12,"wwii, bland, audica, pirat, introductori, fan, wonder, oper, dare, viewer"
321,fun parti nice break vr noob,4,"moreil, nois, function, emul, she, promot, temp, grafic, gori, unclimb"
322,realli fun one best vr game viveport zombi mode especi fun,20,"powerbeat, firstperson, watch, nope, satur, memor, invit, choos, puzzler, wonderful"
323,wow amaz present axe throw cant get excit great fun around minut start get axe elbow longer feel need tri real axe throw new bar downtown abl crank supersampl gtx bet could use lesser gpu problem,21,"spanish, blood, programm, dark, signifi, inifin, moment, uniti, child, time"
324,surpris titl offer lot would expect think easi know angl wrist directli effect target outcom someth look like simpl target hit get lazi sudden miss someth thought simpl surpris workout case your sort thing price cant beat could probabl chop,45,"vast, email, corrupt, utterli, uncontrol, sensit, manag, deal, sincer, seper"
325,good short fun pleas implement grip instead click index control arcad mode pleas allow option skip score board get annoy hold grip round,19,"minu, fall, descript, revamp, catalog, click, calm, bare, juli, metal"
326,play valv index good littl minigam axe throw felt good howev feel like made someon taller ft throw basic straight arm get high thrown target doesnt feel right,19,"minu, fall, descript, revamp, catalog, click, calm, bare, juli, metal"
327,difficult aim well axe alway creep upward wherev throw,26,"fairli, goofi, ich, knive, comput, ther, kitchen, placement, instal, vocal"
328,pretti much titl say throw axe fun littl least cant feel arm anymor recommend,3,"shooti, partak, viread, acceler, brother, noth, gaug, soud, mor, blue"
329,pretti dull play minut nice graphic fun shooter short,4,"moreil, nois, function, emul, she, promot, temp, grafic, gori, unclimb"
330,great introduct possibl vr varieti gameplay style decent pace paid tri like invest space pirat trainer also zac problem game run hang turn faulti ssd noth viveport steam give hdtune tri test disk,25,"supris, hurri, branch, novic, soak, anyon, mustplay, alsread, biggest, violenc"
331,start sit blue screen launch oculu app instead steam vr never work,18,"wanna, consist, utterli, drop, intut, end, monthli, fireproof, weight, fatal"
332,good fun age,36,"bear, disc, straightforward, saturn, janu, eu, nostalg, subscribt, dirti, extraordinari"
333,fun short time could good kid,34,"resourc, lo, command, almost, bone, grindi, burger, exit, exe, shadow"
334,fairli bland throw snow worth get,11,"portray, primarili, kread, rariti, around, nice, rid, soundtrack, preset, tedious"
335,fun level hard thing break easili would better could earn money buy thing perman instead opinion even worth subscript spot realli worth pay right,37,"burn, seatedstand, md, morelay, breathtak, teleport, tear, dimens, restaraunt, way"
336,awesom great mechan perk need item player pvp rather play bot time still bot competit realli make hard win time well done need western updat content along line fortnit etc look forward robust updat,16,"tradit, neutral, slurpi, women, trash, sfx, way, nail, creation, surfac"
337,excel smooth,22,"rotor, bullsht, exce, miss, creat, unreal, knew, scariest, expert, medium"
338,one best multiplay game vr,31,"mejor, stiff, plagu, dope, mag, squad, plush, coop, bullshit, janki"
339,fun lack player,34,"resourc, lo, command, almost, bone, grindi, burger, exit, exe, shadow"
340,good battl royal vr,34,"resourc, lo, command, almost, bone, grindi, burger, exit, exe, shadow"
341,fun ive multiplay vr titl fast control amaz menu great action suspes hellafun finish everi match feel exhiler hit right spot dream hanzo ginji vr,25,"supris, hurri, branch, novic, soak, anyon, mustplay, alsread, biggest, violenc"
342,gem love,45,"vast, email, corrupt, utterli, uncontrol, sensit, manag, deal, sincer, seper"
343,love easi reak everyon mayb player good alway peopl wait max sec realli fun fav vr,44,"disappoint, trend, asset, keeper, tini, twitch, frighten, under, swap, mysteri"
344,good pvp ala fortnit regard,11,"portray, primarili, kread, rariti, around, nice, rid, soundtrack, preset, tedious"
345,much fun end buy million time funner fortnit,3,"shooti, partak, viread, acceler, brother, noth, gaug, soud, mor, blue"
346,fun though seem like lot sure play ai realli bad new player usual get smoke fortnit actual win note grab thing point close fist item dont tri point arrow finger took figur realli help know,45,"vast, email, corrupt, utterli, uncontrol, sensit, manag, deal, sincer, seper"
347,bad exspect get see one play wrong fun fun stay good bit lost track time like support oculu well back bit like get time one,9,"wo, stuck, slowpac, holobal, contact, close, difficult, mored, bang, antiviru"
348,favorit vr get use mechan feel natur switch bow arrow type fli air wish peopl play viveport infin pleas tri,12,"wwii, bland, audica, pirat, introductori, fan, wonder, oper, dare, viewer"
349,bit hard get use still realli fun,9,"wo, stuck, slowpac, holobal, contact, close, difficult, mored, bang, antiviru"
350,favorit vr far intens competit definit get blood pump motion mechan great consider better havent gain vr leg yet roomscal highli recommend seat strongli unrecommend die,6,"lightn, impress, exactli, channel, romp, problem, underwhelm, ss, commun, twilight"
351,absolut awesom take practic hit player noth littl time fire rang wont improv,3,"shooti, partak, viread, acceler, brother, noth, gaug, soud, mor, blue"
352,son love fun mode fun battl royal mode addict rank,4,"moreil, nois, function, emul, she, promot, temp, grafic, gori, unclimb"
353,awesom hope player base vr grow soon play mani time believ tri even bot fun hour fun congrat creater keep good work,17,"moreon, unrealist, turret, smoke, stream, suffer, underr, blah, encourag, ago"
354,awesom,38,"vrigad, inclin, path, splash, pair, microsoft, aud, incomplet, starway, vrexperi"
355,found pretti awesom get use control becom lot fun kill satisfi like take one person long shot bow next fli toward mid air get sweet head shot last least jump right behind stealth like take katana highli recommend lobbi alway activ full,14,"return, stone, sooth, boggl, explor, translat, gag, suspens, three, bond"
356,great especi love arrow jump mechan total changer imo,38,"vrigad, inclin, path, splash, pair, microsoft, aud, incomplet, starway, vrexperi"
357,great littl buggi last updat extrem fun satisfi,49,"upon, sin, invis, underwelm, concern, eras, withread, trueli, rebirth, dosnt"
358,expect bore realli wasnt fast pace gameplay,21,"spanish, blood, programm, dark, signifi, inifin, moment, uniti, child, time"
359,didnt expect much incred fun best thing sinc war dust get,1,"exper, spectacular, solitair, straight, wipe, minigolf, trooper, spin, french, school"
360,great lot fun got use women voic put,6,"lightn, impress, exactli, channel, romp, problem, underwhelm, ss, commun, twilight"
361,great favorit upload wont launch repair reboot delet instal wont launch,18,"wanna, consist, utterli, drop, intut, end, monthli, fireproof, weight, fatal"
362,one better made definit popul vr multipl game check full review,18,"wanna, consist, utterli, drop, intut, end, monthli, fireproof, weight, fatal"
363,cant launch,27,"stash, wack, mous, urgenc, fp, understand, playbl, truli, sourc, absorb"
364,chang review start promis either chang becam certain level play chang significantli primari chang avail ammo arrow type virtual none wast time search rather fight time get kill someon found went terrif terribl,21,"spanish, blood, programm, dark, signifi, inifin, moment, uniti, child, time"
365,wont launch stuck first titl bad tri repair reboot librari edit final abl launch full delet instal let tri,17,"moreon, unrealist, turret, smoke, stream, suffer, underr, blah, encourag, ago"
366,ive play averag good next time later couldnt start whatev,5,"vice, circuit, hypatia, whenev, visit, admiss, rickshaw, neon, thoughtout, moreg"
367,start help,44,"disappoint, trend, asset, keeper, tini, twitch, frighten, under, swap, mysteri"
368,wouldnt start got load screen flash diamond minut wait noth,5,"vice, circuit, hypatia, whenev, visit, admiss, rickshaw, neon, thoughtout, moreg"
369,avoid your left hand everytim start switch hand choos left hand lobbi start say right hand left forc play right hand make unplay seem like could cool ever get fix updat review,5,"vice, circuit, hypatia, whenev, visit, admiss, rickshaw, neon, thoughtout, moreg"
370,look beauti love fact sit start figth space immedi grind explor might cool well know sometim minut break work want fun without much think plan recommend,6,"lightn, impress, exactli, channel, romp, problem, underwhelm, ss, commun, twilight"
371,doesnt suck good smooth well polishednot drawn gameplay like elit arcad funjesu die youh aliv,25,"supris, hurri, branch, novic, soak, anyon, mustplay, alsread, biggest, violenc"
372,good simpl space shooter nice graphic sound good variat control option found default control setup vive wand fluid natur dogfight satisfi fun would great ship pick upgrad noth much plot depart explor fun simpl shooter good run great,3,"shooti, partak, viread, acceler, brother, noth, gaug, soud, mor, blue"
373,play quest seem alright albeit lacklust stop order roll ship til head almost entir degre coupl visual movement made feel sick quick first vr give motion sick,1,"exper, spectacular, solitair, straight, wipe, minigolf, trooper, spin, french, school"
374,would rate higher nice look decent fun play sort remind old wing command game stori line isnt reason drop star hit booster get static booster soundthi realli goodi play oculu quest link mayb that issueidk,23,"usb, aswel, insight, promiss, worthi, recapthca, realworld, million, thiev, couldnt"
375,work good decent space shoter control take littl get use graphic bad need work ai need work sometim would run stop,25,"supris, hurri, branch, novic, soak, anyon, mustplay, alsread, biggest, violenc"
376,look great cannot control ship movement spin updownv cosmo elit,1,"exper, spectacular, solitair, straight, wipe, minigolf, trooper, spin, french, school"
377,play oculu quest via virtual desktop control arent work move ship head noth els,3,"shooti, partak, viread, acceler, brother, noth, gaug, soud, mor, blue"
378,even possibl use two control joystick rudder soon rudder connect read axi zero valu rudder axi instead jostick axe assign ship spin around menu cannot navig way use anoth control ridicul play someth like one xbox control seem normal develop play joystick rudder rocket scienc itread more shame develop even implement basic control option space sim,3,"shooti, partak, viread, acceler, brother, noth, gaug, soud, mor, blue"
379,scratch itch high product valu good mechan definit begin someth awesom opinion,28,"recogn, weirdli, bond, latest, pump, explan, ui, tie, sink, cosmo"
380,vr fight polish well present best thing still activ develop thing might come would love see depth singl player content that sure,44,"disappoint, trend, asset, keeper, tini, twitch, frighten, under, swap, mysteri"
381,play first launch pretti dissapoint pvp back littl player base check back iam extremli impress much content ad think review pretti unfair find oppon leav neg review make peopl less like join queue far best vr fight problem isread plagu small player base that im give star want peopl tri one,18,"wanna, consist, utterli, drop, intut, end, monthli, fireproof, weight, fatal"
382,work oculu pretti well friend refer playfight togeth absolut blast overal feel accuraci power punch feedback insan good well vr box experi also help degre track oculu thing iam dissatisfi design special abil feel need thoughtout current dont realli feel add anyth read moreth yet anyway alreadi great natur great pvp fight featur definetli recommend hope see peopl ring,26,"fairli, goofi, ich, knive, comput, ther, kitchen, placement, instal, vocal"
383,heck im glad came across sub plan uniqu allow pvp fight tone fun fight someon weird kongfu stanc lol wish voic chat get absent would total recommend anyon tri one gem hidden stone,32,"batman, acer, stegosauru, moreour, paid, period, bold, gave, two, terrif"
384,realli glad came across uniqu someth alway wonder havent develop essenti street fighter vr pvp fight use special move although still develop content isnt abund yet alreadi got lot fun definetli worth,34,"resourc, lo, command, almost, bone, grindi, burger, exit, exe, shadow"
385,best want fight without consequ hit way satisfi felt polish fight titl creed gimmick totf alittl unpolish pvp offer best experi far,28,"recogn, weirdli, bond, latest, pump, explan, ui, tie, sink, cosmo"
386,idea peopl give harsh review one realli solid base what alreadi land game yesterday arm super sour happi sweat extract away bodi fight grip player base that dev fault,18,"wanna, consist, utterli, drop, intut, end, monthli, fireproof, weight, fatal"
387,ok current review give justic great price compar knockout leagu creed brilliant pvp best ever experienc non stupid stamina phantom mechan instead actual fight experi stamina fight skill matter like precis damag calcul base hard hit irl took good min find match troublesomread more done background play singl player mode singl player mode alittl hard say took tri even kill first enemi make mistak qualiti colosseum mode compar gorn hit reaction enemi overal art environ feel amaz realli hope continu grow,17,"moreon, unrealist, turret, smoke, stream, suffer, underr, blah, encourag, ago"
388,like far im excit player base multiplay lot room grow,6,"lightn, impress, exactli, channel, romp, problem, underwhelm, ss, commun, twilight"
389,bad realli accur like power import everi touch give damag miss block jump away attack didnt manag block fist buuuuut still earli acc give star caus potenti,28,"recogn, weirdli, bond, latest, pump, explan, ui, tie, sink, cosmo"
390,could fantast ive ever abl fight glitch boss match come train build mode mayb differ robot colossium,39,"teaser, buri, consol, yay, astray, beer, conquer, morend, began, radic"
391,great play need add fight mode,46,"ingam, complaint, avoid, proport, sprite, distant, ma, respons, count, shown"
392,one help player player lan option use play,4,"moreil, nois, function, emul, she, promot, temp, grafic, gori, unclimb"
393,play bit yesterday bot cool today tri start viru proteect said game execut command attack realli sure un istal reinstal still problem,43,"von, five, accident, week, natur, industri, musicrhythm, russian, extrem, viveport"
394,alright hold control way feel realli unnatur though,20,"powerbeat, firstperson, watch, nope, satur, memor, invit, choos, puzzler, wonderful"
395,earli state move alway that boor,9,"wo, stuck, slowpac, holobal, contact, close, difficult, mored, bang, antiviru"
396,sort pvp box train love idea magior bug problem first everi time lunch bind gone idea luckli rig control steam minut tri trane zone ok quickli found bot arm hit box horrorb quickli find self clearli mach coliseum first bot kick butt two bot circlread more quickli pull head set cord comput tri dodg pvp never even got play sit ing mach make minut idea even work,18,"wanna, consist, utterli, drop, intut, end, monthli, fireproof, weight, fatal"
397,dont fit hold hand wand cant upload ss cant show,16,"tradit, neutral, slurpi, women, trash, sfx, way, nail, creation, surfac"
398,unabl detect control launch kept prompt turn control alreadi play vive,40,"onward, nevertheless, sexi, wick, isol, trojan, anoth, domino, anoy, ninja"
399,cant even start play keep tell turn control alreadi tri quit start multipl time stil htc vive,26,"fairli, goofi, ich, knive, comput, ther, kitchen, placement, instal, vocal"
400,load show hold control fine say turn control alreadi activ possibl play wast one,4,"moreil, nois, function, emul, she, promot, temp, grafic, gori, unclimb"
401,suck,34,"resourc, lo, command, almost, bone, grindi, burger, exit, exe, shadow"
402,wonki control intro explain happen didnt love graphic id give lot slack vr,29,"hide, curs, detail, consum, yknow, burn, frequent, kid, abruptli, il"
403,play like ass,4,"moreil, nois, function, emul, she, promot, temp, grafic, gori, unclimb"
404,issu control detect camera isnt lock hmd liter unplay state oculu compat,3,"shooti, partak, viread, acceler, brother, noth, gaug, soud, mor, blue"
405,advertis store oculu rift support howev upon start seem main menu advis control detect disappoint reason took viveport subscript first place tri buy,44,"disappoint, trend, asset, keeper, tini, twitch, frighten, under, swap, mysteri"
406,got one viveport subscript app couldnt find real person fight robot fight teribl start bare hand fight super ninja robot freakin sword guess win multiplay non exisit singl player suck dont bother,26,"fairli, goofi, ich, knive, comput, ther, kitchen, placement, instal, vocal"
407,worth download earli demo nonexist content,2,"monster, perman, artsi, cursor, stair, tre, approv, flight, endur, mashup"
408,worst fight ever go play knockout leagu,17,"moreon, unrealist, turret, smoke, stream, suffer, underr, blah, encourag, ago"
409,better expect clean easi play nice music,30,"drag, face, hungri, rapidli, unobtrus, plummet, internet, ladi, field, temp"
410,one best viveport ive ever play serious enjoy graphic good mechan good everyth good coupl thing want hold weapon freeli mean revers grip better ai think almost imposs still hope ask better ai ai cant react fake hit becom easi counter ai cant predict attack cread moreount think quit imposs still one best love much,12,"wwii, bland, audica, pirat, introductori, fan, wonder, oper, dare, viewer"
411,excel love graphic immers cours gore blood feel chop head hour end without jail life fantast,45,"vast, email, corrupt, utterli, uncontrol, sensit, manag, deal, sincer, seper"
412,new viveport thing honestli shocvk went radar insan want ot play long insan thank,8,"racket, dof, studder, gore, stop, trough, spellcast, archer, crystal, inner"
413,latest updat make swordsman compel viveport swordsman control precis gameplay mechan deep vent ton frustrat stab poor foot soldier royal dagger sinc swordsman armor updat plate ornament function enemi armor improv even untuck tail poor slav shirt flap breez one get impal even swordsman hors camel distractingli well read morerend said swordsman isnt horsegirl swordsman hard vr learn plateau sweat boss fight persist stat bonu much appreci featur ps search duckduckgo duel scar learn rich tradit face stab im say swordsman histor accur plausibl feel truthi,11,"portray, primarili, kread, rariti, around, nice, rid, soundtrack, preset, tedious"
414,ive tri lot sword fight vr game far best one yet think good get sword fight vr current,18,"wanna, consist, utterli, drop, intut, end, monthli, fireproof, weight, fatal"
415,realli fun play howev would interest fight differ style sword play right seem differ subtli hesit tri,32,"batman, acer, stegosauru, moreour, paid, period, bold, gave, two, terrif"
416,easi short super fun,34,"resourc, lo, command, almost, bone, grindi, burger, exit, exe, shadow"
417,pretti nice hit swordman yesterday shock find remov cap amount upgrad make charact cap stat mod time instead still seem earli swing sword still feel weird extent end stab often sinc half stab connect damag rest slide around npc bare damag lot read morefight npc doesnt helm face cover held sword walk right face tri armor physic hmm someth still seem determin weapon damag npc jtunn oof way move away creepi whole bodi rubberband around move quickli time move hed put head right chest swing air behind back sometim clip bottom sword massiv damag fight walk backward nonstop could actual parri blow choos sword gargantua think id lean toward sword gargantua sinc weapon feel like work often like sword gargantua think event surpass sword gargantua look date review your futur thing like improv futur folk,24,"stream, ride, wannab, cute, mhz, cgi, yall, ai, upper, promis"
418,good updat behind viveport,36,"bear, disc, straightforward, saturn, janu, eu, nostalg, subscribt, dirti, extraordinari"
419,definit need improv well done find easi progress could simpli stab face especi goe right helmet like butter there logic behind dismemb would also nice touch guess kid oh wait say give blade sorceri offer much still enjoy one kick,35,"moref, minigolf, tweak, pitfal, winki, builder, absurd, right, bounc, level"
420,worst ive ever play past rd level everi campaign get hit everi enemi collis terribl hit attack parri shit attempt make,13,"craft, gamplay, hit, surround, chest, sprint, stop, hyper, spoilershint, noninteract"
421,press play doesnt even work tri reair still noth,26,"fairli, goofi, ich, knive, comput, ther, kitchen, placement, instal, vocal"
422,cant select player cant play,46,"ingam, complaint, avoid, proport, sprite, distant, ma, respons, count, shown"
423,experi fun brilliant graphic found great tool teach look assess ship time make fun,3,"shooti, partak, viread, acceler, brother, noth, gaug, soud, mor, blue"
424,educ narr realli see made fun ask play role locat certain item time limit long hope add project later date enjoy thank much,0,"simplic, youread, score, worth, teh, suitabl, skywrit, cosmet, buy, freeli"
425,need time solv hard find issu wrong ship luckili doesnt imped progress suck git gud ship surveyor age,23,"usb, aswel, insight, promiss, worthi, recapthca, realworld, million, thiev, couldnt"
426,simpl intut made great time action wonder cheer make,46,"ingam, complaint, avoid, proport, sprite, distant, ma, respons, count, shown"
427,great shoot experi,25,"supris, hurri, branch, novic, soak, anyon, mustplay, alsread, biggest, violenc"
428,one best shoot simul play far viveport hope get hand stuff game studio cheer,9,"wo, stuck, slowpac, holobal, contact, close, difficult, mored, bang, antiviru"
429,simpl though okay expect someth,6,"lightn, impress, exactli, channel, romp, problem, underwhelm, ss, commun, twilight"
430,work found gun handl realli weird gun quit forward rotat make hard shoot feel unload clip also quit danc gun would better fix gun play bit fix end level balloon shot sometim end level,26,"fairli, goofi, ich, knive, comput, ther, kitchen, placement, instal, vocal"
431,style exactli see pictur level timer call specif color shot though doesnt seem matter long shoot enough time frame howev dont jump gun shoot anyth till level music start wont count thing decent sight seem pretti accur everyth els gener poorli narrat done second levelread curiou see level like someth like balloon second fail partli reload weird magazin doesnt alway drop like slow graviti grab gun realli small point grab would sore upset didnt get free infin subscript,45,"vast, email, corrupt, utterli, uncontrol, sensit, manag, deal, sincer, seper"
432,heard guy need someth catch user attent long ago gem,17,"moreon, unrealist, turret, smoke, stream, suffer, underr, blah, encourag, ago"
433,decent music rhythm similar ohshap powerbeat rather musicbas like game environ base dodg pipe instead music hamper replay make engag stori mode wouldnt clarifi stori beauti futurist citi set hand best mode albeit replay valu imo vpl obstacl cours basic pretens stori element varietread morey sceneri depend level collect orb use match color hand point orb often high sometim far away caus fall track head move second level tri felt like memor level rather obstacl cours die bull appear nowher alright,16,"tradit, neutral, slurpi, women, trash, sfx, way, nail, creation, surfac"
434,good littl learn basic parkour move vr,18,"wanna, consist, utterli, drop, intut, end, monthli, fireproof, weight, fatal"
435,die repeatedli hit shin dumpster clearli foot away,4,"moreil, nois, function, emul, she, promot, temp, grafic, gori, unclimb"
436,made sick,41,"viread, irrit, trojan, appl, ever, unfortunatelli, suitabl, jai, skirt, encount"
437,hell turn second later view turn keep spin beyond turn move forward everyth slowli move away barf second enjoy motion sick andor vertigo otherwis stay away youv warn,13,"craft, gamplay, hit, surround, chest, sprint, stop, hyper, spoilershint, noninteract"
438,decent varieti weapon feel fair mix enemi use look like movement motion part stand one spot shoot everyth come switch weapon allow get close constantli ammo everyth pistol,16,"tradit, neutral, slurpi, women, trash, sfx, way, nail, creation, surfac"
439,quit low qualiti better lot wave shooter,33,"secret, twilight, websit, steadi, requir, ui, redirect, flipper, ven, gb"
440,fun experi first time vr player somewhat close robo recal rift definit got quit bit go overal one better game test viveport far,20,"powerbeat, firstperson, watch, nope, satur, memor, invit, choos, puzzler, wonderful"
441,wave shooter gun physic graphic gameplay,1,"exper, spectacular, solitair, straight, wipe, minigolf, trooper, spin, french, school"
442,buggi broken unenjoy experi fall ground fail start first time play extrem long load time fail make gameplay manag get first level youll met unintuit control right trackpad teleport left trackpad move anoth corner imaginari box even bother implement left trackpad use read moremenu button reload hold menu button inventori likewis neither grip button anyth actual exit halfway first level right review even subscript cant suggest tri im actual go tri contact support get taken free anoth space month,36,"bear, disc, straightforward, saturn, janu, eu, nostalg, subscribt, dirti, extraordinari"
443,good control uniqu way experi vr warn dark,25,"supris, hurri, branch, novic, soak, anyon, mustplay, alsread, biggest, violenc"
444,first coupl puzzl thought shallow rubbish got better better thought end gettng start twist turn control bit clunki redo puzzl get bit annoy overlook pretti deep mani differ end plot twist,46,"ingam, complaint, avoid, proport, sprite, distant, ma, respons, count, shown"
445,realli well design artist also goe fast charm sadist everybodi experi polish need tough stomach,46,"ingam, complaint, avoid, proport, sprite, distant, ma, respons, count, shown"
446,great im excit viveport infin thank,12,"wwii, bland, audica, pirat, introductori, fan, wonder, oper, dare, viewer"
447,great fun play realli suggest let someon faint heart kid play gore girl die fail puzzl puzzl get realli hard quickli doesnt forgiv mistak atleast skip death scene restart level die doesnt end first credit kind tutori need let roll thread more real start right,46,"ingam, complaint, avoid, proport, sprite, distant, ma, respons, count, shown"
448,sick,3,"shooti, partak, viread, acceler, brother, noth, gaug, soud, mor, blue"
449,imagin saw movi imagin bound wheelchair cant talk person room year old girl cant understand way commun laser top head activ remot hand nod head ye solv puzzl game like light cut rope train maze die horribl death puzzl rang simpl challeng particular progress read moreord feel like made gear vr oculu go dof headset use head button though wiggl hand lock seat posit chair part work fine wear especi third round board play coupl time realli wish option use laser pointer littl remot look board put kink neck sinc multipl end kind hard tell actual stori even begin like intro puzzl style made feel like minut want end play sever puzzl room love concept fear induc death coupl thing put katia anim seem slow clunki remind old video charact speed realli drag board longer forc head point realli wore especi sinc laser time hold object activ item realli evid board want click move speed along thought board neat want differ end realli came hate,20,"powerbeat, firstperson, watch, nope, satur, memor, invit, choos, puzzler, wonderful"
450,star want watch girl get mutil star otherwis puzzl pretti good interfac plod stuck wheelchair laser pointer head tell girl say hour content multipl end play hour credit roll need replay perfect see everyth im wade puzzl ponder interfac,16,"tradit, neutral, slurpi, women, trash, sfx, way, nail, creation, surfac"
451,like idea need audio subtitl least,48,"thatd, english, muffl, moreoth, wonderful, son, man, beuti, shread, playstat"
452,go room room tri solv puzzl game els girl die pain death easi found puzzl hard gave half way see girl die time idea fun,3,"shooti, partak, viread, acceler, brother, noth, gaug, soud, mor, blue"
453,doesnt properli support vr kind expect use keyboard gamepad vr control treat gamepad there frickin laser main menu shoot forehead order select menu item phantom touch quickli start give drill headach highli irrit probabl decent otherwis wouldnt know take review grain salt,41,"viread, irrit, trojan, appl, ever, unfortunatelli, suitabl, jai, skirt, encount"
454,stuck third room puzzl train realli clear suppos sure work watch death sequenc enough time taht teh problem hate puzzl game make play via trial error fail state might well bother play cheat use guid way work interact teh train teh flag exampl suppos rais teh flag drop teh flag changread more teh flag colour tile round puzzl doesnt give inform even get switch move correctli hit flag may still get wrong co cant work infom without trial error stop stop room three puzzl design bad unclear dont fanci sit multipl long ass death sequenc work,25,"supris, hurri, branch, novic, soak, anyon, mustplay, alsread, biggest, violenc"
455,ridicul death scene poorli thought mechan ton time wast make one pass,22,"rotor, bullsht, exce, miss, creat, unreal, knew, scariest, expert, medium"
456,one vr earliest scarri fest differ oculu go version,18,"wanna, consist, utterli, drop, intut, end, monthli, fireproof, weight, fatal"
457,great begin horror,18,"wanna, consist, utterli, drop, intut, end, monthli, fireproof, weight, fatal"
458,great titl,25,"supris, hurri, branch, novic, soak, anyon, mustplay, alsread, biggest, violenc"
459,team earlier project call caf set pari also treat check thank otherworld,48,"thatd, english, muffl, moreoth, wonderful, son, man, beuti, shread, playstat"
460,good teaser want continu definitli like doll,18,"wanna, consist, utterli, drop, intut, end, monthli, fireproof, weight, fatal"
461,nice littl horrorfatkor show,11,"portray, primarili, kread, rariti, around, nice, rid, soundtrack, preset, tedious"
462,good introduct vr horror could,41,"viread, irrit, trojan, appl, ever, unfortunatelli, suitabl, jai, skirt, encount"
463,good except cant interact object book chair,47,"host, weather, shock, technolog, spook, greatest, potion, night, pure, illumin"
464,short intens nice job ill wait final edit,26,"fairli, goofi, ich, knive, comput, ther, kitchen, placement, instal, vocal"
465,play like click play,9,"wo, stuck, slowpac, holobal, contact, close, difficult, mored, bang, antiviru"
466,one first vr titl download vive still wait actual releas dont think come tbh shame look pretti cool potenti great scarer,26,"fairli, goofi, ich, knive, comput, ther, kitchen, placement, instal, vocal"
467,seem work fine place space xm that suffici sadli like vr content less small tech demo realli sure well put togeth whole experi minut,49,"upon, sin, invis, underwelm, concern, eras, withread, trueli, rebirth, dosnt"
468,scari erm short pointless mayb bit involv might good basic stand room flashlight develop proof concept nice that moment,11,"portray, primarili, kread, rariti, around, nice, rid, soundtrack, preset, tedious"
469,scari fu short,27,"stash, wack, mous, urgenc, fp, understand, playbl, truli, sourc, absorb"
470,unabl play requir room scale play doubl space requir setup room play within steamvr still need room need physic walk place within vr world pleas add teleportwalk featur would benefit everyon thank,15,"unsatisfi, downward, lefti, skill, pov, increment, tribut, alien, cheap, vs"
471,cannot thing much space restrict got space,49,"upon, sin, invis, underwelm, concern, eras, withread, trueli, rebirth, dosnt"
472,dont live mansion room seem cannot advanc demo due space restrict impress,25,"supris, hurri, branch, novic, soak, anyon, mustplay, alsread, biggest, violenc"
473,highli recommend,8,"racket, dof, studder, gore, stop, trough, spellcast, archer, crystal, inner"
474,short fun overal good,49,"upon, sin, invis, underwelm, concern, eras, withread, trueli, rebirth, dosnt"
475,work quest virtual desktop odin tutori chang grip tool shoud pick key lie floor hope read beauti well done horror athmospher run smoothli ryzen gtx ti virtual desktop bug hand rotat degr anno unplay dont cabl play use link realli dark boost gamma play motion sick hard definitli begiread morenn even pro problem begin that,15,"unsatisfi, downward, lefti, skill, pov, increment, tribut, alien, cheap, vs"
476,unfortun doesnt work quest either virtual desktop link get swap grip tool section right start stop progress imposs despit switch grip tool id read control awkward never expect utterli useless get go,25,"supris, hurri, branch, novic, soak, anyon, mustplay, alsread, biggest, violenc"
477,play friend wish level fun head scratch control seem wonki play troubl would recommend price,10,"unfortunatley, whovian, toy, weari, public, ride, took, began, soundself, absolut"
478,aesthet pleas fun experi level increas degre difficulti although final room could count find easter egg love puzzl yet expert took minut complet beautifuli made artist direct particularli noteworthi eg eye candl fail geniu consid latt cost last minut valu anyonread more read think buy go ahead enjoy anyon older despit genr horror yet sound situat could give nightmar younger develop keep hope deliv new level two soon,20,"powerbeat, firstperson, watch, nope, satur, memor, invit, choos, puzzler, wonderful"
479,coupl decent puzzl involv shrink enlarg mechan itll take minut finish depend much grappl mechan sinc youll timer,23,"usb, aswel, insight, promiss, worthi, recapthca, realworld, million, thiev, couldnt"
480,found combin lack precis somewhat tight timer frustrat also descend eye timer chang light make puzzl hard see go hard figur what go take easili control see puzzl well enough there minut,30,"drag, face, hungri, rapidli, unobtrus, plummet, internet, ladi, field, temp"
481,highli recommend cant wait see immers fun,36,"bear, disc, straightforward, saturn, janu, eu, nostalg, subscribt, dirti, extraordinari"
482,one best vr experi ive ever qualiti tri see,12,"wwii, bland, audica, pirat, introductori, fan, wonder, oper, dare, viewer"
483,good edutain atheist enjoy mostli get go insid laser scan locat usual inaccess public follow video actual locat neat real artwork histor site high qualiti video medium low qualiti video mix show scale pageantri prayer ritual historian theologist histor art fan student curiou enjoy bad control kind janread moreki world map screen difficult navig superflui mini game tri keep attent,12,"wwii, bland, audica, pirat, introductori, fan, wonder, oper, dare, viewer"
484,heartwarm stori coexist three world religion jerusalem incred documentari gameplay element love,8,"racket, dof, studder, gore, stop, trough, spellcast, archer, crystal, inner"
485,thought would freedom walk around silli game,35,"moref, minigolf, tweak, pitfal, winki, builder, absurd, right, bounc, level"
486,weve seen holobal done modern take pong still enjoy experi recommend anyon enjoy hardcor intens virtual realiti experi howev recommend bottl water towel within reach good holobal session leav cover sweat due intens match get,29,"hide, curs, detail, consum, yknow, burn, frequent, kid, abruptli, il"
487,dont play bad armsshould make sure your room alon play dont let furnatur object stand innear play zone hit,45,"vast, email, corrupt, utterli, uncontrol, sensit, manag, deal, sincer, seper"
488,cant play crash,4,"moreil, nois, function, emul, she, promot, temp, grafic, gori, unclimb"
489,tri hit ball caus vive headset crash everi time,31,"mejor, stiff, plagu, dope, mag, squad, plush, coop, bullshit, janki"
490,challeng brain better sens space love sky scene beauti color sunset relax watch bird fli around finish puzzl,6,"lightn, impress, exactli, channel, romp, problem, underwhelm, ss, commun, twilight"
491,good easi begin feel attract,45,"vast, email, corrupt, utterli, uncontrol, sensit, manag, deal, sincer, seper"
492,great vr experi wellbuilt good platform capabl good ui ux love select gun great vr subsitut real thing,18,"wanna, consist, utterli, drop, intut, end, monthli, fireproof, weight, fatal"
493,dont let video music fool get practic ipsc fun pewpew excel sim competit activ skill base technic highli structur around safeti featur stage plu anoth user built includ stage editor method detail scorekeep leaderboard appar way opt expect load screen second presum phone homread more get current leaderboard tutori slow bore like real instruct gun rang guntocontrol relationship fulli degreesoffreedom useradjust locomot either smooth teleport,12,"wwii, bland, audica, pirat, introductori, fan, wonder, oper, dare, viewer"
494,real like shoot rang finger tip fun play,45,"vast, email, corrupt, utterli, uncontrol, sensit, manag, deal, sincer, seper"
495,decent respons gun graphic good target fun interact definetli lack sort level incent keep go basic time killer,34,"resourc, lo, command, almost, bone, grindi, burger, exit, exe, shadow"
496,great ipsc simul lot rang function build rang download one peopl made,23,"usb, aswel, insight, promiss, worthi, recapthca, realworld, million, thiev, couldnt"
497,lot potenti minor bug realli good someth realli need get fix magazin reload mechan whenev reload left control would swing coz let go control hold gun hand lefthand need look left control get magazin realli dont suggest fix issu hope get shooter advic fix otherwis stread morear,11,"portray, primarili, kread, rariti, around, nice, rid, soundtrack, preset, tedious"
498,flaw far amaz realist llove map creator endless possibl,40,"onward, nevertheless, sexi, wick, isol, trojan, anoth, domino, anoy, ninja"
499,crash half time tri run look like gun sound sourc youtub video one gun nois someth drop shoot cant move unless walk small room wont abl even navig menu aim weird,42,"straightforward, numer, slingshot, voiceact, distant, puke, highest, resid, manufactur, challang"
500,crash launch lol suck,39,"teaser, buri, consol, yay, astray, beer, conquer, morend, began, radic"
501,crash hit red button start reinstal didnt help washout,44,"disappoint, trend, asset, keeper, tini, twitch, frighten, under, swap, mysteri"
502,poor lot bug dont spend money poor experi,23,"usb, aswel, insight, promiss, worthi, recapthca, realworld, million, thiev, couldnt"
503,great like attempt aesthet otherwis bad,45,"vast, email, corrupt, utterli, uncontrol, sensit, manag, deal, sincer, seper"
504,send fli path basic shoot zombi avoid build pretti much noth zombi asid walk aimlessli around power up slow pretti bore unless your look someth easi kid,3,"shooti, partak, viread, acceler, brother, noth, gaug, soud, mor, blue"
505,well done add walkabout though,46,"ingam, complaint, avoid, proport, sprite, distant, ma, respons, count, shown"
506,ill knock twice want cant stop,3,"shooti, partak, viread, acceler, brother, noth, gaug, soud, mor, blue"
507,great atmospher short probabl less minut dont like teleport locomot break immers full might good though,45,"vast, email, corrupt, utterli, uncontrol, sensit, manag, deal, sincer, seper"
508,one said demo thake minut,10,"unfortunatley, whovian, toy, weari, public, ride, took, began, soundself, absolut"
509,fun full mysteri puzzl need solv continu journey love graphic well realli enjoy thank hard work,45,"vast, email, corrupt, utterli, uncontrol, sensit, manag, deal, sincer, seper"
510,graphic pretti good puzzl weak side definit leagu myst anoth wannab,40,"onward, nevertheless, sexi, wick, isol, trojan, anoth, domino, anoy, ninja"
511,great graphic mani puzzl seem sort arbitrari good thing there walkthrough youtub,25,"supris, hurri, branch, novic, soak, anyon, mustplay, alsread, biggest, violenc"
512,everyon hear scream vr st vr experi play good time scream hope get use vr get far decid frack play earli hour sure make lot differ expect deadli quit except scream,9,"wo, stuck, slowpac, holobal, contact, close, difficult, mored, bang, antiviru"
513,still need work lot good first person shooter vr good,49,"upon, sin, invis, underwelm, concern, eras, withread, trueli, rebirth, dosnt"
514,crash upon tri load level get screen watch monster take pee hardli fun novelti gag wear,49,"upon, sin, invis, underwelm, concern, eras, withread, trueli, rebirth, dosnt"
515,realli good check one earlier fun mechan good graphic perform lot stuff buy,0,"simplic, youread, score, worth, teh, suitabl, skywrit, cosmet, buy, freeli"
516,one brother favorit game differ place explor upgrad buyabl glove help dig pick ore dev add even new interest place tool might becom pretti big import dev also add imag short descript new stuff that ad like train ventur otusid peopl would notic would nice dev ad hand base teleporread moret mayb even locomot uncomfort teleport head,11,"portray, primarili, kread, rariti, around, nice, rid, soundtrack, preset, tedious"
517,far ive got atom bomb realli funni wonder els find ground especi what insid vault,5,"vice, circuit, hypatia, whenev, visit, admiss, rickshaw, neon, thoughtout, moreg"
518,review septemb didnt get experi small town elev goe level let mine miscellan item much larger travel train open world mine get collect complet differ end upgrad power glove realli turn smash rock feed littl companion chest tri figur differ enread mored upgrad train even ad littl short quest like smash bottl collect gold ore within certain time frame get thrown free loot still bit quirki completionist one take time,33,"secret, twilight, websit, steadi, requir, ui, redirect, flipper, ven, gb"
519,min playtim peopl talk one end didnt realiz actual depend item buy far got differ one think fun casual funni surpris dont expect see like,20,"powerbeat, firstperson, watch, nope, satur, memor, invit, choos, puzzler, wonderful"
520,would eat cave mushroom accident wonder space,35,"moref, minigolf, tweak, pitfal, winki, builder, absurd, right, bounc, level"
521,love increas upgrad function time worthi,35,"moref, minigolf, tweak, pitfal, winki, builder, absurd, right, bounc, level"
522,good thing consid neat concept good execut love easter egg hand way playthrough end could longer mayb allow player unlock new depth give us littl progress unlock new tool playthrough min that fine person id want,7,"moreion, topnotch, goggl, public, regularli, fantahorn, eread, signifi, home, vfr"
523,fun fun long great come back sometim littl time worth want spend money play sometim,0,"simplic, youread, score, worth, teh, suitabl, skywrit, cosmet, buy, freeli"
524,great think alot could ad partak tast that okay im glad tri,49,"upon, sin, invis, underwelm, concern, eras, withread, trueli, rebirth, dosnt"
525,good concept decent execut regrett short length minim replay current length roughli minut hour depend luck quickli learn mechan justifi price tag howev opinion worth pick subscript,23,"usb, aswel, insight, promiss, worthi, recapthca, realworld, million, thiev, couldnt"
526,short fun requir tweak wallet show much money spend much got last run item buy blindli way know alreadi bought set chang size room wouldnt need teleport replac tv may hit virtual pick side upgrad pick explan oread moref ghost pick way scan rock one hand free collect great hope updat come,12,"wwii, bland, audica, pirat, introductori, fan, wonder, oper, dare, viewer"
527,would love give star need fix deserv love feedback loop mine get upgrad mine faster get better upgrad stori hook howev put teleport button top bottom turn left right vive control terribl design idea insan jar tri take step forward instead turn left right mistak make wors menu button arenread moret use bind teleport also option menu turn way loud music anoth recommend movement allow walk wall get stuck frustrat earli your still time chompi also hitbox constantli get stuck short love need design fix,25,"supris, hurri, branch, novic, soak, anyon, mustplay, alsread, biggest, violenc"
528,rush begin littl time play around mani creativ tool give,18,"wanna, consist, utterli, drop, intut, end, monthli, fireproof, weight, fatal"
529,pick first viveport sub exactli servic thought lot go initi differ equip level mechan encourag unfortun minut later alreadi without fulli grasp concept much alreadi first minut may come back unlock door see what behind dollar cant recommend foread morer short littl tutori also came alreadi figur odd think potenti though need lot put id excit see offer anoth year develop neo,26,"fairli, goofi, ich, knive, comput, ther, kitchen, placement, instal, vocal"
530,nice bug go elev teleport stuck unperdon,6,"lightn, impress, exactli, channel, romp, problem, underwhelm, ss, commun, twilight"
531,didnt realli get look like chines far beyond,32,"batman, acer, stegosauru, moreour, paid, period, bold, gave, two, terrif"
532,someon isnt big score attack progress system still end one perfect viveport titl well craft enjoy short enough glad get rental servic,23,"usb, aswel, insight, promiss, worthi, recapthca, realworld, million, thiev, couldnt"
533,weapon feel cool enemi look cool kind metroid feel,1,"exper, spectacular, solitair, straight, wipe, minigolf, trooper, spin, french, school"
534,race seri obstacl cours trigger platform activ door order progress end varieti enemi creatur turret lay wait area must dispatch number proceed there run exit get trap close doorgat gang death result respawn cost critic second compet time anoth player make thru area finisread moreh line coop would awesom there much commun yet new hope chang imho difficulti right cool weapon enemi well done littl creepyscari cours fun bit challeng there lot like think enjoy great success,49,"upon, sin, invis, underwelm, concern, eras, withread, trueli, rebirth, dosnt"
535,fabul fun shame half hour play althought option repeat continu powerup,20,"powerbeat, firstperson, watch, nope, satur, memor, invit, choos, puzzler, wonderful"
536,love god pleas fix reload awe gunplay feel underwhelm enviro ok level mechan nice,38,"vrigad, inclin, path, splash, pair, microsoft, aud, incomplet, starway, vrexperi"
537,cant play error connexion,4,"moreil, nois, function, emul, she, promot, temp, grafic, gori, unclimb"
538,wouldnt even run said check connect cours connect internet popup indic issu,10,"unfortunatley, whovian, toy, weari, public, ride, took, began, soundself, absolut"
539,despit solid gigabit connect error say check internet connect,25,"supris, hurri, branch, novic, soak, anyon, mustplay, alsread, biggest, violenc"
540,broken work cannot connect internet,43,"von, five, accident, week, natur, industri, musicrhythm, russian, extrem, viveport"
541,support quest come,26,"fairli, goofi, ich, knive, comput, ther, kitchen, placement, instal, vocal"
542,lol uh special item funni came across toward end door littl buggi though got stuck behind one close accid time,22,"rotor, bullsht, exce, miss, creat, unreal, knew, scariest, expert, medium"
543,buggi need work badli,4,"moreil, nois, function, emul, she, promot, temp, grafic, gori, unclimb"
544,bad definit good simpl fun main aim mechan weird base line headset control mean move face look aim get mess like enemi come right left look way move hand practic behind get im sure suppos uniqu featur good good time pread morelay though especi get powerup launch missl power attack giant beam cant rate price space pirat trainer given state develop cant start anoth round without enter initi highscor annoy,1,"exper, spectacular, solitair, straight, wipe, minigolf, trooper, spin, french, school"
545,genr ever would pick outsid viveport want relax instead stress game prove well craft manag sim respect,12,"wwii, bland, audica, pirat, introductori, fan, wonder, oper, dare, viewer"
546,nice fun,44,"disappoint, trend, asset, keeper, tini, twitch, frighten, under, swap, mysteri"
547,nice littl good shoot mechanik cool asia style hit box zone boss hope come english xd neg exist weapon inventori bodi granat inventori pistol holster,10,"unfortunatley, whovian, toy, weari, public, ride, took, began, soundself, absolut"
548,great arcad seat,25,"supris, hurri, branch, novic, soak, anyon, mustplay, alsread, biggest, violenc"
549,great friend,46,"ingam, complaint, avoid, proport, sprite, distant, ma, respons, count, shown"
550,super short virtual effort fun enough singl playthrough liter worth one,23,"usb, aswel, insight, promiss, worthi, recapthca, realworld, million, thiev, couldnt"
551,like slash stuff sword spear stuff wish fruit ninja weapon one sword want boss fight differ type enemi adapt answer ye question well good news pure fun basic fruit ninja better lot better enemi come shout attempt kill slash make feel like warrior man hate fruit much money tread moreo spend good choos weapon strand sword weapon steal life summon light act shield give good flavour armour give bonu like heart tank hit lose heart forth boss spam give time attack back money buy weapon feel grindi time mmo grindi,40,"onward, nevertheless, sexi, wick, isol, trojan, anoth, domino, anoy, ninja"
552,quit hard fun nice love,17,"moreon, unrealist, turret, smoke, stream, suffer, underr, blah, encourag, ago"
553,gamplay basic fruit ninja ripoff nice done reason stop often report internet connect error internet connect sure what,15,"unsatisfi, downward, lefti, skill, pov, increment, tribut, alien, cheap, vs"
554,might fun wouldnt know constantli sai lost connect definitli issu end also need connect play singleplay redo tutori super slow even spam skip ui broke first level,46,"ingam, complaint, avoid, proport, sprite, distant, ma, respons, count, shown"
555,want good cant finish tutouri cant get new sword someon pleas help anyon help,4,"moreil, nois, function, emul, she, promot, temp, grafic, gori, unclimb"
556,hi choos suscript dont work say conect problem time look good dont work useless someon could solv problem pleas thank,42,"straightforward, numer, slingshot, voiceact, distant, puke, highest, resid, manufactur, challang"
557,connect error bug,3,"shooti, partak, viread, acceler, brother, noth, gaug, soud, mor, blue"
558,dont buy huge glitch connect error connect error connect error connect error connect error connect error connect error connect error connect error connect error connect error connect error connect error connect error connect error oh wait pla nvm connect error connect error connect error connect error connect error connect error,5,"vice, circuit, hypatia, whenev, visit, admiss, rickshaw, neon, thoughtout, moreg"
559,lost connect restart still thing issu noth wrong end last attemp gave lost connect follow blue screen pure shit aval idea gameplay sinc get tri tutori follow sound bug conect error,21,"spanish, blood, programm, dark, signifi, inifin, moment, uniti, child, time"
560,great seriou bug fix bug give five star middl level get connect error pleas tri fix give five star,34,"resourc, lo, command, almost, bone, grindi, burger, exit, exe, shadow"
561,there noth stori lightheart simpl premis riff spi movi trope realli need deliv fastpac sens fun adventur your sure get unseen diplomaci everi race save world rare see game physic activ impress invent dont miss one perfect chanc make best use larg space help friend work sweat read morethey hustl cours record time,3,"shooti, partak, viread, acceler, brother, noth, gaug, soud, mor, blue"
562,enjoy drive boat sky great music thank,15,"unsatisfi, downward, lefti, skill, pov, increment, tribut, alien, cheap, vs"
563,realli good simul actual instal mistak didnt like look didnt understand subscript system glad speedboat sim nice relax ride goe long time chang time day fli also good featur,35,"moref, minigolf, tweak, pitfal, winki, builder, absurd, right, bounc, level"
564,poor visual sound,22,"rotor, bullsht, exce, miss, creat, unreal, knew, scariest, expert, medium"
565,experi seem nice cant play oculu rift start bottom boat shame sinc feel like lazi attitud develop add rift sinc actual start boat travel ad rift super easi,2,"monster, perman, artsi, cursor, stair, tre, approv, flight, endur, mashup"
566,cool educ,43,"von, five, accident, week, natur, industri, musicrhythm, russian, extrem, viveport"
567,would like see content great qualiti,38,"vrigad, inclin, path, splash, pair, microsoft, aud, incomplet, starway, vrexperi"
568,realli cup tea howev definit well done great write great cgi dont understand neg review,0,"simplic, youread, score, worth, teh, suitabl, skywrit, cosmet, buy, freeli"
569,twilight experi cinemat vr scanner sombr surround put borderlin posit first time watch vr watch second time tri interact start accept role blend environ interest concept make sens ghost spectat vr excel product valu high qualiti sfx stun visual look brave curiou audienc cauread moreght middl everyth nowher put flesh open mind get readi encod,8,"racket, dof, studder, gore, stop, trough, spellcast, archer, crystal, inner"
570,agre interest watch sure go dragon fli min nice surpris,7,"moreion, topnotch, goggl, public, regularli, fantahorn, eread, signifi, home, vfr"
571,thought reason never less cool video,45,"vast, email, corrupt, utterli, uncontrol, sensit, manag, deal, sincer, seper"
572,dont spend money howev free demo realli impress best video experi qualiti write great interact length requir,26,"fairli, goofi, ich, knive, comput, ther, kitchen, placement, instal, vocal"
573,well put togeth video,20,"powerbeat, firstperson, watch, nope, satur, memor, invit, choos, puzzler, wonderful"
574,dident work got stuck download tri log delet cach reinstal ect ect brought steam work without problem self,1,"exper, spectacular, solitair, straight, wipe, minigolf, trooper, spin, french, school"
575,nicht gut,31,"mejor, stiff, plagu, dope, mag, squad, plush, coop, bullshit, janki"
576,file game dont realli anyth sit watch also short,46,"ingam, complaint, avoid, proport, sprite, distant, ma, respons, count, shown"
577,fuck unltd inc fake minut degre video experi,20,"powerbeat, firstperson, watch, nope, satur, memor, invit, choos, puzzler, wonderful"
578,exeri imagin video effect thrown normal wouldnt mind actual entertain convolut stori trace quan chi look alik fight rogu robot dragon built skynet ai overal whole thing minut long interact part steer digit dragon flight look around minut,6,"lightn, impress, exactli, channel, romp, problem, underwhelm, ss, commun, twilight"
579,cool simpl halloween theme experi fun littl fun spooki environ remind real halloween maze dont go expect full blown aaa video expect price admiss,34,"resourc, lo, command, almost, bone, grindi, burger, exit, exe, shadow"
580,great littl titl find navig way maze maze differ theme creatur critter get neat graphic good scare soundscap littl lack simpl that fun play never know what come next,36,"bear, disc, straightforward, saturn, janu, eu, nostalg, subscribt, dirti, extraordinari"
581,wave shooter go die watch demo that long live wait anticip develop bring vr futur,30,"drag, face, hungri, rapidli, unobtrus, plummet, internet, ladi, field, temp"
582,love fun great entir famili love charet well graphic thank adventur,6,"lightn, impress, exactli, channel, romp, problem, underwhelm, ss, commun, twilight"
583,anoth mildli interest tower defens,2,"monster, perman, artsi, cursor, stair, tre, approv, flight, endur, mashup"
584,great destruct boss,10,"unfortunatley, whovian, toy, weari, public, ride, took, began, soundself, absolut"
585,graphic passabl anim waffl realli poor pain embarrass watch your go spoken dialog charact appear scene least make lip move would rate anim solid yike english local bad mean realli bad mean base belong us bad go find contractor local demand refund sueread point view scale observ never feel right especi your top observ tower help panel obscur action your tri execut cant see your guess time guess wrong liter cant see your show promis issu unplay,14,"return, stone, sooth, boggl, explor, translat, gag, suspens, three, bond"
586,harder look,46,"ingam, complaint, avoid, proport, sprite, distant, ma, respons, count, shown"
587,simpl hour fun kid definit keeper,44,"disappoint, trend, asset, keeper, tini, twitch, frighten, under, swap, mysteri"
588,nice music pleas,33,"secret, twilight, websit, steadi, requir, ui, redirect, flipper, ven, gb"
589,cool love challeng multitask part brain keep track multipl enemi fire right weapon dont miss,45,"vast, email, corrupt, utterli, uncontrol, sensit, manag, deal, sincer, seper"
590,realli cool,43,"von, five, accident, week, natur, industri, musicrhythm, russian, extrem, viveport"
591,interest,7,"moreion, topnotch, goggl, public, regularli, fantahorn, eread, signifi, home, vfr"
592,good experi,23,"usb, aswel, insight, promiss, worthi, recapthca, realworld, million, thiev, couldnt"
593,truli wonder,27,"stash, wack, mous, urgenc, fp, understand, playbl, truli, sourc, absorb"
594,would like play,9,"wo, stuck, slowpac, holobal, contact, close, difficult, mored, bang, antiviru"
595,cool great,25,"supris, hurri, branch, novic, soak, anyon, mustplay, alsread, biggest, violenc"
596,great app like lot,38,"vrigad, inclin, path, splash, pair, microsoft, aud, incomplet, starway, vrexperi"
597,basicli combin beat saber space pirat trainer apart abl see health wave alright challeng,23,"usb, aswel, insight, promiss, worthi, recapthca, realworld, million, thiev, couldnt"
598,adrenalin pack stand shooterrequir quick reflex simpl yet effect thinkingy weaponson red one blue one destroy blue enemi destroy red enemieswel worth time good one show friend get heart pump time shoot direct red come behind also blue enemi come front realli funth graphic bad either,46,"ingam, complaint, avoid, proport, sprite, distant, ma, respons, count, shown"
599,great one,31,"mejor, stiff, plagu, dope, mag, squad, plush, coop, bullshit, janki"
600,student pretti darn fun vr escap nice level design fun concept best free kudo objectifdenjoy much thank,26,"fairli, goofi, ich, knive, comput, ther, kitchen, placement, instal, vocal"
601,awesom app,38,"vrigad, inclin, path, splash, pair, microsoft, aud, incomplet, starway, vrexperi"
602,vanilla wave shooter,23,"usb, aswel, insight, promiss, worthi, recapthca, realworld, million, thiev, couldnt"
603,somehow enjoy long time sinc repetit graphic nice environ also like idea ticket box instead choos map menu gift littl bit immers stand still cannot move posit tha fight one last point music aw still worth tri,38,"vrigad, inclin, path, splash, pair, microsoft, aud, incomplet, starway, vrexperi"
604,nice level design concept two think would make enjoy ingam teleport free movement feel stand cover shield enemi take cover shoot cannot move feel like pinata cant move least spawn behind shield sort cover,35,"moref, minigolf, tweak, pitfal, winki, builder, absurd, right, bounc, level"
605,notic sword,24,"stream, ride, wannab, cute, mhz, cgi, yall, ai, upper, promis"
606,doesnt work shot stop train noth happend,13,"craft, gamplay, hit, surround, chest, sprint, stop, hyper, spoilershint, noninteract"
607,love friend love take turn see beat other score problem crashesal time specif beat level restart play next level cool graphic actual get better proceed,45,"vast, email, corrupt, utterli, uncontrol, sensit, manag, deal, sincer, seper"
608,better archeri game simpli line show your aim arrow go hit unfortun fall exact pitfal everi way basic imposs hit move target purpos put awkward angl aim requir freedom movement direct vast major vr owner simpli wont massiv room wire floor base stread moreat read movement control movement nock draw clumsi awkward strenght length draw requir send arrow anywher much true real life yeah fun,42,"straightforward, numer, slingshot, voiceact, distant, puke, highest, resid, manufactur, challang"
609,lol doesnt even load come error exe someth wast choic pick,2,"monster, perman, artsi, cursor, stair, tre, approv, flight, endur, mashup"
610,horribl,31,"mejor, stiff, plagu, dope, mag, squad, plush, coop, bullshit, janki"
611,snip snap youv snipe,49,"upon, sin, invis, underwelm, concern, eras, withread, trueli, rebirth, dosnt"
612,realli enjoy experi real fascin histori alway like imagin like live differ time nice immers experi dont know swedish miss dialog wonder vr experi worth everi penni,29,"hide, curs, detail, consum, yknow, burn, frequent, kid, abruptli, il"
613,must old vike histori interest guy give experi realli great work respect,0,"simplic, youread, score, worth, teh, suitabl, skywrit, cosmet, buy, freeli"
614,would love tri experi vr interact space limit area meter wonder way reposit recalibr start point button start menu reach outsid chaperon limit look forward enjoy experi thank advanc,44,"disappoint, trend, asset, keeper, tini, twitch, frighten, under, swap, mysteri"
615,get readi move beat sling drink bartend vr simul amaz bartend sim great select bar work varieti drink learn make super well immers vr world put behind bar interact bar feel like realli varieti liquor mix cube ice topper rang glass work bartend tool read morey need make drink use room scale move around handl physic feel spot spin bottl air catch pour drink bring amaz physic pore feel like real bottl hand thing immers bar seem three mode play practic free unlock option practic mode learn make drink like pro first move must best prove readi practic learn spin bottl air toss glass hand hand fun play real physic vr world come new drink practic one learn smash place bar like interact game great physic freedom experi must tri vr experi see behind bar check preview,21,"spanish, blood, programm, dark, signifi, inifin, moment, uniti, child, time"
616,like job simul boozi adult concoct fun learn lot,45,"vast, email, corrupt, utterli, uncontrol, sensit, manag, deal, sincer, seper"
617,fun track cosmo control bit shacki like cosmo,5,"vice, circuit, hypatia, whenev, visit, admiss, rickshaw, neon, thoughtout, moreg"
618,everyth bartend vr simul shine easi get lost tri make drink without mess ive never done kind bartend cant speak accur drink mixtur tast virtual still fun experi showcas virtual realiti roomscal well,49,"upon, sin, invis, underwelm, concern, eras, withread, trueli, rebirth, dosnt"
619,seem realli bizarr bug hand like light cant see im grab break right,16,"tradit, neutral, slurpi, women, trash, sfx, way, nail, creation, surfac"
620,play smash everyth everyon kept danc,13,"craft, gamplay, hit, surround, chest, sprint, stop, hyper, spoilershint, noninteract"
621,im sure insid tutori crash system said block viru everytim tri play strang,39,"teaser, buri, consol, yay, astray, beer, conquer, morend, began, radic"
622,look interest tri time error block whole experi sound black screen min resign dont want tri rd time,39,"teaser, buri, consol, yay, astray, beer, conquer, morend, began, radic"
623,sick induc everyth goe blurri look away come focu look directli confus got stuck sort loop couldnt understand ladi yell chines everyth stay focus would better,44,"disappoint, trend, asset, keeper, tini, twitch, frighten, under, swap, mysteri"
624,wast time poor dont worth download,48,"thatd, english, muffl, moreoth, wonderful, son, man, beuti, shread, playstat"
625,doesnt make sens chose eng menu appear japanes wierd degre video play around repeat peopl shout foreign languag seem way progress mayb dont know might know spoke japanes,20,"powerbeat, firstperson, watch, nope, satur, memor, invit, choos, puzzler, wonderful"
626,vive cosmo great arcrad style play freind famili yourselfsimpl point shoot mechan absolut must collect group fruit ninja alway crowd pleaser,36,"bear, disc, straightforward, saturn, janu, eu, nostalg, subscribt, dirti, extraordinari"
627,kill seagul year,9,"wo, stuck, slowpac, holobal, contact, close, difficult, mored, bang, antiviru"
628,tri viveport trial might buy goe sale steam viveport trial run nice littl mindless shooter would great keep standbi parti much way depth im still sure unlock new island sometim dont want someth complic wanna shoot stuff without break sweat nail edit turn steam ive bought,12,"wwii, bland, audica, pirat, introductori, fan, wonder, oper, dare, viewer"
629,summari dont want read everyth realli want like repetitv motiv thing get bore stupid gun suck mechan need seriou work vr littl gener wasnt bad coop made fun honestli otherwis would never play main reason say there stori noth motiv go get everread morey key noth motiv anyth mindless shoot weird enemi cool first get bore eventu chang color progress make feel though thing difficult certainli eventu feel repetit even environ pretti bland reus time guess repetitv would nice rapid rock watefal also mayb even includ steer there none feel like could seriou potenti work harder time passion put dick wild guy frickin name doesnt actual anyth except sit side coupl non humur one liner pathet repetit get old realli quick gun look cool half garbag unbalanc mess differ gun fun part almost immedi reli nail gun got noth els beat accuraci damag anoth oppurtun miss end anti climat dont expect anyth beat final boss sort cutscen actual like boss fight part wish decent design could difficult id like next one better know potenti,18,"wanna, consist, utterli, drop, intut, end, monthli, fireproof, weight, fatal"
630,function,4,"moreil, nois, function, emul, she, promot, temp, grafic, gori, unclimb"
631,youv alway dream fight zombi real life surviv test vr simpl give plenti thrill doesnt requir larg invest time money like zombi game howev your bit pansi cant watch scari movi without calm spongebob afterward id advis tamer shame zombi three inch face make gargl nois get pretti intens ifread your let gargl commenc,45,"vast, email, corrupt, utterli, uncontrol, sensit, manag, deal, sincer, seper"
632,good enjoy sound basic like two hand gun took work put ammo belt green blood spray cool nice demo check,27,"stash, wack, mous, urgenc, fp, understand, playbl, truli, sourc, absorb"
633,ok reward tho manipul room scale walk thru wall get machin gun ammo lock cell avail creepi bit unerv see ft nazzi zombi growl come hope content would ad last updat year ago look like,3,"shooti, partak, viread, acceler, brother, noth, gaug, soud, mor, blue"
634,noth reali felt right aim felt take multipl headshot kill anyth green blood spray move unrespons target dummi someth play current state,33,"secret, twilight, websit, steadi, requir, ui, redirect, flipper, ven, gb"
635,promo pic zombi dont look anyth like even zombi dog shoot background see hey got min unexpect vr play like gun close blood spatter satisfi watch mostli direct per level felt scari know way zombi would stagger dark toward,22,"rotor, bullsht, exce, miss, creat, unreal, knew, scariest, expert, medium"
636,sound low qualiti graphic,39,"teaser, buri, consol, yay, astray, beer, conquer, morend, began, radic"
637,pretti good fun make excel use vr,49,"upon, sin, invis, underwelm, concern, eras, withread, trueli, rebirth, dosnt"
638,runand still problem howev develop team work hard fix issu excel custom servic seem delay vive notifi develop problem rectifi thx great servic,25,"supris, hurri, branch, novic, soak, anyon, mustplay, alsread, biggest, violenc"
639,load place planet base platform stand click screen start never start updat download work develop made work time continu test see recreat origin issu last month play great enjoy,14,"return, stone, sooth, boggl, explor, translat, gag, suspens, three, bond"
640,super puzzl galaxi fun immers addict virtual realiti experi mustplay puzzl lover constantli evolv develop vive studio work add level challeng player master definit worth time,1,"exper, spectacular, solitair, straight, wipe, minigolf, trooper, spin, french, school"
641,far im realli like true vr experi great sandbox fun environ amaz heck challeng im go keep,5,"vice, circuit, hypatia, whenev, visit, admiss, rickshaw, neon, thoughtout, moreg"
642,much enjoy solv puzzl first vr allow shape terrain definit win browni point,41,"viread, irrit, trojan, appl, ever, unfortunatelli, suitabl, jai, skirt, encount"
643,english support pleas love btw,45,"vast, email, corrupt, utterli, uncontrol, sensit, manag, deal, sincer, seper"
644,fun look neck start hurt,44,"disappoint, trend, asset, keeper, tini, twitch, frighten, under, swap, mysteri"
645,start chines chang english,48,"thatd, english, muffl, moreoth, wonderful, son, man, beuti, shread, playstat"
646,keep crash throughout demo help pleas refund,4,"moreil, nois, function, emul, she, promot, temp, grafic, gori, unclimb"
647,realli excit good main mechan manipul ground hair two make differ second mechan got time multi jump ball two element puzzl gone luck time repeat get biggest thing physic base ball seem gener momentum fli nowher follow dowread morenward slope launch like ramp even though shouldnt enough momentum could wors puzzl need less element random there solut share other hope get lucki ramp bounc jump time,23,"usb, aswel, insight, promiss, worthi, recapthca, realworld, million, thiev, couldnt"
648,heck solv second bonu level frustrat,10,"unfortunatley, whovian, toy, weari, public, ride, took, began, soundself, absolut"
649,type recommend enjoy,40,"onward, nevertheless, sexi, wick, isol, trojan, anoth, domino, anoy, ninja"
650,downlow enhanc comput pute phone,10,"unfortunatley, whovian, toy, weari, public, ride, took, began, soundself, absolut"
651,box bought back real nostalgia tetrislik game abil choos relax game experi solitair featur go heart race surviv mode real potenti keep vr experi substanti amount time feel real sens accomplish hear satisfi fireworklik crackl youv got cube combin see stack start fall seamlesslread morey front eye liter calm soundtrack synthesis bing bong sound leav feel calm engag environ throughout play simpl effect environ allow move around plan best angl attack bring new dimens strategi someth screen cant embrac classic showcas use vr excel great play,38,"vrigad, inclin, path, splash, pair, microsoft, aud, incomplet, starway, vrexperi"
652,simpl engag action puzzl nice made easi control quit addict thing miss high score tabl,39,"teaser, buri, consol, yay, astray, beer, conquer, morend, began, radic"
653,creat repaint move block line three vanish use play either static solitair move toward suviv teleport around help get angl right money realli good,4,"moreil, nois, function, emul, she, promot, temp, grafic, gori, unclimb"
654,super fun that exactli im look quanritin famili love well done,36,"bear, disc, straightforward, saturn, janu, eu, nostalg, subscribt, dirti, extraordinari"
655,review odyssey wmrsteamvr flaw occasion lab lower right peripher vision area left unrend black squar flaw children adult height adult length arm reach top lab tabl daughter school us due coronaviru shutdown local school board get onlin learn squar away sought someth educ vr ton fun vr itread more still new us stand five gallon bucket mother take turn help reach thing otherwis went great learn measur volum mass identifi graduat cylind beaker erlinmey flask mohr pipett well correctli select fit current task first chem lab first grader thank,44,"disappoint, trend, asset, keeper, tini, twitch, frighten, under, swap, mysteri"
656,interest reason sound randomli stop sometim there sound begin unless close start time otherwis look like fun experi,32,"batman, acer, stegosauru, moreour, paid, period, bold, gave, two, terrif"
657,like follow sim style miami club scene except thing control danc perform danc floor whole look like proof concept real experi littl item interact clunki hand display set interact also use youtub browser play music choic person wouldnt buy read glad viveport infin least tri,31,"mejor, stiff, plagu, dope, mag, squad, plush, coop, bullshit, janki"
658,youtub featur broken graphic mostli ugli everi aspect feel unfinish doubt improv wast time,35,"moref, minigolf, tweak, pitfal, winki, builder, absurd, right, bounc, level"
659,rubbish room go atmospher reason repres disco interact dancer incred limit choos one danc one terribl intuit dont know danc number let alon whether prefer danc number beer goggl mode interest actual fairli accur spent minut play bore tri go outsid geread moret knock car drove straight,35,"moref, minigolf, tweak, pitfal, winki, builder, absurd, right, bounc, level"
660,despit limit first bring street fighter vibe vr graphic good actual fight movement ok adjust arcad concept actual fight sweat fun,18,"wanna, consist, utterli, drop, intut, end, monthli, fireproof, weight, fatal"
661,first vr probabl lowbudget one nice done give lot thrill good calori burner initi play hour stop exhaus continu next day dom kickedin switch english launch take vr helmet grab pc mous select english topleft corner unfortun store fight system realli simpl could made bit realist special moread morev shop element bonsu kill realiti player healthenergi bar easili visibl oppon brad nice done baaza girl musculatur martial art backgound would abl kick ass realiti phyli look sound child realli dont enjoy fight musculatur andr hui wu definit excess kill realism,40,"onward, nevertheless, sexi, wick, isol, trojan, anoth, domino, anoy, ninja"
662,gave star encourag developp bad need way much enhanc box resum throw jab cant combo punch due target bend back far away even small pinch head graphic arent bad either model much rigid deserv better anim take exempl thrill fight good box workout arcad ideread morea gear charact good idea keep upgrad one best seek actual arcadish workout vr put english click english miror comput monitor punch headset tri suck sport learn dexter dont put arm behind headset,23,"usb, aswel, insight, promiss, worthi, recapthca, realworld, million, thiev, couldnt"
663,look nice fun chines dont know chang languag got stuck tutori,25,"supris, hurri, branch, novic, soak, anyon, mustplay, alsread, biggest, violenc"
664,seem like could fun problem menu dialogu instruct japanes chines im realli sure there english option somewher easi find cant recommend your someon speak english viveport realli ensur nonenglish titl clearli label,46,"ingam, complaint, avoid, proport, sprite, distant, ma, respons, count, shown"
665,english languag mode could find menu chines,34,"resourc, lo, command, almost, bone, grindi, burger, exit, exe, shadow"
666,suck almost made broke headset,10,"unfortunatley, whovian, toy, weari, public, ride, took, began, soundself, absolut"
667,access mandarin,6,"lightn, impress, exactli, channel, romp, problem, underwhelm, ss, commun, twilight"
668,work glitch seem particular time happen game get glitch exit magic cure yet sorri issu tri figur happen sometim,4,"moreil, nois, function, emul, she, promot, temp, grafic, gori, unclimb"
669,spent minut tri figur get power work would nice way rotat use touchpad jump new posit rather slide touchpad locomot grab item bit difficult need smoother open drawer flashlight locomot put desk flashlight lost couldnt find went use give button lock went black screen pc read moreand lock requir power reset get oper,14,"return, stone, sooth, boggl, explor, translat, gag, suspens, three, bond"
670,bug happen cant grab sometim floor clue walktrought know stuck,6,"lightn, impress, exactli, channel, romp, problem, underwhelm, ss, commun, twilight"
671,panzer panic focus fun aspect virtual realiti mix well immers featur ingam nice balanc handygam outdon id love see mode make way futur well addit arena right got ton content price cours your look singl player experi panzer panic also go dive singl player version read moreth offer immers fun combat made popular multiplay mode yet anoth reason enjoy belong vive collect,32,"batman, acer, stegosauru, moreour, paid, period, bold, gave, two, terrif"
672,fail among mani bug absolut document suppos sit your suppos use headset move tank around valv index control dont seem thing want turn around turn whole head around chair twist neck around drive tank may set fix cant find ive done enough poke around tri find fix kindread morea want like unplay,21,"spanish, blood, programm, dark, signifi, inifin, moment, uniti, child, time"
673,monster realiti could releas stress shoot mani monster want play friend,12,"wwii, bland, audica, pirat, introductori, fan, wonder, oper, dare, viewer"
674,good cost perform think enjoy pretti much price ive also play call throw anyth compani seem focus vr game,35,"moref, minigolf, tweak, pitfal, winki, builder, absurd, right, bounc, level"
675,smash monster use gun knife simpl also easi fun difficult clear mani monster appear instantli must stronger weapon need balanc,16,"tradit, neutral, slurpi, women, trash, sfx, way, nail, creation, surfac"
676,like classic wave would fun play vr arcad room howev surpris see object fli front,44,"disappoint, trend, asset, keeper, tini, twitch, frighten, under, swap, mysteri"
677,wasnt easi play certainli seem immers stun gun strong fun weapon varieti monster fun,3,"shooti, partak, viread, acceler, brother, noth, gaug, soud, mor, blue"
678,water repair broken base defeat monster break deepsea base elimin everexpand monster gun knive shield reclaim base occupi monster see variou weapon monster monster cruel grosslook appear anyon like monster like surpris littl scare play peopl vulner need care feel hit monster goodread monster differ weapon easi deal research need break stage especi squid like cthulhu conveni use shield deal octopu,3,"shooti, partak, viread, acceler, brother, noth, gaug, soud, mor, blue"
679,good short time shoot without stress,42,"straightforward, numer, slingshot, voiceact, distant, puke, highest, resid, manufactur, challang"
680,mediocr shoot galleri shoot enemi get hit offer littl sens feedback despit gtx ran littl poorli forc downsampl resolut get stabl frame rate effect gun environ obscur view much hard tell enemi areif theyr dead yet terribl cant imagin anyon would sink load time one consid mread moreani better shoot galleri find viveport infin,45,"vast, email, corrupt, utterli, uncontrol, sensit, manag, deal, sincer, seper"
681,bore wave shooter enemi run straight discern strategi involv hammer shot button got bore first level,44,"disappoint, trend, asset, keeper, tini, twitch, frighten, under, swap, mysteri"
682,quickli becam everyth attack time fire everywher kind without strategi didnt see much strategi except shoot everyth best gun time would love see stori line cut scene idea shoot everyth came updat wish peopl review game wonder star harsh review,42,"straightforward, numer, slingshot, voiceact, distant, puke, highest, resid, manufactur, challang"
683,fun spellcast intuit design amaz color scheme charact select highli recommend couldnt find multiplay though would nice seecreat lobbi tell anyon onlin doubl cast isnt thing unless creat charg seperatli hand send fli shield seem long cast there abil quickli react unless need practic speed,29,"hide, curs, detail, consum, yknow, burn, frequent, kid, abruptli, il"
684,far tri train casual match far cast spell intuit amd color vibrant realli like compani continu provid updat open feedback across social media page gripe find match hope download play find match wouldnt issu,29,"hide, curs, detail, consum, yknow, burn, frequent, kid, abruptli, il"
685,im feel like real wizard total recomend person dont experi troubl magic castingit take minut get hang although earli access huge potenti imho also like art style,26,"fairli, goofi, ich, knive, comput, ther, kitchen, placement, instal, vocal"
686,enjoy cast spell much,12,"wwii, bland, audica, pirat, introductori, fan, wonder, oper, dare, viewer"
687,watch video play rift enjoy video graphic sharp colour particl physic spell nice charter design pretti punk funki amaz everyon cool look smiley face audio laud well design spell use gameplay learn differ spell cast draw rune seem rememb better chanc win say couldnt get onread morelin match versu bot isnt bad still alot fun feel play real person human alien would made much fun alot spell cast mensa memori come handi would recommend sale infinit ye would type edit onlin issu viveport infinit version dev hot fix,32,"batman, acer, stegosauru, moreour, paid, period, bold, gave, two, terrif"
688,seem like would good fun detect spell written time seem expect perfect draw spell symbol predict system room slightli rough draw edit sinc updat develop releas updat make spell recognit lot better longer issu,20,"powerbeat, firstperson, watch, nope, satur, memor, invit, choos, puzzler, wonderful"
689,pretti fun spell bit finicki cant find peopl play otherwis feel vibe good,15,"unsatisfi, downward, lefti, skill, pov, increment, tribut, alien, cheap, vs"
690,hard system read spell draw perfectli still get anoth spell entir clue see good potenti guy refin though doge spell alot fun also know earli access multiplay see train versu ai bot,44,"disappoint, trend, asset, keeper, tini, twitch, frighten, under, swap, mysteri"
691,promis idea ask touch mask noth happen im play quest virtual desktop link cabl didnt work perhap control compat thing,49,"upon, sin, invis, underwelm, concern, eras, withread, trueli, rebirth, dosnt"
692,work mix realiti,4,"moreil, nois, function, emul, she, promot, temp, grafic, gori, unclimb"
693,setup control bind vive pro index control even spell diagram recogn train must expect diagram exact,38,"vrigad, inclin, path, splash, pair, microsoft, aud, incomplet, starway, vrexperi"
694,great visual mechan guy first problem place pistol found posit option set,38,"vrigad, inclin, path, splash, pair, microsoft, aud, incomplet, starway, vrexperi"
695,weapon master absolul uniqu mechan great stuff wait full version,43,"von, five, accident, week, natur, industri, musicrhythm, russian, extrem, viveport"
696,anoth beat saber clone albeit averag one,16,"tradit, neutral, slurpi, women, trash, sfx, way, nail, creation, surfac"
697,work anymor,43,"von, five, accident, week, natur, industri, musicrhythm, russian, extrem, viveport"
698,abl experi content besid sort lobbi,17,"moreon, unrealist, turret, smoke, stream, suffer, underr, blah, encourag, ago"
699,cant play dont know good,23,"usb, aswel, insight, promiss, worthi, recapthca, realworld, million, thiev, couldnt"
700,download demo minut say demo avail,3,"shooti, partak, viread, acceler, brother, noth, gaug, soud, mor, blue"
701,uh say cant stop think awesom free vr lost sleep pleas help im trap endless cycl miseri continu spiral endless abyss im go buy icecream reward,2,"monster, perman, artsi, cursor, stair, tre, approv, flight, endur, mashup"
702,amaz great free vr help peopl learn virtual realiti realli fascin way interpret vr one best vr game best free vr game,26,"fairli, goofi, ich, knive, comput, ther, kitchen, placement, instal, vocal"
703,one best,20,"powerbeat, firstperson, watch, nope, satur, memor, invit, choos, puzzler, wonderful"
704,remind tron trap insid video super fun even though blew,6,"lightn, impress, exactli, channel, romp, problem, underwhelm, ss, commun, twilight"
705,feat utilitarian level design great quick play well done,46,"ingam, complaint, avoid, proport, sprite, distant, ma, respons, count, shown"
706,climbey climb,21,"spanish, blood, programm, dark, signifi, inifin, moment, uniti, child, time"
707,free good let issu post complet beat clock end walk physic forward hit main menu button cant teleport time reach play area fortun tabl wall one time fail basic crash actual though noth prais basic obstacl cours vr funki graphic read morecool electro version sweet dream play take sadli one cours time base difficulti would neg wasnt freebi quit glad download screenshot blurb dont justic hope creator kind thing futur,25,"supris, hurri, branch, novic, soak, anyon, mustplay, alsread, biggest, violenc"
708,seem buggi jump way without take obstac need work,12,"wwii, bland, audica, pirat, introductori, fan, wonder, oper, dare, viewer"
709,great vn player who want smug weeb girl,25,"supris, hurri, branch, novic, soak, anyon, mustplay, alsread, biggest, violenc"
710,sorri dont support vive cosmosnot elit,2,"monster, perman, artsi, cursor, stair, tre, approv, flight, endur, mashup"
711,pleas infin free play,46,"ingam, complaint, avoid, proport, sprite, distant, ma, respons, count, shown"
712,love there noon play although fun singl player stuff tri bot idibot challeng need campaign could great,44,"disappoint, trend, asset, keeper, tini, twitch, frighten, under, swap, mysteri"
713,cute low poli shooter team battl royal often peopl play multiplay yet play bot fun well,23,"usb, aswel, insight, promiss, worthi, recapthca, realworld, million, thiev, couldnt"
714,well done simpl shooter simpl mechan big drawback lack commun play,6,"lightn, impress, exactli, channel, romp, problem, underwhelm, ss, commun, twilight"
715,physic cool,34,"resourc, lo, command, almost, bone, grindi, burger, exit, exe, shadow"
716,youtub minvr well produc fp howev playerbas mean dead water multiplay bot match give someth tri dumb much challeng get bore real shame true potenti lot fun,21,"spanish, blood, programm, dark, signifi, inifin, moment, uniti, child, time"
717,seem potenti fun hand control feel immers pull pistol pocket etc turn around seem put eye insid head cant see disori make pretti much unplay movement done simpli touch touchpad pretti easi find accident spin place run somewher didnt intend go,3,"shooti, partak, viread, acceler, brother, noth, gaug, soud, mor, blue"
718,look even control blocki pun intend,10,"unfortunatley, whovian, toy, weari, public, ride, took, began, soundself, absolut"
719,pro concept great battl good ballist arcadey fun map nice con weapon handl detach sometim reload hard understanddon expans reload isnt matter go grab magazin reload anim control hand taken away run expans headbob overal worth infin user,25,"supris, hurri, branch, novic, soak, anyon, mustplay, alsread, biggest, violenc"
720,could good someon play,9,"wo, stuck, slowpac, holobal, contact, close, difficult, mored, bang, antiviru"
721,great potienti dead one session make free,46,"ingam, complaint, avoid, proport, sprite, distant, ma, respons, count, shown"
722,amaz mechan feel free great must stomach height,2,"monster, perman, artsi, cursor, stair, tre, approv, flight, endur, mashup"
723,show must go isnt best rhythm avail right htc vive certainli offer innov rhythm scene use four differ instrument chang around time creat differ feel entir experi give everyth extra bit challeng tri get use instrument fli,32,"batman, acer, stegosauru, moreour, paid, period, bold, gave, two, terrif"
724,hope would paper air plane race instead dumb racer,17,"moreon, unrealist, turret, smoke, stream, suffer, underr, blah, encourag, ago"
725,vri origin idea,42,"straightforward, numer, slingshot, voiceact, distant, puke, highest, resid, manufactur, challang"
726,good atmospher scare continu,18,"wanna, consist, utterli, drop, intut, end, monthli, fireproof, weight, fatal"
727,cant complain even issu wich minor want movi,3,"shooti, partak, viread, acceler, brother, noth, gaug, soud, mor, blue"
728,great spooki control good didnt necessarili get use time end game quit good atmospher stori suggest look object cant find person look last one quit obscur,1,"exper, spectacular, solitair, straight, wipe, minigolf, trooper, spin, french, school"
729,nice thing improv graphic could better especi outdoor part teleport option control sometim bit clunki better game also seem bug begin dont enter hous key door open door close lock key still stick outsid,4,"moreil, nois, function, emul, she, promot, temp, grafic, gori, unclimb"
730,big fan movi wait age play took attempt finish game scari hell thing let frustrat numer time movement control,20,"powerbeat, firstperson, watch, nope, satur, memor, invit, choos, puzzler, wonderful"
731,work fine oculu quest wire link wireless vd realli bad roomscal develop pleas fix get better rate beauti graphic great shadow effect realli serv atmospher stori goe slow often visit room mani time find clue door previous lock open play patient alway better good short long read morebor pleas chang also clue need move stori forward great potenti good flaw need address first,25,"supris, hurri, branch, novic, soak, anyon, mustplay, alsread, biggest, violenc"
732,thought herehow make playabl platform cosmo player know peopl spent vr cant play half game arent compatibleup date talk better rate gotta abl play first ya know,45,"vast, email, corrupt, utterli, uncontrol, sensit, manag, deal, sincer, seper"
733,play earli version quit fun wander hunt dino hunt releas updat make full surviv work support feet posit tracker upgrad store sort spend trophi fund buy gear best weapon seem axe find hit kill satisfi smack dino ammo well worth librari work well wiread moreth origin vive unlik newer releas,17,"moreon, unrealist, turret, smoke, stream, suffer, underr, blah, encourag, ago"
734,made jump back wall lol surprisingli fun immers hear blood curdl roar foot step someth huge find look back forth frantic get bead head burst thru brush hungri teeth glare fun,41,"viread, irrit, trojan, appl, ever, unfortunatelli, suitabl, jai, skirt, encount"
735,honestli much enjoy love surviv aspect well beauti visual immers experi could use object collis that prefer,19,"minu, fall, descript, revamp, catalog, click, calm, bare, juli, metal"
736,game ton fun major famili friend play love peopl get scare dinosaur ton fun player audienc well tri time subscript final made mind buy perman version graphic could improv overal terrif would definit recommend,3,"shooti, partak, viread, acceler, brother, noth, gaug, soud, mor, blue"
737,money like dino want visit term scare need,6,"lightn, impress, exactli, channel, romp, problem, underwhelm, ss, commun, twilight"
738,nice,11,"portray, primarili, kread, rariti, around, nice, rid, soundtrack, preset, tedious"
739,island lot offer mercenari mode outstand tension develop manag creat unmatch almost everi vr type theyv also done great job gunplay make weapon feel differ uniqu depend one use your dinosaur lot action island belong vr librari,45,"vast, email, corrupt, utterli, uncontrol, sensit, manag, deal, sincer, seper"
740,excel graphic abl launch play mission oculu rift touch hardwar even touch control model movement set dont work perfect touch control abl find usabl set mani avail option,1,"exper, spectacular, solitair, straight, wipe, minigolf, trooper, spin, french, school"
741,person love much honest still lot work realli great potenti one best game vr keep go guy add weapon campaign would realli awesom realli enjoy tutori mision,15,"unsatisfi, downward, lefti, skill, pov, increment, tribut, alien, cheap, vs"
742,recommend still earli access reccomend quit fascin play jurass world,41,"viread, irrit, trojan, appl, ever, unfortunatelli, suitabl, jai, skirt, encount"
743,wow tremend graphic bought vive,23,"usb, aswel, insight, promiss, worthi, recapthca, realworld, million, thiev, couldnt"
744,awesom earli access product valu realli blew away basic like imagin would use play jurass park action figur got subscript month trial absolut go purchas trial expir good leg earli day still,5,"vice, circuit, hypatia, whenev, visit, admiss, rickshaw, neon, thoughtout, moreg"
745,fun vr coupl time dino scare great reason four star coupl glitch merc mode pretti fun hunt big dino bow arrow crazi awesom surviv mode also pretti cool lack sort decent inventori size bother mei understand want experienc feel like im miss fun mechan abl store thingread more craft etc bug sometim would get stuck top tower way move happen sever time raptor spawn occur result sort physic bug start shred frame rate make horribl experi short,34,"resourc, lo, command, almost, bone, grindi, burger, exit, exe, shadow"
746,far ive play coupl hour must say better expect choic movement type sprint teleport default best opinion gfx go blow away accept far ive come accross smaller dino get see trex short time tutori bit though door slighli annoy get get hang mayb miss set mread morey charact left hand didnt appear option switch gun default right hand far good,30,"drag, face, hungri, rapidli, unobtrus, plummet, internet, ladi, field, temp"
747,impress great fun tri wont regret,18,"wanna, consist, utterli, drop, intut, end, monthli, fireproof, weight, fatal"
748,like there sound encred graphic sound anyon help vive vr window asu amd fx onboard audio mayb,32,"batman, acer, stegosauru, moreour, paid, period, bold, gave, two, terrif"
749,look realli great atmospher unfortun control realli bad make difficult play movement especi terribl trigger everi littl thing turn movement control tri turn around time end teleport somewher instead movement touchpad stick terribl decis,42,"straightforward, numer, slingshot, voiceact, distant, puke, highest, resid, manufactur, challang"
750,seem like big smell amateurish obviou intens juras park island detail atmospher result fp graphic,6,"lightn, impress, exactli, channel, romp, problem, underwhelm, ss, commun, twilight"
751,interest day littl buggi everytim launch rerun tutori collect survivor stori surviv mode one seem glitch kill mode play nice reset note fix arcad mode essent wave shooter,17,"moreon, unrealist, turret, smoke, stream, suffer, underr, blah, encourag, ago"
752,hyper realist graphic dont sit well vr setup surviv mode make sick unless pure teleport,44,"disappoint, trend, asset, keeper, tini, twitch, frighten, under, swap, mysteri"
753,ai dino isnt quit id hope exampl tutori stegosaura attack teleport away got stuck move jerkili circl around tree like work toward see first vr trex certainli thrill uncanni valley concern someth seem unfortun surviv,5,"vice, circuit, hypatia, whenev, visit, admiss, rickshaw, neon, thoughtout, moreg"
754,allway want play look fun,9,"wo, stuck, slowpac, holobal, contact, close, difficult, mored, bang, antiviru"
755,good enjoy mostli pistol need lot gun like say lmg mayb heavi duti big machin gun mean much potenti need alot gun stuff also cours need lot kind dinosaur attack mayb map lot bigger open ton massiv dinosaur mani small one fun much issu first annoy littl kind gunsread ammo includ sure thatll chang futur updat hope lot ad would certainli fun later updat,24,"stream, ride, wannab, cute, mhz, cgi, yall, ai, upper, promis"
756,lot potenti appreci effort put fulli render charact movement option god buggi play minut time tutori broke pick first ammo box got stuck tower restart tri surviv mode within minut get chopper backback got stuck charact chest couldnt open,8,"racket, dof, studder, gore, stop, trough, spellcast, archer, crystal, inner"
757,tutori look realli promis realli immers system like inventori scaveng craft fulli readi surviv experi unfortunatli major issu complet ruin experi altough allow save soon die wipe save file restart also crash wipe lot progress surviv world weird clear goal difread moreficulti progress inventori way small backpack actual carri less would phsical possibl excact opposit game,25,"supris, hurri, branch, novic, soak, anyon, mustplay, alsread, biggest, violenc"
758,pretti medicor reload spotti dino asset look low qualiti top hilari bad physic dumb ai near unus ui im look unread overlap upgrad menu absolut horrif voic act entir packag felt extrem low budget isnt terribl though backpack mechan noth short geniu interact lot object respons satisfi howev rest gameread drag realli potenti,39,"teaser, buri, consol, yay, astray, beer, conquer, morend, began, radic"
759,look blurri bad graphic ruin experiec,39,"teaser, buri, consol, yay, astray, beer, conquer, morend, began, radic"
760,realli bad graphic,5,"vice, circuit, hypatia, whenev, visit, admiss, rickshaw, neon, thoughtout, moreg"
761,control feel wonki unrespons,1,"exper, spectacular, solitair, straight, wipe, minigolf, trooper, spin, french, school"
762,display vr display monitor ingam view empti space switch someth els display properli vr,8,"racket, dof, studder, gore, stop, trough, spellcast, archer, crystal, inner"
763,one best zombi wave shooter market lot weapon level zombi varieti keep busi challeng allow upgrad skill unlock though continu play highli recommend askwhi coop thing need coop updat futur howev solid wave shooter current state,40,"onward, nevertheless, sexi, wick, isol, trojan, anoth, domino, anoy, ninja"
764,excel much fun practic motion track throw punch near perfect thing could possibl mark calibr posit ballsenemi seem close seem far close even stand slot provid feet beyond though ar made,34,"resourc, lo, command, almost, bone, grindi, burger, exit, exe, shadow"
765,short fun,49,"upon, sin, invis, underwelm, concern, eras, withread, trueli, rebirth, dosnt"
766,develop given star review,46,"ingam, complaint, avoid, proport, sprite, distant, ma, respons, count, shown"
767,alot fun easi control bike weapon stori mode graphic realli good,18,"wanna, consist, utterli, drop, intut, end, monthli, fireproof, weight, fatal"
768,awesom graphic hour finish stori mode regular difficulti youll bought upgrad continu play higher difficulti surviv mode max stat,17,"moreon, unrealist, turret, smoke, stream, suffer, underr, blah, encourag, ago"
769,barebon tech demo real gameplay worth spent,27,"stash, wack, mous, urgenc, fp, understand, playbl, truli, sourc, absorb"
770,quit cute excit fun color,6,"lightn, impress, exactli, channel, romp, problem, underwhelm, ss, commun, twilight"
771,alway like fall domino puzzl plenti young old wait anticip develop bring vr futur,25,"supris, hurri, branch, novic, soak, anyon, mustplay, alsread, biggest, violenc"
772,realli enjoy dont understand neg review take short time get hang love crash make mistak peopl encount,11,"portray, primarili, kread, rariti, around, nice, rid, soundtrack, preset, tedious"
773,would love give high score display korean take edg cant seem chang english anywher,15,"unsatisfi, downward, lefti, skill, pov, increment, tribut, alien, cheap, vs"
774,cant get past tutori use oculu quest via link touch control throw motion way handlebar break seem effect paperboy alway auto pedal,25,"supris, hurri, branch, novic, soak, anyon, mustplay, alsread, biggest, violenc"
775,wouldnt even start control select screen use index headset im think didnt like plu stereo headset lap made worst steam vr game video,5,"vice, circuit, hypatia, whenev, visit, admiss, rickshaw, neon, thoughtout, moreg"
776,doesnt work click enter anyth control dont anyth,3,"shooti, partak, viread, acceler, brother, noth, gaug, soud, mor, blue"
777,wrong languag need refund,36,"bear, disc, straightforward, saturn, janu, eu, nostalg, subscribt, dirti, extraordinari"
778,norton like filenam ssleaydll threat name wsreputationful,45,"vast, email, corrupt, utterli, uncontrol, sensit, manag, deal, sincer, seper"
779,definit wouldnt realli fair call toy train set vr grew train set year old,26,"fairli, goofi, ich, knive, comput, ther, kitchen, placement, instal, vocal"
780,great idea lack direct would great attach puzzlegam idea fun build train track suspect mani isnt,25,"supris, hurri, branch, novic, soak, anyon, mustplay, alsread, biggest, violenc"
781,masterpiec play,9,"wo, stuck, slowpac, holobal, contact, close, difficult, mored, bang, antiviru"
782,intrigu stori long event experi fan amim fan great tragic stori happi end will work kept trap came conclus need great way experi stori,23,"usb, aswel, insight, promiss, worthi, recapthca, realworld, million, thiev, couldnt"
783,like visual novel feel right home basic visual novel present vr first hour pretti slow though stori get better better multipl end lead true end prepar lot read mani choic,45,"vast, email, corrupt, utterli, uncontrol, sensit, manag, deal, sincer, seper"
784,love concept animemanga style comic vr get environ see charact feel truli stori howev one get real bore real quick whole lot read sit empti space audio dialogu charact final show find lock dof cant fulli enjoy vr aspect could realli use set adjust subtitl sit well felt low read morescreen though could read would nice rais bit,9,"wo, stuck, slowpac, holobal, contact, close, difficult, mored, bang, antiviru"
785,experi comic book insid click trigger control that much control there autoplay option advanc dialog hour never got player choic charact fatherdrama start quit wish premis true could get hour back make differ choic id play new halflif alyx map,47,"host, weather, shock, technolog, spook, greatest, potion, night, pure, illumin"
786,im two hour singl multipl choic decis made lot bore talk cook carrot potato ridicul minutia goe graphic realli basic phone valu vr im glad got part infin could imagin pay full price multipl choic come injqueri,44,"disappoint, trend, asset, keeper, tini, twitch, frighten, under, swap, mysteri"
787,actual visual novel trope entail im glad vive infin ad qualiti varieti catalog dev paid extra attent make text readabl non fatigu anyon japanes visual novel give tri extrem anim low rate wmr set minut whole scene stop render graphic hear see black white access menu thread more scene isnt render restart happen due time ymmv like visual novel dont get bug enjoy,44,"disappoint, trend, asset, keeper, tini, twitch, frighten, under, swap, mysteri"
788,pile crap even,17,"moreon, unrealist, turret, smoke, stream, suffer, underr, blah, encourag, ago"
789,understand prob great visual novel fan last first charact walk warehous think min tch side pov seem player mean much thought put best immers practic environ im glad got tri infin would realli upset pay price ask situat like im glad infin existread more,23,"usb, aswel, insight, promiss, worthi, recapthca, realworld, million, thiev, couldnt"
790,play hour vr interact dont even hand decis make point sorri heavi dialog littl voic act littl anim point feel need vr except one interest point watch intro video ye video like screen charact broke screen,44,"disappoint, trend, asset, keeper, tini, twitch, frighten, under, swap, mysteri"
791,one favorit game vr made simpl execut insan fun although play quest nativ version,16,"tradit, neutral, slurpi, women, trash, sfx, way, nail, creation, surfac"
792,pretti good howev aim system garbag wrist shouldnt hurt aim virtual gun,7,"moreion, topnotch, goggl, public, regularli, fantahorn, eread, signifi, home, vfr"
793,cool danc floor visualis exist vr unless find way project real life suggestionsi would add mani tool attach hand adjust like shortlong trail could shootabl firework laser beam pog ball light ball attach string could hand tool gestur make effect around us problem see program crash lot valv indexintel gb ramgtread morex least music continu come program stabil ad thing idea great lot potenti,34,"resourc, lo, command, almost, bone, grindi, burger, exit, exe, shadow"
794,fun initi hard see that someth would use coupl song demo peopl someth would pay,11,"portray, primarili, kread, rariti, around, nice, rid, soundtrack, preset, tedious"
795,open mic music visual simplist game special interest work well wmr,48,"thatd, english, muffl, moreoth, wonderful, son, man, beuti, shread, playstat"
796,releas bit disappoint perform terribl system similar game usual run butteri smooth graphic option tempor aa forc absolut drive nut make everyth look smeari especi problemat fast action good framer graphic distract that nogo,11,"portray, primarili, kread, rariti, around, nice, rid, soundtrack, preset, tedious"
797,realli good enjoy,0,"simplic, youread, score, worth, teh, suitabl, skywrit, cosmet, buy, freeli"
798,epic get realli immers one basicli steer starter sloop control speed aim cannon stand place earn ship upgrad like mine ram health repair damag loot ship sink wave earn gold use buy bigger better ship like lot,1,"exper, spectacular, solitair, straight, wipe, minigolf, trooper, spin, french, school"
799,look forward full releas,16,"tradit, neutral, slurpi, women, trash, sfx, way, nail, creation, surfac"
800,work perfectli wmr basicali harder battlewak manuali control cannon point want shoot,12,"wwii, bland, audica, pirat, introductori, fan, wonder, oper, dare, viewer"
801,like battlewak,45,"vast, email, corrupt, utterli, uncontrol, sensit, manag, deal, sincer, seper"
802,argh matey pirat king lol fun thumb,34,"resourc, lo, command, almost, bone, grindi, burger, exit, exe, shadow"
803,pretti fun play would definit reccomend infin,18,"wanna, consist, utterli, drop, intut, end, monthli, fireproof, weight, fatal"
804,lot fun moment short mission dev go,11,"portray, primarili, kread, rariti, around, nice, rid, soundtrack, preset, tedious"
805,sweet littl lot fun especi multiplay work flawlessli wmr,22,"rotor, bullsht, exce, miss, creat, unreal, knew, scariest, expert, medium"
806,play wmr lenovo explor problem track wish ship unlock sail get bor long term play tho give star much fun,19,"minu, fall, descript, revamp, catalog, click, calm, bare, juli, metal"
807,cant wait content updat play great look amaz ton fun water realism outstand mechan work realli well longest vr everyth point well execut,32,"batman, acer, stegosauru, moreour, paid, period, bold, gave, two, terrif"
808,good hope see content futur,7,"moreion, topnotch, goggl, public, regularli, fantahorn, eread, signifi, home, vfr"
809,realli simpl nice mechan allow fun vr experi realli love ship movement sea dont get nausea,26,"fairli, goofi, ich, knive, comput, ther, kitchen, placement, instal, vocal"
810,wow play extremli well done earli releas would love see open map time day chang anim cant wait later mission let meet mutli player discord,21,"spanish, blood, programm, dark, signifi, inifin, moment, uniti, child, time"
811,fun plunder pilag plot cours what love pirat,15,"unsatisfi, downward, lefti, skill, pov, increment, tribut, alien, cheap, vs"
812,fun heck im grip control tri hold turn wheel posit cannon get excit,25,"supris, hurri, branch, novic, soak, anyon, mustplay, alsread, biggest, violenc"
813,realli fun play wish content subscript worthi right,32,"batman, acer, stegosauru, moreour, paid, period, bold, gave, two, terrif"
814,whole lot fun much enjoy earli access didnt feel nausea either although alway pretti good sea leg sort would excel multiplay crew member fire cannon actual pull rope etc great job far guy,31,"mejor, stiff, plagu, dope, mag, squad, plush, coop, bullshit, janki"
815,bumpi start turn cant run steam beta mode lookout problem load ok realli show built understand vive headset although move along didnt get feel nausea get rather excit tri move canon left right bad guy good depend perspect tri cut road rage sea rage good recommeread morend felt definit worth price give good idea thing come,1,"exper, spectacular, solitair, straight, wipe, minigolf, trooper, spin, french, school"
816,love feel atmospher amaz like way make feel like choppi sea without hint motion sick mani effect fun experi turn hard avoid hit rock watch enemi ship encircl even sink cool experi sea rise go somewhat short experi moment earli develop cant wait see additionaread morel content titl bring futur,45,"vast, email, corrupt, utterli, uncontrol, sensit, manag, deal, sincer, seper"
817,great experi wet dream look featur list seaman yarn coder follow pirat codex disney quest excel approach standings locomot ton explos fun clap sail graphic demand skipper cox lowend system,0,"simplic, youread, score, worth, teh, suitabl, skywrit, cosmet, buy, freeli"
818,realli enjoy far best pirat boat offer ive seen vr,15,"unsatisfi, downward, lefti, skill, pov, increment, tribut, alien, cheap, vs"
819,pick subscript look interest im glad ill say flat impress right bat control littl differ im use tbh control help increas immers look kinda small right least play look like realli solid one better game ive tri,35,"moref, minigolf, tweak, pitfal, winki, builder, absurd, right, bounc, level"
820,quit good fun feel littl lack depth cant trueli explor dock port trade there invintori thing loot ship combat fun love pilot ship would recommend also work well window mix realiti del visor would prob rate star far vr goe star due comment compar pancak non vr,44,"disappoint, trend, asset, keeper, tini, twitch, frighten, under, swap, mysteri"
821,realli cool fun experi manipul canon sometim buggi break experi part prate navig sea shoot awesom,5,"vice, circuit, hypatia, whenev, visit, admiss, rickshaw, neon, thoughtout, moreg"
822,good rift mani track issu vive cosmo hand get stuck wheel make ship imposs steer work great rift hope vive sort track issu cosmo soon,25,"supris, hurri, branch, novic, soak, anyon, mustplay, alsread, biggest, violenc"
823,wmr nice pirat take ship destroy other,29,"hide, curs, detail, consum, yknow, burn, frequent, kid, abruptli, il"
824,simpl fun hold time grip button vive suck bit dont like hold grip click cannon bit far away steer wheel overal fun play see,1,"exper, spectacular, solitair, straight, wipe, minigolf, trooper, spin, french, school"
825,fun cant wait full releas,17,"moreon, unrealist, turret, smoke, stream, suffer, underr, blah, encourag, ago"
826,beauti water good hit box aim sail trust complex control scheme learn keep eye back head downsid finger cramp tri hold onto wheel gun mayb there toggl set mayb dunno,7,"moreion, topnotch, goggl, public, regularli, fantahorn, eread, signifi, home, vfr"
827,realli fun great mecan gripe cannon control tri point front ship face literali cannon hand far away mayb tighter mouvement control cannon without sacrif precis would realli fun recommend anyon want tri,6,"lightn, impress, exactli, channel, romp, problem, underwhelm, ss, commun, twilight"
828,fun expect could use bit polish varieti definit worth check,34,"resourc, lo, command, almost, bone, grindi, burger, exit, exe, shadow"
829,pretti good need content also make lot peopl sick,24,"stream, ride, wannab, cute, mhz, cgi, yall, ai, upper, promis"
830,nice good graphic uncomplet short campaign open end,41,"viread, irrit, trojan, appl, ever, unfortunatelli, suitabl, jai, skirt, encount"
831,simpl good graphic fun,36,"bear, disc, straightforward, saturn, janu, eu, nostalg, subscribt, dirti, extraordinari"
832,amaz also believ travel small island even travel enemi boat rope featur fenc captain would bring vr complet level cant wait see new updat final would recommend anyon wasnt seasick motion sick either,36,"bear, disc, straightforward, saturn, janu, eu, nostalg, subscribt, dirti, extraordinari"
833,awesom funni short time graphic look great,25,"supris, hurri, branch, novic, soak, anyon, mustplay, alsread, biggest, violenc"
834,fun need,44,"disappoint, trend, asset, keeper, tini, twitch, frighten, under, swap, mysteri"
835,well made experi littl content right graphic sea ship explos look great draw distanc could better atmospher simpli great sound music fit nice battl feel complet immers pirat stori length short right main mission explor mode unfortun much explor map larg ship kill read moreplay whole less hour right let wait updat,33,"secret, twilight, websit, steadi, requir, ui, redirect, flipper, ven, gb"
836,lot fun havent gone far enough yet say gameplay vari much henc star rate may revisit enjoy sea battl part assassin creed black flag get real kick good fun,19,"minu, fall, descript, revamp, catalog, click, calm, bare, juli, metal"
837,fun imagin possibl one id buy enhanc creat fleet crew establish island lot potent,20,"powerbeat, firstperson, watch, nope, satur, memor, invit, choos, puzzler, wonderful"
838,realli fun way control ship one hand fire cannon realli elev gameplay immers element cant wait see add futur abil go land search treasur board ship would difficult would realli make go next level,20,"powerbeat, firstperson, watch, nope, satur, memor, invit, choos, puzzler, wonderful"
839,love content may never stop play reason didnt star,35,"moref, minigolf, tweak, pitfal, winki, builder, absurd, right, bounc, level"
840,best vr pirat yet simpl addict mechan beauti graphic think sea thiev vr minu walk around hilari boss realli excit see develop take reason didnt give star yet complet eagerli await full releas finger button give last star,28,"recogn, weirdli, bond, latest, pump, explan, ui, tie, sink, cosmo"
841,realli enjoy sail around blow ship,20,"powerbeat, firstperson, watch, nope, satur, memor, invit, choos, puzzler, wonderful"
842,reason fun poor shadow assassin creed black flag,6,"lightn, impress, exactli, channel, romp, problem, underwhelm, ss, commun, twilight"
843,machin could use perform patch went live steam june yet viveport without titl run realli bad gtx,34,"resourc, lo, command, almost, bone, grindi, burger, exit, exe, shadow"
844,bad mechan decent well done highsea combat graphic decent voic actingughhorr overal worth play someth keep come back time,23,"usb, aswel, insight, promiss, worthi, recapthca, realworld, million, thiev, couldnt"
845,play assassin creed black flag first person take sea battl bad experi pretti fun pretti cool man ship crew,6,"lightn, impress, exactli, channel, romp, problem, underwhelm, ss, commun, twilight"
846,potenti still basic littl hard control time,35,"moref, minigolf, tweak, pitfal, winki, builder, absurd, right, bounc, level"
847,fun littl experi earli access wasnt longmayb minut pretti much disinterest play might appeal nich noth realli hook said fairli polish experi even though voic act hilari bad worth subscript rental one spare,3,"shooti, partak, viread, acceler, brother, noth, gaug, soud, mor, blue"
848,dont like shooter littl placement strategi bad wouldnt buy,41,"viread, irrit, trojan, appl, ever, unfortunatelli, suitabl, jai, skirt, encount"
849,could realli someth good concept worth hour time point get ship futur releas,41,"viread, irrit, trojan, appl, ever, unfortunatelli, suitabl, jai, skirt, encount"
850,well made graphic pretti decent gameplay becom repet shortwhil isnt much depth mechan point shoot could lot fun multiplay sandbox amazingtechvr,21,"spanish, blood, programm, dark, signifi, inifin, moment, uniti, child, time"
851,simpl nice left control disappear steamvr set menu appear middl sea bug obvious press grip button time pain hand cannon difficult turn beauti made nice hand hurt write note,11,"portray, primarili, kread, rariti, around, nice, rid, soundtrack, preset, tedious"
852,graphic nice didnt run well system gtx bit bore,40,"onward, nevertheless, sexi, wick, isol, trojan, anoth, domino, anoy, ninja"
853,get promis free roam pirat world pirat world simpl ship shoot eachoth sink unimersivl,12,"wwii, bland, audica, pirat, introductori, fan, wonder, oper, dare, viewer"
854,look good idea great well howev got motionsick due rock sea also due skip frame,25,"supris, hurri, branch, novic, soak, anyon, mustplay, alsread, biggest, violenc"
855,bad get run usual crash startup caus whole vr system hang howev biggest scam appear keep pay everi updat fix bug put socal develop ripoff unscrupuli compani interest make quick buck,34,"resourc, lo, command, almost, bone, grindi, burger, exit, exe, shadow"
856,seem like lot fun gtx gb hq got like fp liter unplay made motion sick less min play need better optim,6,"lightn, impress, exactli, channel, romp, problem, underwhelm, ss, commun, twilight"
857,sadd pictur lead think fun,15,"unsatisfi, downward, lefti, skill, pov, increment, tribut, alien, cheap, vs"
858,wont launch uninstallreinstal noth bad look fun,6,"lightn, impress, exactli, channel, romp, problem, underwhelm, ss, commun, twilight"
859,cant get start,46,"ingam, complaint, avoid, proport, sprite, distant, ma, respons, count, shown"
860,start headset stop track reasoni check conect sofwar track doesent even start steamvr homekinda piss gonna lie,13,"craft, gamplay, hit, surround, chest, sprint, stop, hyper, spoilershint, noninteract"
861,look like fun cant get load spent hour tri get start luck vr game far first load suck wast month subscript pick work awesom warn take risk,45,"vast, email, corrupt, utterli, uncontrol, sensit, manag, deal, sincer, seper"
862,wow wish could live could stare ador pet portrait eon nice job,26,"fairli, goofi, ich, knive, comput, ther, kitchen, placement, instal, vocal"
863,make feel like christma fun thank,28,"recogn, weirdli, bond, latest, pump, explan, ui, tie, sink, cosmo"
864,cant wait next holiday season drink wamr cup cidar feel happi first time,26,"fairli, goofi, ich, knive, comput, ther, kitchen, placement, instal, vocal"
865,idea perfectli christma real exactli like big dumb pixel noth gift santa pictur anim christma cloth china nail,28,"recogn, weirdli, bond, latest, pump, explan, ui, tie, sink, cosmo"
866,bah humbug there way exit app great job first build young programm im sure class project gave pleas dont releas viveport ask friend give star clearli ty,26,"fairli, goofi, ich, knive, comput, ther, kitchen, placement, instal, vocal"
867,iomoon fantast visual experi kept feel though ride theme park certainli indi feel appear sole develop find worth coupl buck admiss everytim felt like okay ive seen enough would turn corner keep go start finish got full hour complet brief journey iomoon tell felt much like experi turn intoread someth worth releas,2,"monster, perman, artsi, cursor, stair, tre, approv, flight, endur, mashup"
868,short experi great visual posit great visual neg interact make sens movi nice effect would better unclear short,25,"supris, hurri, branch, novic, soak, anyon, mustplay, alsread, biggest, violenc"
869,gamepad wont start wonder flop,46,"ingam, complaint, avoid, proport, sprite, distant, ma, respons, count, shown"
870,crash everi time load win bit nvidia gtx gb ram idea im sure worth higher rate get work,4,"moreil, nois, function, emul, she, promot, temp, grafic, gori, unclimb"
871,assum demo version im pretti that play anywho anoth great burger anoth one aesthet cartoon food doesnt look edibl first realli photo scan fast food go gangbust dead hungri best look food,19,"minu, fall, descript, revamp, catalog, click, calm, bare, juli, metal"
872,glitch kind fun,16,"tradit, neutral, slurpi, women, trash, sfx, way, nail, creation, surfac"
873,compuls fun minut give tri dont expect epic,32,"batman, acer, stegosauru, moreour, paid, period, bold, gave, two, terrif"
874,good idea work far longer mobil deep floor find set get higer menu etc key,34,"resourc, lo, command, almost, bone, grindi, burger, exit, exe, shadow"
875,cool smooth,7,"moreion, topnotch, goggl, public, regularli, fantahorn, eread, signifi, home, vfr"
876,bit old fun shoot,10,"unfortunatley, whovian, toy, weari, public, ride, took, began, soundself, absolut"
877,blast play friend,9,"wo, stuck, slowpac, holobal, contact, close, difficult, mored, bang, antiviru"
878,entertain good length campaign vr titl,35,"moref, minigolf, tweak, pitfal, winki, builder, absurd, right, bounc, level"
879,realli enjoy small bug one place stuck insid mine need googl solut,9,"wo, stuck, slowpac, holobal, contact, close, difficult, mored, bang, antiviru"
880,first vr ever play absolutli love back also amaz anyon start vr abl teleport instead locomot caus bad motionsick anyon new vr,26,"fairli, goofi, ich, knive, comput, ther, kitchen, placement, instal, vocal"
881,one best fp vr,12,"wwii, bland, audica, pirat, introductori, fan, wonder, oper, dare, viewer"
882,one first vr game play think mistak good make game feel like crap stori engag player narrat actual funni find say would say case curs loot system fun abl lean see what insid car open door feel natur clip object realist unless actual walk someth hinthint thread morei realli best infin opinion worth coupl play through see everyth,15,"unsatisfi, downward, lefti, skill, pov, increment, tribut, alien, cheap, vs"
883,fun witti dialogu add pleasant element humor zombieblast unabl drop weapon slightli annoy trust much better constantli grip gun keep hand great,1,"exper, spectacular, solitair, straight, wipe, minigolf, trooper, spin, french, school"
884,quit addict,6,"lightn, impress, exactli, channel, romp, problem, underwhelm, ss, commun, twilight"
885,one best game play vr far realli enjoy headshot zombi arizon atmospher,20,"powerbeat, firstperson, watch, nope, satur, memor, invit, choos, puzzler, wonderful"
886,great longer expect still havent finish yet bought viveport buddi bought steam ye play coop togeth mayb that common knowledg wasnt sure first realli great look great immers often terrifi smooth play instant classic,23,"usb, aswel, insight, promiss, worthi, recapthca, realworld, million, thiev, couldnt"
887,one best ive ever play,12,"wwii, bland, audica, pirat, introductori, fan, wonder, oper, dare, viewer"
888,funni zombi shooter even aim difficulti without laser sight wmr still day opinion big plu local mani languag,15,"unsatisfi, downward, lefti, skill, pov, increment, tribut, alien, cheap, vs"
889,bit old short havent ever bought think zombi movi game stupid bear infin tryal got tri slow speed zombi work well vr shooter bought fress still gold old door mechan etc feel alreadi bit sniper scope show fred could take shot barrel quit much year hand much better singlread more palyer vr game avail,12,"wwii, bland, audica, pirat, introductori, fan, wonder, oper, dare, viewer"
890,year later still hold good,23,"usb, aswel, insight, promiss, worthi, recapthca, realworld, million, thiev, couldnt"
891,realli fun problem run correctli would definitli recommend maby peopl problem dont correct pc spec run properli,24,"stream, ride, wannab, cute, mhz, cgi, yall, ai, upper, promis"
892,buy vr littl bad fell green blood,3,"shooti, partak, viread, acceler, brother, noth, gaug, soud, mor, blue"
893,best vr shooter ive ever play stori also good,23,"usb, aswel, insight, promiss, worthi, recapthca, realworld, million, thiev, couldnt"
894,great fun coop,15,"unsatisfi, downward, lefti, skill, pov, increment, tribut, alien, cheap, vs"
895,great must play,46,"ingam, complaint, avoid, proport, sprite, distant, ma, respons, count, shown"
896,best multiplay ever,31,"mejor, stiff, plagu, dope, mag, squad, plush, coop, bullshit, janki"
897,realli love great environ cave level absolut highlight realli scari invit wife garag keep compani dark experi got littl repetit toward end still five star narrat realli solid curs littl top time still good spirit enough accept level gore like violenc wasnt overdon recommend,46,"ingam, complaint, avoid, proport, sprite, distant, ma, respons, count, shown"
898,love best far vr stori view playabl excel,43,"von, five, accident, week, natur, industri, musicrhythm, russian, extrem, viveport"
899,earli emerg world vr sure make classic,44,"disappoint, trend, asset, keeper, tini, twitch, frighten, under, swap, mysteri"
900,despit simpl reload lot shoot cool cave level flashlight,6,"lightn, impress, exactli, channel, romp, problem, underwhelm, ss, commun, twilight"
901,awesom much fun play first tri brother hous didnt vr hard time got practic much fun im better beat look forward dlc,49,"upon, sin, invis, underwelm, concern, eras, withread, trueli, rebirth, dosnt"
902,much fun probabl one best vr game ive play teleport system realli cut motion sick get vr game,18,"wanna, consist, utterli, drop, intut, end, monthli, fireproof, weight, fatal"
903,excel mani take pointer one dlc short even vr standard game fairli cheap wont complain,22,"rotor, bullsht, exce, miss, creat, unreal, knew, scariest, expert, medium"
904,everyth,12,"wwii, bland, audica, pirat, introductori, fan, wonder, oper, dare, viewer"
905,worth,0,"simplic, youread, score, worth, teh, suitabl, skywrit, cosmet, buy, freeli"
906,love love joke first vr finish one best vr,26,"fairli, goofi, ich, knive, comput, ther, kitchen, placement, instal, vocal"
907,work well wmr set teleport button space big enough reach menu set switch artifici locomot everyth well polish except sound effect gun sound right spacial sound sometim leav littl desir hear zombi around instead hear direct,22,"rotor, bullsht, exce, miss, creat, unreal, knew, scariest, expert, medium"
908,wmr great vr,25,"supris, hurri, branch, novic, soak, anyon, mustplay, alsread, biggest, violenc"
909,great one best viveport great graphic gamplay noth complain fun sinc begin vr,18,"wanna, consist, utterli, drop, intut, end, monthli, fireproof, weight, fatal"
910,love shoot zombi good look pure fun thrill,42,"straightforward, numer, slingshot, voiceact, distant, puke, highest, resid, manufactur, challang"
911,mom scare open car door scream quit zombi come toward,37,"burn, seatedstand, md, morelay, breathtak, teleport, tear, dimens, restaraunt, way"
912,great vr shooter definit signup price love humor graphic still forc stupid moment end thing say um would never stupid your fight hord zombi die die run ammo die best thing outthink boundari place would without doubtread better chanc stave think way better posit forc stupid moment trust first one see next one come mile away scope good laststand posit get better aim hint leg shot almost benefici headshot get gun carri mistak mele weapon nuff said,33,"secret, twilight, websit, steadi, requir, ui, redirect, flipper, ven, gb"
913,pretti much favorit vr far teleport make feel like move fast want natur interact weapon door make immers fantast world lot fun look forward next dlc,3,"shooti, partak, viread, acceler, brother, noth, gaug, soud, mor, blue"
914,great exatli want adventur element stori explor shoot qualiti movment teleport okay wish feed trackig trackstrap basic zombi block movment teleport suck bit make granat rdi throw soo cool mayb need bit train hand feel grip hold pad use soo cool slide bit bad feel hand,38,"vrigad, inclin, path, splash, pair, microsoft, aud, incomplet, starway, vrexperi"
915,outstand vr shooter varieti weapon great decid whether like gun power type ammo also sight like real gun there giant laser point gun actual aim weapon sight friend play hard difficulti first time thorugh difficult didnt die often id absolut say worth full price plan playingread hord mode occas,3,"shooti, partak, viread, acceler, brother, noth, gaug, soud, mor, blue"
916,base true stori must vr librari ever spent time arizona may met zombi realiz time happi zombi hunt vr friend,31,"mejor, stiff, plagu, dope, mag, squad, plush, coop, bullshit, janki"
917,awesom well worth play love zombi game one make feel like foreal lol gun pretti cool ther reason bought vr,12,"wwii, bland, audica, pirat, introductori, fan, wonder, oper, dare, viewer"
918,one better game ive play vr took mayb hour complet shoot feel great,35,"moref, minigolf, tweak, pitfal, winki, builder, absurd, right, bounc, level"
919,absolut excel zombi shooter stori great control fantast gunplay accur enjoy nice polish allaround great,28,"recogn, weirdli, bond, latest, pump, explan, ui, tie, sink, cosmo"
920,whole reason want htc vive play truli best gp current market vr cant say enough great thing,23,"usb, aswel, insight, promiss, worthi, recapthca, realworld, million, thiev, couldnt"
921,one best vr game ive play good stori play,18,"wanna, consist, utterli, drop, intut, end, monthli, fireproof, weight, fatal"
922,great one fullscal game like other hey look made someth vr static arena play physic littl navig level lootnshoot actual play sit entertain qualiti feel like good nonvr end guess technolog yet catch modern nonvr titl thing disappoint sread moreteam key provid sinc grab sale anyway,8,"racket, dof, studder, gore, stop, trough, spellcast, archer, crystal, inner"
923,blast make sure friend play see pla beat saber hvr lol,9,"wo, stuck, slowpac, holobal, contact, close, difficult, mored, bang, antiviru"
924,fun much better vive psvr,32,"batman, acer, stegosauru, moreour, paid, period, bold, gave, two, terrif"
925,super jeumai mon multi march pa imposs de cliquer sur inviterjai envoy messah vive et aux developpeurspa encor de repons great multi workingi cant click invitei cant join gamei send messag vive vertigoi havent answer moment final withth last updat onlin thx,31,"mejor, stiff, plagu, dope, mag, squad, plush, coop, bullshit, janki"
926,good multiplay chat work wont let talk hear anyon els help,18,"wanna, consist, utterli, drop, intut, end, monthli, fireproof, weight, fatal"
927,best zombi vr couldnt give though good amount glitch aim time put gun directli zombi head still miss sometim though great immers map weirldi good graphic compar vr game,5,"vice, circuit, hypatia, whenev, visit, admiss, rickshaw, neon, thoughtout, moreg"
928,nice graphic okay control good either hold gun forev abl drop chang set hold grip button intir time realli hurt finger otherwis good,25,"supris, hurri, branch, novic, soak, anyon, mustplay, alsread, biggest, violenc"
929,first time play alreadi love mellow yet challeng nice sens presenc,35,"moref, minigolf, tweak, pitfal, winki, builder, absurd, right, bounc, level"
930,perfect good vr shooter,8,"racket, dof, studder, gore, stop, trough, spellcast, archer, crystal, inner"
931,great amount fun play everyth good gameplay great challeng thing didnt like much straight path hand lot room explor one best game vr best far,18,"wanna, consist, utterli, drop, intut, end, monthli, fireproof, weight, fatal"
932,realli need updat movement system game demonstr better option,24,"stream, ride, wannab, cute, mhz, cgi, yall, ai, upper, promis"
933,good time miss shot look like hit fun,22,"rotor, bullsht, exce, miss, creat, unreal, knew, scariest, expert, medium"
934,nice fun challeng alway obviou look help alreadi,32,"batman, acer, stegosauru, moreour, paid, period, bold, gave, two, terrif"
935,happen gore play blood green zombi look terribl dig found viveport might actual give chines version infin despit fact purchas infin america american ip address fix let know gore big part cheer,18,"wanna, consist, utterli, drop, intut, end, monthli, fireproof, weight, fatal"
936,great run smooth enough gameplaystori great thing didnt like censor even though steam oculu version censor countri,39,"teaser, buri, consol, yay, astray, beer, conquer, morend, began, radic"
937,awesom like interact hat dev guy rock,16,"tradit, neutral, slurpi, women, trash, sfx, way, nail, creation, surfac"
938,super enjoy someth satisfi shoot zombi point blank see head explod one best vr game play coupl bad fun break point start ammunit first level low learn shoot run real fast right hand seem sometim loos abil grip holster die fix issu annoy grenad nightmar mayb itread more index control never thrown grenad underneath feet weapon type holster two time holt two hand one hold hand disappear zone mission holster space would handi,38,"vrigad, inclin, path, splash, pair, microsoft, aud, incomplet, starway, vrexperi"
939,good stori play,9,"wo, stuck, slowpac, holobal, contact, close, difficult, mored, bang, antiviru"
940,play two hour fun far new vr differ fast move zombi give rush realli need work aim though,32,"batman, acer, stegosauru, moreour, paid, period, bold, gave, two, terrif"
941,great graphic ui enemi variat mostli cosmet boss swarm level pretti built simplist search key lever progress singl player campaign short hour,49,"upon, sin, invis, underwelm, concern, eras, withread, trueli, rebirth, dosnt"
942,around arizona sunshin lot promis dlc far deliv great content hope mean still expect see content releas zombi shooter come month matter way slice though arizona sunshin one smoothest experi avail action fan look dive zombi apocalyps easili one first game id recommend look intens satisfi firstpread moreerson shooter experi,33,"secret, twilight, websit, steadi, requir, ui, redirect, flipper, ven, gb"
943,note contain minor spoiler stori play introduct vr love amaz visual good storylin bit hard multiplay share weapon ammo realli scari funni fing foot zombi appear behind give jump light perfect mine dark flashlight feel perfect problem mainli fact clip wall unabl move whiread morel see black bit frustrat manag physic move away kinda hard get direct right surviv good show peopl without ruin stori like one part mow zombi use minigun satisfi made feel empow,9,"wo, stuck, slowpac, holobal, contact, close, difficult, mored, bang, antiviru"
944,great shoot feel good pithi dialogu moder funni best annoy worst weapon select fun gameplay get howev absolut unaccept bug qol flaw much less one two way hold weapon broken use grip mode squeez hand constantli hold onto item limit gametim significantli fun drop flashlightread gun everi time hand twitch slightli use toggl mode becom imposs drop weapon mean accident pick gun suddenli dont hand free anymor doesnt sound bad realiz easili drop ammo accident gun arent focus bring turn button sometim drop ammo im vive may control issu ive kind problem game press button control twice tri turn right first press drop ammo ground leav unarm second press turn even press place realli wouldnt big deal abl drop weapon could use one hand locomot shoot run problem gun your suddenli drop ammo left right offhand gun problem alon note forum sinc came open level complet broken item flicker exist level trigger break repeatedli restart five time get load properli everyth work fine first two time load ball act target didnt roll float text box tell shoot infinit ammo pistol suppos one round next time ball roll would left stuck place shoot unabl move next restart allow get shoot rang unabl grab ammo belt none dialogu trigger magazin didnt render fifth restart work fine think someth turn lod set thing got littl better turn back that equal unaccept id done ini edit someth thatd understand set provid dev,16,"tradit, neutral, slurpi, women, trash, sfx, way, nail, creation, surfac"
945,still show pricinginfin filter set,28,"recogn, weirdli, bond, latest, pump, explan, ui, tie, sink, cosmo"
946,hat mani languag local deserv respect work fine worst user interfac world stop make dlc fix user interfac stori thin galleri shooter interest fan zombi game,17,"moreon, unrealist, turret, smoke, stream, suffer, underr, blah, encourag, ago"
947,fun censor version blood green there real gore etc dont buy version get somewher els,10,"unfortunatley, whovian, toy, weari, public, ride, took, began, soundself, absolut"
948,pretti excit went infin play wasnt realli impress found graphic decent realli much purpos shoot zombi run ammo die,3,"shooti, partak, viread, acceler, brother, noth, gaug, soud, mor, blue"
949,violent smoothli polishedne locomotionprais jesu,37,"burn, seatedstand, md, morelay, breathtak, teleport, tear, dimens, restaraunt, way"
950,nice tri infin unless spend miss much opportun exampl alway keep mind vr spot piano sinc play vr game think might possibl hit note oh fool cant even touch like isnt found new mask want put helmet trash contain mayb chang back later helmet fell contain andread disapp oh ladder let climb fals port updown mani game reload anim right fals let punch zombi face oh wrong bad glass bottl let break mh seem concret like nearli everi item lock car think could break window open insid caus see lock thingi wrong cant interact like scene grab dumb item without use throw mayb meter two your pro mayb could stabil pistol second hand youll guess answer dev develop pure zombi aa price tag zombi model enough jump play mayb hour two could continu list even idea nice love game like see die light would nice vr btw cant reccomend arizona sunshin unfortun sri languag skill mother tongu,3,"shooti, partak, viread, acceler, brother, noth, gaug, soud, mor, blue"
951,meh,20,"powerbeat, firstperson, watch, nope, satur, memor, invit, choos, puzzler, wonderful"
952,control arent good weapon doesnt work well your realli drop learn go zombi get closer didnt find enjoy,12,"wwii, bland, audica, pirat, introductori, fan, wonder, oper, dare, viewer"
953,give star look forward play play demo problem hand freez end level walk gate altf complet frozen,28,"recogn, weirdli, bond, latest, pump, explan, ui, tie, sink, cosmo"
954,crap know famou,12,"wwii, bland, audica, pirat, introductori, fan, wonder, oper, dare, viewer"
955,keep get server error tri download dont like give star review without play especi one heard mani great thing im hope someon way fix tri search web anyth similar luck far,23,"usb, aswel, insight, promiss, worthi, recapthca, realworld, million, thiev, couldnt"
956,control atroci even possibl start even chang set,3,"shooti, partak, viread, acceler, brother, noth, gaug, soud, mor, blue"
957,buy infin list nope,11,"portray, primarili, kread, rariti, around, nice, rid, soundtrack, preset, tedious"
958,realli want play much potenti howev enjoy play control dont work half time sensit go ahead good luck tri kill hord zombi fumbl control shouldnt difficult gave tunnel imposs get past dozen zombi develop pleas balanc fix control,9,"wo, stuck, slowpac, holobal, contact, close, difficult, mored, bang, antiviru"
959,give star half star possibl first glanc seem okay zombi bad graphic okay flaw accuraci gun control aw mean even hold control two hand perfectli steadi gun see sway badli extrem hard accur aim complet half life alyx abund ammo good shotread got corel control gun repres correct level design play bridg mine start didnt need see get ticket offic mine truck outsid belong mine go find key point much pistol ammo could carri put ammo found build box get key truck unlock truck fine take winch back start car alarm make sens blow half ammo fight hord come hear alarm fight decid go back build get ammo left develop decid fight dont need return becom longer possibl enter build despit open door thank god infin paid money would realli angri,3,"shooti, partak, viread, acceler, brother, noth, gaug, soud, mor, blue"
960,censor far expens,4,"moreil, nois, function, emul, she, promot, temp, grafic, gori, unclimb"
961,play like min got bore german localis pure cring gameplay like hundr bore vr game guess cant play shit anymor play like bonework hlalyxc,17,"moreon, unrealist, turret, smoke, stream, suffer, underr, blah, encourag, ago"
962,crash minut never work right see vr joke one realli interest buggi game mani hardwar restrict platform restrict difficult make run correctli vr readi prime time definit feel like prereleas work progress rahter polish get xbox playstat nintendo dont wast money vr gener,42,"straightforward, numer, slingshot, voiceact, distant, puke, highest, resid, manufactur, challang"
963,crash crash crash againc even chang set,39,"teaser, buri, consol, yay, astray, beer, conquer, morend, began, radic"
964,bug right gate get one shot pistol way reload therefor way progress pass begin horribl definit dont spend money,23,"usb, aswel, insight, promiss, worthi, recapthca, realworld, million, thiev, couldnt"
965,state ocula rift support head set support ocula rift bewarn load give star wast load,25,"supris, hurri, branch, novic, soak, anyon, mustplay, alsread, biggest, violenc"
966,pleas updat version current version appear year old,30,"drag, face, hungri, rapidli, unobtrus, plummet, internet, ladi, field, temp"
967,bad good shoot mechan access still satisfi reload system shooter simul side give star rate though viveport version hasnt receiv latest updat steam version reason would recommend buy steam instead game kept date,23,"usb, aswel, insight, promiss, worthi, recapthca, realworld, million, thiev, couldnt"
968,author remov censorship replac trailer cheat consum content match trailer complaint support servic alreadi sent,24,"stream, ride, wannab, cute, mhz, cgi, yall, ai, upper, promis"
969,green blood say anyth wast money,14,"return, stone, sooth, boggl, explor, translat, gag, suspens, three, bond"
970,still abl download play new dlc also updat viveport uninstal bought steam,4,"moreil, nois, function, emul, she, promot, temp, grafic, gori, unclimb"
971,great fresh escap room puzzl,46,"ingam, complaint, avoid, proport, sprite, distant, ma, respons, count, shown"
972,dont want ding gameso gave star use link cabl oculu quest load point stuck closet keep load doesnt give option go futher anyon els issu say rift link cabl compaitbl play rift game issu,25,"supris, hurri, branch, novic, soak, anyon, mustplay, alsread, biggest, violenc"
973,pretti straight forward escap room differ yet somewhat weak stori line graphic solid adventur fun yet there lot remain open unansw ie addit floor noth multipl option keycod basement door addit weird object serv purpos like rock rope etc possibl ton easter egg possibl found short cut possiblread more plan expand possibl there lot random idea didnt make full final cut summari fun yet leav one feel littl underwhelm like somehow got end without complet thing properli,45,"vast, email, corrupt, utterli, uncontrol, sensit, manag, deal, sincer, seper"
974,need special short instal path oppos path use everi singl applic avail viveport there noth legitim file system creat requir,24,"stream, ride, wannab, cute, mhz, cgi, yall, ai, upper, promis"
975,frisbe mele combat could realli use abil rotat everyon capabl turn way around pretti basic progress get harder wave,33,"secret, twilight, websit, steadi, requir, ui, redirect, flipper, ven, gb"
976,like forest,49,"upon, sin, invis, underwelm, concern, eras, withread, trueli, rebirth, dosnt"
977,well made good immers underwat give diver feel,42,"straightforward, numer, slingshot, voiceact, distant, puke, highest, resid, manufactur, challang"
978,cool dont rememb wife play kind video long tonight one got sale quit bargain control tricki get use im give star,9,"wo, stuck, slowpac, holobal, contact, close, difficult, mored, bang, antiviru"
979,mission mission find item deep past ship wreck take pictur repeat mission clean ocean debri challeng mission singl player alot mission work magazin simpl stori make fun feel like diver explor beauti locat use tool move fast water overal mani locat explor well worth,32,"batman, acer, stegosauru, moreour, paid, period, bold, gave, two, terrif"
980,cool look feel good would cool could push rock fish could littl real look good look like add element blue rock good far though free roam,7,"moreion, topnotch, goggl, public, regularli, fantahorn, eread, signifi, home, vfr"
981,ran ok look great potenti charg even small fee program earli stage develop basic bug eg small head movement result view switch abruptli rather scroll disorient cheeki put mildli,9,"wo, stuck, slowpac, holobal, contact, close, difficult, mored, bang, antiviru"
982,run iam run win bit sp wast moneyr look forward play,30,"drag, face, hungri, rapidli, unobtrus, plummet, internet, ladi, field, temp"
983,like stand still absolut noth well wave base stationari combat lack luster would rather bang head wall lay unconsci realm live better play,9,"wo, stuck, slowpac, holobal, contact, close, difficult, mored, bang, antiviru"
984,exorcist legion vr suffer bit shallow gameplay biggest challeng manag use inventori right time your look good fright journey still well worth would nice hour total gameplay even account option puzzl altern object achiev rate chapter rel short length help keep virtual realiti experi comread morefort us liter troubl stomach lengthier play session especi hard fault chapter concis natur terror expertli craft never give sens part experi filler,35,"moref, minigolf, tweak, pitfal, winki, builder, absurd, right, bounc, level"
985,would love give posit review fan excorcist mytho young age cant give posit review though get splash screen tell excorcist ownedlicens morgan creek black void doesnt matter long wait doesnt matter verifi file reinstal altogeth far person problem year old steam forum post read morether recognit resolut submit bug report wont answer cant give criteria first bought play onn vive even though tri figur way play day much like father merri im shift sand around look evil far mere bad,26,"fairli, goofi, ich, knive, comput, ther, kitchen, placement, instal, vocal"
986,amaz im use valv index headset gener im find immers compar vive cosmo elit realli dislik never realiz much experi ride roller coaster visual realli felt like actual roller coaster highli recommend tri chair feet flat floor realism coaster vr made actual wobbl around like actual ride roller cread moreoast overal graphic decent especi sens sit insid wooden miner cart dragon look pretti tacki especi compar throne cgi still terrifi attack one point miner cart engulf dragonfir point rip headset unabl finish experi would still highli recommend,5,"vice, circuit, hypatia, whenev, visit, admiss, rickshaw, neon, thoughtout, moreg"
987,best roller coaster vr ive play far would perfect variat bit longer,12,"wwii, bland, audica, pirat, introductori, fan, wonder, oper, dare, viewer"
988,good environ wish could figur adjust seat posit,37,"burn, seatedstand, md, morelay, breathtak, teleport, tear, dimens, restaraunt, way"
989,use oculu rift scale way see roller coaster track stand ride forc stand see wooden cart need fix otherwis nice ride get fix,17,"moreon, unrealist, turret, smoke, stream, suffer, underr, blah, encourag, ago"
990,noth bore ride isnt realli feel go fast intens anim pretti poor overal tri free month viveport infin,31,"mejor, stiff, plagu, dope, mag, squad, plush, coop, bullshit, janki"
991,much motion user control made kind nauseat,3,"shooti, partak, viread, acceler, brother, noth, gaug, soud, mor, blue"
992,seem like nice puzzl,45,"vast, email, corrupt, utterli, uncontrol, sensit, manag, deal, sincer, seper"
993,nonfunct vr tetri,35,"moref, minigolf, tweak, pitfal, winki, builder, absurd, right, bounc, level"
994,final horror that good beyond expect dont get neg review forc player look possibl jumpscar wont activ til look directli area away area short unexpect fight scene quick adrenalin rush doesnt long storylin take age get scare even sexi scene importantli build jumpscar unpredict read recommend peopl look quick horror get reaction friendsfamili,27,"stash, wack, mous, urgenc, fp, understand, playbl, truli, sourc, absorb"
995,overal love like silent hill hellrais walk deadthi great immers mix magic puzzl scari creepi environ even first person shooter one vr experi stori line bit place didnt mind focus overal immers experi definit see turn someth stronger storywis good job folk,1,"exper, spectacular, solitair, straight, wipe, minigolf, trooper, spin, french, school"
996,finish overal pretti fun experi definit jump scare quit creepi moment enjoy horror type game movi definit worth pick,1,"exper, spectacular, solitair, straight, wipe, minigolf, trooper, spin, french, school"
997,bad littl buggi hard follow,14,"return, stone, sooth, boggl, explor, translat, gag, suspens, three, bond"
998,good need play dont want play need keep play,18,"wanna, consist, utterli, drop, intut, end, monthli, fireproof, weight, fatal"
999,must miss someth cant figur dump crap pot ring bell sometim stuff happen time subscript titl,31,"mejor, stiff, plagu, dope, mag, squad, plush, coop, bullshit, janki"
1000,actual much fun expect would like never given tri werent viveport im consid buy quest play without pc wish better explan stuff ingam kind figur mayb that went big build even first two level decor system confus gather differ speci likread moreread more differ categori decor need put one piec decor given speci hous order get move product build appear place one deco item tier differ categori tier mix deco cloud get way wish would either fade bit get close headset fade time big big problem everi time go build menu grab someth build one control cover control make obscur one lose track happen time tri fast grabe item avoid lose track that frustrat quest use virtual desktop also light exposur seem two lamppost everyth blown around there sort overexposur go sad beauti color becom bright undersatur like music fun like see littl citi grow tend build terrac style see citi time difficult becuas power system big box avail power im use box want abl see citi wish could scale whole thing even scale add graviti could walk around citi wish multiplay wish bright environ idea would work given dark space mayb surround bright nebula thing anyway great chill groov music,14,"return, stone, sooth, boggl, explor, translat, gag, suspens, three, bond"
