month,topic_0,topic_1,topic_2,topic_3,topic_4,topic_5,topic_6,topic_7,topic_8,topic_9,topic_10,topic_11,topic_12,topic_13,topic_14,topic_15,topic_16,topic_17,topic_18,topic_19,topic_20,topic_21,topic_22,topic_23,topic_24,topic_25,topic_26,topic_27,topic_28,topic_29,topic_30,topic_31,topic_32,topic_33,topic_34,topic_35,topic_36,topic_37,topic_38,topic_39
2013-02,0.1111111111111111,0.0,0.0,0.0,0.0,0.0,0.1111111111111111,0.0,0.0,0.0,0.0,0.0,0.0,0.0,0.0,0.1111111111111111,0.0,0.0,0.0,0.0,0.1111111111111111,0.1111111111111111,0.0,0.0,0.0,0.2222222222222222,0.0,0.0,0.0,0.1111111111111111,0.0,0.0,0.0,0.0,0.1111111111111111,0.0,0.0,0.0,0.0,0.0
2013-03,0.02494802494802495,0.02286902286902287,0.02702702702702703,0.02079002079002079,0.02494802494802495,0.012474012474012475,0.02079002079002079,0.037422037422037424,0.02494802494802495,0.031185031185031187,0.010395010395010396,0.037422037422037424,0.031185031185031187,0.02286902286902287,0.033264033264033266,0.02079002079002079,0.010395010395010396,0.033264033264033266,0.008316008316008316,0.014553014553014554,0.018711018711018712,0.018711018711018712,0.037422037422037424,0.02079002079002079,0.033264033264033266,0.035343035343035345,0.04365904365904366,0.029106029106029108,0.02702702702702703,0.02494802494802495,0.02494802494802495,0.02079002079002079,0.02079002079002079,0.018711018711018712,0.012474012474012475,0.031185031185031187,0.029106029106029108,0.02079002079002079,0.037422037422037424,0.02494802494802495
2013-04,0.026481234520861117,0.026100209563726422,0.020765860163840733,0.019051247856734618,0.018098685463897885,0.016955610592493807,0.031434558963612115,0.022480472470946845,0.019813297771004,0.02419508477805296,0.016955610592493807,0.027624309392265192,0.02686225947799581,0.023242522385216232,0.02419508477805296,0.025147647170889693,0.024957134692322348,0.021527910078110116,0.029338921699371308,0.01943227281386931,0.028957896742236616,0.024004572299485615,0.03372070870642027,0.028195846827967233,0.026100209563726422,0.02381405982091827,0.03543532101352639,0.0325776338350162,0.027814821870832538,0.022480472470946845,0.020003810249571347,0.0222899599923795,0.028957896742236616,0.01790817298533054,0.022670984949514195,0.026671746999428463,0.028957896742236616,0.02571918460659173,0.031625071442179464,0.027433796913697846
2013-05,0.024768296580377117,0.023330137424097154,0.019654841802492808,0.019974432726110578,0.017417705337168424,0.017897091722595078,0.038510706295941194,0.017737296260786194,0.019974432726110578,0.02556727388942154,0.015500159795461809,0.022690955576861616,0.031639501438159155,0.03483541067433685,0.02652604666027485,0.02860338766379035,0.029242569511025888,0.027484819431128155,0.03004154682007031,0.024608501118568233,0.02556727388942154,0.017897091722595078,0.03771172898689677,0.03275806967082135,0.02620645573665708,0.018376478108021732,0.03004154682007031,0.030680728667305847,0.02588686481303931,0.019974432726110578,0.021252796420581657,0.022211569191434962,0.027804410354745925,0.017098114413550657,0.01901565995525727,0.017737296260786194,0.02652604666027485,0.02796420581655481,0.031000319590923617,0.02828379674017258
2013-06,0.02837237479806139,0.023525848142164782,0.018982229402261713,0.019991922455573505,0.018174474959612278,0.018679321486268174,0.033723747980613894,0.019991922455573505,0.018679321486268174,0.023626817447495962,0.018982229402261713,0.02675686591276252,0.025848142164781908,0.03523828756058158,0.026151050080775444,0.02544426494345719,0.027261712439418415,0.025848142164781908,0.02837237479806139,0.026352988691437804,0.025747172859450728,0.021708400646203555,0.034733441033925685,0.029281098546042002,0.024636510500807753,0.020092891760904685,0.031098546042003232,0.030593699515347333,0.017770597738287562,0.020193861066235864,0.02948303715670436,0.025747172859450728,0.02695880452342488,0.013832794830371567,0.023222940226171242,0.021607431340872375,0.024434571890145397,0.030896607431340872,0.029180129240710825,0.028776252019386106
2013-07,0.026448736998514116,0.024764735017335313,0.022486379395740465,0.023080733036156514,0.0237741456166419,0.02100049529470035,0.02773650321941555,0.027340267459138187,0.016047548291233282,0.021892025755324417,0.023476968796433878,0.02773650321941555,0.022288261515601784,0.028033680039623577,0.02050520059435364,0.022288261515601784,0.028132738979692918,0.030212976721149084,0.027439326399207528,0.022189202575532443,0.02109955423476969,0.021396731054977712,0.034868746904408124,0.02060425953442298,0.02526002971768202,0.0237741456166419,0.03140168400198118,0.0283308568598316,0.02129767211490837,0.023476968796433878,0.02526002971768202,0.02922238732045567,0.03873204556711243,0.019415552253590887,0.021792966815255076,0.018623080733036156,0.02892521050024765,0.0158494304110946,0.02823179791976226,0.03556215948489351
2013-08,0.027867095391211148,0.022909967845659164,0.02130225080385852,0.025857449088960344,0.020632368703108254,0.01781886387995713,0.027867095391211148,0.02639335476956056,0.0167470525187567,0.021704180064308683,0.019962486602357984,0.03483386923901393,0.020364415862808145,0.02652733118971061,0.02197213290460879,0.019560557341907824,0.02130225080385852,0.03362808145766345,0.030278670953912113,0.020632368703108254,0.020364415862808145,0.019962486602357984,0.035235798499464094,0.0242497320471597,0.01942658092175777,0.02451768488745981,0.0334941050375134,0.03510182207931404,0.0242497320471597,0.023981779206859594,0.02130225080385852,0.02947481243301179,0.04072883172561629,0.02197213290460879,0.01822079314040729,0.01647909967845659,0.03403001071811361,0.01339764201500536,0.027331189710610933,0.03831725616291533
2013-09,0.02608540289440772,0.020368054314811507,0.01983205288547436,0.023584062890834374,0.02412006432017152,0.02072538860103627,0.022690727175272467,0.026621404323744862,0.018760050026800073,0.021440057173485797,0.018045381454350546,0.033232088618902984,0.024656065749508665,0.029837412899767733,0.02090405574414865,0.022869394318384847,0.02608540289440772,0.0282294086117563,0.026621404323744862,0.022869394318384847,0.021618724316598177,0.02322672860460961,0.03251742004645346,0.018938717169912453,0.026800071466857246,0.02519206717884581,0.033232088618902984,0.03251742004645346,0.024477398606396285,0.021440057173485797,0.02197605860282294,0.02715740575308201,0.046632124352331605,0.025013400035733428,0.01536537430766482,0.020546721457923887,0.02840807575486868,0.016616044309451492,0.02412006432017152,0.036626764338038235
2013-10,0.025632545063667935,0.02364808996196461,0.022159748635687117,0.04316189846204729,0.025136431288242105,0.016206383330577147,0.026128658839093766,0.020340664792459072,0.027120886389945427,0.025797916322143212,0.012237473127170499,0.02794774268232181,0.022325119894162394,0.02430957499586572,0.018025467173805192,0.03274350917810485,0.015875640813626593,0.021829006118736564,0.021332892343310733,0.031089796593352075,0.019513808500082684,0.025632545063667935,0.031089796593352075,0.025797916322143212,0.04630395237307756,0.01703323962295353,0.03935835951711592,0.027286257648420704,0.025136431288242105,0.01604101207210187,0.0165371258475277,0.02149826360178601,0.03406647924590706,0.024971060029766828,0.016206383330577147,0.017363982139904085,0.021663634860261287,0.021332892343310733,0.035224078055234,0.03489333553828344
2013-11,0.020805998125585753,0.02211808809746954,0.023055295220243674,0.03392689784442362,0.024742268041237112,0.013120899718837863,0.025117150890346766,0.01893158388003749,0.02211808809746954,0.026429240862230554,0.014620431115276476,0.027366447985004688,0.02717900656044986,0.0260543580131209,0.020805998125585753,0.026804123711340205,0.016682286785379568,0.02717900656044986,0.023055295220243674,0.02549203373945642,0.02099343955014058,0.02380506091846298,0.030178069353327085,0.023992502343017807,0.04854732895970009,0.021368322399250236,0.035801312089971886,0.027741330834114338,0.018556701030927835,0.022492970946579195,0.016682286785379568,0.021743205248359886,0.05285848172446111,0.026429240862230554,0.018556701030927835,0.019119025304592314,0.021180880974695407,0.01818181818181818,0.02924086223055295,0.036925960637300845
2013-12,0.018523418893887273,0.02593278645144218,0.019581899973537972,0.024080444562053452,0.024609685101878803,0.025138925641704155,0.029108229690394283,0.01905265943371262,0.023551204022228104,0.019581899973537972,0.022757343212490077,0.029108229690394283,0.029108229690394283,0.028049748610743584,0.0214342418629267,0.030166710770044985,0.01587721619476052,0.025668166181529506,0.02196348240275205,0.02990209050013231,0.018523418893887273,0.026197406721354857,0.028578989150568935,0.036517597247949195,0.032812913469171735,0.024345064831966128,0.03598835670812384,0.030960571579783012,0.02831436888065626,0.020375760783276,0.024080444562053452,0.02328658375231543,0.02699126753109288,0.01587721619476052,0.015612595924847844,0.024080444562053452,0.024345064831966128,0.01799417835406192,0.02990209050013231,0.032019052659433715
2014-01,0.019858156028368795,0.026792750197005517,0.015760441292356184,0.019070133963750985,0.02269503546099291,0.025847123719464144,0.02379826635145784,0.022222222222222223,0.014814814814814815,0.02033096926713948,0.028211189913317572,0.04460204885736801,0.021591804570527975,0.028526398739164696,0.030890464933018124,0.02805358550039401,0.02111899133175729,0.025689519306540582,0.019858156028368795,0.02962962962962963,0.02111899133175729,0.022852639873916468,0.026477541371158392,0.03750985027580772,0.03593380614657211,0.024113475177304965,0.032781717888100866,0.027265563435776203,0.02884160756501182,0.026792750197005517,0.02553191489361702,0.02111899133175729,0.020646178092986602,0.016706067769897557,0.014972419227738377,0.020015760441292357,0.026792750197005517,0.022379826635145785,0.034988179669030735,0.02379826635145784
2014-02,0.025942350332594236,0.02616407982261641,0.020842572062084258,0.017738359201773836,0.01818181818181818,0.021286031042128603,0.017738359201773836,0.019068736141906874,0.014634146341463415,0.017738359201773836,0.019068736141906874,0.041685144124168516,0.025720620842572064,0.02394678492239468,0.02638580931263858,0.027937915742793792,0.01862527716186253,0.03126385809312639,0.020842572062084258,0.021286031042128603,0.025055432372505543,0.027937915742793792,0.027494456762749447,0.03747228381374723,0.032815964523281595,0.024168514412416853,0.03082039911308204,0.025942350332594236,0.029046563192904655,0.02993348115299335,0.03436807095343681,0.021729490022172948,0.02350332594235033,0.01729490022172949,0.014412416851441241,0.02350332594235033,0.03592017738359202,0.020842572062084258,0.037915742793791576,0.023725055432372504
2014-03,0.022712026832774318,0.021370388116914232,0.03584091998083373,0.02529947292764734,0.01629132726401533,0.024149496885481552,0.02616195495927168,0.03258265452803066,0.021370388116914232,0.033253473885960706,0.018878773358888358,0.024149496885481552,0.0389075227599425,0.029707714422616195,0.031720172496406324,0.01820795400095831,0.014662194537613799,0.03028270244369909,0.014949688548155246,0.017057977958792526,0.03517010062290369,0.022520364159080018,0.025778629611883087,0.036511739338763775,0.020220412074748444,0.02616195495927168,0.040632486823191184,0.015428845232390992,0.0242453282223287,0.017824628653569718,0.01772879731672257,0.029611883085769047,0.03392429324389075,0.02050790608528989,0.017824628653569718,0.013991375179683756,0.041494968854815524,0.01562050790608529,0.02721609966459032,0.020028749401054143
2014-04,0.024925816023738872,0.025222551928783383,0.032640949554896145,0.015281899109792284,0.014688427299703264,0.022403560830860533,0.029525222551928784,0.032937685459940656,0.02166172106824926,0.02344213649851632,0.02166172106824926,0.03545994065281899,0.032640949554896145,0.029080118694362018,0.024183976261127598,0.025519287833827894,0.022106824925816025,0.0228486646884273,0.015578635014836795,0.019881305637982197,0.03427299703264095,0.02967359050445104,0.023887240356083087,0.03887240356083086,0.025816023738872405,0.019584569732937686,0.03620178041543027,0.02225519287833828,0.020326409495548963,0.017359050445103857,0.01973293768545994,0.02537091988130564,0.030118694362017803,0.02462908011869436,0.022551928783382788,0.020474777448071215,0.034421364985163204,0.014985163204747775,0.023590504451038576,0.024183976261127598
2014-05,0.027248908296943233,0.02148471615720524,0.027248908296943233,0.011528384279475983,0.013799126637554586,0.021834061135371178,0.01921397379912664,0.025152838427947598,0.025327510917030567,0.01903930131004367,0.023406113537117905,0.041746724890829694,0.025502183406113536,0.02445414847161572,0.013799126637554586,0.03615720524017467,0.023580786026200874,0.02445414847161572,0.014672489082969432,0.023930131004366813,0.02812227074235808,0.023580786026200874,0.016419213973799127,0.053100436681222704,0.02812227074235808,0.020786026200873362,0.026899563318777294,0.02759825327510917,0.022183406113537116,0.01572052401746725,0.01903930131004367,0.023056768558951966,0.02829694323144105,0.038951965065502185,0.023930131004366813,0.0359825327510917,0.03545851528384279,0.01589519650655022,0.02148471615720524,0.03179039301310044
2014-06,0.024424284717376135,0.01884159106769016,0.02512212142358688,0.014933705512909979,0.015073272854152128,0.022330774598743892,0.02568039078855548,0.021772505233775295,0.019260293091416608,0.016329378925331473,0.021772505233775295,0.039078855547801813,0.02372644801116539,0.02554082344731333,0.01270062805303559,0.04256803907885555,0.02930914166085136,0.017864619678995115,0.021353803210048847,0.022330774598743892,0.026796929518492673,0.024424284717376135,0.021772505233775295,0.04815073272854152,0.025959525471039777,0.02568039078855548,0.021214235868806698,0.02903000697836706,0.023028611304954642,0.016608513607815772,0.016468946266573622,0.028471737613398464,0.024424284717376135,0.0410327983251919,0.02344731332868109,0.030006978367062107,0.032240055826936495,0.012281926029309142,0.034891835310537335,0.03405443126308444
2014-07,0.026122926127422327,0.020277865203902703,0.025718268063486354,0.02045771323231869,0.02706712827660627,0.023515129715390496,0.03704869385369363,0.01793984083449485,0.026662470212670295,0.023065509644350522,0.028640798525246168,0.04280383076300526,0.02158176340991862,0.015826626500606986,0.01591655051481498,0.024863989928510407,0.03619441571871768,0.023560091722494493,0.025403534013758375,0.019828245132862733,0.02706712827660627,0.022525965559102558,0.028730722539454162,0.023515129715390496,0.02405467380063846,0.017849916820286856,0.023200395665662517,0.028820646553662156,0.02823614046131019,0.028191178454206194,0.02140191538150263,0.02203138348095859,0.01829953689132683,0.03205791106514995,0.019108853019198777,0.02778652039027022,0.020412751225214694,0.01987320713996673,0.03614945371161369,0.028191178454206194
2014-08,0.026555110949436158,0.025873044743543107,0.024963623135685703,0.019643506729719897,0.028692251727901054,0.025509276100400144,0.028101127682793742,0.02387231720625682,0.025372862859221534,0.022826482357220807,0.024872680974899964,0.03442160785740269,0.022553655874863587,0.021917060749363403,0.018915969443433975,0.025736631502364497,0.027873772280829393,0.02714623499454347,0.02796471444161513,0.01764277919243361,0.025782102582757368,0.019779919970898507,0.024327028010185523,0.02091669698072026,0.031102218988723174,0.024281556929792652,0.02696435067297199,0.035149145143688616,0.02000727537286286,0.03042015278283012,0.02409967260822117,0.02064387049836304,0.02082575481993452,0.03278464896325937,0.018415787559112405,0.022781011276827936,0.029056020371044017,0.018506729719898144,0.025009094216078574,0.028692251727901054
2014-09,0.01964262252003679,0.026737616607541717,0.02837997635001971,0.02128498226251478,0.021087899093417423,0.02765733806332939,0.03416108264354224,0.020759427144921825,0.024569701747470765,0.025095256865063722,0.023255813953488372,0.03192747339377217,0.023321508343187494,0.02187623176980686,0.019839705689134148,0.024241229798975167,0.02851136512941795,0.0256865063723558,0.030876363158586256,0.018065957167257916,0.02299303639469189,0.023518591512284852,0.029365392195506504,0.02010248324793063,0.027460254894232032,0.020299566417027987,0.02975955853370122,0.027263171725134674,0.019839705689134148,0.033241361187754566,0.0216791486007095,0.02128498226251478,0.023387202732886612,0.034949415319931676,0.01905137301274471,0.02378136907108133,0.031007751937984496,0.01964262252003679,0.030744974379188016,0.023649980291683092
2014-10,0.02176306207130155,0.027097976119908544,0.025743077313913117,0.022863917351172835,0.02117029384367855,0.0172749597764417,0.027352019646032687,0.02218646794817512,0.018460496231687697,0.03480396307900754,0.025150309086290117,0.03692099246337539,0.028283512575154542,0.024811584384791262,0.013464306884579558,0.022525192649673977,0.02396477263104412,0.029299686679651115,0.02963841138114997,0.018883902108561265,0.024980946735540688,0.020916250317554407,0.03429587602675925,0.022863917351172835,0.02557371496316369,0.024134134981793547,0.03709035481412482,0.021847743246676266,0.01956135151155898,0.03505800660513168,0.019900076213057838,0.019646032686933695,0.026081802015411975,0.03285629604538911,0.01913794563468541,0.027690744347531545,0.021509018545177408,0.02616648319078669,0.0280294690490304,0.02100093149292912
2014-11,0.032622950819672134,0.028852459016393443,0.023442622950819673,0.022131147540983605,0.022459016393442624,0.02,0.025737704918032785,0.02278688524590164,0.014426229508196721,0.02983606557377049,0.02442622950819672,0.046885245901639346,0.03344262295081967,0.02639344262295082,0.018688524590163933,0.02459016393442623,0.02639344262295082,0.03622950819672131,0.018852459016393444,0.020655737704918034,0.024918032786885248,0.021639344262295083,0.03163934426229508,0.02180327868852459,0.027377049180327868,0.020491803278688523,0.04245901639344262,0.018360655737704918,0.02098360655737705,0.023934426229508195,0.01737704918032787,0.023770491803278688,0.031475409836065574,0.020655737704918034,0.01360655737704918,0.027377049180327868,0.019508196721311474,0.030983606557377048,0.026885245901639345,0.015901639344262294
2014-12,0.028926422053970103,0.030673655600854204,0.030673655600854204,0.0217433508056688,0.0219374878664337,0.0203843913803145,0.0283440108716754,0.0157251019219569,0.0170840613473112,0.04038050863909921,0.027761599689380703,0.0384391380314502,0.035915356241506505,0.018831294894195303,0.0217433508056688,0.028926422053970103,0.0219374878664337,0.021160939623374102,0.022325761987963502,0.017666472529605903,0.018831294894195303,0.0231023102310231,0.029314696175499904,0.024849543777907202,0.0283440108716754,0.0217433508056688,0.036886041545331004,0.027761599689380703,0.019025431954960204,0.016113376043486703,0.0203843913803145,0.031061929722384002,0.030479518540089304,0.0256260920209668,0.014948553678897301,0.0217433508056688,0.021355076684139003,0.019801980198019802,0.033003300330033,0.025043680838672103
2015-01,0.03767922640880293,0.03134378126042014,0.035345115038346114,0.019339779926642216,0.022007335778592863,0.019339779926642216,0.03451150383461154,0.010003334444814937,0.018672890963654553,0.04018006002000667,0.04668222740913638,0.04084694898299433,0.02517505835278426,0.023674558186062022,0.0191730576858953,0.02750916972324108,0.014338112704234745,0.017005668556185394,0.022507502500833613,0.009503167722574191,0.013504501500500166,0.03017672557519173,0.023674558186062022,0.02484161387129043,0.03951317105701901,0.030843614538179392,0.02717572524174725,0.02867622540846949,0.015505168389463154,0.014338112704234745,0.022840946982327442,0.03434478159386462,0.025341780593531177,0.026675558519506502,0.016672224074691565,0.021507169056352117,0.014338112704234745,0.019839946648882962,0.03134378126042014,0.02400800266755585
2015-02,0.030199039121482498,0.0263097689315946,0.0363761153054221,0.02585220773278426,0.01692976435598261,0.01967513154884466,0.03134294211850835,0.017158544955387784,0.01967513154884466,0.027453671928620454,0.03431708991077557,0.034774651109585906,0.022649279341111873,0.023564401738732556,0.022420498741706704,0.027911233127430792,0.01601464195836193,0.017844886753603295,0.02127659574468085,0.019446350949439486,0.015785861358956762,0.030427819720887667,0.027453671928620454,0.02539464653397392,0.033401967513154884,0.02722489132921528,0.038435140700068635,0.027682452528025623,0.017387325554792953,0.018760009151223975,0.021505376344086023,0.03088538091969801,0.024479524136353237,0.02539464653397392,0.01601464195836193,0.019446350949439486,0.023564401738732556,0.02539464653397392,0.03546099290780142,0.024708304735758406
2015-03,0.011325883418906675,0.025974025974025976,0.05194805194805195,0.02536997885835095,0.021141649048625793,0.01630927212322561,0.029145273331319842,0.0173663545756569,0.02053760193295077,0.012987012987012988,0.01676230745998188,0.017215342796738146,0.022047719722138325,0.02959830866807611,0.018121413470250678,0.040169133192389,0.02053760193295077,0.04001812141347025,0.026427061310782242,0.018725460585925703,0.02023557837511326,0.03820598006644518,0.0306553911205074,0.029145273331319842,0.022047719722138325,0.03488372093023256,0.03775294472968892,0.015554213228631833,0.027031108426457263,0.020386590154032016,0.015554213228631833,0.015856236786469344,0.02612503775294473,0.020688613711869527,0.021141649048625793,0.014195107218363033,0.02234974327997584,0.039414074297795226,0.051646028390214434,0.015403201449713078
2015-04,0.01734860883797054,0.024222585924713585,0.05106382978723404,0.025204582651391163,0.025204582651391163,0.019312602291325694,0.03567921440261866,0.020621931260229133,0.015711947626841243,0.011456628477905073,0.01800327332242226,0.01702127659574468,0.023240589198036007,0.03240589198036006,0.01702127659574468,0.037970540098199675,0.024549918166939442,0.018657937806873977,0.02127659574468085,0.01800327332242226,0.018657937806873977,0.028150572831423894,0.033060556464811784,0.029787234042553193,0.028477905073649754,0.024549918166939442,0.03993453355155483,0.019312602291325694,0.028477905073649754,0.02127659574468085,0.019967266775777415,0.02225859247135843,0.024222585924713585,0.024222585924713585,0.020949263502454993,0.02127659574468085,0.018657937806873977,0.040589198036006545,0.044844517184942714,0.01734860883797054
2015-05,0.022015022015022014,0.02641802641802642,0.04921004921004921,0.02072002072002072,0.01605801605801606,0.02305102305102305,0.03263403263403263,0.01838901838901839,0.024346024346024345,0.012691012691012691,0.019684019684019685,0.02046102046102046,0.027195027195027196,0.039627039627039624,0.021238021238021237,0.03651903651903652,0.02072002072002072,0.016576016576016577,0.017871017871017872,0.02046102046102046,0.025382025382025383,0.021238021238021237,0.03522403522403522,0.03056203056203056,0.02072002072002072,0.027195027195027196,0.037037037037037035,0.020202020202020204,0.02512302512302512,0.017871017871017872,0.018907018907018906,0.014763014763014764,0.034447034447034446,0.03522403522403522,0.01813001813001813,0.01605801605801606,0.017353017353017353,0.038591038591038594,0.041181041181041184,0.018907018907018906
2015-06,0.02056843679880329,0.032535527299925204,0.026551982049364247,0.016828721017202692,0.01832460732984293,0.04693343305908751,0.04431563201196709,0.018698578908002993,0.05011219147344802,0.02299925205684368,0.025991024682124157,0.0274869109947644,0.027299925205684368,0.019259536275243083,0.016454749439042633,0.01776364996260284,0.02243829468960359,0.011406133133881825,0.02299925205684368,0.010845175766641735,0.02393418100224383,0.014397905759162303,0.02860882572924458,0.015145848915482424,0.01944652206432311,0.029543754674644727,0.03216155572176515,0.03683620044876589,0.013089005235602094,0.013462976813762155,0.011032161555721766,0.02131637995512341,0.04730740463724757,0.05048616305160808,0.028982797307404638,0.019820493642483172,0.02056843679880329,0.027299925205684368,0.024308152580403888,0.02243829468960359
2015-07,0.02952755905511811,0.03622047244094488,0.03700787401574803,0.01811023622047244,0.01653543307086614,0.025984251968503937,0.047637795275590554,0.01732283464566929,0.04055118110236221,0.013385826771653543,0.03464566929133858,0.017716535433070866,0.03503937007874016,0.03188976377952756,0.01732283464566929,0.021653543307086614,0.02125984251968504,0.014960629921259842,0.02047244094488189,0.014960629921259842,0.019291338582677165,0.014566929133858268,0.023622047244094488,0.025196850393700787,0.025196850393700787,0.02637795275590551,0.03228346456692913,0.04094488188976378,0.012992125984251968,0.011023622047244094,0.02047244094488189,0.025196850393700787,0.03307086614173228,0.04055118110236221,0.023228346456692913,0.029133858267716535,0.01889763779527559,0.02283464566929134,0.02283464566929134,0.020078740157480315
2015-08,0.029747492217225873,0.03528190937391906,0.03424420615703909,0.018332756831546178,0.01937046004842615,0.03286060186786579,0.03908682116914562,0.017295053614666205,0.033206502940159116,0.019716361120719474,0.03286060186786579,0.029055690072639227,0.02352127291594604,0.023867173988239364,0.019024558976132824,0.022137668626772744,0.019024558976132824,0.012106537530266344,0.017295053614666205,0.014181943964026288,0.020754064337599448,0.016603251470079558,0.03113109650639917,0.01937046004842615,0.02940159114493255,0.026634382566585957,0.03113109650639917,0.03528190937391906,0.014873746108612937,0.012106537530266344,0.014873746108612937,0.02698028363887928,0.04600484261501211,0.038395019024558975,0.023867173988239364,0.023867173988239364,0.024213075060532687,0.025942580421999307,0.028017986855759253,0.018332756831546178
2015-09,0.022336769759450172,0.027835051546391754,0.027491408934707903,0.018556701030927835,0.021649484536082474,0.035395189003436425,0.03470790378006873,0.018900343642611683,0.03470790378006873,0.02268041237113402,0.03436426116838488,0.02268041237113402,0.029553264604810996,0.03161512027491409,0.02027491408934708,0.020618556701030927,0.02611683848797251,0.01134020618556701,0.014089347079037801,0.015120274914089347,0.025085910652920963,0.01752577319587629,0.03161512027491409,0.015463917525773196,0.02336769759450172,0.028178694158075602,0.03161512027491409,0.03367697594501718,0.014776632302405498,0.013402061855670102,0.020962199312714775,0.03367697594501718,0.04089347079037801,0.04020618556701031,0.02302405498281787,0.026460481099656357,0.020962199312714775,0.0288659793814433,0.023711340206185566,0.016494845360824743
2015-10,0.03269654665686995,0.02718589272593681,0.03526818515797208,0.018736223365172666,0.019103600293901544,0.036737692872887584,0.031227038941954444,0.02204261572373255,0.025349008082292433,0.02204261572373255,0.03600293901542983,0.031227038941954444,0.029757531227038943,0.02718589272593681,0.014695077149155033,0.020573108008817047,0.024246877296105803,0.015062454077883909,0.022777369581190303,0.014695077149155033,0.02094048493754592,0.027920646583394562,0.030124908155767818,0.02020573108008817,0.019838354151359296,0.02204261572373255,0.03526818515797208,0.029757531227038943,0.015429831006612785,0.020573108008817047,0.016164584864070537,0.02828802351212344,0.0334313005143277,0.03930933137398971,0.01653196179279941,0.024981631153563555,0.016164584864070537,0.026083761939750184,0.028655400440852314,0.021675238795003673
2015-11,0.026014568158168574,0.033818938605619145,0.026534859521331947,0.023413111342351717,0.01404786680541103,0.029656607700312174,0.023413111342351717,0.019771071800208116,0.018730489073881373,0.01768990634755463,0.016129032258064516,0.033818938605619145,0.040062434963579606,0.040062434963579606,0.02861602497398543,0.026014568158168574,0.025494276795005204,0.014568158168574402,0.021852237252861603,0.01404786680541103,0.02029136316337149,0.046826222684703434,0.032778355879292405,0.021852237252861603,0.015088449531737774,0.018730489073881373,0.03485952133194589,0.016129032258064516,0.013527575442247659,0.032778355879292405,0.022372528616024973,0.023933402705515087,0.02861602497398543,0.031217481789802288,0.02081165452653486,0.03902185223725286,0.01716961498439126,0.021852237252861603,0.027575442247658687,0.02081165452653486
2015-12,0.0243436754176611,0.028639618138424822,0.03484486873508353,0.019570405727923627,0.013365155131264916,0.031026252983293555,0.029594272076372316,0.012410501193317422,0.021479713603818614,0.026252983293556086,0.016229116945107397,0.04821002386634845,0.02768496420047733,0.04582338902147971,0.021479713603818614,0.028162291169451074,0.029116945107398567,0.011933174224343675,0.02100238663484487,0.013365155131264916,0.014797136038186158,0.04916467780429594,0.036276849642004776,0.016229116945107397,0.022911694510739856,0.019570405727923627,0.03007159904534606,0.015751789976133652,0.017183770883054894,0.03484486873508353,0.0243436754176611,0.02768496420047733,0.0243436754176611,0.025298329355608593,0.016706443914081145,0.03579952267303103,0.014319809069212411,0.024821002386634844,0.031026252983293555,0.014319809069212411
2016-01,0.026146303950783427,0.03297125829087763,0.017398827261366913,0.018456214553494183,0.010381620686340479,0.03172161876381813,0.017014322791502452,0.016725944439104103,0.012111890800730558,0.026146303950783427,0.012592521388061136,0.05757954436220321,0.020667115255214842,0.036335672402191675,0.031144862059021436,0.023647024896664422,0.022685763722003267,0.020474863020282612,0.016629818321637988,0.013073151975391713,0.019321349610689223,0.048447563202922234,0.031529366528885897,0.024608286071325577,0.013842160915120638,0.03124098817648755,0.04200711333269249,0.026242430068249542,0.024223781601461117,0.03854657310391233,0.015187926559646256,0.019225223493223108,0.025761799480918966,0.019417475728155338,0.018167836201095838,0.037104681341920596,0.015380178794578488,0.025377295011054502,0.029414591944631356,0.03104873594155532
2016-02,0.01577042399172699,0.04033092037228542,0.016028955532574975,0.016546018614270942,0.014477766287487074,0.02171664943123061,0.02171664943123061,0.01861427094105481,0.018872802481902793,0.027404343329886244,0.011375387797311272,0.048862461220268875,0.026370217166494313,0.014477766287487074,0.0374870734229576,0.04007238883143743,0.013960703205791106,0.01938986556359876,0.010341261633919338,0.02094105480868666,0.016804550155118926,0.02921406411582213,0.022750775594622543,0.0343846949327818,0.02559462254395036,0.03852119958634954,0.05093071354705274,0.02766287487073423,0.022233712512926575,0.02921406411582213,0.01732161323681489,0.021458117890382628,0.039038262668045505,0.01628748707342296,0.010341261633919338,0.03929679420889348,0.016804550155118926,0.012409513960703205,0.01732161323681489,0.05765253360910031
2016-03,0.02776322682032478,0.030382399161864852,0.019381875327396544,0.03300157150340492,0.020953378732320588,0.01885804085908853,0.028287061288632794,0.01571503404924044,0.02566788894709272,0.01990570979570456,0.013619696176008382,0.03195390256678889,0.045573598742797275,0.028810895756940808,0.03247773703509691,0.03352540597171294,0.023048716605552647,0.0178103719224725,0.020429544264012573,0.011000523834468309,0.02671555788370875,0.0178103719224725,0.026191723415400735,0.023048716605552647,0.028287061288632794,0.028810895756940808,0.03614457831325301,0.02671555788370875,0.018334206390780514,0.020953378732320588,0.016238868517548456,0.025144054478784705,0.030382399161864852,0.025144054478784705,0.01885804085908853,0.03666841278156103,0.026191723415400735,0.019381875327396544,0.02671555788370875,0.024096385542168676
2016-04,0.027131782945736434,0.025017618040873855,0.0204369274136716,0.020789288231148697,0.022903453136011276,0.026074700493305146,0.0200845665961945,0.017618040873854827,0.021846370683579985,0.019027484143763214,0.01937984496124031,0.01726568005637773,0.049682875264270614,0.030303030303030304,0.03453136011275546,0.035236081747709654,0.029950669485553208,0.019732205778717406,0.01937984496124031,0.019027484143763214,0.028893587033121917,0.02255109231853418,0.017970401691331923,0.02959830866807611,0.03206483439041578,0.021141649048625793,0.026074700493305146,0.026074700493305146,0.026779422128259338,0.014094432699083862,0.022903453136011276,0.018322762508809022,0.025722339675828047,0.03171247357293869,0.022198731501057084,0.038407329105003524,0.021141649048625793,0.021141649048625793,0.031007751937984496,0.026779422128259338
2016-05,0.027315914489311165,0.02929532858273951,0.022565320665083134,0.02454473475851148,0.03167062549485352,0.0332541567695962,0.030087094220110848,0.014647664291369754,0.019398258115597783,0.017022961203483768,0.022565320665083134,0.019002375296912115,0.05740300870942201,0.03246239113222486,0.030087094220110848,0.027711797307996833,0.02573238321456849,0.019002375296912115,0.022169437846397466,0.015043547110055424,0.0281076801266825,0.018210609659540775,0.020190023752969122,0.01741884402216944,0.030878859857482184,0.021773555027711798,0.028503562945368172,0.03602533650039588,0.025336500395882817,0.017814726840855107,0.03167062549485352,0.018606492478226443,0.03246239113222486,0.023752969121140142,0.019398258115597783,0.03127474267616785,0.017814726840855107,0.017814726840855107,0.023357086302454474,0.018606492478226443
2016-06,0.01955671447196871,0.02564102564102564,0.01912212081703607,0.02303346371142981,0.0217296827466319,0.020425901781833986,0.030856149500217298,0.01694915254237288,0.025206431986093004,0.015210777922642329,0.01955671447196871,0.01564537157757497,0.03346371142981312,0.021295089091699262,0.017818339852238158,0.02303346371142981,0.023902651021295088,0.02607561929595828,0.020425901781833986,0.01912212081703607,0.03998261625380269,0.022598870056497175,0.02216427640156454,0.021295089091699262,0.03215993046501521,0.02607561929595828,0.03650586701434159,0.02824858757062147,0.027379400260756193,0.0217296827466319,0.04606692742285962,0.01912212081703607,0.03389830508474576,0.03694046066927423,0.017818339852238158,0.024771838331160364,0.013906996957844416,0.03172533681008257,0.026510212950890916,0.03302911777488049
2016-07,0.018067846607669618,0.032079646017699116,0.02064896755162242,0.02765486725663717,0.017699115044247787,0.022861356932153392,0.024336283185840708,0.019542772861356934,0.02654867256637168,0.019174041297935103,0.022861356932153392,0.024705014749262538,0.022861356932153392,0.012905604719764012,0.02064896755162242,0.014749262536873156,0.01696165191740413,0.021386430678466076,0.024336283185840708,0.02396755162241888,0.039454277286135694,0.014380530973451327,0.031342182890855455,0.025073746312684365,0.030973451327433628,0.022861356932153392,0.030973451327433628,0.029129793510324485,0.046460176991150445,0.018436578171091445,0.042404129793510326,0.019542772861356934,0.03797935103244838,0.036135693215339236,0.016224188790560472,0.015117994100294985,0.032079646017699116,0.03281710914454277,0.02064896755162242,0.02396755162241888
2016-08,0.016799664006719867,0.02645947081058379,0.019739605207895843,0.034439311213775727,0.0251994960100798,0.0251994960100798,0.039479210415791686,0.02015959680806384,0.025619487610247797,0.015959680806383873,0.020999580008399833,0.01889962200755985,0.025619487610247797,0.02015959680806384,0.028139437211255777,0.019739605207895843,0.020579588408231837,0.017219655606887863,0.01763964720705586,0.021839563208735827,0.04073918521629567,0.03359932801343973,0.02897942041159177,0.017219655606887863,0.03275934481310374,0.022259554808903823,0.03317933641327173,0.023519529609407813,0.034439311213775727,0.019739605207895843,0.02981940361192776,0.027299454010919783,0.03359932801343973,0.03317933641327173,0.015539689206215875,0.015539689206215875,0.02267954640907182,0.034019319613607726,0.024359512809743807,0.01763964720705586
2016-09,0.027876631079478055,0.03143534994068802,0.025504151838671413,0.026690391459074734,0.018979833926453145,0.026690391459074734,0.03262158956109134,0.014234875444839857,0.02609727164887307,0.011269276393831554,0.0166073546856465,0.02491103202846975,0.02965599051008304,0.01601423487544484,0.027283511269276393,0.019572953736654804,0.017793594306049824,0.020759193357058125,0.021352313167259787,0.018979833926453145,0.045077105575326216,0.020166073546856466,0.021352313167259787,0.01482799525504152,0.028469750889679714,0.02431791221826809,0.033807829181494664,0.02965599051008304,0.033214709371293,0.014234875444839857,0.03499406880189798,0.018386714116251483,0.02372479240806643,0.042111506524317915,0.01542111506524318,0.020166073546856466,0.020759193357058125,0.04804270462633452,0.029062870699881376,0.027876631079478055
2016-10,0.040279269602577876,0.02577873254564984,0.025241675617615467,0.023630504833512353,0.01987110633727175,0.015037593984962405,0.027389903329752954,0.023630504833512353,0.022556390977443608,0.014500537056928034,0.020945220193340493,0.023630504833512353,0.02309344790547798,0.02900107411385607,0.023630504833512353,0.02040816326530612,0.025241675617615467,0.02201933404940924,0.020945220193340493,0.020945220193340493,0.02953813104189044,0.025241675617615467,0.027389903329752954,0.022556390977443608,0.027389903329752954,0.024167561761546726,0.04189044038668099,0.024167561761546726,0.02577873254564984,0.018259935553168637,0.036519871106337275,0.015574650912996778,0.03544575725026853,0.031149301825993556,0.015574650912996778,0.020945220193340493,0.022556390977443608,0.03383458646616541,0.027926960257787327,0.02631578947368421
2016-11,0.03410705826622454,0.023685457129322594,0.01989578398863098,0.021316911416390336,0.02036949313121743,0.02510658455708195,0.02984367598294647,0.018000947418285174,0.021316911416390336,0.019422074846044527,0.02226432970156324,0.019422074846044527,0.025580293699668404,0.02226432970156324,0.023211747986736146,0.020843202273803884,0.02036949313121743,0.028422548555187114,0.01989578398863098,0.018474656560871626,0.037423022264329704,0.031264803410705824,0.031264803410705824,0.02984367598294647,0.026527711984841308,0.03221222169587873,0.03221222169587873,0.026527711984841308,0.03694931312174325,0.01705352913311227,0.028896257697773566,0.02226432970156324,0.030317385125532923,0.026054002842254856,0.018474656560871626,0.023211747986736146,0.0246328754144955,0.02700142112742776,0.022738038844149693,0.021316911416390336
2016-12,0.023365712785508006,0.028353898661065895,0.022578104489367288,0.0244158571803623,0.01785245471252297,0.024153321081648728,0.022578104489367288,0.01942767130480441,0.028353898661065895,0.023365712785508006,0.018902599107377266,0.022053032291940142,0.021002887897085848,0.02704121816749803,0.017327382515095826,0.018377526909950117,0.022578104489367288,0.021265423995799424,0.01916513520609084,0.023365712785508006,0.027566290364925177,0.025991073772643737,0.028091362562352323,0.0312417957469152,0.027303754266211604,0.01864006300866369,0.034129692832764506,0.029666579154633763,0.028091362562352323,0.02520346547650302,0.030979259648201626,0.01864006300866369,0.03544237332633237,0.029141506957206617,0.020740351798372275,0.02677868206878446,0.018377526909950117,0.04568128117616172,0.029929115253347335,0.02284064058808086
2017-01,0.024957841483979764,0.027318718381112984,0.021922428330522766,0.02664418212478921,0.019224283305227657,0.019224283305227657,0.024620573355817875,0.019561551433389546,0.02596964586846543,0.019224283305227657,0.013827993254637436,0.016526138279932545,0.021585160202360877,0.02630691399662732,0.02900505902192243,0.022934232715008433,0.014165261382799325,0.023946037099494097,0.016526138279932545,0.03541315345699832,0.0178752107925801,0.019561551433389546,0.03608768971332209,0.035075885328836424,0.02596964586846543,0.022259696458684655,0.02833052276559865,0.021585160202360877,0.021585160202360877,0.021922428330522766,0.024957841483979764,0.02833052276559865,0.03136593591905565,0.025632377740303542,0.019561551433389546,0.04451939291736931,0.027993254637436762,0.04519392917369309,0.02900505902192243,0.024283305227655986
2017-02,0.025828835774865073,0.03199691595990748,0.026599845797995375,0.02120277563608327,0.028912875867386275,0.025057825751734774,0.017733230531996914,0.018504240555127217,0.01966075558982267,0.016576715497301466,0.013492675404780262,0.015420200462606014,0.02274479568234387,0.026985350809560524,0.025443330763299923,0.02274479568234387,0.020431765612952967,0.02274479568234387,0.018118735543562067,0.025443330763299923,0.018504240555127217,0.026985350809560524,0.03546646106399383,0.03585196607555898,0.025057825751734774,0.02235929067077872,0.01966075558982267,0.018118735543562067,0.01927525057825752,0.016576715497301466,0.020046260601387818,0.023515805705474173,0.03353893600616808,0.038936006168080184,0.023901310717039322,0.04471858134155744,0.02235929067077872,0.06437933693138011,0.020431765612952967,0.02467232074016962
2017-03,0.02511682242990654,0.03154205607476635,0.02336448598130841,0.02161214953271028,0.03417056074766355,0.024240654205607476,0.02832943925233645,0.014018691588785047,0.029205607476635514,0.019567757009345793,0.015771028037383176,0.021904205607476634,0.018983644859813083,0.021320093457943924,0.022488317757009345,0.020735981308411214,0.01723130841121495,0.026285046728971962,0.01606308411214953,0.02394859813084112,0.015478971962616822,0.03008177570093458,0.039427570093457945,0.03300233644859813,0.02219626168224299,0.02511682242990654,0.023656542056074766,0.020735981308411214,0.021320093457943924,0.021904205607476634,0.014310747663551402,0.026869158878504672,0.028037383177570093,0.03183411214953271,0.028621495327102803,0.0481892523364486,0.023656542056074766,0.04585280373831776,0.021904205607476634,0.021904205607476634
2017-04,0.0345252774352651,0.034114262227702426,0.019317714755445952,0.02466091245376079,0.02383888203863543,0.02260583641594739,0.02383888203863543,0.02013974517057131,0.027127003699136867,0.019317714755445952,0.012330456226880395,0.012741471434443074,0.030826140567200986,0.02342786683107275,0.026715988491574187,0.02548294286888615,0.015207562679819153,0.02383888203863543,0.02178380600082203,0.030415125359638306,0.012330456226880395,0.032059186189889025,0.036991368680641186,0.026304973284011508,0.02055076037813399,0.02178380600082203,0.02424989724619811,0.02260583641594739,0.02260583641594739,0.018495684340320593,0.016029593094944512,0.02507192766132347,0.0345252774352651,0.019317714755445952,0.026304973284011508,0.03904644471845458,0.026304973284011508,0.05795314426633785,0.02548294286888615,0.01972872996300863
2017-05,0.024401265250790782,0.039313149570718485,0.024853140533212834,0.025305015815634886,0.028468142792589246,0.021690013556258474,0.03434252146407592,0.02666064166290104,0.025305015815634886,0.016719385449615907,0.014008133755083597,0.016719385449615907,0.02711251694532309,0.02349751468594668,0.02033438770899232,0.02033438770899232,0.023045639403524627,0.02711251694532309,0.021690013556258474,0.02711251694532309,0.019882512426570267,0.02937189335743335,0.039313149570718485,0.02033438770899232,0.0298237686398554,0.02666064166290104,0.028016267510167194,0.028468142792589246,0.01852688657930411,0.026208766380478987,0.016267510167193855,0.022141888838680523,0.03886127428829643,0.027564392227745142,0.014008133755083597,0.02937189335743335,0.01717126073203796,0.034794396746497966,0.030727519204699502,0.014460009037505649
2017-06,0.032101167315175094,0.0325875486381323,0.016050583657587547,0.017023346303501944,0.023346303501945526,0.02188715953307393,0.0325875486381323,0.023346303501945526,0.028696498054474707,0.016050583657587547,0.016536964980544747,0.016050583657587547,0.04328793774319066,0.017023346303501944,0.023832684824902722,0.015077821011673152,0.020428015564202335,0.026750972762645913,0.027237354085603113,0.020428015564202335,0.023346303501945526,0.038910505836575876,0.0325875486381323,0.026264591439688716,0.02480544747081712,0.02188715953307393,0.03404669260700389,0.04134241245136187,0.015077821011673152,0.02237354085603113,0.026750972762645913,0.019455252918287938,0.035505836575875485,0.019941634241245135,0.02091439688715953,0.02529182879377432,0.028696498054474707,0.023346303501945526,0.02821011673151751,0.02091439688715953
2017-07,0.03293084522502744,0.03512623490669594,0.02305159165751921,0.029271862422246615,0.02561287961946579,0.015733626051957557,0.024881083058909622,0.022685693377241127,0.025246981339187707,0.022319795096963045,0.023783388218075376,0.020124405415294547,0.031467252103915114,0.014635931211123308,0.024149286498353458,0.013172338090010977,0.021222100256128796,0.029271862422246615,0.0190267105744603,0.018660812294182216,0.02341748993779729,0.029637760702524697,0.03732162458836443,0.012074643249176729,0.026710574460300035,0.021222100256128796,0.03219904866447128,0.03256494694474936,0.017929015733626052,0.02451518477863154,0.024149286498353458,0.03329674350530552,0.04463959019392609,0.024881083058909622,0.016831320892791803,0.019392608854738383,0.019758507135016465,0.03549213318697402,0.026710574460300035,0.024881083058909622
2017-08,0.024366471734892786,0.030214424951267055,0.032651072124756333,0.024366471734892786,0.023391812865497075,0.015594541910331383,0.02387914230019493,0.02290448343079922,0.02387914230019493,0.01705653021442495,0.009746588693957114,0.021442495126705652,0.04191033138401559,0.02046783625730994,0.028265107212475632,0.016569200779727095,0.016569200779727095,0.027777777777777776,0.016569200779727095,0.019980506822612085,0.022417153996101363,0.026803118908382065,0.042884990253411304,0.031189083820662766,0.030214424951267055,0.025341130604288498,0.028752436647173488,0.02729044834307992,0.018031189083820662,0.03216374269005848,0.028265107212475632,0.027777777777777776,0.0341130604288499,0.025828460038986353,0.021929824561403508,0.021442495126705652,0.020955165692007796,0.02729044834307992,0.02631578947368421,0.023391812865497075
2017-09,0.02345537757437071,0.036041189931350116,0.017734553775743706,0.02459954233409611,0.032036613272311214,0.02116704805491991,0.02745995423340961,0.02574370709382151,0.02803203661327231,0.02231121281464531,0.016018306636155607,0.029748283752860413,0.036613272311212815,0.017734553775743706,0.02688787185354691,0.013729977116704805,0.018306636155606407,0.02231121281464531,0.02116704805491991,0.02402745995423341,0.019450800915331808,0.032036613272311214,0.041762013729977114,0.02803203661327231,0.021739130434782608,0.02116704805491991,0.02459954233409611,0.029748283752860413,0.02288329519450801,0.021739130434782608,0.02803203661327231,0.02459954233409611,0.03318077803203661,0.02345537757437071,0.02002288329519451,0.02745995423340961,0.017162471395881007,0.017162471395881007,0.03546910755148741,0.02517162471395881
2017-10,0.027332144979203804,0.04931669637551991,0.0172311348781937,0.026737967914438502,0.026737967914438502,0.023172905525846704,0.033273915626856804,0.0225787284610814,0.0427807486631016,0.0243612596553773,0.013071895424836602,0.0184194890077243,0.026737967914438502,0.016042780748663103,0.020796197266785502,0.019013666072489603,0.023767082590612002,0.026737967914438502,0.016042780748663103,0.0172311348781937,0.0213903743315508,0.032679738562091505,0.044563279857397504,0.0213903743315508,0.0225787284610814,0.030303030303030304,0.029708853238265002,0.040998217468805706,0.017825311942959002,0.016636957813428402,0.011883541295306001,0.023767082590612002,0.0392156862745098,0.021984551396316103,0.0142602495543672,0.0184194890077243,0.023172905525846704,0.016636957813428402,0.0374331550802139,0.023767082590612002
2017-11,0.035507246376811595,0.01956521739130435,0.02753623188405797,0.030434782608695653,0.031159420289855074,0.02318840579710145,0.028985507246376812,0.013768115942028985,0.02608695652173913,0.02826086956521739,0.012318840579710146,0.02608695652173913,0.03695652173913044,0.020289855072463767,0.020289855072463767,0.025362318840579712,0.01956521739130435,0.02608695652173913,0.015217391304347827,0.015942028985507246,0.021014492753623187,0.02826086956521739,0.036231884057971016,0.02391304347826087,0.028985507246376812,0.02608695652173913,0.029710144927536233,0.029710144927536233,0.015217391304347827,0.02391304347826087,0.021014492753623187,0.01884057971014493,0.030434782608695653,0.025362318840579712,0.02246376811594203,0.025362318840579712,0.029710144927536233,0.029710144927536233,0.028985507246376812,0.02246376811594203
2017-12,0.029037187977585328,0.020376974019358125,0.028527763627101375,0.02547121752419766,0.02598064187468161,0.014773306164034642,0.02292409577177789,0.03616912888436067,0.029546612328069283,0.023942944472745798,0.01935812531839022,0.026999490575649515,0.03922567498726439,0.018848700967906265,0.026999490575649515,0.022414671421293938,0.018848700967906265,0.03565970453387672,0.015792154865002548,0.0163015792154865,0.013754457463066735,0.02547121752419766,0.02445236882322975,0.021395822720326033,0.029546612328069283,0.02292409577177789,0.031584309730005096,0.026490066225165563,0.020376974019358125,0.021905247070809986,0.029037187977585328,0.02292409577177789,0.015792154865002548,0.034640855832908816,0.014773306164034642,0.028527763627101375,0.023433520122261846,0.044829342842587876,0.021905247070809986,0.029037187977585328
2018-01,0.031202046035805626,0.024552429667519183,0.024552429667519183,0.021994884910485932,0.02864450127877238,0.017391304347826087,0.024552429667519183,0.02506393861892583,0.02506393861892583,0.019437340153452685,0.01278772378516624,0.022506393861892585,0.03324808184143223,0.015345268542199489,0.02762148337595908,0.031202046035805626,0.017902813299232736,0.037851662404092073,0.011764705882352941,0.012276214833759591,0.017391304347826087,0.02404092071611253,0.029156010230179028,0.029667519181585677,0.02864450127877238,0.031713554987212275,0.03938618925831202,0.024552429667519183,0.015856777493606138,0.02710997442455243,0.02506393861892583,0.017902813299232736,0.02608695652173913,0.031202046035805626,0.016368286445012786,0.031713554987212275,0.023017902813299233,0.03529411764705882,0.03273657289002557,0.028132992327365727
2018-02,0.02446256486286138,0.023721275018532245,0.037064492216456635,0.03187546330615271,0.025203854707190512,0.013343217197924388,0.02001482579688658,0.040770941438102296,0.028169014084507043,0.017790956263899184,0.014084507042253521,0.025945144551519646,0.028169014084507043,0.021497405485544848,0.02446256486286138,0.021497405485544848,0.022979985174203115,0.04225352112676056,0.011860637509266123,0.014084507042253521,0.01704966641957005,0.02223869532987398,0.031134173461823574,0.021497405485544848,0.02446256486286138,0.034840622683469234,0.04151223128243143,0.02001482579688658,0.014084507042253521,0.02001482579688658,0.039288361749444035,0.034840622683469234,0.020756115641215715,0.022979985174203115,0.01704966641957005,0.020756115641215715,0.03187546330615271,0.03261675315048184,0.02223869532987398,0.021497405485544848
2018-03,0.03812316715542522,0.020527859237536656,0.0375366568914956,0.021700879765395895,0.02756598240469208,0.0187683284457478,0.029912023460410556,0.02756598240469208,0.02346041055718475,0.01935483870967742,0.015835777126099706,0.025219941348973606,0.0375366568914956,0.0187683284457478,0.026392961876832845,0.022287390029325515,0.012903225806451613,0.04046920821114369,0.00997067448680352,0.01407624633431085,0.015835777126099706,0.025219941348973606,0.02756598240469208,0.017595307917888565,0.03401759530791789,0.031085043988269796,0.03577712609970674,0.025219941348973606,0.017008797653958945,0.01935483870967742,0.031085043988269796,0.0281524926686217,0.026392961876832845,0.030498533724340176,0.017008797653958945,0.0187683284457478,0.02756598240469208,0.02932551319648094,0.02287390029325513,0.03167155425219941
2018-04,0.029905561385099685,0.022560335781741866,0.03147953830010493,0.024134312696747113,0.020461699895068207,0.015739769150052464,0.026232948583420776,0.021511017838405037,0.02728226652675761,0.026232948583420776,0.013116474291710388,0.019412381951731374,0.030430220356768102,0.021511017838405037,0.02465897166841553,0.01888772298006296,0.017838405036726127,0.02833158447009444,0.017838405036726127,0.009968520461699895,0.023084994753410283,0.024134312696747113,0.02938090241343127,0.0236096537250787,0.02570828961175236,0.030430220356768102,0.039349422875131164,0.03252885624344176,0.02098635886673662,0.02833158447009444,0.03462749213011543,0.0236096537250787,0.022560335781741866,0.02833158447009444,0.013641133263378805,0.018363064008394544,0.026232948583420776,0.040398740818468,0.04354669464847849,0.0236096537250787
2018-05,0.032507739938080496,0.0196078431372549,0.033539731682146544,0.021155830753353973,0.03199174406604747,0.020123839009287926,0.03147574819401445,0.03147574819401445,0.03147574819401445,0.021671826625386997,0.018575851393188854,0.017027863777089782,0.02631578947368421,0.018575851393188854,0.03147574819401445,0.02476780185758514,0.01238390092879257,0.04179566563467492,0.018575851393188854,0.01238390092879257,0.015995872033023734,0.0304437564499484,0.02218782249742002,0.02063983488132095,0.022703818369453045,0.024251805985552117,0.04179566563467492,0.02063983488132095,0.017543859649122806,0.028379772961816305,0.029927760577915376,0.022703818369453045,0.02218782249742002,0.028379772961816305,0.014963880288957688,0.026831785345717233,0.021155830753353973,0.03611971104231166,0.02476780185758514,0.03147574819401445
2018-06,0.023529411764705882,0.021671826625386997,0.03343653250773994,0.023529411764705882,0.019195046439628483,0.01609907120743034,0.02476780185758514,0.021052631578947368,0.025386996904024767,0.02786377708978328,0.014241486068111455,0.0173374613003096,0.03653250773993808,0.023529411764705882,0.021052631578947368,0.02786377708978328,0.022291021671826627,0.02786377708978328,0.019814241486068113,0.014860681114551083,0.018575851393188854,0.022910216718266253,0.018575851393188854,0.022291021671826627,0.029721362229102165,0.030340557275541795,0.043343653250773995,0.031578947368421054,0.022291021671826627,0.02848297213622291,0.031578947368421054,0.021671826625386997,0.02476780185758514,0.029721362229102165,0.022291021671826627,0.025386996904024767,0.026625386996904025,0.03281733746130031,0.030340557275541795,0.02476780185758514
2018-07,0.02765486725663717,0.017699115044247787,0.02157079646017699,0.019358407079646017,0.027101769911504425,0.020464601769911505,0.027101769911504425,0.01991150442477876,0.02157079646017699,0.025442477876106196,0.009402654867256638,0.018805309734513276,0.035398230088495575,0.018805309734513276,0.019358407079646017,0.020464601769911505,0.030973451327433628,0.03263274336283186,0.013827433628318585,0.016592920353982302,0.020464601769911505,0.022123893805309734,0.027101769911504425,0.01825221238938053,0.024336283185840708,0.025442477876106196,0.04092920353982301,0.0293141592920354,0.019358407079646017,0.03152654867256637,0.04480088495575221,0.02820796460176991,0.03595132743362832,0.025995575221238937,0.016039823008849558,0.0293141592920354,0.032079646017699116,0.034292035398230086,0.02101769911504425,0.0293141592920354
2018-08,0.026830631637786474,0.0184460592509782,0.022358859698155393,0.03242034656232532,0.022358859698155393,0.021240916713247623,0.022358859698155393,0.024035774175517048,0.02850754611514813,0.030743432084963666,0.0184460592509782,0.0184460592509782,0.03186137506987144,0.019005030743432086,0.024594745667970933,0.01956400223588597,0.021240916713247623,0.029066517607602014,0.011179429849077696,0.015651201788708775,0.027948574622694244,0.03409726103968697,0.022917831190609278,0.01732811626607043,0.029066517607602014,0.029625489100055896,0.03856903297931805,0.024594745667970933,0.0184460592509782,0.03745108999441028,0.0368921185019564,0.03018446059250978,0.024035774175517048,0.03353828954723309,0.014533258803801007,0.022917831190609278,0.017887087758524316,0.03130240357741755,0.022358859698155393,0.027948574622694244
2018-09,0.03233392122281011,0.0205761316872428,0.026455026455026454,0.024103468547912992,0.023515579071134628,0.025279247501469725,0.019400352733686066,0.027630805408583186,0.018224573780129337,0.019988242210464434,0.014697236919459141,0.019400352733686066,0.02704291593180482,0.027630805408583186,0.02586713697824809,0.01646090534979424,0.030570252792475015,0.03468547912992358,0.018224573780129337,0.012345679012345678,0.02704291593180482,0.024691358024691357,0.018224573780129337,0.019400352733686066,0.019988242210464434,0.022339800117577895,0.04056437389770723,0.02821869488536155,0.019400352733686066,0.052322163433274546,0.03409758965314521,0.021164021164021163,0.025279247501469725,0.02704291593180482,0.02292768959435626,0.027630805408583186,0.021164021164021163,0.036449147560258674,0.023515579071134628,0.024103468547912992
2018-10,0.02192393736017897,0.025950782997762864,0.021029082774049218,0.018344519015659956,0.024608501118568233,0.018344519015659956,0.01923937360178971,0.036241610738255034,0.01879194630872483,0.020134228187919462,0.021029082774049218,0.015659955257270694,0.030425055928411632,0.012975391498881432,0.03982102908277405,0.033109619686800894,0.02237136465324385,0.02953020134228188,0.017002237136465325,0.018344519015659956,0.021029082774049218,0.027293064876957495,0.02237136465324385,0.021476510067114093,0.025950782997762864,0.028635346756152126,0.05100671140939597,0.03131991051454139,0.011633109619686801,0.032214765100671144,0.03087248322147651,0.022818791946308724,0.023266219239373602,0.026845637583892617,0.021476510067114093,0.025950782997762864,0.026845637583892617,0.028635346756152126,0.025950782997762864,0.02953020134228188
2018-11,0.026455026455026454,0.020634920634920634,0.03015873015873016,0.026455026455026454,0.025925925925925925,0.01798941798941799,0.026984126984126985,0.021693121693121695,0.01904761904761905,0.0291005291005291,0.013227513227513227,0.013227513227513227,0.032275132275132276,0.019576719576719578,0.042328042328042326,0.03015873015873016,0.021693121693121695,0.033862433862433865,0.0164021164021164,0.013227513227513227,0.02275132275132275,0.022222222222222223,0.020634920634920634,0.016931216931216932,0.025925925925925925,0.03333333333333333,0.05185185185185185,0.018518518518518517,0.016931216931216932,0.02857142857142857,0.037037037037037035,0.02433862433862434,0.020634920634920634,0.023809523809523808,0.021693121693121695,0.01798941798941799,0.023809523809523808,0.03015873015873016,0.03439153439153439,0.028042328042328042
2018-12,0.028282828282828285,0.016835016835016835,0.02558922558922559,0.016835016835016835,0.02558922558922559,0.019528619528619527,0.020202020202020204,0.02558922558922559,0.02962962962962963,0.022895622895622896,0.018855218855218854,0.02356902356902357,0.03232323232323232,0.02558922558922559,0.03838383838383838,0.028956228956228958,0.015488215488215488,0.03434343434343434,0.012121212121212121,0.01818181818181818,0.03164983164983165,0.03232323232323232,0.03164983164983165,0.020875420875420877,0.017508417508417508,0.044444444444444446,0.03771043771043771,0.019528619528619527,0.015488215488215488,0.028956228956228958,0.024915824915824916,0.02356902356902357,0.024242424242424242,0.02154882154882155,0.02154882154882155,0.020202020202020204,0.024915824915824916,0.022895622895622896,0.030303030303030304,0.026936026936026935
2019-01,0.02599758162031439,0.014510278113663845,0.03143893591293833,0.018137847642079808,0.026602176541717048,0.018742442563482467,0.020556227327690448,0.03204353083434099,0.015719467956469165,0.01995163240628779,0.013301088270858524,0.017533252720677146,0.03506650544135429,0.02357920193470375,0.03204353083434099,0.03385731559854897,0.02176541717049577,0.03143893591293833,0.013301088270858524,0.020556227327690448,0.03990326481257558,0.02902055622732769,0.028415961305925032,0.021160822249093107,0.018742442563482467,0.03869407496977025,0.037484885126964934,0.015719467956469165,0.013301088270858524,0.02902055622732769,0.02418379685610641,0.015719467956469165,0.03083434099153567,0.02539298669891173,0.02539298669891173,0.026602176541717048,0.021160822249093107,0.03204353083434099,0.03083434099153567,0.030229746070133012
2019-02,0.024691358024691357,0.01670297748729121,0.027596223674655047,0.025417574437182282,0.02832244008714597,0.0196078431372549,0.02178649237472767,0.01815541031227306,0.03558460421205519,0.01597676107480029,0.013071895424836602,0.01597676107480029,0.023965141612200435,0.01815541031227306,0.032679738562091505,0.034858387799564274,0.02251270878721859,0.03195352214960058,0.02178649237472767,0.014524328249818447,0.015250544662309368,0.034858387799564274,0.02251270878721859,0.0196078431372549,0.01888162672476398,0.029048656499636893,0.023965141612200435,0.04793028322440087,0.010167029774872912,0.03195352214960058,0.02251270878721859,0.02251270878721859,0.06681190994916485,0.026870007262164125,0.02251270878721859,0.023238925199709513,0.007262164124909223,0.03195352214960058,0.03195352214960058,0.026870007262164125
2019-03,0.02849002849002849,0.017094017094017096,0.018518518518518517,0.01566951566951567,0.04202279202279202,0.027065527065527065,0.022792022792022793,0.038461538461538464,0.0584045584045584,0.026353276353276354,0.019943019943019943,0.009971509971509971,0.024216524216524215,0.022792022792022793,0.026353276353276354,0.027777777777777776,0.026353276353276354,0.022792022792022793,0.01638176638176638,0.017094017094017096,0.026353276353276354,0.020655270655270654,0.02207977207977208,0.023504273504273504,0.020655270655270654,0.027777777777777776,0.0292022792022792,0.017094017094017096,0.017094017094017096,0.02849002849002849,0.020655270655270654,0.03917378917378917,0.03347578347578348,0.018518518518518517,0.024216524216524215,0.022792022792022793,0.022792022792022793,0.023504273504273504,0.03774928774928775,0.01566951566951567
2019-04,0.029017857142857144,0.01711309523809524,0.026041666666666668,0.029017857142857144,0.019345238095238096,0.029017857142857144,0.028273809523809524,0.025297619047619048,0.021577380952380952,0.015625,0.018601190476190476,0.017857142857142856,0.022321428571428572,0.025297619047619048,0.041666666666666664,0.031994047619047616,0.019345238095238096,0.028273809523809524,0.01636904761904762,0.023809523809523808,0.018601190476190476,0.03050595238095238,0.020089285714285716,0.020089285714285716,0.026041666666666668,0.023065476190476192,0.03125,0.022321428571428572,0.015625,0.033482142857142856,0.028273809523809524,0.014136904761904762,0.034970238095238096,0.021577380952380952,0.029017857142857144,0.023809523809523808,0.03125,0.03273809523809524,0.034970238095238096,0.022321428571428572
2019-05,0.026863666890530557,0.017461383478844864,0.02216252518468771,0.02552048354600403,0.03760913364674278,0.02216252518468771,0.022834116856950974,0.0315648085963734,0.013431833445265278,0.01544660846205507,0.018132975151108125,0.017461383478844864,0.020819341840161182,0.03022162525184688,0.041638683680322364,0.04633982538616521,0.026192075218267292,0.021490933512424447,0.0167897918065816,0.019476158495634655,0.01544660846205507,0.024848891873740765,0.024848891873740765,0.02216252518468771,0.02216252518468771,0.01880456682337139,0.03626595030221625,0.02216252518468771,0.014103425117528543,0.026863666890530557,0.028206850235057087,0.019476158495634655,0.03290799194089993,0.020147750167897917,0.028206850235057087,0.03022162525184688,0.03760913364674278,0.022834116856950974,0.0409670920080591,0.018132975151108125
2019-06,0.03583426651735722,0.0167973124300112,0.02967525195968645,0.016237402015677492,0.032474804031354984,0.01959686450167973,0.02631578947368421,0.032474804031354984,0.015677491601343786,0.01791713325867861,0.036954087346024636,0.012877939529675251,0.019036954087346025,0.02855543113101904,0.0335946248600224,0.031914893617021274,0.02295632698768197,0.020716685330347144,0.01959686450167973,0.023516237402015677,0.01959686450167973,0.03527435610302351,0.03807390817469205,0.02855543113101904,0.02463605823068309,0.026875699888017916,0.031914893617021274,0.01959686450167973,0.015117581187010079,0.03303471444568869,0.024076147816349383,0.019036954087346025,0.025755879059350503,0.017357222844344905,0.020716685330347144,0.022396416573348264,0.023516237402015677,0.030235162374020158,0.037513997760358346,0.013997760358342666
2019-07,0.031133250311332503,0.023661270236612703,0.026774595267745952,0.0186799501867995,0.031755915317559155,0.021793275217932753,0.019925280199252802,0.03424657534246575,0.0186799501867995,0.02054794520547945,0.034869240348692404,0.021793275217932753,0.0224159402241594,0.031755915317559155,0.03424657534246575,0.033623910336239106,0.026774595267745952,0.023661270236612703,0.014321295143212951,0.028642590286425903,0.0224159402241594,0.021793275217932753,0.028642590286425903,0.024283935242839352,0.023661270236612703,0.02054794520547945,0.026774595267745952,0.017434620174346202,0.026774595267745952,0.0273972602739726,0.024283935242839352,0.0273972602739726,0.029265255292652552,0.014321295143212951,0.0224159402241594,0.025529265255292654,0.029887920298879204,0.014321295143212951,0.034869240348692404,0.0186799501867995
2019-08,0.03146067415730337,0.018726591760299626,0.027715355805243445,0.024719101123595506,0.027715355805243445,0.020224719101123594,0.030711610486891385,0.029213483146067417,0.029213483146067417,0.020973782771535582,0.018726591760299626,0.017228464419475654,0.01947565543071161,0.026217228464419477,0.02546816479400749,0.035955056179775284,0.024719101123595506,0.01947565543071161,0.02247191011235955,0.02696629213483146,0.01647940074906367,0.023220973782771534,0.02397003745318352,0.02696629213483146,0.02247191011235955,0.02247191011235955,0.027715355805243445,0.0149812734082397,0.021722846441947566,0.03146067415730337,0.026217228464419477,0.01947565543071161,0.039700374531835204,0.018726591760299626,0.035955056179775284,0.021722846441947566,0.027715355805243445,0.02546816479400749,0.04044943820224719,0.015730337078651686
2019-09,0.03359858532272325,0.022104332449160036,0.029177718832891247,0.03536693191865606,0.027409372236958444,0.013262599469496022,0.029177718832891247,0.026525198938992044,0.015030946065428824,0.02564102564102564,0.032714412024756855,0.015030946065428824,0.022988505747126436,0.03183023872679045,0.02475685234305924,0.034482758620689655,0.016799292661361626,0.022988505747126436,0.020335985853227233,0.015030946065428824,0.01856763925729443,0.02475685234305924,0.019451812555260833,0.03094606542882405,0.01768346595932803,0.016799292661361626,0.03359858532272325,0.028293545534924844,0.022988505747126436,0.026525198938992044,0.027409372236958444,0.016799292661361626,0.03713527851458886,0.026525198938992044,0.03094606542882405,0.015030946065428824,0.029177718832891247,0.028293545534924844,0.038903625110521665,0.015915119363395226
2019-10,0.03369565217391304,0.029347826086956522,0.024456521739130436,0.016304347826086956,0.03641304347826087,0.021739130434782608,0.02391304347826087,0.026630434782608695,0.011956521739130435,0.021739130434782608,0.014673913043478261,0.021739130434782608,0.024456521739130436,0.019021739130434784,0.021739130434782608,0.035869565217391305,0.01956521739130435,0.022282608695652174,0.02717391304347826,0.01358695652173913,0.021195652173913043,0.04456521739130435,0.025,0.01956521739130435,0.01847826086956522,0.019021739130434784,0.03804347826086957,0.03315217391304348,0.02826086956521739,0.025543478260869567,0.026630434782608695,0.016304347826086956,0.02826086956521739,0.024456521739130436,0.021739130434782608,0.028804347826086957,0.034782608695652174,0.03152173913043478,0.030434782608695653,0.017934782608695653
2019-11,0.029043280182232345,0.0244874715261959,0.01879271070615034,0.01879271070615034,0.03758542141230068,0.027904328018223234,0.03132118451025057,0.02562642369020501,0.0193621867881549,0.02050113895216401,0.022209567198177675,0.017084282460136675,0.02334851936218679,0.026765375854214124,0.022779043280182234,0.03018223234624146,0.014236902050113895,0.03018223234624146,0.026765375854214124,0.017084282460136675,0.017084282460136675,0.041571753986332574,0.025056947608200455,0.02334851936218679,0.019931662870159454,0.021070615034168565,0.029043280182232345,0.030751708428246014,0.02847380410022779,0.02334851936218679,0.019931662870159454,0.014236902050113895,0.023917995444191344,0.02050113895216401,0.029612756264236904,0.0193621867881549,0.03644646924829157,0.02847380410022779,0.043849658314350795,0.019931662870159454
2019-12,0.0310126582278481,0.02278481012658228,0.01139240506329114,0.0189873417721519,0.03481012658227848,0.019620253164556962,0.03164556962025317,0.0310126582278481,0.019620253164556962,0.02088607594936709,0.01708860759493671,0.020253164556962026,0.024050632911392405,0.024683544303797468,0.029746835443037974,0.02911392405063291,0.015189873417721518,0.026582278481012658,0.0189873417721519,0.02341772151898734,0.03354430379746835,0.03164556962025317,0.043037974683544304,0.02531645569620253,0.022151898734177215,0.021518987341772152,0.026582278481012658,0.026582278481012658,0.014556962025316455,0.024050632911392405,0.030379746835443037,0.016455696202531647,0.03734177215189873,0.013291139240506329,0.03164556962025317,0.019620253164556962,0.022151898734177215,0.022151898734177215,0.04810126582278481,0.0189873417721519
2020-01,0.03335250143760782,0.025876940770557792,0.01667625071880391,0.020701552616446232,0.02645198389879241,0.01667625071880391,0.019551466359977,0.02875215641173088,0.017826336975273145,0.024151811385853938,0.022426682001150087,0.017251293847038527,0.023576768257619323,0.02875215641173088,0.022426682001150087,0.020701552616446232,0.023001725129384705,0.018401380103507763,0.024151811385853938,0.016101207590569294,0.03220241518113859,0.04945370902817711,0.023576768257619323,0.030477285796434734,0.012650948821161587,0.022426682001150087,0.020126509488211614,0.030477285796434734,0.03162737205290397,0.02875215641173088,0.029327199539965498,0.01437607820586544,0.03680276020701553,0.017251293847038527,0.027602070155261643,0.023001725129384705,0.02817711328349626,0.03392754456584244,0.0327774583093732,0.02817711328349626
2020-02,0.028109627547434995,0.023190442726633873,0.016163035839775124,0.022487702037947997,0.026704146170063246,0.018271257905832748,0.026704146170063246,0.030217849613492623,0.022487702037947997,0.03302881236823612,0.012649332396345749,0.005621925509486999,0.022487702037947997,0.023190442726633873,0.025298664792691498,0.04427266338721012,0.02108222066057625,0.018271257905832748,0.02108222066057625,0.018973998594518624,0.016865776528460996,0.03443429374560787,0.02600140548137737,0.030217849613492623,0.016163035839775124,0.016865776528460996,0.027406886858749122,0.03232607167955025,0.030217849613492623,0.025298664792691498,0.024595924104005622,0.016865776528460996,0.03794799718903725,0.012649332396345749,0.029515108924806747,0.014757554462403373,0.035839775122979624,0.030217849613492623,0.05762473647224174,0.023893183415319746
2020-03,0.03010890454836643,0.03779628443305574,0.015374759769378604,0.015374759769378604,0.02370275464445868,0.025624599615631006,0.03587443946188341,0.03587443946188341,0.024983984625240232,0.03139013452914798,0.015374759769378604,0.016655989750160152,0.016655989750160152,0.02114029468289558,0.025624599615631006,0.02370275464445868,0.021780909673286355,0.01729660474055093,0.028187059577194105,0.016655989750160152,0.025624599615631006,0.04035874439461883,0.02242152466367713,0.023062139654067906,0.019218449711723255,0.018577834721332478,0.03267136450992953,0.02242152466367713,0.025624599615631006,0.03074951953875721,0.020499679692504803,0.01729660474055093,0.024983984625240232,0.028187059577194105,0.02754644458680333,0.020499679692504803,0.032030749519538756,0.024343369634849454,0.044202434336963484,0.020499679692504803
2020-04,0.03137710633352702,0.016269610691458453,0.01452643811737362,0.03544450900639163,0.01917489831493318,0.024985473561882625,0.02672864613596746,0.030796048808832074,0.01568855316676351,0.018593840790238233,0.01568855316676351,0.01801278326554329,0.01568855316676351,0.023823358512492735,0.031958163858221963,0.028471818710052294,0.02266124346310285,0.027309703660662404,0.024985473561882625,0.01801278326554329,0.020918070889018012,0.04822777454968042,0.02556653108657757,0.02149912841371296,0.0168506682161534,0.023242300987797792,0.02789076118535735,0.02789076118535735,0.028471818710052294,0.030796048808832074,0.03137710633352702,0.011621150493898896,0.023823358512492735,0.023823358512492735,0.03021499128413713,0.02149912841371296,0.04009296920395119,0.03312027890761186,0.03021499128413713,0.02266124346310285
2020-05,0.029192124915139173,0.014256619144602852,0.013577732518669382,0.02376103190767142,0.02308214528173795,0.027155465037338764,0.02308214528173795,0.03937542430414121,0.01697216564833673,0.024439918533604887,0.017651052274270197,0.017651052274270197,0.02172437202987101,0.018329938900203666,0.024439918533604887,0.032586558044806514,0.024439918533604887,0.04276985743380855,0.019008825526137134,0.024439918533604887,0.03054989816700611,0.04276985743380855,0.01493550577053632,0.015614392396469789,0.011541072640868975,0.018329938900203666,0.03054989816700611,0.035302104548540394,0.03394433129667346,0.026476578411405296,0.02172437202987101,0.012898845892735914,0.034623217922606926,0.02172437202987101,0.028513238289205704,0.01493550577053632,0.04073319755600815,0.031228784792939578,0.03937542430414121,0.016293279022403257
2020-06,0.022549869904596703,0.031222896790980052,0.017346053772766695,0.028620988725065046,0.02168256721595837,0.022549869904596703,0.024284475281873375,0.026019080659150044,0.02168256721595837,0.029488291413703384,0.014744145706851692,0.013009540329575022,0.02515177797051171,0.028620988725065046,0.02168256721595837,0.019080659150043366,0.017346053772766695,0.026019080659150044,0.023417172593235037,0.022549869904596703,0.014744145706851692,0.05030355594102342,0.029488291413703384,0.022549869904596703,0.02168256721595837,0.023417172593235037,0.031222896790980052,0.030355594102341718,0.02515177797051171,0.033824804856895055,0.0199479618386817,0.01821335646140503,0.030355594102341718,0.014744145706851692,0.024284475281873375,0.026886383347788378,0.026886383347788378,0.033824804856895055,0.03816131830008673,0.026886383347788378
2020-07,0.026595744680851064,0.03102836879432624,0.012411347517730497,0.03102836879432624,0.03546099290780142,0.020390070921985817,0.024822695035460994,0.023936170212765957,0.022163120567375887,0.020390070921985817,0.014184397163120567,0.01950354609929078,0.025709219858156027,0.022163120567375887,0.026595744680851064,0.034574468085106384,0.02304964539007092,0.020390070921985817,0.01950354609929078,0.024822695035460994,0.01773049645390071,0.05673758865248227,0.025709219858156027,0.02127659574468085,0.010638297872340425,0.015957446808510637,0.02304964539007092,0.034574468085106384,0.018617021276595744,0.02127659574468085,0.02127659574468085,0.025709219858156027,0.03634751773049645,0.016843971631205674,0.01950354609929078,0.023936170212765957,0.03368794326241135,0.020390070921985817,0.05319148936170213,0.024822695035460994
2020-08,0.017915309446254073,0.018729641693811076,0.025244299674267102,0.021986970684039087,0.03420195439739414,0.023615635179153095,0.015472312703583062,0.026058631921824105,0.01710097719869707,0.02035830618892508,0.01710097719869707,0.019543973941368076,0.013843648208469055,0.02280130293159609,0.024429967426710098,0.028501628664495113,0.01710097719869707,0.019543973941368076,0.02768729641693811,0.02768729641693811,0.024429967426710098,0.050488599348534204,0.01710097719869707,0.026058631921824105,0.017915309446254073,0.017915309446254073,0.02035830618892508,0.041530944625407164,0.038273615635179156,0.02768729641693811,0.024429967426710098,0.03257328990228013,0.04071661237785016,0.019543973941368076,0.021986970684039087,0.021172638436482084,0.024429967426710098,0.03013029315960912,0.04478827361563518,0.019543973941368076
2020-09,0.01863932898415657,0.016775396085740912,0.012115563839701771,0.034482758620689655,0.023299161230195712,0.033550792171481825,0.0195712954333644,0.022367194780987885,0.0195712954333644,0.022367194780987885,0.0391425908667288,0.014911463187325256,0.028890959925442685,0.021435228331780055,0.0260950605778192,0.02050326188257223,0.02516309412861137,0.0195712954333644,0.03168685927306617,0.012115563839701771,0.0130475302889096,0.06989748369058714,0.04473438956197577,0.024231127679403542,0.0195712954333644,0.032618825722273995,0.017707362534948742,0.023299161230195712,0.023299161230195712,0.04100652376514446,0.015843429636533086,0.017707362534948742,0.034482758620689655,0.015843429636533086,0.036346691519105315,0.017707362534948742,0.028890959925442685,0.01863932898415657,0.02516309412861137,0.017707362534948742
2020-10,0.022354694485842028,0.026825633383010434,0.011922503725782414,0.01788375558867362,0.027570789865871834,0.02608047690014903,0.02608047690014903,0.027570789865871834,0.040983606557377046,0.030551415797317436,0.019374068554396422,0.01713859910581222,0.023099850968703428,0.01713859910581222,0.014157973174366617,0.023099850968703428,0.023099850968703428,0.020119225037257823,0.03353204172876304,0.01713859910581222,0.01713859910581222,0.05737704918032787,0.026825633383010434,0.028315946348733235,0.014903129657228018,0.029061102831594635,0.020119225037257823,0.020119225037257823,0.037257824143070044,0.041728763040238454,0.020119225037257823,0.01788375558867362,0.01788375558867362,0.0067064083457526085,0.02384500745156483,0.012667660208643815,0.041728763040238454,0.02608047690014903,0.028315946348733235,0.046199701937406856
2020-11,0.020874751491053677,0.019880715705765408,0.015904572564612324,0.02584493041749503,0.020874751491053677,0.02186878727634195,0.027833001988071572,0.02982107355864811,0.030815109343936383,0.02584493041749503,0.009940357852882704,0.017892644135188866,0.0268389662027833,0.018886679920477135,0.019880715705765408,0.033797216699801194,0.02186878727634195,0.016898608349900597,0.03479125248508946,0.015904572564612324,0.02286282306163022,0.04970178926441352,0.027833001988071572,0.014910536779324055,0.015904572564612324,0.016898608349900597,0.036779324055666,0.020874751491053677,0.027833001988071572,0.041749502982107355,0.011928429423459244,0.010934393638170975,0.018886679920477135,0.020874751491053677,0.02385685884691849,0.018886679920477135,0.027833001988071572,0.02286282306163022,0.05268389662027833,0.05964214711729622
2020-12,0.015384615384615385,0.016194331983805668,0.008906882591093117,0.017813765182186234,0.021052631578947368,0.04048582995951417,0.03076923076923077,0.03967611336032389,0.034817813765182185,0.03076923076923077,0.02186234817813765,0.016194331983805668,0.02186234817813765,0.02348178137651822,0.01862348178137652,0.021052631578947368,0.01700404858299595,0.020242914979757085,0.03562753036437247,0.025910931174089068,0.014574898785425101,0.06396761133603239,0.01700404858299595,0.022672064777327937,0.013765182186234818,0.025101214574898785,0.026720647773279354,0.01862348178137652,0.014574898785425101,0.03724696356275304,0.019433198380566803,0.012145748987854251,0.031578947368421054,0.02186234817813765,0.016194331983805668,0.025910931174089068,0.02186234817813765,0.03562753036437247,0.04696356275303644,0.03643724696356275
2021-01,0.027692307692307693,0.01641025641025641,0.018461538461538463,0.033846153846153845,0.04512820512820513,0.029743589743589743,0.022564102564102566,0.020512820512820513,0.024615384615384615,0.027692307692307693,0.020512820512820513,0.022564102564102566,0.017435897435897435,0.015384615384615385,0.03487179487179487,0.027692307692307693,0.020512820512820513,0.022564102564102566,0.029743589743589743,0.011282051282051283,0.01641025641025641,0.04512820512820513,0.02666666666666667,0.02358974358974359,0.02358974358974359,0.027692307692307693,0.022564102564102566,0.028717948717948718,0.015384615384615385,0.04205128205128205,0.021538461538461538,0.015384615384615385,0.02666666666666667,0.011282051282051283,0.027692307692307693,0.018461538461538463,0.02564102564102564,0.031794871794871796,0.035897435897435895,0.024615384615384615
2021-02,0.03241296518607443,0.022809123649459785,0.015606242496998799,0.025210084033613446,0.024009603841536616,0.013205282112845138,0.01800720288115246,0.04321728691476591,0.026410564225690276,0.025210084033613446,0.025210084033613446,0.008403361344537815,0.01800720288115246,0.026410564225690276,0.026410564225690276,0.026410564225690276,0.025210084033613446,0.014405762304921969,0.028811524609843937,0.008403361344537815,0.024009603841536616,0.055222088835534214,0.026410564225690276,0.022809123649459785,0.025210084033613446,0.027611044417767107,0.028811524609843937,0.028811524609843937,0.013205282112845138,0.04441776710684274,0.03361344537815126,0.01680672268907563,0.024009603841536616,0.013205282112845138,0.02040816326530612,0.021608643457382955,0.028811524609843937,0.03601440576230492,0.03841536614645858,0.01680672268907563
2021-03,0.030575539568345324,0.017985611510791366,0.02068345323741007,0.047661870503597124,0.03147482014388489,0.02158273381294964,0.02877697841726619,0.02787769784172662,0.022482014388489208,0.024280575539568347,0.00539568345323741,0.017985611510791366,0.03147482014388489,0.017985611510791366,0.02787769784172662,0.03327338129496403,0.02158273381294964,0.024280575539568347,0.02158273381294964,0.02158273381294964,0.017985611510791366,0.0539568345323741,0.02877697841726619,0.023381294964028777,0.0170863309352518,0.024280575539568347,0.03147482014388489,0.023381294964028777,0.02877697841726619,0.039568345323741004,0.007194244604316547,0.0170863309352518,0.02787769784172662,0.02068345323741007,0.02068345323741007,0.024280575539568347,0.0170863309352518,0.026079136690647483,0.0341726618705036,0.019784172661870502
2021-04,0.033921302578018994,0.032564450474898234,0.032564450474898234,0.027137042062415198,0.025780189959294438,0.023066485753052916,0.029850746268656716,0.024423337856173677,0.025780189959294438,0.025780189959294438,0.012211668928086838,0.016282225237449117,0.025780189959294438,0.025780189959294438,0.024423337856173677,0.029850746268656716,0.0203527815468114,0.024423337856173677,0.032564450474898234,0.013568521031207599,0.0203527815468114,0.0407055630936228,0.016282225237449117,0.017639077340569877,0.0203527815468114,0.016282225237449117,0.04206241519674356,0.021709633649932156,0.021709633649932156,0.028493894165535955,0.021709633649932156,0.0203527815468114,0.031207598371777476,0.0203527815468114,0.025780189959294438,0.021709633649932156,0.032564450474898234,0.032564450474898234,0.021709633649932156,0.0203527815468114
2021-05,0.02743142144638404,0.01371571072319202,0.02493765586034913,0.02119700748129676,0.026184538653366583,0.026184538653366583,0.03117206982543641,0.018703241895261846,0.026184538653366583,0.02119700748129676,0.026184538653366583,0.02369077306733167,0.03117206982543641,0.02369077306733167,0.02493765586034913,0.028678304239401497,0.02743142144638404,0.02493765586034913,0.02119700748129676,0.018703241895261846,0.018703241895261846,0.034912718204488775,0.02369077306733167,0.028678304239401497,0.02743142144638404,0.018703241895261846,0.02743142144638404,0.014962593516209476,0.012468827930174564,0.032418952618453865,0.026184538653366583,0.014962593516209476,0.034912718204488775,0.02119700748129676,0.03740648379052369,0.03366583541147132,0.028678304239401497,0.02369077306733167,0.03117206982543641,0.02119700748129676
2021-06,0.024875621890547265,0.024875621890547265,0.01990049751243781,0.020895522388059702,0.026865671641791045,0.015920398009950248,0.014925373134328358,0.041791044776119404,0.01890547263681592,0.027860696517412936,0.015920398009950248,0.01791044776119403,0.024875621890547265,0.01990049751243781,0.026865671641791045,0.020895522388059702,0.027860696517412936,0.023880597014925373,0.028855721393034824,0.021890547263681594,0.021890547263681594,0.061691542288557215,0.021890547263681594,0.023880597014925373,0.01691542288557214,0.01691542288557214,0.01890547263681592,0.022885572139303482,0.024875621890547265,0.024875621890547265,0.028855721393034824,0.01691542288557214,0.03681592039800995,0.01990049751243781,0.026865671641791045,0.01990049751243781,0.025870646766169153,0.030845771144278607,0.04776119402985075,0.025870646766169153
2021-07,0.02459016393442623,0.017418032786885244,0.01639344262295082,0.014344262295081968,0.0235655737704918,0.017418032786885244,0.0235655737704918,0.0430327868852459,0.02459016393442623,0.042008196721311473,0.020491803278688523,0.015368852459016393,0.0194672131147541,0.017418032786885244,0.02459016393442623,0.027663934426229508,0.02151639344262295,0.02459016393442623,0.0194672131147541,0.014344262295081968,0.020491803278688523,0.03790983606557377,0.0235655737704918,0.02151639344262295,0.0194672131147541,0.02663934426229508,0.022540983606557378,0.0235655737704918,0.020491803278688523,0.03278688524590164,0.031762295081967214,0.03483606557377049,0.025614754098360656,0.01331967213114754,0.025614754098360656,0.020491803278688523,0.040983606557377046,0.0389344262295082,0.050204918032786885,0.017418032786885244
2021-08,0.03436807095343681,0.02106430155210643,0.018847006651884702,0.019955654101995565,0.037694013303769404,0.022172949002217297,0.02328159645232816,0.025498891352549888,0.022172949002217297,0.03436807095343681,0.025498891352549888,0.013303769401330377,0.01662971175166297,0.018847006651884702,0.025498891352549888,0.028824833702882482,0.02328159645232816,0.017738359201773836,0.02993348115299335,0.011086474501108648,0.01662971175166297,0.04878048780487805,0.028824833702882482,0.015521064301552107,0.022172949002217297,0.02771618625277162,0.03436807095343681,0.04212860310421286,0.018847006651884702,0.018847006651884702,0.017738359201773836,0.037694013303769404,0.02771618625277162,0.009977827050997782,0.017738359201773836,0.02993348115299335,0.03325942350332594,0.025498891352549888,0.03547671840354767,0.02106430155210643
2021-09,0.025547445255474453,0.024330900243309004,0.015815085158150853,0.0170316301703163,0.038929440389294405,0.015815085158150853,0.019464720194647202,0.030413625304136254,0.01824817518248175,0.04257907542579075,0.015815085158150853,0.02068126520681265,0.019464720194647202,0.02068126520681265,0.0267639902676399,0.027980535279805353,0.014598540145985401,0.02068126520681265,0.0170316301703163,0.027980535279805353,0.019464720194647202,0.06447688564476886,0.014598540145985401,0.027980535279805353,0.019464720194647202,0.021897810218978103,0.038929440389294405,0.023114355231143552,0.02068126520681265,0.023114355231143552,0.021897810218978103,0.01824817518248175,0.024330900243309004,0.01824817518248175,0.032846715328467155,0.0267639902676399,0.01824817518248175,0.031630170316301706,0.04744525547445255,0.0267639902676399
2021-10,0.035453597497393116,0.03023983315954119,0.028154327424400417,0.02502606882168926,0.035453597497393116,0.023983315954118872,0.020855057351407715,0.017726798748696558,0.01251303441084463,0.023983315954118872,0.010427528675703858,0.03232533889468196,0.02502606882168926,0.03441084462982273,0.023983315954118872,0.023983315954118872,0.016684045881126174,0.04275286757038582,0.021897810218978103,0.022940563086548488,0.018769551616266946,0.054223149113660066,0.017726798748696558,0.017726798748696558,0.021897810218978103,0.013555787278415016,0.03128258602711158,0.018769551616266946,0.014598540145985401,0.022940563086548488,0.020855057351407715,0.016684045881126174,0.03128258602711158,0.03858185610010428,0.029197080291970802,0.014598540145985401,0.026068821689259645,0.03232533889468196,0.028154327424400417,0.022940563086548488
2021-11,0.029333333333333333,0.029333333333333333,0.02311111111111111,0.035555555555555556,0.030222222222222223,0.020444444444444446,0.028444444444444446,0.024888888888888887,0.016888888888888887,0.032,0.015111111111111112,0.016888888888888887,0.033777777777777775,0.024888888888888887,0.02311111111111111,0.04,0.019555555555555555,0.030222222222222223,0.024,0.017777777777777778,0.012444444444444444,0.044444444444444446,0.019555555555555555,0.025777777777777778,0.015111111111111112,0.020444444444444446,0.028444444444444446,0.022222222222222223,0.02311111111111111,0.025777777777777778,0.021333333333333333,0.018666666666666668,0.022222222222222223,0.022222222222222223,0.041777777777777775,0.019555555555555555,0.024,0.021333333333333333,0.034666666666666665,0.021333333333333333
2021-12,0.02131782945736434,0.020348837209302327,0.03682170542635659,0.027131782945736434,0.023255813953488372,0.023255813953488372,0.02810077519379845,0.03682170542635659,0.030038759689922482,0.03294573643410853,0.012596899224806201,0.027131782945736434,0.020348837209302327,0.03488372093023256,0.025193798449612403,0.0377906976744186,0.029069767441860465,0.029069767441860465,0.025193798449612403,0.022286821705426358,0.016472868217054265,0.03294573643410853,0.022286821705426358,0.016472868217054265,0.02131782945736434,0.014534883720930232,0.03197674418604651,0.023255813953488372,0.016472868217054265,0.02422480620155039,0.02131782945736434,0.015503875968992248,0.0377906976744186,0.025193798449612403,0.016472868217054265,0.022286821705426358,0.02131782945736434,0.025193798449612403,0.025193798449612403,0.02616279069767442
2022-01,0.024106400665004156,0.0199501246882793,0.029925187032418952,0.02826267664172901,0.03158769742310889,0.013300083125519535,0.023275145469659187,0.029093931837073983,0.03325020781379884,0.03408146300914381,0.014962593516209476,0.024106400665004156,0.025768911055694097,0.030756442227763924,0.02660016625103907,0.038237738985868665,0.019118869492934332,0.02826267664172901,0.022443890274314215,0.015793848711554447,0.020781379883624274,0.051537822111388194,0.024106400665004156,0.01828761429758936,0.025768911055694097,0.023275145469659187,0.02826267664172901,0.025768911055694097,0.019118869492934332,0.0199501246882793,0.020781379883624274,0.017456359102244388,0.022443890274314215,0.02743142144638404,0.021612635078969242,0.014131338320864505,0.013300083125519535,0.020781379883624274,0.03740648379052369,0.034912718204488775
2022-02,0.04026115342763874,0.03373231773667029,0.029379760609358,0.017410228509249184,0.03482045701849837,0.025027203482045703,0.022850924918389554,0.023939064200217627,0.013057671381936888,0.026115342763873776,0.017410228509249184,0.02720348204570185,0.028291621327529923,0.022850924918389554,0.026115342763873776,0.03373231773667029,0.017410228509249184,0.020674646354733407,0.026115342763873776,0.025027203482045703,0.025027203482045703,0.030467899891186073,0.028291621327529923,0.028291621327529923,0.026115342763873776,0.015233949945593036,0.017410228509249184,0.023939064200217627,0.02176278563656148,0.01632208922742111,0.025027203482045703,0.01088139281828074,0.02176278563656148,0.018498367791077257,0.020674646354733407,0.028291621327529923,0.029379760609358,0.026115342763873776,0.04787812840043525,0.02720348204570185
2022-03,0.020674646354733407,0.02720348204570185,0.046789989118607184,0.029379760609358,0.023939064200217627,0.017410228509249184,0.028291621327529923,0.02720348204570185,0.009793253536452665,0.031556039173014146,0.01632208922742111,0.030467899891186073,0.02720348204570185,0.020674646354733407,0.023939064200217627,0.036996735582154515,0.01958650707290533,0.01632208922742111,0.07399347116430903,0.01958650707290533,0.013057671381936888,0.026115342763873776,0.02176278563656148,0.020674646354733407,0.023939064200217627,0.01958650707290533,0.028291621327529923,0.020674646354733407,0.018498367791077257,0.01958650707290533,0.023939064200217627,0.018498367791077257,0.030467899891186073,0.018498367791077257,0.02176278563656148,0.02720348204570185,0.022850924918389554,0.023939064200217627,0.03482045701849837,0.018498367791077257
2022-04,0.04160688665710186,0.028694404591104734,0.024390243902439025,0.040172166427546625,0.03299856527977044,0.018651362984218076,0.03012912482065997,0.03299856527977044,0.007173601147776184,0.02295552367288379,0.015781922525107604,0.021520803443328552,0.024390243902439025,0.020086083213773313,0.015781922525107604,0.035868005738880916,0.00860832137733142,0.018651362984218076,0.01291248206599713,0.024390243902439025,0.027259684361549498,0.03443328550932568,0.020086083213773313,0.06312769010043041,0.018651362984218076,0.027259684361549498,0.03299856527977044,0.02295552367288379,0.024390243902439025,0.01291248206599713,0.015781922525107604,0.011477761836441894,0.024390243902439025,0.020086083213773313,0.035868005738880916,0.03156384505021521,0.02295552367288379,0.018651362984218076,0.03299856527977044,0.024390243902439025
2022-05,0.03094059405940594,0.023514851485148515,0.03341584158415842,0.024752475247524754,0.02599009900990099,0.017326732673267328,0.03217821782178218,0.017326732673267328,0.01608910891089109,0.03094059405940594,0.017326732673267328,0.02103960396039604,0.0297029702970297,0.027227722772277228,0.02103960396039604,0.023514851485148515,0.017326732673267328,0.01608910891089109,0.009900990099009901,0.023514851485148515,0.02599009900990099,0.04579207920792079,0.03217821782178218,0.050742574257425746,0.01608910891089109,0.023514851485148515,0.0297029702970297,0.017326732673267328,0.019801980198019802,0.022277227722772276,0.02599009900990099,0.013613861386138614,0.0297029702970297,0.02599009900990099,0.03217821782178218,0.019801980198019802,0.03341584158415842,0.017326732673267328,0.03589108910891089,0.023514851485148515
2022-06,0.03607503607503607,0.020202020202020204,0.025974025974025976,0.025974025974025976,0.031746031746031744,0.020202020202020204,0.012987012987012988,0.031746031746031744,0.01443001443001443,0.020202020202020204,0.010101010101010102,0.03463203463203463,0.031746031746031744,0.027417027417027416,0.008658008658008658,0.04329004329004329,0.015873015873015872,0.017316017316017316,0.01443001443001443,0.012987012987012988,0.021645021645021644,0.03318903318903319,0.07215007215007214,0.02886002886002886,0.01443001443001443,0.017316017316017316,0.03318903318903319,0.017316017316017316,0.015873015873015872,0.012987012987012988,0.024531024531024532,0.02886002886002886,0.031746031746031744,0.031746031746031744,0.03318903318903319,0.025974025974025976,0.020202020202020204,0.021645021645021644,0.03607503607503607,0.023088023088023088
2022-07,0.0226928895612708,0.01361573373676248,0.0226928895612708,0.024205748865355523,0.03177004538577912,0.02118003025718608,0.03479576399394856,0.02723146747352496,0.015128593040847202,0.025718608169440244,0.007564296520423601,0.02118003025718608,0.030257186081694403,0.049924357034795766,0.0226928895612708,0.0226928895612708,0.018154311649016642,0.019667170953101363,0.01361573373676248,0.02118003025718608,0.030257186081694403,0.01664145234493192,0.046898638426626324,0.0226928895612708,0.02723146747352496,0.01664145234493192,0.0226928895612708,0.030257186081694403,0.009077155824508321,0.048411497730711045,0.024205748865355523,0.018154311649016642,0.02723146747352496,0.028744326777609682,0.018154311649016642,0.03328290468986384,0.025718608169440244,0.025718608169440244,0.037821482602118005,0.024205748865355523
2022-08,0.03453453453453453,0.02252252252252252,0.01951951951951952,0.03303303303303303,0.03303303303303303,0.02252252252252252,0.02252252252252252,0.028528528528528527,0.012012012012012012,0.015015015015015015,0.010510510510510511,0.02702702702702703,0.03003003003003003,0.028528528528528527,0.015015015015015015,0.04504504504504504,0.009009009009009009,0.028528528528528527,0.021021021021021023,0.01951951951951952,0.016516516516516516,0.04504504504504504,0.03153153153153153,0.03153153153153153,0.024024024024024024,0.018018018018018018,0.028528528528528527,0.025525525525525526,0.015015015015015015,0.03003003003003003,0.028528528528528527,0.024024024024024024,0.02702702702702703,0.018018018018018018,0.025525525525525526,0.036036036036036036,0.025525525525525526,0.021021021021021023,0.02252252252252252,0.028528528528528527
2022-09,0.026984126984126985,0.014285714285714285,0.031746031746031744,0.025396825396825397,0.044444444444444446,0.03650793650793651,0.026984126984126985,0.026984126984126985,0.022222222222222223,0.023809523809523808,0.012698412698412698,0.03015873015873016,0.026984126984126985,0.022222222222222223,0.020634920634920634,0.0380952380952381,0.014285714285714285,0.01746031746031746,0.009523809523809525,0.02857142857142857,0.022222222222222223,0.025396825396825397,0.026984126984126985,0.01904761904761905,0.022222222222222223,0.022222222222222223,0.04285714285714286,0.023809523809523808,0.01904761904761905,0.01746031746031746,0.025396825396825397,0.03333333333333333,0.023809523809523808,0.01746031746031746,0.03492063492063492,0.020634920634920634,0.01904761904761905,0.01746031746031746,0.03333333333333333,0.03333333333333333
2022-10,0.03225806451612903,0.025806451612903226,0.02064516129032258,0.023225806451612905,0.03483870967741935,0.015483870967741935,0.02064516129032258,0.025806451612903226,0.012903225806451613,0.03225806451612903,0.012903225806451613,0.024516129032258065,0.03870967741935484,0.011612903225806452,0.027096774193548386,0.03612903225806452,0.01806451612903226,0.02967741935483871,0.02064516129032258,0.014193548387096775,0.03354838709677419,0.024516129032258065,0.015483870967741935,0.01806451612903226,0.024516129032258065,0.02193548387096774,0.02838709677419355,0.04,0.016774193548387096,0.02838709677419355,0.02064516129032258,0.02193548387096774,0.03225806451612903,0.01935483870967742,0.03225806451612903,0.027096774193548386,0.027096774193548386,0.03354838709677419,0.03225806451612903,0.024516129032258065
2022-11,0.02507232401157184,0.022179363548698167,0.021215043394406944,0.03857280617164899,0.03182256509161042,0.01253616200578592,0.02507232401157184,0.01446480231436837,0.022179363548698167,0.03182256509161042,0.009643201542912247,0.020250723240115717,0.03085824493731919,0.02507232401157184,0.020250723240115717,0.03471552555448409,0.03664416586306654,0.023143683702989394,0.05110896817743491,0.01253616200578592,0.02700096432015429,0.03857280617164899,0.021215043394406944,0.01832208293153327,0.027965284474445518,0.01832208293153327,0.020250723240115717,0.02892960462873674,0.01446480231436837,0.01832208293153327,0.01446480231436837,0.01639344262295082,0.02507232401157184,0.019286403085824494,0.03471552555448409,0.021215043394406944,0.03182256509161042,0.027965284474445518,0.03857280617164899,0.027965284474445518
2022-12,0.027366020524515394,0.02508551881413911,0.037628278221208664,0.03078677309007982,0.02280501710376283,0.018244013683010263,0.03534777651083238,0.02280501710376283,0.012542759407069556,0.02394526795895097,0.0068415051311288486,0.03420752565564424,0.021664766248574687,0.013683010262257697,0.02508551881413911,0.05131128848346636,0.020524515393386546,0.02508551881413911,0.019384264538198404,0.019384264538198404,0.020524515393386546,0.018244013683010263,0.021664766248574687,0.01596351197263398,0.02394526795895097,0.01596351197263398,0.0330672748004561,0.0330672748004561,0.013683010262257697,0.021664766248574687,0.02508551881413911,0.019384264538198404,0.020524515393386546,0.01596351197263398,0.020524515393386546,0.018244013683010263,0.018244013683010263,0.02394526795895097,0.036488027366020526,0.09007981755986318
2023-01,0.01845444059976932,0.020761245674740483,0.0265282583621684,0.029988465974625143,0.020761245674740483,0.01845444059976932,0.01845444059976932,0.02306805074971165,0.02306805074971165,0.02191464821222607,0.012687427912341407,0.020761245674740483,0.02768166089965398,0.03460207612456748,0.014994232987312572,0.04267589388696655,0.011534025374855825,0.02306805074971165,0.0196078431372549,0.014994232987312572,0.01384083044982699,0.03575547866205306,0.02422145328719723,0.02306805074971165,0.02883506343713956,0.0265282583621684,0.03806228373702422,0.0657439446366782,0.020761245674740483,0.01845444059976932,0.02191464821222607,0.016147635524798153,0.025374855824682813,0.020761245674740483,0.03229527104959631,0.016147635524798153,0.02768166089965398,0.03460207612456748,0.03344867358708189,0.03229527104959631
2023-02,0.030229746070133012,0.02176541717049577,0.020556227327690448,0.018137847642079808,0.02539298669891173,0.02418379685610641,0.015719467956469165,0.030229746070133012,0.012091898428053204,0.026602176541717048,0.014510278113663845,0.02539298669891173,0.03990326481257558,0.022974607013301087,0.037484885126964934,0.022974607013301087,0.02176541717049577,0.010882708585247884,0.013301088270858524,0.009673518742442563,0.013301088270858524,0.019347037484885126,0.03385731559854897,0.015719467956469165,0.02176541717049577,0.020556227327690448,0.026602176541717048,0.06166868198307134,0.013301088270858524,0.022974607013301087,0.018137847642079808,0.032648125755743655,0.03385731559854897,0.037484885126964934,0.02781136638452237,0.015719467956469165,0.026602176541717048,0.02781136638452237,0.03990326481257558,0.0471584038694075
2023-03,0.03200775945683802,0.031037827352085354,0.020368574199806012,0.02230843840931135,0.02230843840931135,0.028128031037827354,0.015518913676042677,0.023278370514064017,0.01745877788554801,0.02230843840931135,0.026188166828322017,0.01745877788554801,0.031037827352085354,0.02133850630455868,0.02521823472356935,0.037827352085354024,0.02424830261881668,0.02424830261881668,0.015518913676042677,0.012609117361784675,0.019398642095053348,0.028128031037827354,0.016488845780795344,0.02521823472356935,0.01745877788554801,0.030067895247332686,0.037827352085354024,0.02424830261881668,0.023278370514064017,0.02424830261881668,0.02230843840931135,0.02230843840931135,0.01842870999030068,0.019398642095053348,0.03200775945683802,0.020368574199806012,0.027158098933074686,0.03491755577109602,0.037827352085354024,0.04849660523763336
2023-04,0.05347091932457786,0.0225140712945591,0.02626641651031895,0.03189493433395872,0.02626641651031895,0.020637898686679174,0.019699812382739212,0.020637898686679174,0.01876172607879925,0.020637898686679174,0.02626641651031895,0.01876172607879925,0.02626641651031895,0.020637898686679174,0.03095684803001876,0.04127579737335835,0.0225140712945591,0.0150093808630394,0.012195121951219513,0.024390243902439025,0.019699812382739212,0.019699812382739212,0.01876172607879925,0.01876172607879925,0.025328330206378986,0.03283302063789869,0.06285178236397748,0.028142589118198873,0.01594746716697936,0.021575984990619138,0.024390243902439025,0.01876172607879925,0.028142589118198873,0.02345215759849906,0.017823639774859287,0.02626641651031895,0.021575984990619138,0.012195121951219513,0.040337711069418386,0.024390243902439025
2023-05,0.05004812319538017,0.023099133782483156,0.02213666987487969,0.05389797882579403,0.02791145332050048,0.01828681424446583,0.021174205967276226,0.032723772858517804,0.016361886429258902,0.02021174205967276,0.017324350336862367,0.026948989412897015,0.03176130895091434,0.03464870067372473,0.014436958614051972,0.04138594802694899,0.016361886429258902,0.02406159769008662,0.025024061597690085,0.02406159769008662,0.006737247353224254,0.025024061597690085,0.017324350336862367,0.02598652550529355,0.028873917228103944,0.02598652550529355,0.016361886429258902,0.017324350336862367,0.017324350336862367,0.028873917228103944,0.016361886429258902,0.013474494706448507,0.02213666987487969,0.019249278152069296,0.032723772858517804,0.019249278152069296,0.023099133782483156,0.02791145332050048,0.04427333974975938,0.029836381135707413
2023-06,0.0263671875,0.0244140625,0.0341796875,0.021484375,0.0234375,0.0283203125,0.0283203125,0.0341796875,0.0126953125,0.0234375,0.021484375,0.0283203125,0.0234375,0.037109375,0.0224609375,0.0400390625,0.0234375,0.017578125,0.0126953125,0.0244140625,0.017578125,0.0185546875,0.0185546875,0.0166015625,0.029296875,0.021484375,0.0302734375,0.0283203125,0.021484375,0.0244140625,0.0185546875,0.0205078125,0.0185546875,0.0126953125,0.0341796875,0.0234375,0.0283203125,0.0205078125,0.04296875,0.0458984375
2023-07,0.02233502538071066,0.02233502538071066,0.024365482233502538,0.030456852791878174,0.029441624365482234,0.013197969543147208,0.028426395939086295,0.023350253807106598,0.02030456852791878,0.027411167512690356,0.017258883248730966,0.024365482233502538,0.03451776649746193,0.027411167512690356,0.018274111675126905,0.03756345177664975,0.018274111675126905,0.024365482233502538,0.016243654822335026,0.030456852791878174,0.016243654822335026,0.019289340101522844,0.017258883248730966,0.017258883248730966,0.023350253807106598,0.02030456852791878,0.027411167512690356,0.02131979695431472,0.013197969543147208,0.024365482233502538,0.025380710659898477,0.025380710659898477,0.02131979695431472,0.02131979695431472,0.02131979695431472,0.03350253807106599,0.027411167512690356,0.027411167512690356,0.03350253807106599,0.07309644670050762
2023-08,0.04357298474945534,0.03159041394335512,0.030501089324618737,0.02178649237472767,0.02505446623093682,0.018518518518518517,0.02287581699346405,0.02287581699346405,0.016339869281045753,0.02505446623093682,0.03376906318082789,0.023965141612200435,0.027233115468409588,0.02832244008714597,0.020697167755991286,0.02505446623093682,0.014161220043572984,0.013071895424836602,0.016339869281045753,0.026143790849673203,0.016339869281045753,0.04030501089324619,0.014161220043572984,0.023965141612200435,0.023965141612200435,0.027233115468409588,0.023965141612200435,0.03159041394335512,0.0196078431372549,0.026143790849673203,0.02178649237472767,0.010893246187363835,0.023965141612200435,0.02832244008714597,0.030501089324618737,0.018518518518518517,0.029411764705882353,0.029411764705882353,0.027233115468409588,0.0457516339869281
2023-09,0.03918918918918919,0.025675675675675677,0.02837837837837838,0.03513513513513514,0.025675675675675677,0.021621621621621623,0.021621621621621623,0.03513513513513514,0.02027027027027027,0.031081081081081083,0.021621621621621623,0.033783783783783786,0.02837837837837838,0.022972972972972974,0.02027027027027027,0.025675675675675677,0.024324324324324326,0.014864864864864866,0.01891891891891892,0.02702702702702703,0.021621621621621623,0.033783783783783786,0.022972972972972974,0.010810810810810811,0.024324324324324326,0.02837837837837838,0.021621621621621623,0.02702702702702703,0.014864864864864866,0.02027027027027027,0.025675675675675677,0.012162162162162163,0.02027027027027027,0.021621621621621623,0.02702702702702703,0.025675675675675677,0.031081081081081083,0.02972972972972973,0.033783783783783786,0.025675675675675677
2023-10,0.017527675276752766,0.03044280442804428,0.042435424354243544,0.035977859778597784,0.02952029520295203,0.021217712177121772,0.025830258302583026,0.026752767527675275,0.012915129151291513,0.02029520295202952,0.01107011070110701,0.021217712177121772,0.03505535055350553,0.03690036900369004,0.027675276752767528,0.03505535055350553,0.024907749077490774,0.00922509225092251,0.01845018450184502,0.024907749077490774,0.023062730627306273,0.01845018450184502,0.016605166051660517,0.02029520295202952,0.02952029520295203,0.021217712177121772,0.027675276752767528,0.016605166051660517,0.016605166051660517,0.017527675276752766,0.024907749077490774,0.023062730627306273,0.03136531365313653,0.027675276752767528,0.023985239852398525,0.016605166051660517,0.03044280442804428,0.014760147601476014,0.03966789667896679,0.052583025830258305
2023-11,0.028985507246376812,0.024456521739130436,0.018115942028985508,0.03170289855072464,0.018115942028985508,0.015398550724637682,0.015398550724637682,0.019021739130434784,0.016304347826086956,0.019927536231884056,0.01177536231884058,0.009057971014492754,0.030797101449275364,0.029891304347826088,0.009057971014492754,0.03260869565217391,0.02355072463768116,0.014492753623188406,0.015398550724637682,0.024456521739130436,0.016304347826086956,0.03985507246376811,0.029891304347826088,0.025362318840579712,0.021739130434782608,0.01177536231884058,0.016304347826086956,0.08423913043478261,0.018115942028985508,0.020833333333333332,0.022644927536231884,0.04710144927536232,0.058876811594202896,0.016304347826086956,0.026268115942028984,0.018115942028985508,0.024456521739130436,0.028985507246376812,0.02717391304347826,0.03713768115942029
2023-12,0.034292035398230086,0.022123893805309734,0.024336283185840708,0.029867256637168143,0.030973451327433628,0.015486725663716814,0.024336283185840708,0.034292035398230086,0.008849557522123894,0.018805309734513276,0.011061946902654867,0.008849557522123894,0.033185840707964605,0.033185840707964605,0.02654867256637168,0.034292035398230086,0.017699115044247787,0.02101769911504425,0.01991150442477876,0.015486725663716814,0.02101769911504425,0.032079646017699116,0.015486725663716814,0.018805309734513276,0.015486725663716814,0.015486725663716814,0.02765486725663717,0.09513274336283185,0.022123893805309734,0.01991150442477876,0.023230088495575223,0.016592920353982302,0.02101769911504425,0.015486725663716814,0.017699115044247787,0.02654867256637168,0.029867256637168143,0.02654867256637168,0.05641592920353982,0.018805309734513276
2024-01,0.04088397790055249,0.014364640883977901,0.022099447513812154,0.036464088397790057,0.01878453038674033,0.019889502762430938,0.02541436464088398,0.016574585635359115,0.009944751381215469,0.032044198895027624,0.015469613259668509,0.041988950276243095,0.02983425414364641,0.03314917127071823,0.016574585635359115,0.03867403314917127,0.023204419889502764,0.036464088397790057,0.030939226519337018,0.01878453038674033,0.019889502762430938,0.02983425414364641,0.01878453038674033,0.016574585635359115,0.027624309392265192,0.017679558011049725,0.020994475138121547,0.06629834254143646,0.019889502762430938,0.014364640883977901,0.023204419889502764,0.019889502762430938,0.019889502762430938,0.013259668508287293,0.019889502762430938,0.013259668508287293,0.030939226519337018,0.028729281767955802,0.032044198895027624,0.02541436464088398
2024-02,0.029209621993127148,0.020618556701030927,0.022336769759450172,0.024054982817869417,0.01632302405498282,0.024054982817869417,0.01804123711340206,0.01288659793814433,0.012027491408934709,0.0661512027491409,0.024054982817869417,0.014604810996563574,0.019759450171821305,0.028350515463917526,0.015463917525773196,0.03178694158075601,0.027491408934707903,0.02147766323024055,0.015463917525773196,0.1254295532646048,0.00859106529209622,0.02577319587628866,0.020618556701030927,0.01804123711340206,0.011168384879725086,0.01632302405498282,0.02663230240549828,0.02147766323024055,0.022336769759450172,0.02491408934707904,0.024054982817869417,0.01718213058419244,0.01718213058419244,0.00859106529209622,0.029209621993127148,0.023195876288659795,0.01804123711340206,0.04725085910652921,0.023195876288659795,0.02663230240549828
2024-03,0.029467680608365018,0.02091254752851711,0.022813688212927757,0.01806083650190114,0.02376425855513308,0.030418250950570342,0.02091254752851711,0.014258555133079848,0.009505703422053232,0.024714828897338403,0.011406844106463879,0.010456273764258554,0.03612167300380228,0.07319391634980989,0.011406844106463879,0.028517110266159697,0.019011406844106463,0.011406844106463879,0.022813688212927757,0.01806083650190114,0.013307984790874524,0.021863117870722433,0.0779467680608365,0.019011406844106463,0.01806083650190114,0.015209125475285171,0.01806083650190114,0.049429657794676805,0.027566539923954372,0.015209125475285171,0.026615969581749048,0.011406844106463879,0.017110266159695818,0.01806083650190114,0.03612167300380228,0.019011406844106463,0.014258555133079848,0.06844106463878327,0.030418250950570342,0.025665399239543727
2024-04,0.041631265930331354,0.0118946474086661,0.018691588785046728,0.0356839422259983,0.021240441801189464,0.01954120645709431,0.022090059473237042,0.025488530161427356,0.013593882752761258,0.02888700084961767,0.01784197111299915,0.020390824129141887,0.029736618521665252,0.025488530161427356,0.02463891248937978,0.022939677145284623,0.0118946474086661,0.01784197111299915,0.018691588785046728,0.016992353440951572,0.016142735768903994,0.03143585386576041,0.021240441801189464,0.01954120645709431,0.0237892948173322,0.016142735768903994,0.027187765505522515,0.01784197111299915,0.016142735768903994,0.01784197111299915,0.02463891248937978,0.01954120645709431,0.0118946474086661,0.01954120645709431,0.027187765505522515,0.022939677145284623,0.022939677145284623,0.15123194562446898,0.027187765505522515,0.020390824129141887
2024-05,0.025196850393700787,0.01889763779527559,0.023622047244094488,0.027559055118110236,0.07795275590551182,0.01811023622047244,0.02204724409448819,0.01653543307086614,0.011811023622047244,0.01889763779527559,0.013385826771653543,0.01732283464566929,0.025196850393700787,0.023622047244094488,0.02047244094488189,0.029133858267716535,0.014960629921259842,0.026771653543307086,0.01889763779527559,0.013385826771653543,0.01811023622047244,0.01889763779527559,0.029133858267716535,0.014173228346456693,0.01889763779527559,0.011811023622047244,0.01732283464566929,0.08503937007874016,0.011811023622047244,0.01811023622047244,0.02204724409448819,0.009448818897637795,0.015748031496062992,0.014960629921259842,0.025984251968503937,0.01889763779527559,0.02283464566929134,0.1173228346456693,0.027559055118110236,0.01811023622047244
2024-06,0.031746031746031744,0.020202020202020204,0.01948051948051948,0.023088023088023088,0.04256854256854257,0.020923520923520924,0.022366522366522368,0.013708513708513708,0.011544011544011544,0.025252525252525252,0.012265512265512266,0.01875901875901876,0.030303030303030304,0.03318903318903319,0.018037518037518036,0.020923520923520924,0.018037518037518036,0.03463203463203463,0.015873015873015872,0.031024531024531024,0.017316017316017316,0.023809523809523808,0.049062049062049064,0.01948051948051948,0.010101010101010102,0.020923520923520924,0.020202020202020204,0.016594516594516596,0.01948051948051948,0.025252525252525252,0.026695526695526696,0.01443001443001443,0.015151515151515152,0.015151515151515152,0.022366522366522368,0.016594516594516596,0.05772005772005772,0.09163059163059163,0.030303030303030304,0.023809523809523808
2024-07,0.028688524590163935,0.012295081967213115,0.020491803278688523,0.040983606557377046,0.02459016393442623,0.004098360655737705,0.02459016393442623,0.020491803278688523,0.004098360655737705,0.020491803278688523,0.004098360655737705,0.004098360655737705,0.036885245901639344,0.03278688524590164,0.00819672131147541,0.02459016393442623,0.020491803278688523,0.03278688524590164,0.004098360655737705,0.012295081967213115,0.040983606557377046,0.028688524590163935,0.25,0.004098360655737705,0.03278688524590164,0.004098360655737705,0.02459016393442623,0.04918032786885246,0.01639344262295082,0.012295081967213115,0.01639344262295082,0.0,0.00819672131147541,0.028688524590163935,0.00819672131147541,0.01639344262295082,0.012295081967213115,0.028688524590163935,0.02459016393442623,0.012295081967213115
