stakeholder,month,topic_id,absolute_impact,relative_impact,monthly_document_count
developer,2015-06,0,110,0.0205684367988032,5348
developer,2015-06,1,174,0.0325355272999252,5348
developer,2015-06,2,142,0.0265519820493642,5348
developer,2015-06,3,90,0.0168287210172026,5348
developer,2015-06,4,98,0.0183246073298429,5348
developer,2015-06,5,251,0.0469334330590875,5348
developer,2015-06,6,237,0.044315632011967,5348
developer,2015-06,7,100,0.0186985789080029,5348
developer,2015-06,8,268,0.050112191473448,5348
developer,2015-06,9,123,0.0229992520568436,5348
developer,2015-06,10,139,0.0259910246821241,5348
developer,2015-06,11,147,0.0274869109947644,5348
developer,2015-06,12,146,0.0272999252056843,5348
developer,2015-06,13,103,0.019259536275243,5348
developer,2015-06,14,88,0.0164547494390426,5348
developer,2015-06,15,95,0.0177636499626028,5348
developer,2015-06,16,120,0.0224382946896035,5348
developer,2015-06,17,61,0.0114061331338818,5348
developer,2015-06,18,123,0.0229992520568436,5348
developer,2015-06,19,58,0.0108451757666417,5348
developer,2015-06,20,128,0.0239341810022438,5348
developer,2015-06,21,77,0.0143979057591623,5348
developer,2015-06,22,153,0.0286088257292445,5348
developer,2015-06,23,81,0.0151458489154824,5348
developer,2015-06,24,104,0.0194465220643231,5348
developer,2015-06,25,158,0.0295437546746447,5348
developer,2015-06,26,172,0.0321615557217651,5348
developer,2015-06,27,197,0.0368362004487658,5348
developer,2015-06,28,70,0.013089005235602,5348
developer,2015-06,29,72,0.0134629768137621,5348
developer,2015-06,30,59,0.0110321615557217,5348
developer,2015-06,31,114,0.0213163799551234,5348
developer,2015-06,32,253,0.0473074046372475,5348
developer,2015-06,33,270,0.050486163051608,5348
developer,2015-06,34,155,0.0289827973074046,5348
developer,2015-06,35,106,0.0198204936424831,5348
developer,2015-06,36,110,0.0205684367988032,5348
developer,2015-06,37,146,0.0272999252056843,5348
developer,2015-06,38,130,0.0243081525804038,5348
developer,2015-06,39,120,0.0224382946896035,5348
developer,2015-07,0,75,0.0295275590551181,2540
developer,2015-07,1,92,0.0362204724409448,2540
developer,2015-07,2,94,0.037007874015748,2540
developer,2015-07,3,46,0.0181102362204724,2540
developer,2015-07,4,42,0.0165354330708661,2540
developer,2015-07,5,66,0.0259842519685039,2540
developer,2015-07,6,121,0.0476377952755905,2540
developer,2015-07,7,44,0.0173228346456692,2540
developer,2015-07,8,103,0.0405511811023622,2540
developer,2015-07,9,34,0.0133858267716535,2540
developer,2015-07,10,88,0.0346456692913385,2540
developer,2015-07,11,45,0.0177165354330708,2540
developer,2015-07,12,89,0.0350393700787401,2540
developer,2015-07,13,81,0.0318897637795275,2540
developer,2015-07,14,44,0.0173228346456692,2540
developer,2015-07,15,55,0.0216535433070866,2540
developer,2015-07,16,54,0.021259842519685,2540
developer,2015-07,17,38,0.0149606299212598,2540
developer,2015-07,18,52,0.0204724409448818,2540
developer,2015-07,19,38,0.0149606299212598,2540
developer,2015-07,20,49,0.0192913385826771,2540
developer,2015-07,21,37,0.0145669291338582,2540
developer,2015-07,22,60,0.0236220472440944,2540
developer,2015-07,23,64,0.0251968503937007,2540
developer,2015-07,24,64,0.0251968503937007,2540
developer,2015-07,25,67,0.0263779527559055,2540
developer,2015-07,26,82,0.0322834645669291,2540
developer,2015-07,27,104,0.0409448818897637,2540
developer,2015-07,28,33,0.0129921259842519,2540
developer,2015-07,29,28,0.011023622047244,2540
developer,2015-07,30,52,0.0204724409448818,2540
developer,2015-07,31,64,0.0251968503937007,2540
developer,2015-07,32,84,0.0330708661417322,2540
developer,2015-07,33,103,0.0405511811023622,2540
developer,2015-07,34,59,0.0232283464566929,2540
developer,2015-07,35,74,0.0291338582677165,2540
developer,2015-07,36,48,0.0188976377952755,2540
developer,2015-07,37,58,0.0228346456692913,2540
developer,2015-07,38,58,0.0228346456692913,2540
developer,2015-07,39,51,0.0200787401574803,2540
developer,2015-08,0,86,0.0297474922172258,2891
developer,2015-08,1,102,0.035281909373919,2891
developer,2015-08,2,99,0.034244206157039,2891
developer,2015-08,3,53,0.0183327568315461,2891
developer,2015-08,4,56,0.0193704600484261,2891
developer,2015-08,5,95,0.0328606018678657,2891
developer,2015-08,6,113,0.0390868211691456,2891
developer,2015-08,7,50,0.0172950536146662,2891
developer,2015-08,8,96,0.0332065029401591,2891
developer,2015-08,9,57,0.0197163611207194,2891
developer,2015-08,10,95,0.0328606018678657,2891
developer,2015-08,11,84,0.0290556900726392,2891
developer,2015-08,12,68,0.023521272915946,2891
developer,2015-08,13,69,0.0238671739882393,2891
developer,2015-08,14,55,0.0190245589761328,2891
developer,2015-08,15,64,0.0221376686267727,2891
developer,2015-08,16,55,0.0190245589761328,2891
developer,2015-08,17,35,0.0121065375302663,2891
developer,2015-08,18,50,0.0172950536146662,2891
developer,2015-08,19,41,0.0141819439640262,2891
developer,2015-08,20,60,0.0207540643375994,2891
developer,2015-08,21,48,0.0166032514700795,2891
developer,2015-08,22,90,0.0311310965063991,2891
developer,2015-08,23,56,0.0193704600484261,2891
developer,2015-08,24,85,0.0294015911449325,2891
developer,2015-08,25,77,0.0266343825665859,2891
developer,2015-08,26,90,0.0311310965063991,2891
developer,2015-08,27,102,0.035281909373919,2891
developer,2015-08,28,43,0.0148737461086129,2891
developer,2015-08,29,35,0.0121065375302663,2891
developer,2015-08,30,43,0.0148737461086129,2891
developer,2015-08,31,78,0.0269802836388792,2891
developer,2015-08,32,133,0.0460048426150121,2891
developer,2015-08,33,111,0.0383950190245589,2891
developer,2015-08,34,69,0.0238671739882393,2891
developer,2015-08,35,69,0.0238671739882393,2891
developer,2015-08,36,70,0.0242130750605326,2891
developer,2015-08,37,75,0.0259425804219993,2891
developer,2015-08,38,81,0.0280179868557592,2891
developer,2015-08,39,53,0.0183327568315461,2891
developer,2015-09,0,65,0.0223367697594501,2910
developer,2015-09,1,81,0.0278350515463917,2910
developer,2015-09,2,80,0.0274914089347079,2910
developer,2015-09,3,54,0.0185567010309278,2910
developer,2015-09,4,63,0.0216494845360824,2910
developer,2015-09,5,103,0.0353951890034364,2910
developer,2015-09,6,101,0.0347079037800687,2910
developer,2015-09,7,55,0.0189003436426116,2910
developer,2015-09,8,101,0.0347079037800687,2910
developer,2015-09,9,66,0.022680412371134,2910
developer,2015-09,10,100,0.0343642611683848,2910
developer,2015-09,11,66,0.022680412371134,2910
developer,2015-09,12,86,0.0295532646048109,2910
developer,2015-09,13,92,0.031615120274914,2910
developer,2015-09,14,59,0.020274914089347,2910
developer,2015-09,15,60,0.0206185567010309,2910
developer,2015-09,16,76,0.0261168384879725,2910
developer,2015-09,17,33,0.011340206185567,2910
developer,2015-09,18,41,0.0140893470790378,2910
developer,2015-09,19,44,0.0151202749140893,2910
developer,2015-09,20,73,0.0250859106529209,2910
developer,2015-09,21,51,0.0175257731958762,2910
developer,2015-09,22,92,0.031615120274914,2910
developer,2015-09,23,45,0.0154639175257731,2910
developer,2015-09,24,68,0.0233676975945017,2910
developer,2015-09,25,82,0.0281786941580756,2910
developer,2015-09,26,92,0.031615120274914,2910
developer,2015-09,27,98,0.0336769759450171,2910
developer,2015-09,28,43,0.0147766323024054,2910
developer,2015-09,29,39,0.0134020618556701,2910
developer,2015-09,30,61,0.0209621993127147,2910
developer,2015-09,31,98,0.0336769759450171,2910
developer,2015-09,32,119,0.040893470790378,2910
developer,2015-09,33,117,0.0402061855670103,2910
developer,2015-09,34,67,0.0230240549828178,2910
developer,2015-09,35,77,0.0264604810996563,2910
developer,2015-09,36,61,0.0209621993127147,2910
developer,2015-09,37,84,0.0288659793814433,2910
developer,2015-09,38,69,0.0237113402061855,2910
developer,2015-09,39,48,0.0164948453608247,2910
developer,2015-10,0,89,0.0326965466568699,2722
developer,2015-10,1,74,0.0271858927259368,2722
developer,2015-10,2,96,0.035268185157972,2722
developer,2015-10,3,51,0.0187362233651726,2722
developer,2015-10,4,52,0.0191036002939015,2722
developer,2015-10,5,100,0.0367376928728875,2722
developer,2015-10,6,85,0.0312270389419544,2722
developer,2015-10,7,60,0.0220426157237325,2722
developer,2015-10,8,69,0.0253490080822924,2722
developer,2015-10,9,60,0.0220426157237325,2722
developer,2015-10,10,98,0.0360029390154298,2722
developer,2015-10,11,85,0.0312270389419544,2722
developer,2015-10,12,81,0.0297575312270389,2722
developer,2015-10,13,74,0.0271858927259368,2722
developer,2015-10,14,40,0.014695077149155,2722
developer,2015-10,15,56,0.020573108008817,2722
developer,2015-10,16,66,0.0242468772961058,2722
developer,2015-10,17,41,0.0150624540778839,2722
developer,2015-10,18,62,0.0227773695811903,2722
developer,2015-10,19,40,0.014695077149155,2722
developer,2015-10,20,57,0.0209404849375459,2722
developer,2015-10,21,76,0.0279206465833945,2722
developer,2015-10,22,82,0.0301249081557678,2722
developer,2015-10,23,55,0.0202057310800881,2722
developer,2015-10,24,54,0.0198383541513592,2722
developer,2015-10,25,60,0.0220426157237325,2722
developer,2015-10,26,96,0.035268185157972,2722
developer,2015-10,27,81,0.0297575312270389,2722
developer,2015-10,28,42,0.0154298310066127,2722
developer,2015-10,29,56,0.020573108008817,2722
developer,2015-10,30,44,0.0161645848640705,2722
developer,2015-10,31,77,0.0282880235121234,2722
developer,2015-10,32,91,0.0334313005143277,2722
developer,2015-10,33,107,0.0393093313739897,2722
developer,2015-10,34,45,0.0165319617927994,2722
developer,2015-10,35,68,0.0249816311535635,2722
developer,2015-10,36,44,0.0161645848640705,2722
developer,2015-10,37,71,0.0260837619397501,2722
developer,2015-10,38,78,0.0286554004408523,2722
developer,2015-10,39,59,0.0216752387950036,2722
developer,2015-11,0,50,0.0260145681581685,1922
developer,2015-11,1,65,0.0338189386056191,1922
developer,2015-11,2,51,0.0265348595213319,1922
developer,2015-11,3,45,0.0234131113423517,1922
developer,2015-11,4,27,0.014047866805411,1922
developer,2015-11,5,57,0.0296566077003121,1922
developer,2015-11,6,45,0.0234131113423517,1922
developer,2015-11,7,38,0.0197710718002081,1922
developer,2015-11,8,36,0.0187304890738813,1922
developer,2015-11,9,34,0.0176899063475546,1922
developer,2015-11,10,31,0.0161290322580645,1922
developer,2015-11,11,65,0.0338189386056191,1922
developer,2015-11,12,77,0.0400624349635796,1922
developer,2015-11,13,77,0.0400624349635796,1922
developer,2015-11,14,55,0.0286160249739854,1922
developer,2015-11,15,50,0.0260145681581685,1922
developer,2015-11,16,49,0.0254942767950052,1922
developer,2015-11,17,28,0.0145681581685744,1922
developer,2015-11,18,42,0.0218522372528616,1922
developer,2015-11,19,27,0.014047866805411,1922
developer,2015-11,20,39,0.0202913631633714,1922
developer,2015-11,21,90,0.0468262226847034,1922
developer,2015-11,22,63,0.0327783558792924,1922
developer,2015-11,23,42,0.0218522372528616,1922
developer,2015-11,24,29,0.0150884495317377,1922
developer,2015-11,25,36,0.0187304890738813,1922
developer,2015-11,26,67,0.0348595213319458,1922
developer,2015-11,27,31,0.0161290322580645,1922
developer,2015-11,28,26,0.0135275754422476,1922
developer,2015-11,29,63,0.0327783558792924,1922
developer,2015-11,30,43,0.0223725286160249,1922
developer,2015-11,31,46,0.023933402705515,1922
developer,2015-11,32,55,0.0286160249739854,1922
developer,2015-11,33,60,0.0312174817898022,1922
developer,2015-11,34,40,0.0208116545265348,1922
developer,2015-11,35,75,0.0390218522372528,1922
developer,2015-11,36,33,0.0171696149843912,1922
developer,2015-11,37,42,0.0218522372528616,1922
developer,2015-11,38,53,0.0275754422476586,1922
developer,2015-11,39,40,0.0208116545265348,1922
developer,2015-12,0,51,0.0243436754176611,2095
developer,2015-12,1,60,0.0286396181384248,2095
developer,2015-12,2,73,0.0348448687350835,2095
developer,2015-12,3,41,0.0195704057279236,2095
developer,2015-12,4,28,0.0133651551312649,2095
developer,2015-12,5,65,0.0310262529832935,2095
developer,2015-12,6,62,0.0295942720763723,2095
developer,2015-12,7,26,0.0124105011933174,2095
developer,2015-12,8,45,0.0214797136038186,2095
developer,2015-12,9,55,0.026252983293556,2095
developer,2015-12,10,34,0.0162291169451073,2095
developer,2015-12,11,101,0.0482100238663484,2095
developer,2015-12,12,58,0.0276849642004773,2095
developer,2015-12,13,96,0.0458233890214797,2095
developer,2015-12,14,45,0.0214797136038186,2095
developer,2015-12,15,59,0.028162291169451,2095
developer,2015-12,16,61,0.0291169451073985,2095
developer,2015-12,17,25,0.0119331742243436,2095
developer,2015-12,18,44,0.0210023866348448,2095
developer,2015-12,19,28,0.0133651551312649,2095
developer,2015-12,20,31,0.0147971360381861,2095
developer,2015-12,21,103,0.0491646778042959,2095
developer,2015-12,22,76,0.0362768496420047,2095
developer,2015-12,23,34,0.0162291169451073,2095
developer,2015-12,24,48,0.0229116945107398,2095
developer,2015-12,25,41,0.0195704057279236,2095
developer,2015-12,26,63,0.030071599045346,2095
developer,2015-12,27,33,0.0157517899761336,2095
developer,2015-12,28,36,0.0171837708830548,2095
developer,2015-12,29,73,0.0348448687350835,2095
developer,2015-12,30,51,0.0243436754176611,2095
developer,2015-12,31,58,0.0276849642004773,2095
developer,2015-12,32,51,0.0243436754176611,2095
developer,2015-12,33,53,0.0252983293556085,2095
developer,2015-12,34,35,0.0167064439140811,2095
developer,2015-12,35,75,0.035799522673031,2095
developer,2015-12,36,30,0.0143198090692124,2095
developer,2015-12,37,52,0.0248210023866348,2095
developer,2015-12,38,65,0.0310262529832935,2095
developer,2015-12,39,30,0.0143198090692124,2095
developer,2016-01,0,272,0.0261463039507834,10403
developer,2016-01,1,343,0.0329712582908776,10403
developer,2016-01,2,181,0.0173988272613669,10403
developer,2016-01,3,192,0.0184562145534941,10403
developer,2016-01,4,108,0.0103816206863404,10403
developer,2016-01,5,330,0.0317216187638181,10403
developer,2016-01,6,177,0.0170143227915024,10403
developer,2016-01,7,174,0.0167259444391041,10403
developer,2016-01,8,126,0.0121118908007305,10403
developer,2016-01,9,272,0.0261463039507834,10403
developer,2016-01,10,131,0.0125925213880611,10403
developer,2016-01,11,599,0.0575795443622032,10403
developer,2016-01,12,215,0.0206671152552148,10403
developer,2016-01,13,378,0.0363356724021916,10403
developer,2016-01,14,324,0.0311448620590214,10403
developer,2016-01,15,246,0.0236470248966644,10403
developer,2016-01,16,236,0.0226857637220032,10403
developer,2016-01,17,213,0.0204748630202826,10403
developer,2016-01,18,173,0.0166298183216379,10403
developer,2016-01,19,136,0.0130731519753917,10403
developer,2016-01,20,201,0.0193213496106892,10403
developer,2016-01,21,504,0.0484475632029222,10403
developer,2016-01,22,328,0.0315293665288858,10403
developer,2016-01,23,256,0.0246082860713255,10403
developer,2016-01,24,144,0.0138421609151206,10403
developer,2016-01,25,325,0.0312409881764875,10403
developer,2016-01,26,437,0.0420071133326924,10403
developer,2016-01,27,273,0.0262424300682495,10403
developer,2016-01,28,252,0.0242237816014611,10403
developer,2016-01,29,401,0.0385465731039123,10403
developer,2016-01,30,158,0.0151879265596462,10403
developer,2016-01,31,200,0.0192252234932231,10403
developer,2016-01,32,268,0.0257617994809189,10403
developer,2016-01,33,202,0.0194174757281553,10403
developer,2016-01,34,189,0.0181678362010958,10403
developer,2016-01,35,386,0.0371046813419205,10403
developer,2016-01,36,160,0.0153801787945784,10403
developer,2016-01,37,264,0.0253772950110545,10403
developer,2016-01,38,306,0.0294145919446313,10403
developer,2016-01,39,323,0.0310487359415553,10403
developer,2016-02,0,61,0.0157704239917269,3868
developer,2016-02,1,156,0.0403309203722854,3868
developer,2016-02,2,62,0.0160289555325749,3868
developer,2016-02,3,64,0.0165460186142709,3868
developer,2016-02,4,56,0.014477766287487,3868
developer,2016-02,5,84,0.0217166494312306,3868
developer,2016-02,6,84,0.0217166494312306,3868
developer,2016-02,7,72,0.0186142709410548,3868
developer,2016-02,8,73,0.0188728024819027,3868
developer,2016-02,9,106,0.0274043433298862,3868
developer,2016-02,10,44,0.0113753877973112,3868
developer,2016-02,11,189,0.0488624612202688,3868
developer,2016-02,12,102,0.0263702171664943,3868
developer,2016-02,13,56,0.014477766287487,3868
developer,2016-02,14,145,0.0374870734229576,3868
developer,2016-02,15,155,0.0400723888314374,3868
developer,2016-02,16,54,0.0139607032057911,3868
developer,2016-02,17,75,0.0193898655635987,3868
developer,2016-02,18,40,0.0103412616339193,3868
developer,2016-02,19,81,0.0209410548086866,3868
developer,2016-02,20,65,0.0168045501551189,3868
developer,2016-02,21,113,0.0292140641158221,3868
developer,2016-02,22,88,0.0227507755946225,3868
developer,2016-02,23,133,0.0343846949327818,3868
developer,2016-02,24,99,0.0255946225439503,3868
developer,2016-02,25,149,0.0385211995863495,3868
developer,2016-02,26,197,0.0509307135470527,3868
developer,2016-02,27,107,0.0276628748707342,3868
developer,2016-02,28,86,0.0222337125129265,3868
developer,2016-02,29,113,0.0292140641158221,3868
developer,2016-02,30,67,0.0173216132368148,3868
developer,2016-02,31,83,0.0214581178903826,3868
developer,2016-02,32,151,0.0390382626680455,3868
developer,2016-02,33,63,0.0162874870734229,3868
developer,2016-02,34,40,0.0103412616339193,3868
developer,2016-02,35,152,0.0392967942088934,3868
developer,2016-02,36,65,0.0168045501551189,3868
developer,2016-02,37,48,0.0124095139607032,3868
developer,2016-02,38,67,0.0173216132368148,3868
developer,2016-02,39,223,0.0576525336091003,3868
developer,2016-03,0,53,0.0277632268203247,1909
developer,2016-03,1,58,0.0303823991618648,1909
developer,2016-03,2,37,0.0193818753273965,1909
developer,2016-03,3,63,0.0330015715034049,1909
developer,2016-03,4,40,0.0209533787323205,1909
developer,2016-03,5,36,0.0188580408590885,1909
developer,2016-03,6,54,0.0282870612886327,1909
developer,2016-03,7,30,0.0157150340492404,1909
developer,2016-03,8,49,0.0256678889470927,1909
developer,2016-03,9,38,0.0199057097957045,1909
developer,2016-03,10,26,0.0136196961760083,1909
developer,2016-03,11,61,0.0319539025667888,1909
developer,2016-03,12,87,0.0455735987427972,1909
developer,2016-03,13,55,0.0288108957569408,1909
developer,2016-03,14,62,0.0324777370350969,1909
developer,2016-03,15,64,0.0335254059717129,1909
developer,2016-03,16,44,0.0230487166055526,1909
developer,2016-03,17,34,0.0178103719224725,1909
developer,2016-03,18,39,0.0204295442640125,1909
developer,2016-03,19,21,0.0110005238344683,1909
developer,2016-03,20,51,0.0267155578837087,1909
developer,2016-03,21,34,0.0178103719224725,1909
developer,2016-03,22,50,0.0261917234154007,1909
developer,2016-03,23,44,0.0230487166055526,1909
developer,2016-03,24,54,0.0282870612886327,1909
developer,2016-03,25,55,0.0288108957569408,1909
developer,2016-03,26,69,0.036144578313253,1909
developer,2016-03,27,51,0.0267155578837087,1909
developer,2016-03,28,35,0.0183342063907805,1909
developer,2016-03,29,40,0.0209533787323205,1909
developer,2016-03,30,31,0.0162388685175484,1909
developer,2016-03,31,48,0.0251440544787847,1909
developer,2016-03,32,58,0.0303823991618648,1909
developer,2016-03,33,48,0.0251440544787847,1909
developer,2016-03,34,36,0.0188580408590885,1909
developer,2016-03,35,70,0.036668412781561,1909
developer,2016-03,36,50,0.0261917234154007,1909
developer,2016-03,37,37,0.0193818753273965,1909
developer,2016-03,38,51,0.0267155578837087,1909
developer,2016-03,39,46,0.0240963855421686,1909
developer,2016-04,0,77,0.0271317829457364,2838
developer,2016-04,1,71,0.0250176180408738,2838
developer,2016-04,2,58,0.0204369274136716,2838
developer,2016-04,3,59,0.0207892882311486,2838
developer,2016-04,4,65,0.0229034531360112,2838
developer,2016-04,5,74,0.0260747004933051,2838
developer,2016-04,6,57,0.0200845665961945,2838
developer,2016-04,7,50,0.0176180408738548,2838
developer,2016-04,8,62,0.0218463706835799,2838
developer,2016-04,9,54,0.0190274841437632,2838
developer,2016-04,10,55,0.0193798449612403,2838
developer,2016-04,11,49,0.0172656800563777,2838
developer,2016-04,12,141,0.0496828752642706,2838
developer,2016-04,13,86,0.0303030303030303,2838
developer,2016-04,14,98,0.0345313601127554,2838
developer,2016-04,15,100,0.0352360817477096,2838
developer,2016-04,16,85,0.0299506694855532,2838
developer,2016-04,17,56,0.0197322057787174,2838
developer,2016-04,18,55,0.0193798449612403,2838
developer,2016-04,19,54,0.0190274841437632,2838
developer,2016-04,20,82,0.0288935870331219,2838
developer,2016-04,21,64,0.0225510923185341,2838
developer,2016-04,22,51,0.0179704016913319,2838
developer,2016-04,23,84,0.0295983086680761,2838
developer,2016-04,24,91,0.0320648343904157,2838
developer,2016-04,25,60,0.0211416490486257,2838
developer,2016-04,26,74,0.0260747004933051,2838
developer,2016-04,27,74,0.0260747004933051,2838
developer,2016-04,28,76,0.0267794221282593,2838
developer,2016-04,29,40,0.0140944326990838,2838
developer,2016-04,30,65,0.0229034531360112,2838
developer,2016-04,31,52,0.018322762508809,2838
developer,2016-04,32,73,0.025722339675828,2838
developer,2016-04,33,90,0.0317124735729386,2838
developer,2016-04,34,63,0.022198731501057,2838
developer,2016-04,35,109,0.0384073291050035,2838
developer,2016-04,36,60,0.0211416490486257,2838
developer,2016-04,37,60,0.0211416490486257,2838
developer,2016-04,38,88,0.0310077519379844,2838
developer,2016-04,39,76,0.0267794221282593,2838
developer,2016-05,0,69,0.0273159144893111,2526
developer,2016-05,1,74,0.0292953285827395,2526
developer,2016-05,2,57,0.0225653206650831,2526
developer,2016-05,3,62,0.0245447347585114,2526
developer,2016-05,4,80,0.0316706254948535,2526
developer,2016-05,5,84,0.0332541567695962,2526
developer,2016-05,6,76,0.0300870942201108,2526
developer,2016-05,7,37,0.0146476642913697,2526
developer,2016-05,8,49,0.0193982581155977,2526
developer,2016-05,9,43,0.0170229612034837,2526
developer,2016-05,10,57,0.0225653206650831,2526
developer,2016-05,11,48,0.0190023752969121,2526
developer,2016-05,12,145,0.057403008709422,2526
developer,2016-05,13,82,0.0324623911322248,2526
developer,2016-05,14,76,0.0300870942201108,2526
developer,2016-05,15,70,0.0277117973079968,2526
developer,2016-05,16,65,0.0257323832145684,2526
developer,2016-05,17,48,0.0190023752969121,2526
developer,2016-05,18,56,0.0221694378463974,2526
developer,2016-05,19,38,0.0150435471100554,2526
developer,2016-05,20,71,0.0281076801266825,2526
developer,2016-05,21,46,0.0182106096595407,2526
developer,2016-05,22,51,0.0201900237529691,2526
developer,2016-05,23,44,0.0174188440221694,2526
developer,2016-05,24,78,0.0308788598574821,2526
developer,2016-05,25,55,0.0217735550277117,2526
developer,2016-05,26,72,0.0285035629453681,2526
developer,2016-05,27,91,0.0360253365003958,2526
developer,2016-05,28,64,0.0253365003958828,2526
developer,2016-05,29,45,0.0178147268408551,2526
developer,2016-05,30,80,0.0316706254948535,2526
developer,2016-05,31,47,0.0186064924782264,2526
developer,2016-05,32,82,0.0324623911322248,2526
developer,2016-05,33,60,0.0237529691211401,2526
developer,2016-05,34,49,0.0193982581155977,2526
developer,2016-05,35,79,0.0312747426761678,2526
developer,2016-05,36,45,0.0178147268408551,2526
developer,2016-05,37,45,0.0178147268408551,2526
developer,2016-05,38,59,0.0233570863024544,2526
developer,2016-05,39,47,0.0186064924782264,2526
developer,2016-06,0,45,0.0195567144719687,2301
developer,2016-06,1,59,0.0256410256410256,2301
developer,2016-06,2,44,0.019122120817036,2301
developer,2016-06,3,53,0.0230334637114298,2301
developer,2016-06,4,50,0.0217296827466319,2301
developer,2016-06,5,47,0.0204259017818339,2301
developer,2016-06,6,71,0.0308561495002172,2301
developer,2016-06,7,39,0.0169491525423728,2301
developer,2016-06,8,58,0.025206431986093,2301
developer,2016-06,9,35,0.0152107779226423,2301
developer,2016-06,10,45,0.0195567144719687,2301
developer,2016-06,11,36,0.0156453715775749,2301
developer,2016-06,12,77,0.0334637114298131,2301
developer,2016-06,13,49,0.0212950890916992,2301
developer,2016-06,14,41,0.0178183398522381,2301
developer,2016-06,15,53,0.0230334637114298,2301
developer,2016-06,16,55,0.023902651021295,2301
developer,2016-06,17,60,0.0260756192959582,2301
developer,2016-06,18,47,0.0204259017818339,2301
developer,2016-06,19,44,0.019122120817036,2301
developer,2016-06,20,92,0.0399826162538026,2301
developer,2016-06,21,52,0.0225988700564971,2301
developer,2016-06,22,51,0.0221642764015645,2301
developer,2016-06,23,49,0.0212950890916992,2301
developer,2016-06,24,74,0.0321599304650152,2301
developer,2016-06,25,60,0.0260756192959582,2301
developer,2016-06,26,84,0.0365058670143415,2301
developer,2016-06,27,65,0.0282485875706214,2301
developer,2016-06,28,63,0.0273794002607561,2301
developer,2016-06,29,50,0.0217296827466319,2301
developer,2016-06,30,106,0.0460669274228596,2301
developer,2016-06,31,44,0.019122120817036,2301
developer,2016-06,32,78,0.0338983050847457,2301
developer,2016-06,33,85,0.0369404606692742,2301
developer,2016-06,34,41,0.0178183398522381,2301
developer,2016-06,35,57,0.0247718383311603,2301
developer,2016-06,36,32,0.0139069969578444,2301
developer,2016-06,37,73,0.0317253368100825,2301
developer,2016-06,38,61,0.0265102129508909,2301
developer,2016-06,39,76,0.0330291177748804,2301
developer,2016-07,0,49,0.0180678466076696,2712
developer,2016-07,1,87,0.0320796460176991,2712
developer,2016-07,2,56,0.0206489675516224,2712
developer,2016-07,3,75,0.0276548672566371,2712
developer,2016-07,4,48,0.0176991150442477,2712
developer,2016-07,5,62,0.0228613569321533,2712
developer,2016-07,6,66,0.0243362831858407,2712
developer,2016-07,7,53,0.0195427728613569,2712
developer,2016-07,8,72,0.0265486725663716,2712
developer,2016-07,9,52,0.0191740412979351,2712
developer,2016-07,10,62,0.0228613569321533,2712
developer,2016-07,11,67,0.0247050147492625,2712
developer,2016-07,12,62,0.0228613569321533,2712
developer,2016-07,13,35,0.012905604719764,2712
developer,2016-07,14,56,0.0206489675516224,2712
developer,2016-07,15,40,0.0147492625368731,2712
developer,2016-07,16,46,0.0169616519174041,2712
developer,2016-07,17,58,0.021386430678466,2712
developer,2016-07,18,66,0.0243362831858407,2712
developer,2016-07,19,65,0.0239675516224188,2712
developer,2016-07,20,107,0.0394542772861356,2712
developer,2016-07,21,39,0.0143805309734513,2712
developer,2016-07,22,85,0.0313421828908554,2712
developer,2016-07,23,68,0.0250737463126843,2712
developer,2016-07,24,84,0.0309734513274336,2712
developer,2016-07,25,62,0.0228613569321533,2712
developer,2016-07,26,84,0.0309734513274336,2712
developer,2016-07,27,79,0.0291297935103244,2712
developer,2016-07,28,126,0.0464601769911504,2712
developer,2016-07,29,50,0.0184365781710914,2712
developer,2016-07,30,115,0.0424041297935103,2712
developer,2016-07,31,53,0.0195427728613569,2712
developer,2016-07,32,103,0.0379793510324483,2712
developer,2016-07,33,98,0.0361356932153392,2712
developer,2016-07,34,44,0.0162241887905604,2712
developer,2016-07,35,41,0.0151179941002949,2712
developer,2016-07,36,87,0.0320796460176991,2712
developer,2016-07,37,89,0.0328171091445427,2712
developer,2016-07,38,56,0.0206489675516224,2712
developer,2016-07,39,65,0.0239675516224188,2712
developer,2016-08,0,40,0.0167996640067198,2381
developer,2016-08,1,63,0.0264594708105837,2381
developer,2016-08,2,47,0.0197396052078958,2381
developer,2016-08,3,82,0.0344393112137757,2381
developer,2016-08,4,60,0.0251994960100798,2381
developer,2016-08,5,60,0.0251994960100798,2381
developer,2016-08,6,94,0.0394792104157916,2381
developer,2016-08,7,48,0.0201595968080638,2381
developer,2016-08,8,61,0.0256194876102477,2381
developer,2016-08,9,38,0.0159596808063838,2381
developer,2016-08,10,50,0.0209995800083998,2381
developer,2016-08,11,45,0.0188996220075598,2381
developer,2016-08,12,61,0.0256194876102477,2381
developer,2016-08,13,48,0.0201595968080638,2381
developer,2016-08,14,67,0.0281394372112557,2381
developer,2016-08,15,47,0.0197396052078958,2381
developer,2016-08,16,49,0.0205795884082318,2381
developer,2016-08,17,41,0.0172196556068878,2381
developer,2016-08,18,42,0.0176396472070558,2381
developer,2016-08,19,52,0.0218395632087358,2381
developer,2016-08,20,97,0.0407391852162956,2381
developer,2016-08,21,80,0.0335993280134397,2381
developer,2016-08,22,69,0.0289794204115917,2381
developer,2016-08,23,41,0.0172196556068878,2381
developer,2016-08,24,78,0.0327593448131037,2381
developer,2016-08,25,53,0.0222595548089038,2381
developer,2016-08,26,79,0.0331793364132717,2381
developer,2016-08,27,56,0.0235195296094078,2381
developer,2016-08,28,82,0.0344393112137757,2381
developer,2016-08,29,47,0.0197396052078958,2381
developer,2016-08,30,71,0.0298194036119277,2381
developer,2016-08,31,65,0.0272994540109197,2381
developer,2016-08,32,80,0.0335993280134397,2381
developer,2016-08,33,79,0.0331793364132717,2381
developer,2016-08,34,37,0.0155396892062158,2381
developer,2016-08,35,37,0.0155396892062158,2381
developer,2016-08,36,54,0.0226795464090718,2381
developer,2016-08,37,81,0.0340193196136077,2381
developer,2016-08,38,58,0.0243595128097438,2381
developer,2016-08,39,42,0.0176396472070558,2381
developer,2016-09,0,47,0.027876631079478,1686
developer,2016-09,1,53,0.031435349940688,1686
developer,2016-09,2,43,0.0255041518386714,1686
developer,2016-09,3,45,0.0266903914590747,1686
developer,2016-09,4,32,0.0189798339264531,1686
developer,2016-09,5,45,0.0266903914590747,1686
developer,2016-09,6,55,0.0326215895610913,1686
developer,2016-09,7,24,0.0142348754448398,1686
developer,2016-09,8,44,0.026097271648873,1686
developer,2016-09,9,19,0.0112692763938315,1686
developer,2016-09,10,28,0.0166073546856465,1686
developer,2016-09,11,42,0.0249110320284697,1686
developer,2016-09,12,50,0.029655990510083,1686
developer,2016-09,13,27,0.0160142348754448,1686
developer,2016-09,14,46,0.0272835112692763,1686
developer,2016-09,15,33,0.0195729537366548,1686
developer,2016-09,16,30,0.0177935943060498,1686
developer,2016-09,17,35,0.0207591933570581,1686
developer,2016-09,18,36,0.0213523131672597,1686
developer,2016-09,19,32,0.0189798339264531,1686
developer,2016-09,20,76,0.0450771055753262,1686
developer,2016-09,21,34,0.0201660735468564,1686
developer,2016-09,22,36,0.0213523131672597,1686
developer,2016-09,23,25,0.0148279952550415,1686
developer,2016-09,24,48,0.0284697508896797,1686
developer,2016-09,25,41,0.024317912218268,1686
developer,2016-09,26,57,0.0338078291814946,1686
developer,2016-09,27,50,0.029655990510083,1686
developer,2016-09,28,56,0.033214709371293,1686
developer,2016-09,29,24,0.0142348754448398,1686
developer,2016-09,30,59,0.0349940688018979,1686
developer,2016-09,31,31,0.0183867141162514,1686
developer,2016-09,32,40,0.0237247924080664,1686
developer,2016-09,33,71,0.0421115065243179,1686
developer,2016-09,34,26,0.0154211150652431,1686
developer,2016-09,35,34,0.0201660735468564,1686
developer,2016-09,36,35,0.0207591933570581,1686
developer,2016-09,37,81,0.0480427046263345,1686
developer,2016-09,38,49,0.0290628706998813,1686
developer,2016-09,39,47,0.027876631079478,1686
developer,2016-10,0,75,0.0402792696025778,1862
developer,2016-10,1,48,0.0257787325456498,1862
developer,2016-10,2,47,0.0252416756176154,1862
developer,2016-10,3,44,0.0236305048335123,1862
developer,2016-10,4,37,0.0198711063372717,1862
developer,2016-10,5,28,0.0150375939849624,1862
developer,2016-10,6,51,0.0273899033297529,1862
developer,2016-10,7,44,0.0236305048335123,1862
developer,2016-10,8,42,0.0225563909774436,1862
developer,2016-10,9,27,0.014500537056928,1862
developer,2016-10,10,39,0.0209452201933404,1862
developer,2016-10,11,44,0.0236305048335123,1862
developer,2016-10,12,43,0.0230934479054779,1862
developer,2016-10,13,54,0.029001074113856,1862
developer,2016-10,14,44,0.0236305048335123,1862
developer,2016-10,15,38,0.0204081632653061,1862
developer,2016-10,16,47,0.0252416756176154,1862
developer,2016-10,17,41,0.0220193340494092,1862
developer,2016-10,18,39,0.0209452201933404,1862
developer,2016-10,19,39,0.0209452201933404,1862
developer,2016-10,20,55,0.0295381310418904,1862
developer,2016-10,21,47,0.0252416756176154,1862
developer,2016-10,22,51,0.0273899033297529,1862
developer,2016-10,23,42,0.0225563909774436,1862
developer,2016-10,24,51,0.0273899033297529,1862
developer,2016-10,25,45,0.0241675617615467,1862
developer,2016-10,26,78,0.0418904403866809,1862
developer,2016-10,27,45,0.0241675617615467,1862
developer,2016-10,28,48,0.0257787325456498,1862
developer,2016-10,29,34,0.0182599355531686,1862
developer,2016-10,30,68,0.0365198711063372,1862
developer,2016-10,31,29,0.0155746509129967,1862
developer,2016-10,32,66,0.0354457572502685,1862
developer,2016-10,33,58,0.0311493018259935,1862
developer,2016-10,34,29,0.0155746509129967,1862
developer,2016-10,35,39,0.0209452201933404,1862
developer,2016-10,36,42,0.0225563909774436,1862
developer,2016-10,37,63,0.0338345864661654,1862
developer,2016-10,38,52,0.0279269602577873,1862
developer,2016-10,39,49,0.0263157894736842,1862
developer,2016-11,0,72,0.0341070582662245,2111
developer,2016-11,1,50,0.0236854571293225,2111
developer,2016-11,2,42,0.0198957839886309,2111
developer,2016-11,3,45,0.0213169114163903,2111
developer,2016-11,4,43,0.0203694931312174,2111
developer,2016-11,5,53,0.0251065845570819,2111
developer,2016-11,6,63,0.0298436759829464,2111
developer,2016-11,7,38,0.0180009474182851,2111
developer,2016-11,8,45,0.0213169114163903,2111
developer,2016-11,9,41,0.0194220748460445,2111
developer,2016-11,10,47,0.0222643297015632,2111
developer,2016-11,11,41,0.0194220748460445,2111
developer,2016-11,12,54,0.0255802936996684,2111
developer,2016-11,13,47,0.0222643297015632,2111
developer,2016-11,14,49,0.0232117479867361,2111
developer,2016-11,15,44,0.0208432022738038,2111
developer,2016-11,16,43,0.0203694931312174,2111
developer,2016-11,17,60,0.0284225485551871,2111
developer,2016-11,18,42,0.0198957839886309,2111
developer,2016-11,19,39,0.0184746565608716,2111
developer,2016-11,20,79,0.0374230222643297,2111
developer,2016-11,21,66,0.0312648034107058,2111
developer,2016-11,22,66,0.0312648034107058,2111
developer,2016-11,23,63,0.0298436759829464,2111
developer,2016-11,24,56,0.0265277119848413,2111
developer,2016-11,25,68,0.0322122216958787,2111
developer,2016-11,26,68,0.0322122216958787,2111
developer,2016-11,27,56,0.0265277119848413,2111
developer,2016-11,28,78,0.0369493131217432,2111
developer,2016-11,29,36,0.0170535291331122,2111
developer,2016-11,30,61,0.0288962576977735,2111
developer,2016-11,31,47,0.0222643297015632,2111
developer,2016-11,32,64,0.0303173851255329,2111
developer,2016-11,33,55,0.0260540028422548,2111
developer,2016-11,34,39,0.0184746565608716,2111
developer,2016-11,35,49,0.0232117479867361,2111
developer,2016-11,36,52,0.0246328754144955,2111
developer,2016-11,37,57,0.0270014211274277,2111
developer,2016-11,38,48,0.0227380388441496,2111
developer,2016-11,39,45,0.0213169114163903,2111
developer,2016-12,0,89,0.023365712785508,3809
developer,2016-12,1,108,0.0283538986610658,3809
developer,2016-12,2,86,0.0225781044893672,3809
developer,2016-12,3,93,0.0244158571803623,3809
developer,2016-12,4,68,0.0178524547125229,3809
developer,2016-12,5,92,0.0241533210816487,3809
developer,2016-12,6,86,0.0225781044893672,3809
developer,2016-12,7,74,0.0194276713048044,3809
developer,2016-12,8,108,0.0283538986610658,3809
developer,2016-12,9,89,0.023365712785508,3809
developer,2016-12,10,72,0.0189025991073772,3809
developer,2016-12,11,84,0.0220530322919401,3809
developer,2016-12,12,80,0.0210028878970858,3809
developer,2016-12,13,103,0.027041218167498,3809
developer,2016-12,14,66,0.0173273825150958,3809
developer,2016-12,15,70,0.0183775269099501,3809
developer,2016-12,16,86,0.0225781044893672,3809
developer,2016-12,17,81,0.0212654239957994,3809
developer,2016-12,18,73,0.0191651352060908,3809
developer,2016-12,19,89,0.023365712785508,3809
developer,2016-12,20,105,0.0275662903649251,3809
developer,2016-12,21,99,0.0259910737726437,3809
developer,2016-12,22,107,0.0280913625623523,3809
developer,2016-12,23,119,0.0312417957469152,3809
developer,2016-12,24,104,0.0273037542662116,3809
developer,2016-12,25,71,0.0186400630086636,3809
developer,2016-12,26,130,0.0341296928327645,3809
developer,2016-12,27,113,0.0296665791546337,3809
developer,2016-12,28,107,0.0280913625623523,3809
developer,2016-12,29,96,0.025203465476503,3809
developer,2016-12,30,118,0.0309792596482016,3809
developer,2016-12,31,71,0.0186400630086636,3809
developer,2016-12,32,135,0.0354423733263323,3809
developer,2016-12,33,111,0.0291415069572066,3809
developer,2016-12,34,79,0.0207403517983722,3809
developer,2016-12,35,102,0.0267786820687844,3809
developer,2016-12,36,70,0.0183775269099501,3809
developer,2016-12,37,174,0.0456812811761617,3809
developer,2016-12,38,114,0.0299291152533473,3809
developer,2016-12,39,87,0.0228406405880808,3809
developer,2017-01,0,74,0.0249578414839797,2965
developer,2017-01,1,81,0.0273187183811129,2965
developer,2017-01,2,65,0.0219224283305227,2965
developer,2017-01,3,79,0.0266441821247892,2965
developer,2017-01,4,57,0.0192242833052276,2965
developer,2017-01,5,57,0.0192242833052276,2965
developer,2017-01,6,73,0.0246205733558178,2965
developer,2017-01,7,58,0.0195615514333895,2965
developer,2017-01,8,77,0.0259696458684654,2965
developer,2017-01,9,57,0.0192242833052276,2965
developer,2017-01,10,41,0.0138279932546374,2965
developer,2017-01,11,49,0.0165261382799325,2965
developer,2017-01,12,64,0.0215851602023608,2965
developer,2017-01,13,78,0.0263069139966273,2965
developer,2017-01,14,86,0.0290050590219224,2965
developer,2017-01,15,68,0.0229342327150084,2965
developer,2017-01,16,42,0.0141652613827993,2965
developer,2017-01,17,71,0.023946037099494,2965
developer,2017-01,18,49,0.0165261382799325,2965
developer,2017-01,19,105,0.0354131534569983,2965
developer,2017-01,20,53,0.0178752107925801,2965
developer,2017-01,21,58,0.0195615514333895,2965
developer,2017-01,22,107,0.036087689713322,2965
developer,2017-01,23,104,0.0350758853288364,2965
developer,2017-01,24,77,0.0259696458684654,2965
developer,2017-01,25,66,0.0222596964586846,2965
developer,2017-01,26,84,0.0283305227655986,2965
developer,2017-01,27,64,0.0215851602023608,2965
developer,2017-01,28,64,0.0215851602023608,2965
developer,2017-01,29,65,0.0219224283305227,2965
developer,2017-01,30,74,0.0249578414839797,2965
developer,2017-01,31,84,0.0283305227655986,2965
developer,2017-01,32,93,0.0313659359190556,2965
developer,2017-01,33,76,0.0256323777403035,2965
developer,2017-01,34,58,0.0195615514333895,2965
developer,2017-01,35,132,0.0445193929173693,2965
developer,2017-01,36,83,0.0279932546374367,2965
developer,2017-01,37,134,0.045193929173693,2965
developer,2017-01,38,86,0.0290050590219224,2965
developer,2017-01,39,72,0.0242833052276559,2965
developer,2017-02,0,67,0.025828835774865,2594
developer,2017-02,1,83,0.0319969159599074,2594
developer,2017-02,2,69,0.0265998457979953,2594
developer,2017-02,3,55,0.0212027756360832,2594
developer,2017-02,4,75,0.0289128758673862,2594
developer,2017-02,5,65,0.0250578257517347,2594
developer,2017-02,6,46,0.0177332305319969,2594
developer,2017-02,7,48,0.0185042405551272,2594
developer,2017-02,8,51,0.0196607555898226,2594
developer,2017-02,9,43,0.0165767154973014,2594
developer,2017-02,10,35,0.0134926754047802,2594
developer,2017-02,11,40,0.015420200462606,2594
developer,2017-02,12,59,0.0227447956823438,2594
developer,2017-02,13,70,0.0269853508095605,2594
developer,2017-02,14,66,0.0254433307632999,2594
developer,2017-02,15,59,0.0227447956823438,2594
developer,2017-02,16,53,0.0204317656129529,2594
developer,2017-02,17,59,0.0227447956823438,2594
developer,2017-02,18,47,0.018118735543562,2594
developer,2017-02,19,66,0.0254433307632999,2594
developer,2017-02,20,48,0.0185042405551272,2594
developer,2017-02,21,70,0.0269853508095605,2594
developer,2017-02,22,92,0.0354664610639938,2594
developer,2017-02,23,93,0.0358519660755589,2594
developer,2017-02,24,65,0.0250578257517347,2594
developer,2017-02,25,58,0.0223592906707787,2594
developer,2017-02,26,51,0.0196607555898226,2594
developer,2017-02,27,47,0.018118735543562,2594
developer,2017-02,28,50,0.0192752505782575,2594
developer,2017-02,29,43,0.0165767154973014,2594
developer,2017-02,30,52,0.0200462606013878,2594
developer,2017-02,31,61,0.0235158057054741,2594
developer,2017-02,32,87,0.033538936006168,2594
developer,2017-02,33,101,0.0389360061680801,2594
developer,2017-02,34,62,0.0239013107170393,2594
developer,2017-02,35,116,0.0447185813415574,2594
developer,2017-02,36,58,0.0223592906707787,2594
developer,2017-02,37,167,0.0643793369313801,2594
developer,2017-02,38,53,0.0204317656129529,2594
developer,2017-02,39,64,0.0246723207401696,2594
developer,2017-03,0,86,0.0251168224299065,3424
developer,2017-03,1,108,0.0315420560747663,3424
developer,2017-03,2,80,0.0233644859813084,3424
developer,2017-03,3,74,0.0216121495327102,3424
developer,2017-03,4,117,0.0341705607476635,3424
developer,2017-03,5,83,0.0242406542056074,3424
developer,2017-03,6,97,0.0283294392523364,3424
developer,2017-03,7,48,0.014018691588785,3424
developer,2017-03,8,100,0.0292056074766355,3424
developer,2017-03,9,67,0.0195677570093457,3424
developer,2017-03,10,54,0.0157710280373831,3424
developer,2017-03,11,75,0.0219042056074766,3424
developer,2017-03,12,65,0.018983644859813,3424
developer,2017-03,13,73,0.0213200934579439,3424
developer,2017-03,14,77,0.0224883177570093,3424
developer,2017-03,15,71,0.0207359813084112,3424
developer,2017-03,16,59,0.0172313084112149,3424
developer,2017-03,17,90,0.0262850467289719,3424
developer,2017-03,18,55,0.0160630841121495,3424
developer,2017-03,19,82,0.0239485981308411,3424
developer,2017-03,20,53,0.0154789719626168,3424
developer,2017-03,21,103,0.0300817757009345,3424
developer,2017-03,22,135,0.0394275700934579,3424
developer,2017-03,23,113,0.0330023364485981,3424
developer,2017-03,24,76,0.0221962616822429,3424
developer,2017-03,25,86,0.0251168224299065,3424
developer,2017-03,26,81,0.0236565420560747,3424
developer,2017-03,27,71,0.0207359813084112,3424
developer,2017-03,28,73,0.0213200934579439,3424
developer,2017-03,29,75,0.0219042056074766,3424
developer,2017-03,30,49,0.0143107476635514,3424
developer,2017-03,31,92,0.0268691588785046,3424
developer,2017-03,32,96,0.02803738317757,3424
developer,2017-03,33,109,0.0318341121495327,3424
developer,2017-03,34,98,0.0286214953271028,3424
developer,2017-03,35,165,0.0481892523364486,3424
developer,2017-03,36,81,0.0236565420560747,3424
developer,2017-03,37,157,0.0458528037383177,3424
developer,2017-03,38,75,0.0219042056074766,3424
developer,2017-03,39,75,0.0219042056074766,3424
developer,2017-04,0,84,0.0345252774352651,2433
developer,2017-04,1,83,0.0341142622277024,2433
developer,2017-04,2,47,0.0193177147554459,2433
developer,2017-04,3,60,0.0246609124537607,2433
developer,2017-04,4,58,0.0238388820386354,2433
developer,2017-04,5,55,0.0226058364159473,2433
developer,2017-04,6,58,0.0238388820386354,2433
developer,2017-04,7,49,0.0201397451705713,2433
developer,2017-04,8,66,0.0271270036991368,2433
developer,2017-04,9,47,0.0193177147554459,2433
developer,2017-04,10,30,0.0123304562268803,2433
developer,2017-04,11,31,0.012741471434443,2433
developer,2017-04,12,75,0.0308261405672009,2433
developer,2017-04,13,57,0.0234278668310727,2433
developer,2017-04,14,65,0.0267159884915741,2433
developer,2017-04,15,62,0.0254829428688861,2433
developer,2017-04,16,37,0.0152075626798191,2433
developer,2017-04,17,58,0.0238388820386354,2433
developer,2017-04,18,53,0.021783806000822,2433
developer,2017-04,19,74,0.0304151253596383,2433
developer,2017-04,20,30,0.0123304562268803,2433
developer,2017-04,21,78,0.032059186189889,2433
developer,2017-04,22,90,0.0369913686806411,2433
developer,2017-04,23,64,0.0263049732840115,2433
developer,2017-04,24,50,0.0205507603781339,2433
developer,2017-04,25,53,0.021783806000822,2433
developer,2017-04,26,59,0.0242498972461981,2433
developer,2017-04,27,55,0.0226058364159473,2433
developer,2017-04,28,55,0.0226058364159473,2433
developer,2017-04,29,45,0.0184956843403205,2433
developer,2017-04,30,39,0.0160295930949445,2433
developer,2017-04,31,61,0.0250719276613234,2433
developer,2017-04,32,84,0.0345252774352651,2433
developer,2017-04,33,47,0.0193177147554459,2433
developer,2017-04,34,64,0.0263049732840115,2433
developer,2017-04,35,95,0.0390464447184545,2433
developer,2017-04,36,64,0.0263049732840115,2433
developer,2017-04,37,141,0.0579531442663378,2433
developer,2017-04,38,62,0.0254829428688861,2433
developer,2017-04,39,48,0.0197287299630086,2433
developer,2017-05,0,54,0.0244012652507907,2213
developer,2017-05,1,87,0.0393131495707184,2213
developer,2017-05,2,55,0.0248531405332128,2213
developer,2017-05,3,56,0.0253050158156348,2213
developer,2017-05,4,63,0.0284681427925892,2213
developer,2017-05,5,48,0.0216900135562584,2213
developer,2017-05,6,76,0.0343425214640759,2213
developer,2017-05,7,59,0.026660641662901,2213
developer,2017-05,8,56,0.0253050158156348,2213
developer,2017-05,9,37,0.0167193854496159,2213
developer,2017-05,10,31,0.0140081337550835,2213
developer,2017-05,11,37,0.0167193854496159,2213
developer,2017-05,12,60,0.027112516945323,2213
developer,2017-05,13,52,0.0234975146859466,2213
developer,2017-05,14,45,0.0203343877089923,2213
developer,2017-05,15,45,0.0203343877089923,2213
developer,2017-05,16,51,0.0230456394035246,2213
developer,2017-05,17,60,0.027112516945323,2213
developer,2017-05,18,48,0.0216900135562584,2213
developer,2017-05,19,60,0.027112516945323,2213
developer,2017-05,20,44,0.0198825124265702,2213
developer,2017-05,21,65,0.0293718933574333,2213
developer,2017-05,22,87,0.0393131495707184,2213
developer,2017-05,23,45,0.0203343877089923,2213
developer,2017-05,24,66,0.0298237686398554,2213
developer,2017-05,25,59,0.026660641662901,2213
developer,2017-05,26,62,0.0280162675101671,2213
developer,2017-05,27,63,0.0284681427925892,2213
developer,2017-05,28,41,0.0185268865793041,2213
developer,2017-05,29,58,0.0262087663804789,2213
developer,2017-05,30,36,0.0162675101671938,2213
developer,2017-05,31,49,0.0221418888386805,2213
developer,2017-05,32,86,0.0388612742882964,2213
developer,2017-05,33,61,0.0275643922277451,2213
developer,2017-05,34,31,0.0140081337550835,2213
developer,2017-05,35,65,0.0293718933574333,2213
developer,2017-05,36,38,0.0171712607320379,2213
developer,2017-05,37,77,0.0347943967464979,2213
developer,2017-05,38,68,0.0307275192046995,2213
developer,2017-05,39,32,0.0144600090375056,2213
developer,2017-06,0,66,0.032101167315175,2056
developer,2017-06,1,67,0.0325875486381323,2056
developer,2017-06,2,33,0.0160505836575875,2056
developer,2017-06,3,35,0.0170233463035019,2056
developer,2017-06,4,48,0.0233463035019455,2056
developer,2017-06,5,45,0.0218871595330739,2056
developer,2017-06,6,67,0.0325875486381323,2056
developer,2017-06,7,48,0.0233463035019455,2056
developer,2017-06,8,59,0.0286964980544747,2056
developer,2017-06,9,33,0.0160505836575875,2056
developer,2017-06,10,34,0.0165369649805447,2056
developer,2017-06,11,33,0.0160505836575875,2056
developer,2017-06,12,89,0.0432879377431906,2056
developer,2017-06,13,35,0.0170233463035019,2056
developer,2017-06,14,49,0.0238326848249027,2056
developer,2017-06,15,31,0.0150778210116731,2056
developer,2017-06,16,42,0.0204280155642023,2056
developer,2017-06,17,55,0.0267509727626459,2056
developer,2017-06,18,56,0.0272373540856031,2056
developer,2017-06,19,42,0.0204280155642023,2056
developer,2017-06,20,48,0.0233463035019455,2056
developer,2017-06,21,80,0.0389105058365758,2056
developer,2017-06,22,67,0.0325875486381323,2056
developer,2017-06,23,54,0.0262645914396887,2056
developer,2017-06,24,51,0.0248054474708171,2056
developer,2017-06,25,45,0.0218871595330739,2056
developer,2017-06,26,70,0.0340466926070038,2056
developer,2017-06,27,85,0.0413424124513618,2056
developer,2017-06,28,31,0.0150778210116731,2056
developer,2017-06,29,46,0.0223735408560311,2056
developer,2017-06,30,55,0.0267509727626459,2056
developer,2017-06,31,40,0.0194552529182879,2056
developer,2017-06,32,73,0.0355058365758754,2056
developer,2017-06,33,41,0.0199416342412451,2056
developer,2017-06,34,43,0.0209143968871595,2056
developer,2017-06,35,52,0.0252918287937743,2056
developer,2017-06,36,59,0.0286964980544747,2056
developer,2017-06,37,48,0.0233463035019455,2056
developer,2017-06,38,58,0.0282101167315175,2056
developer,2017-06,39,43,0.0209143968871595,2056
developer,2017-07,0,90,0.0329308452250274,2733
developer,2017-07,1,96,0.0351262349066959,2733
developer,2017-07,2,63,0.0230515916575192,2733
developer,2017-07,3,80,0.0292718624222466,2733
developer,2017-07,4,70,0.0256128796194657,2733
developer,2017-07,5,43,0.0157336260519575,2733
developer,2017-07,6,68,0.0248810830589096,2733
developer,2017-07,7,62,0.0226856933772411,2733
developer,2017-07,8,69,0.0252469813391877,2733
developer,2017-07,9,61,0.022319795096963,2733
developer,2017-07,10,65,0.0237833882180753,2733
developer,2017-07,11,55,0.0201244054152945,2733
developer,2017-07,12,86,0.0314672521039151,2733
developer,2017-07,13,40,0.0146359312111233,2733
developer,2017-07,14,66,0.0241492864983534,2733
developer,2017-07,15,36,0.0131723380900109,2733
developer,2017-07,16,58,0.0212221002561287,2733
developer,2017-07,17,80,0.0292718624222466,2733
developer,2017-07,18,52,0.0190267105744603,2733
developer,2017-07,19,51,0.0186608122941822,2733
developer,2017-07,20,64,0.0234174899377972,2733
developer,2017-07,21,81,0.0296377607025246,2733
developer,2017-07,22,102,0.0373216245883644,2733
developer,2017-07,23,33,0.0120746432491767,2733
developer,2017-07,24,73,0.0267105744603,2733
developer,2017-07,25,58,0.0212221002561287,2733
developer,2017-07,26,88,0.0321990486644712,2733
developer,2017-07,27,89,0.0325649469447493,2733
developer,2017-07,28,49,0.017929015733626,2733
developer,2017-07,29,67,0.0245151847786315,2733
developer,2017-07,30,66,0.0241492864983534,2733
developer,2017-07,31,91,0.0332967435053055,2733
developer,2017-07,32,122,0.044639590193926,2733
developer,2017-07,33,68,0.0248810830589096,2733
developer,2017-07,34,46,0.0168313208927918,2733
developer,2017-07,35,53,0.0193926088547383,2733
developer,2017-07,36,54,0.0197585071350164,2733
developer,2017-07,37,97,0.035492133186974,2733
developer,2017-07,38,73,0.0267105744603,2733
developer,2017-07,39,68,0.0248810830589096,2733
developer,2017-08,0,50,0.0243664717348927,2052
developer,2017-08,1,62,0.030214424951267,2052
developer,2017-08,2,67,0.0326510721247563,2052
developer,2017-08,3,50,0.0243664717348927,2052
developer,2017-08,4,48,0.023391812865497,2052
developer,2017-08,5,32,0.0155945419103313,2052
developer,2017-08,6,49,0.0238791423001949,2052
developer,2017-08,7,47,0.0229044834307992,2052
developer,2017-08,8,49,0.0238791423001949,2052
developer,2017-08,9,35,0.0170565302144249,2052
developer,2017-08,10,20,0.0097465886939571,2052
developer,2017-08,11,44,0.0214424951267056,2052
developer,2017-08,12,86,0.0419103313840155,2052
developer,2017-08,13,42,0.0204678362573099,2052
developer,2017-08,14,58,0.0282651072124756,2052
developer,2017-08,15,34,0.016569200779727,2052
developer,2017-08,16,34,0.016569200779727,2052
developer,2017-08,17,57,0.0277777777777777,2052
developer,2017-08,18,34,0.016569200779727,2052
developer,2017-08,19,41,0.019980506822612,2052
developer,2017-08,20,46,0.0224171539961013,2052
developer,2017-08,21,55,0.026803118908382,2052
developer,2017-08,22,88,0.0428849902534113,2052
developer,2017-08,23,64,0.0311890838206627,2052
developer,2017-08,24,62,0.030214424951267,2052
developer,2017-08,25,52,0.0253411306042884,2052
developer,2017-08,26,59,0.0287524366471734,2052
developer,2017-08,27,56,0.0272904483430799,2052
developer,2017-08,28,37,0.0180311890838206,2052
developer,2017-08,29,66,0.0321637426900584,2052
developer,2017-08,30,58,0.0282651072124756,2052
developer,2017-08,31,57,0.0277777777777777,2052
developer,2017-08,32,70,0.0341130604288499,2052
developer,2017-08,33,53,0.0258284600389863,2052
developer,2017-08,34,45,0.0219298245614035,2052
developer,2017-08,35,44,0.0214424951267056,2052
developer,2017-08,36,43,0.0209551656920077,2052
developer,2017-08,37,56,0.0272904483430799,2052
developer,2017-08,38,54,0.0263157894736842,2052
developer,2017-08,39,48,0.023391812865497,2052
developer,2017-09,0,41,0.0234553775743707,1748
developer,2017-09,1,63,0.0360411899313501,1748
developer,2017-09,2,31,0.0177345537757437,1748
developer,2017-09,3,43,0.0245995423340961,1748
developer,2017-09,4,56,0.0320366132723112,1748
developer,2017-09,5,37,0.0211670480549199,1748
developer,2017-09,6,48,0.0274599542334096,1748
developer,2017-09,7,45,0.0257437070938215,1748
developer,2017-09,8,49,0.0280320366132723,1748
developer,2017-09,9,39,0.0223112128146453,1748
developer,2017-09,10,28,0.0160183066361556,1748
developer,2017-09,11,52,0.0297482837528604,1748
developer,2017-09,12,64,0.0366132723112128,1748
developer,2017-09,13,31,0.0177345537757437,1748
developer,2017-09,14,47,0.0268878718535469,1748
developer,2017-09,15,24,0.0137299771167048,1748
developer,2017-09,16,32,0.0183066361556064,1748
developer,2017-09,17,39,0.0223112128146453,1748
developer,2017-09,18,37,0.0211670480549199,1748
developer,2017-09,19,42,0.0240274599542334,1748
developer,2017-09,20,34,0.0194508009153318,1748
developer,2017-09,21,56,0.0320366132723112,1748
developer,2017-09,22,73,0.0417620137299771,1748
developer,2017-09,23,49,0.0280320366132723,1748
developer,2017-09,24,38,0.0217391304347826,1748
developer,2017-09,25,37,0.0211670480549199,1748
developer,2017-09,26,43,0.0245995423340961,1748
developer,2017-09,27,52,0.0297482837528604,1748
developer,2017-09,28,40,0.022883295194508,1748
developer,2017-09,29,38,0.0217391304347826,1748
developer,2017-09,30,49,0.0280320366132723,1748
developer,2017-09,31,43,0.0245995423340961,1748
developer,2017-09,32,58,0.0331807780320366,1748
developer,2017-09,33,41,0.0234553775743707,1748
developer,2017-09,34,35,0.0200228832951945,1748
developer,2017-09,35,48,0.0274599542334096,1748
developer,2017-09,36,30,0.017162471395881,1748
developer,2017-09,37,30,0.017162471395881,1748
developer,2017-09,38,62,0.0354691075514874,1748
developer,2017-09,39,44,0.0251716247139588,1748
developer,2017-10,0,46,0.0273321449792038,1683
developer,2017-10,1,83,0.0493166963755199,1683
developer,2017-10,2,29,0.0172311348781937,1683
developer,2017-10,3,45,0.0267379679144385,1683
developer,2017-10,4,45,0.0267379679144385,1683
developer,2017-10,5,39,0.0231729055258467,1683
developer,2017-10,6,56,0.0332739156268568,1683
developer,2017-10,7,38,0.0225787284610814,1683
developer,2017-10,8,72,0.0427807486631016,1683
developer,2017-10,9,41,0.0243612596553773,1683
developer,2017-10,10,22,0.0130718954248366,1683
developer,2017-10,11,31,0.0184194890077243,1683
developer,2017-10,12,45,0.0267379679144385,1683
developer,2017-10,13,27,0.0160427807486631,1683
developer,2017-10,14,35,0.0207961972667855,1683
developer,2017-10,15,32,0.0190136660724896,1683
developer,2017-10,16,40,0.023767082590612,1683
developer,2017-10,17,45,0.0267379679144385,1683
developer,2017-10,18,27,0.0160427807486631,1683
developer,2017-10,19,29,0.0172311348781937,1683
developer,2017-10,20,36,0.0213903743315508,1683
developer,2017-10,21,55,0.0326797385620915,1683
developer,2017-10,22,75,0.0445632798573975,1683
developer,2017-10,23,36,0.0213903743315508,1683
developer,2017-10,24,38,0.0225787284610814,1683
developer,2017-10,25,51,0.0303030303030303,1683
developer,2017-10,26,50,0.029708853238265,1683
developer,2017-10,27,69,0.0409982174688057,1683
developer,2017-10,28,30,0.017825311942959,1683
developer,2017-10,29,28,0.0166369578134284,1683
developer,2017-10,30,20,0.011883541295306,1683
developer,2017-10,31,40,0.023767082590612,1683
developer,2017-10,32,66,0.0392156862745098,1683
developer,2017-10,33,37,0.0219845513963161,1683
developer,2017-10,34,24,0.0142602495543672,1683
developer,2017-10,35,31,0.0184194890077243,1683
developer,2017-10,36,39,0.0231729055258467,1683
developer,2017-10,37,28,0.0166369578134284,1683
developer,2017-10,38,63,0.0374331550802139,1683
developer,2017-10,39,40,0.023767082590612,1683
developer,2017-11,0,49,0.0355072463768115,1380
developer,2017-11,1,27,0.0195652173913043,1380
developer,2017-11,2,38,0.0275362318840579,1380
developer,2017-11,3,42,0.0304347826086956,1380
developer,2017-11,4,43,0.031159420289855,1380
developer,2017-11,5,32,0.0231884057971014,1380
developer,2017-11,6,40,0.0289855072463768,1380
developer,2017-11,7,19,0.0137681159420289,1380
developer,2017-11,8,36,0.0260869565217391,1380
developer,2017-11,9,39,0.0282608695652173,1380
developer,2017-11,10,17,0.0123188405797101,1380
developer,2017-11,11,36,0.0260869565217391,1380
developer,2017-11,12,51,0.0369565217391304,1380
developer,2017-11,13,28,0.0202898550724637,1380
developer,2017-11,14,28,0.0202898550724637,1380
developer,2017-11,15,35,0.0253623188405797,1380
developer,2017-11,16,27,0.0195652173913043,1380
developer,2017-11,17,36,0.0260869565217391,1380
developer,2017-11,18,21,0.0152173913043478,1380
developer,2017-11,19,22,0.0159420289855072,1380
developer,2017-11,20,29,0.0210144927536231,1380
developer,2017-11,21,39,0.0282608695652173,1380
developer,2017-11,22,50,0.036231884057971,1380
developer,2017-11,23,33,0.0239130434782608,1380
developer,2017-11,24,40,0.0289855072463768,1380
developer,2017-11,25,36,0.0260869565217391,1380
developer,2017-11,26,41,0.0297101449275362,1380
developer,2017-11,27,41,0.0297101449275362,1380
developer,2017-11,28,21,0.0152173913043478,1380
developer,2017-11,29,33,0.0239130434782608,1380
developer,2017-11,30,29,0.0210144927536231,1380
developer,2017-11,31,26,0.0188405797101449,1380
developer,2017-11,32,42,0.0304347826086956,1380
developer,2017-11,33,35,0.0253623188405797,1380
developer,2017-11,34,31,0.022463768115942,1380
developer,2017-11,35,35,0.0253623188405797,1380
developer,2017-11,36,41,0.0297101449275362,1380
developer,2017-11,37,41,0.0297101449275362,1380
developer,2017-11,38,40,0.0289855072463768,1380
developer,2017-11,39,31,0.022463768115942,1380
developer,2017-12,0,57,0.0290371879775853,1963
developer,2017-12,1,40,0.0203769740193581,1963
developer,2017-12,2,56,0.0285277636271013,1963
developer,2017-12,3,50,0.0254712175241976,1963
developer,2017-12,4,51,0.0259806418746816,1963
developer,2017-12,5,29,0.0147733061640346,1963
developer,2017-12,6,45,0.0229240957717778,1963
developer,2017-12,7,71,0.0361691288843606,1963
developer,2017-12,8,58,0.0295466123280692,1963
developer,2017-12,9,47,0.0239429444727457,1963
developer,2017-12,10,38,0.0193581253183902,1963
developer,2017-12,11,53,0.0269994905756495,1963
developer,2017-12,12,77,0.0392256749872643,1963
developer,2017-12,13,37,0.0188487009679062,1963
developer,2017-12,14,53,0.0269994905756495,1963
developer,2017-12,15,44,0.0224146714212939,1963
developer,2017-12,16,37,0.0188487009679062,1963
developer,2017-12,17,70,0.0356597045338767,1963
developer,2017-12,18,31,0.0157921548650025,1963
developer,2017-12,19,32,0.0163015792154865,1963
developer,2017-12,20,27,0.0137544574630667,1963
developer,2017-12,21,50,0.0254712175241976,1963
developer,2017-12,22,48,0.0244523688232297,1963
developer,2017-12,23,42,0.021395822720326,1963
developer,2017-12,24,58,0.0295466123280692,1963
developer,2017-12,25,45,0.0229240957717778,1963
developer,2017-12,26,62,0.031584309730005,1963
developer,2017-12,27,52,0.0264900662251655,1963
developer,2017-12,28,40,0.0203769740193581,1963
developer,2017-12,29,43,0.0219052470708099,1963
developer,2017-12,30,57,0.0290371879775853,1963
developer,2017-12,31,45,0.0229240957717778,1963
developer,2017-12,32,31,0.0157921548650025,1963
developer,2017-12,33,68,0.0346408558329088,1963
developer,2017-12,34,29,0.0147733061640346,1963
developer,2017-12,35,56,0.0285277636271013,1963
developer,2017-12,36,46,0.0234335201222618,1963
developer,2017-12,37,88,0.0448293428425878,1963
developer,2017-12,38,43,0.0219052470708099,1963
developer,2017-12,39,57,0.0290371879775853,1963
developer,2018-01,0,61,0.0312020460358056,1955
developer,2018-01,1,48,0.0245524296675191,1955
developer,2018-01,2,48,0.0245524296675191,1955
developer,2018-01,3,43,0.0219948849104859,1955
developer,2018-01,4,56,0.0286445012787723,1955
developer,2018-01,5,34,0.017391304347826,1955
developer,2018-01,6,48,0.0245524296675191,1955
developer,2018-01,7,49,0.0250639386189258,1955
developer,2018-01,8,49,0.0250639386189258,1955
developer,2018-01,9,38,0.0194373401534526,1955
developer,2018-01,10,25,0.0127877237851662,1955
developer,2018-01,11,44,0.0225063938618925,1955
developer,2018-01,12,65,0.0332480818414322,1955
developer,2018-01,13,30,0.0153452685421994,1955
developer,2018-01,14,54,0.027621483375959,1955
developer,2018-01,15,61,0.0312020460358056,1955
developer,2018-01,16,35,0.0179028132992327,1955
developer,2018-01,17,74,0.037851662404092,1955
developer,2018-01,18,23,0.0117647058823529,1955
developer,2018-01,19,24,0.0122762148337595,1955
developer,2018-01,20,34,0.017391304347826,1955
developer,2018-01,21,47,0.0240409207161125,1955
developer,2018-01,22,57,0.029156010230179,1955
developer,2018-01,23,58,0.0296675191815856,1955
developer,2018-01,24,56,0.0286445012787723,1955
developer,2018-01,25,62,0.0317135549872122,1955
developer,2018-01,26,77,0.039386189258312,1955
developer,2018-01,27,48,0.0245524296675191,1955
developer,2018-01,28,31,0.0158567774936061,1955
developer,2018-01,29,53,0.0271099744245524,1955
developer,2018-01,30,49,0.0250639386189258,1955
developer,2018-01,31,35,0.0179028132992327,1955
developer,2018-01,32,51,0.0260869565217391,1955
developer,2018-01,33,61,0.0312020460358056,1955
developer,2018-01,34,32,0.0163682864450127,1955
developer,2018-01,35,62,0.0317135549872122,1955
developer,2018-01,36,45,0.0230179028132992,1955
developer,2018-01,37,69,0.0352941176470588,1955
developer,2018-01,38,64,0.0327365728900255,1955
developer,2018-01,39,55,0.0281329923273657,1955
developer,2018-02,0,33,0.0244625648628613,1349
developer,2018-02,1,32,0.0237212750185322,1349
developer,2018-02,2,50,0.0370644922164566,1349
developer,2018-02,3,43,0.0318754633061527,1349
developer,2018-02,4,34,0.0252038547071905,1349
developer,2018-02,5,18,0.0133432171979243,1349
developer,2018-02,6,27,0.0200148257968865,1349
developer,2018-02,7,55,0.0407709414381022,1349
developer,2018-02,8,38,0.028169014084507,1349
developer,2018-02,9,24,0.0177909562638991,1349
developer,2018-02,10,19,0.0140845070422535,1349
developer,2018-02,11,35,0.0259451445515196,1349
developer,2018-02,12,38,0.028169014084507,1349
developer,2018-02,13,29,0.0214974054855448,1349
developer,2018-02,14,33,0.0244625648628613,1349
developer,2018-02,15,29,0.0214974054855448,1349
developer,2018-02,16,31,0.0229799851742031,1349
developer,2018-02,17,57,0.0422535211267605,1349
developer,2018-02,18,16,0.0118606375092661,1349
developer,2018-02,19,19,0.0140845070422535,1349
developer,2018-02,20,23,0.01704966641957,1349
developer,2018-02,21,30,0.0222386953298739,1349
developer,2018-02,22,42,0.0311341734618235,1349
developer,2018-02,23,29,0.0214974054855448,1349
developer,2018-02,24,33,0.0244625648628613,1349
developer,2018-02,25,47,0.0348406226834692,1349
developer,2018-02,26,56,0.0415122312824314,1349
developer,2018-02,27,27,0.0200148257968865,1349
developer,2018-02,28,19,0.0140845070422535,1349
developer,2018-02,29,27,0.0200148257968865,1349
developer,2018-02,30,53,0.039288361749444,1349
developer,2018-02,31,47,0.0348406226834692,1349
developer,2018-02,32,28,0.0207561156412157,1349
developer,2018-02,33,31,0.0229799851742031,1349
developer,2018-02,34,23,0.01704966641957,1349
developer,2018-02,35,28,0.0207561156412157,1349
developer,2018-02,36,43,0.0318754633061527,1349
developer,2018-02,37,44,0.0326167531504818,1349
developer,2018-02,38,30,0.0222386953298739,1349
developer,2018-02,39,29,0.0214974054855448,1349
developer,2018-03,0,65,0.0381231671554252,1705
developer,2018-03,1,35,0.0205278592375366,1705
developer,2018-03,2,64,0.0375366568914956,1705
developer,2018-03,3,37,0.0217008797653958,1705
developer,2018-03,4,47,0.027565982404692,1705
developer,2018-03,5,32,0.0187683284457478,1705
developer,2018-03,6,51,0.0299120234604105,1705
developer,2018-03,7,47,0.027565982404692,1705
developer,2018-03,8,40,0.0234604105571847,1705
developer,2018-03,9,33,0.0193548387096774,1705
developer,2018-03,10,27,0.0158357771260997,1705
developer,2018-03,11,43,0.0252199413489736,1705
developer,2018-03,12,64,0.0375366568914956,1705
developer,2018-03,13,32,0.0187683284457478,1705
developer,2018-03,14,45,0.0263929618768328,1705
developer,2018-03,15,38,0.0222873900293255,1705
developer,2018-03,16,22,0.0129032258064516,1705
developer,2018-03,17,69,0.0404692082111436,1705
developer,2018-03,18,17,0.0099706744868035,1705
developer,2018-03,19,24,0.0140762463343108,1705
developer,2018-03,20,27,0.0158357771260997,1705
developer,2018-03,21,43,0.0252199413489736,1705
developer,2018-03,22,47,0.027565982404692,1705
developer,2018-03,23,30,0.0175953079178885,1705
developer,2018-03,24,58,0.0340175953079178,1705
developer,2018-03,25,53,0.0310850439882697,1705
developer,2018-03,26,61,0.0357771260997067,1705
developer,2018-03,27,43,0.0252199413489736,1705
developer,2018-03,28,29,0.0170087976539589,1705
developer,2018-03,29,33,0.0193548387096774,1705
developer,2018-03,30,53,0.0310850439882697,1705
developer,2018-03,31,48,0.0281524926686217,1705
developer,2018-03,32,45,0.0263929618768328,1705
developer,2018-03,33,52,0.0304985337243401,1705
developer,2018-03,34,29,0.0170087976539589,1705
developer,2018-03,35,32,0.0187683284457478,1705
developer,2018-03,36,47,0.027565982404692,1705
developer,2018-03,37,50,0.0293255131964809,1705
developer,2018-03,38,39,0.0228739002932551,1705
developer,2018-03,39,54,0.0316715542521994,1705
developer,2018-04,0,57,0.0299055613850996,1906
developer,2018-04,1,43,0.0225603357817418,1906
developer,2018-04,2,60,0.0314795383001049,1906
developer,2018-04,3,46,0.0241343126967471,1906
developer,2018-04,4,39,0.0204616998950682,1906
developer,2018-04,5,30,0.0157397691500524,1906
developer,2018-04,6,50,0.0262329485834207,1906
developer,2018-04,7,41,0.021511017838405,1906
developer,2018-04,8,52,0.0272822665267576,1906
developer,2018-04,9,50,0.0262329485834207,1906
developer,2018-04,10,25,0.0131164742917103,1906
developer,2018-04,11,37,0.0194123819517313,1906
developer,2018-04,12,58,0.0304302203567681,1906
developer,2018-04,13,41,0.021511017838405,1906
developer,2018-04,14,47,0.0246589716684155,1906
developer,2018-04,15,36,0.0188877229800629,1906
developer,2018-04,16,34,0.0178384050367261,1906
developer,2018-04,17,54,0.0283315844700944,1906
developer,2018-04,18,34,0.0178384050367261,1906
developer,2018-04,19,19,0.0099685204616998,1906
developer,2018-04,20,44,0.0230849947534102,1906
developer,2018-04,21,46,0.0241343126967471,1906
developer,2018-04,22,56,0.0293809024134312,1906
developer,2018-04,23,45,0.0236096537250787,1906
developer,2018-04,24,49,0.0257082896117523,1906
developer,2018-04,25,58,0.0304302203567681,1906
developer,2018-04,26,75,0.0393494228751311,1906
developer,2018-04,27,62,0.0325288562434417,1906
developer,2018-04,28,40,0.0209863588667366,1906
developer,2018-04,29,54,0.0283315844700944,1906
developer,2018-04,30,66,0.0346274921301154,1906
developer,2018-04,31,45,0.0236096537250787,1906
developer,2018-04,32,43,0.0225603357817418,1906
developer,2018-04,33,54,0.0283315844700944,1906
developer,2018-04,34,26,0.0136411332633788,1906
developer,2018-04,35,35,0.0183630640083945,1906
developer,2018-04,36,50,0.0262329485834207,1906
developer,2018-04,37,77,0.040398740818468,1906
developer,2018-04,38,83,0.0435466946484784,1906
developer,2018-04,39,45,0.0236096537250787,1906
developer,2018-05,0,63,0.0325077399380804,1938
developer,2018-05,1,38,0.0196078431372549,1938
developer,2018-05,2,65,0.0335397316821465,1938
developer,2018-05,3,41,0.0211558307533539,1938
developer,2018-05,4,62,0.0319917440660474,1938
developer,2018-05,5,39,0.0201238390092879,1938
developer,2018-05,6,61,0.0314757481940144,1938
developer,2018-05,7,61,0.0314757481940144,1938
developer,2018-05,8,61,0.0314757481940144,1938
developer,2018-05,9,42,0.0216718266253869,1938
developer,2018-05,10,36,0.0185758513931888,1938
developer,2018-05,11,33,0.0170278637770897,1938
developer,2018-05,12,51,0.0263157894736842,1938
developer,2018-05,13,36,0.0185758513931888,1938
developer,2018-05,14,61,0.0314757481940144,1938
developer,2018-05,15,48,0.0247678018575851,1938
developer,2018-05,16,24,0.0123839009287925,1938
developer,2018-05,17,81,0.0417956656346749,1938
developer,2018-05,18,36,0.0185758513931888,1938
developer,2018-05,19,24,0.0123839009287925,1938
developer,2018-05,20,31,0.0159958720330237,1938
developer,2018-05,21,59,0.0304437564499484,1938
developer,2018-05,22,43,0.02218782249742,1938
developer,2018-05,23,40,0.0206398348813209,1938
developer,2018-05,24,44,0.022703818369453,1938
developer,2018-05,25,47,0.0242518059855521,1938
developer,2018-05,26,81,0.0417956656346749,1938
developer,2018-05,27,40,0.0206398348813209,1938
developer,2018-05,28,34,0.0175438596491228,1938
developer,2018-05,29,55,0.0283797729618163,1938
developer,2018-05,30,58,0.0299277605779153,1938
developer,2018-05,31,44,0.022703818369453,1938
developer,2018-05,32,43,0.02218782249742,1938
developer,2018-05,33,55,0.0283797729618163,1938
developer,2018-05,34,29,0.0149638802889576,1938
developer,2018-05,35,52,0.0268317853457172,1938
developer,2018-05,36,41,0.0211558307533539,1938
developer,2018-05,37,70,0.0361197110423116,1938
developer,2018-05,38,48,0.0247678018575851,1938
developer,2018-05,39,61,0.0314757481940144,1938
developer,2018-06,0,38,0.0235294117647058,1615
developer,2018-06,1,35,0.0216718266253869,1615
developer,2018-06,2,54,0.0334365325077399,1615
developer,2018-06,3,38,0.0235294117647058,1615
developer,2018-06,4,31,0.0191950464396284,1615
developer,2018-06,5,26,0.0160990712074303,1615
developer,2018-06,6,40,0.0247678018575851,1615
developer,2018-06,7,34,0.0210526315789473,1615
developer,2018-06,8,41,0.0253869969040247,1615
developer,2018-06,9,45,0.0278637770897832,1615
developer,2018-06,10,23,0.0142414860681114,1615
developer,2018-06,11,28,0.0173374613003096,1615
developer,2018-06,12,59,0.036532507739938,1615
developer,2018-06,13,38,0.0235294117647058,1615
developer,2018-06,14,34,0.0210526315789473,1615
developer,2018-06,15,45,0.0278637770897832,1615
developer,2018-06,16,36,0.0222910216718266,1615
developer,2018-06,17,45,0.0278637770897832,1615
developer,2018-06,18,32,0.0198142414860681,1615
developer,2018-06,19,24,0.014860681114551,1615
developer,2018-06,20,30,0.0185758513931888,1615
developer,2018-06,21,37,0.0229102167182662,1615
developer,2018-06,22,30,0.0185758513931888,1615
developer,2018-06,23,36,0.0222910216718266,1615
developer,2018-06,24,48,0.0297213622291021,1615
developer,2018-06,25,49,0.0303405572755417,1615
developer,2018-06,26,70,0.0433436532507739,1615
developer,2018-06,27,51,0.031578947368421,1615
developer,2018-06,28,36,0.0222910216718266,1615
developer,2018-06,29,46,0.0284829721362229,1615
developer,2018-06,30,51,0.031578947368421,1615
developer,2018-06,31,35,0.0216718266253869,1615
developer,2018-06,32,40,0.0247678018575851,1615
developer,2018-06,33,48,0.0297213622291021,1615
developer,2018-06,34,36,0.0222910216718266,1615
developer,2018-06,35,41,0.0253869969040247,1615
developer,2018-06,36,43,0.026625386996904,1615
developer,2018-06,37,53,0.0328173374613003,1615
developer,2018-06,38,49,0.0303405572755417,1615
developer,2018-06,39,40,0.0247678018575851,1615
developer,2018-07,0,50,0.0276548672566371,1808
developer,2018-07,1,32,0.0176991150442477,1808
developer,2018-07,2,39,0.0215707964601769,1808
developer,2018-07,3,35,0.019358407079646,1808
developer,2018-07,4,49,0.0271017699115044,1808
developer,2018-07,5,37,0.0204646017699115,1808
developer,2018-07,6,49,0.0271017699115044,1808
developer,2018-07,7,36,0.0199115044247787,1808
developer,2018-07,8,39,0.0215707964601769,1808
developer,2018-07,9,46,0.0254424778761061,1808
developer,2018-07,10,17,0.0094026548672566,1808
developer,2018-07,11,34,0.0188053097345132,1808
developer,2018-07,12,64,0.0353982300884955,1808
developer,2018-07,13,34,0.0188053097345132,1808
developer,2018-07,14,35,0.019358407079646,1808
developer,2018-07,15,37,0.0204646017699115,1808
developer,2018-07,16,56,0.0309734513274336,1808
developer,2018-07,17,59,0.0326327433628318,1808
developer,2018-07,18,25,0.0138274336283185,1808
developer,2018-07,19,30,0.0165929203539823,1808
developer,2018-07,20,37,0.0204646017699115,1808
developer,2018-07,21,40,0.0221238938053097,1808
developer,2018-07,22,49,0.0271017699115044,1808
developer,2018-07,23,33,0.0182522123893805,1808
developer,2018-07,24,44,0.0243362831858407,1808
developer,2018-07,25,46,0.0254424778761061,1808
developer,2018-07,26,74,0.040929203539823,1808
developer,2018-07,27,53,0.0293141592920354,1808
developer,2018-07,28,35,0.019358407079646,1808
developer,2018-07,29,57,0.0315265486725663,1808
developer,2018-07,30,81,0.0448008849557522,1808
developer,2018-07,31,51,0.0282079646017699,1808
developer,2018-07,32,65,0.0359513274336283,1808
developer,2018-07,33,47,0.0259955752212389,1808
developer,2018-07,34,29,0.0160398230088495,1808
developer,2018-07,35,53,0.0293141592920354,1808
developer,2018-07,36,58,0.0320796460176991,1808
developer,2018-07,37,62,0.03429203539823,1808
developer,2018-07,38,38,0.0210176991150442,1808
developer,2018-07,39,53,0.0293141592920354,1808
developer,2018-08,0,48,0.0268306316377864,1789
developer,2018-08,1,33,0.0184460592509782,1789
developer,2018-08,2,40,0.0223588596981553,1789
developer,2018-08,3,58,0.0324203465623253,1789
developer,2018-08,4,40,0.0223588596981553,1789
developer,2018-08,5,38,0.0212409167132476,1789
developer,2018-08,6,40,0.0223588596981553,1789
developer,2018-08,7,43,0.024035774175517,1789
developer,2018-08,8,51,0.0285075461151481,1789
developer,2018-08,9,55,0.0307434320849636,1789
developer,2018-08,10,33,0.0184460592509782,1789
developer,2018-08,11,33,0.0184460592509782,1789
developer,2018-08,12,57,0.0318613750698714,1789
developer,2018-08,13,34,0.019005030743432,1789
developer,2018-08,14,44,0.0245947456679709,1789
developer,2018-08,15,35,0.0195640022358859,1789
developer,2018-08,16,38,0.0212409167132476,1789
developer,2018-08,17,52,0.029066517607602,1789
developer,2018-08,18,20,0.0111794298490776,1789
developer,2018-08,19,28,0.0156512017887087,1789
developer,2018-08,20,50,0.0279485746226942,1789
developer,2018-08,21,61,0.0340972610396869,1789
developer,2018-08,22,41,0.0229178311906092,1789
developer,2018-08,23,31,0.0173281162660704,1789
developer,2018-08,24,52,0.029066517607602,1789
developer,2018-08,25,53,0.0296254891000558,1789
developer,2018-08,26,69,0.038569032979318,1789
developer,2018-08,27,44,0.0245947456679709,1789
developer,2018-08,28,33,0.0184460592509782,1789
developer,2018-08,29,67,0.0374510899944102,1789
developer,2018-08,30,66,0.0368921185019564,1789
developer,2018-08,31,54,0.0301844605925097,1789
developer,2018-08,32,43,0.024035774175517,1789
developer,2018-08,33,60,0.033538289547233,1789
developer,2018-08,34,26,0.014533258803801,1789
developer,2018-08,35,41,0.0229178311906092,1789
developer,2018-08,36,32,0.0178870877585243,1789
developer,2018-08,37,56,0.0313024035774175,1789
developer,2018-08,38,40,0.0223588596981553,1789
developer,2018-08,39,50,0.0279485746226942,1789
developer,2018-09,0,55,0.0323339212228101,1701
developer,2018-09,1,35,0.0205761316872428,1701
developer,2018-09,2,45,0.0264550264550264,1701
developer,2018-09,3,41,0.0241034685479129,1701
developer,2018-09,4,40,0.0235155790711346,1701
developer,2018-09,5,43,0.0252792475014697,1701
developer,2018-09,6,33,0.019400352733686,1701
developer,2018-09,7,47,0.0276308054085831,1701
developer,2018-09,8,31,0.0182245737801293,1701
developer,2018-09,9,34,0.0199882422104644,1701
developer,2018-09,10,25,0.0146972369194591,1701
developer,2018-09,11,33,0.019400352733686,1701
developer,2018-09,12,46,0.0270429159318048,1701
developer,2018-09,13,47,0.0276308054085831,1701
developer,2018-09,14,44,0.025867136978248,1701
developer,2018-09,15,28,0.0164609053497942,1701
developer,2018-09,16,52,0.030570252792475,1701
developer,2018-09,17,59,0.0346854791299235,1701
developer,2018-09,18,31,0.0182245737801293,1701
developer,2018-09,19,21,0.0123456790123456,1701
developer,2018-09,20,46,0.0270429159318048,1701
developer,2018-09,21,42,0.0246913580246913,1701
developer,2018-09,22,31,0.0182245737801293,1701
developer,2018-09,23,33,0.019400352733686,1701
developer,2018-09,24,34,0.0199882422104644,1701
developer,2018-09,25,38,0.0223398001175778,1701
developer,2018-09,26,69,0.0405643738977072,1701
developer,2018-09,27,48,0.0282186948853615,1701
developer,2018-09,28,33,0.019400352733686,1701
developer,2018-09,29,89,0.0523221634332745,1701
developer,2018-09,30,58,0.0340975896531452,1701
developer,2018-09,31,36,0.0211640211640211,1701
developer,2018-09,32,43,0.0252792475014697,1701
developer,2018-09,33,46,0.0270429159318048,1701
developer,2018-09,34,39,0.0229276895943562,1701
developer,2018-09,35,47,0.0276308054085831,1701
developer,2018-09,36,36,0.0211640211640211,1701
developer,2018-09,37,62,0.0364491475602586,1701
developer,2018-09,38,40,0.0235155790711346,1701
developer,2018-09,39,41,0.0241034685479129,1701
developer,2018-10,0,49,0.0219239373601789,2235
developer,2018-10,1,58,0.0259507829977628,2235
developer,2018-10,2,47,0.0210290827740492,2235
developer,2018-10,3,41,0.0183445190156599,2235
developer,2018-10,4,55,0.0246085011185682,2235
developer,2018-10,5,41,0.0183445190156599,2235
developer,2018-10,6,43,0.0192393736017897,2235
developer,2018-10,7,81,0.036241610738255,2235
developer,2018-10,8,42,0.0187919463087248,2235
developer,2018-10,9,45,0.0201342281879194,2235
developer,2018-10,10,47,0.0210290827740492,2235
developer,2018-10,11,35,0.0156599552572706,2235
developer,2018-10,12,68,0.0304250559284116,2235
developer,2018-10,13,29,0.0129753914988814,2235
developer,2018-10,14,89,0.039821029082774,2235
developer,2018-10,15,74,0.0331096196868008,2235
developer,2018-10,16,50,0.0223713646532438,2235
developer,2018-10,17,66,0.0295302013422818,2235
developer,2018-10,18,38,0.0170022371364653,2235
developer,2018-10,19,41,0.0183445190156599,2235
developer,2018-10,20,47,0.0210290827740492,2235
developer,2018-10,21,61,0.0272930648769574,2235
developer,2018-10,22,50,0.0223713646532438,2235
developer,2018-10,23,48,0.021476510067114,2235
developer,2018-10,24,58,0.0259507829977628,2235
developer,2018-10,25,64,0.0286353467561521,2235
developer,2018-10,26,114,0.0510067114093959,2235
developer,2018-10,27,70,0.0313199105145413,2235
developer,2018-10,28,26,0.0116331096196868,2235
developer,2018-10,29,72,0.0322147651006711,2235
developer,2018-10,30,69,0.0308724832214765,2235
developer,2018-10,31,51,0.0228187919463087,2235
developer,2018-10,32,52,0.0232662192393736,2235
developer,2018-10,33,60,0.0268456375838926,2235
developer,2018-10,34,48,0.021476510067114,2235
developer,2018-10,35,58,0.0259507829977628,2235
developer,2018-10,36,60,0.0268456375838926,2235
developer,2018-10,37,64,0.0286353467561521,2235
developer,2018-10,38,58,0.0259507829977628,2235
developer,2018-10,39,66,0.0295302013422818,2235
developer,2018-11,0,50,0.0264550264550264,1890
developer,2018-11,1,39,0.0206349206349206,1890
developer,2018-11,2,57,0.0301587301587301,1890
developer,2018-11,3,50,0.0264550264550264,1890
developer,2018-11,4,49,0.0259259259259259,1890
developer,2018-11,5,34,0.0179894179894179,1890
developer,2018-11,6,51,0.0269841269841269,1890
developer,2018-11,7,41,0.0216931216931216,1890
developer,2018-11,8,36,0.019047619047619,1890
developer,2018-11,9,55,0.0291005291005291,1890
developer,2018-11,10,25,0.0132275132275132,1890
developer,2018-11,11,25,0.0132275132275132,1890
developer,2018-11,12,61,0.0322751322751322,1890
developer,2018-11,13,37,0.0195767195767195,1890
developer,2018-11,14,80,0.0423280423280423,1890
developer,2018-11,15,57,0.0301587301587301,1890
developer,2018-11,16,41,0.0216931216931216,1890
developer,2018-11,17,64,0.0338624338624338,1890
developer,2018-11,18,31,0.0164021164021164,1890
developer,2018-11,19,25,0.0132275132275132,1890
developer,2018-11,20,43,0.0227513227513227,1890
developer,2018-11,21,42,0.0222222222222222,1890
developer,2018-11,22,39,0.0206349206349206,1890
developer,2018-11,23,32,0.0169312169312169,1890
developer,2018-11,24,49,0.0259259259259259,1890
developer,2018-11,25,63,0.0333333333333333,1890
developer,2018-11,26,98,0.0518518518518518,1890
developer,2018-11,27,35,0.0185185185185185,1890
developer,2018-11,28,32,0.0169312169312169,1890
developer,2018-11,29,54,0.0285714285714285,1890
developer,2018-11,30,70,0.037037037037037,1890
developer,2018-11,31,46,0.0243386243386243,1890
developer,2018-11,32,39,0.0206349206349206,1890
developer,2018-11,33,45,0.0238095238095238,1890
developer,2018-11,34,41,0.0216931216931216,1890
developer,2018-11,35,34,0.0179894179894179,1890
developer,2018-11,36,45,0.0238095238095238,1890
developer,2018-11,37,57,0.0301587301587301,1890
developer,2018-11,38,65,0.0343915343915343,1890
developer,2018-11,39,53,0.028042328042328,1890
developer,2018-12,0,42,0.0282828282828282,1485
developer,2018-12,1,25,0.0168350168350168,1485
developer,2018-12,2,38,0.0255892255892255,1485
developer,2018-12,3,25,0.0168350168350168,1485
developer,2018-12,4,38,0.0255892255892255,1485
developer,2018-12,5,29,0.0195286195286195,1485
developer,2018-12,6,30,0.0202020202020202,1485
developer,2018-12,7,38,0.0255892255892255,1485
developer,2018-12,8,44,0.0296296296296296,1485
developer,2018-12,9,34,0.0228956228956228,1485
developer,2018-12,10,28,0.0188552188552188,1485
developer,2018-12,11,35,0.0235690235690235,1485
developer,2018-12,12,48,0.0323232323232323,1485
developer,2018-12,13,38,0.0255892255892255,1485
developer,2018-12,14,57,0.0383838383838383,1485
developer,2018-12,15,43,0.0289562289562289,1485
developer,2018-12,16,23,0.0154882154882154,1485
developer,2018-12,17,51,0.0343434343434343,1485
developer,2018-12,18,18,0.0121212121212121,1485
developer,2018-12,19,27,0.0181818181818181,1485
developer,2018-12,20,47,0.0316498316498316,1485
developer,2018-12,21,48,0.0323232323232323,1485
developer,2018-12,22,47,0.0316498316498316,1485
developer,2018-12,23,31,0.0208754208754208,1485
developer,2018-12,24,26,0.0175084175084175,1485
developer,2018-12,25,66,0.0444444444444444,1485
developer,2018-12,26,56,0.0377104377104377,1485
developer,2018-12,27,29,0.0195286195286195,1485
developer,2018-12,28,23,0.0154882154882154,1485
developer,2018-12,29,43,0.0289562289562289,1485
developer,2018-12,30,37,0.0249158249158249,1485
developer,2018-12,31,35,0.0235690235690235,1485
developer,2018-12,32,36,0.0242424242424242,1485
developer,2018-12,33,32,0.0215488215488215,1485
developer,2018-12,34,32,0.0215488215488215,1485
developer,2018-12,35,30,0.0202020202020202,1485
developer,2018-12,36,37,0.0249158249158249,1485
developer,2018-12,37,34,0.0228956228956228,1485
developer,2018-12,38,45,0.0303030303030303,1485
developer,2018-12,39,40,0.0269360269360269,1485
developer,2019-01,0,43,0.0259975816203143,1654
developer,2019-01,1,24,0.0145102781136638,1654
developer,2019-01,2,52,0.0314389359129383,1654
developer,2019-01,3,30,0.0181378476420798,1654
developer,2019-01,4,44,0.026602176541717,1654
developer,2019-01,5,31,0.0187424425634824,1654
developer,2019-01,6,34,0.0205562273276904,1654
developer,2019-01,7,53,0.0320435308343409,1654
developer,2019-01,8,26,0.0157194679564691,1654
developer,2019-01,9,33,0.0199516324062877,1654
developer,2019-01,10,22,0.0133010882708585,1654
developer,2019-01,11,29,0.0175332527206771,1654
developer,2019-01,12,58,0.0350665054413542,1654
developer,2019-01,13,39,0.0235792019347037,1654
developer,2019-01,14,53,0.0320435308343409,1654
developer,2019-01,15,56,0.0338573155985489,1654
developer,2019-01,16,36,0.0217654171704957,1654
developer,2019-01,17,52,0.0314389359129383,1654
developer,2019-01,18,22,0.0133010882708585,1654
developer,2019-01,19,34,0.0205562273276904,1654
developer,2019-01,20,66,0.0399032648125755,1654
developer,2019-01,21,48,0.0290205562273276,1654
developer,2019-01,22,47,0.028415961305925,1654
developer,2019-01,23,35,0.0211608222490931,1654
developer,2019-01,24,31,0.0187424425634824,1654
developer,2019-01,25,64,0.0386940749697702,1654
developer,2019-01,26,62,0.0374848851269649,1654
developer,2019-01,27,26,0.0157194679564691,1654
developer,2019-01,28,22,0.0133010882708585,1654
developer,2019-01,29,48,0.0290205562273276,1654
developer,2019-01,30,40,0.0241837968561064,1654
developer,2019-01,31,26,0.0157194679564691,1654
developer,2019-01,32,51,0.0308343409915356,1654
developer,2019-01,33,42,0.0253929866989117,1654
developer,2019-01,34,42,0.0253929866989117,1654
developer,2019-01,35,44,0.026602176541717,1654
developer,2019-01,36,35,0.0211608222490931,1654
developer,2019-01,37,53,0.0320435308343409,1654
developer,2019-01,38,51,0.0308343409915356,1654
developer,2019-01,39,50,0.030229746070133,1654
developer,2019-02,0,34,0.0246913580246913,1377
developer,2019-02,1,23,0.0167029774872912,1377
developer,2019-02,2,38,0.027596223674655,1377
developer,2019-02,3,35,0.0254175744371822,1377
developer,2019-02,4,39,0.0283224400871459,1377
developer,2019-02,5,27,0.0196078431372549,1377
developer,2019-02,6,30,0.0217864923747276,1377
developer,2019-02,7,25,0.018155410312273,1377
developer,2019-02,8,49,0.0355846042120551,1377
developer,2019-02,9,22,0.0159767610748002,1377
developer,2019-02,10,18,0.0130718954248366,1377
developer,2019-02,11,22,0.0159767610748002,1377
developer,2019-02,12,33,0.0239651416122004,1377
developer,2019-02,13,25,0.018155410312273,1377
developer,2019-02,14,45,0.0326797385620915,1377
developer,2019-02,15,48,0.0348583877995642,1377
developer,2019-02,16,31,0.0225127087872185,1377
developer,2019-02,17,44,0.0319535221496005,1377
developer,2019-02,18,30,0.0217864923747276,1377
developer,2019-02,19,20,0.0145243282498184,1377
developer,2019-02,20,21,0.0152505446623093,1377
developer,2019-02,21,48,0.0348583877995642,1377
developer,2019-02,22,31,0.0225127087872185,1377
developer,2019-02,23,27,0.0196078431372549,1377
developer,2019-02,24,26,0.0188816267247639,1377
developer,2019-02,25,40,0.0290486564996368,1377
developer,2019-02,26,33,0.0239651416122004,1377
developer,2019-02,27,66,0.0479302832244008,1377
developer,2019-02,28,14,0.0101670297748729,1377
developer,2019-02,29,44,0.0319535221496005,1377
developer,2019-02,30,31,0.0225127087872185,1377
developer,2019-02,31,31,0.0225127087872185,1377
developer,2019-02,32,92,0.0668119099491648,1377
developer,2019-02,33,37,0.0268700072621641,1377
developer,2019-02,34,31,0.0225127087872185,1377
developer,2019-02,35,32,0.0232389251997095,1377
developer,2019-02,36,10,0.0072621641249092,1377
developer,2019-02,37,44,0.0319535221496005,1377
developer,2019-02,38,44,0.0319535221496005,1377
developer,2019-02,39,37,0.0268700072621641,1377
developer,2019-03,0,40,0.0284900284900284,1404
developer,2019-03,1,24,0.017094017094017,1404
developer,2019-03,2,26,0.0185185185185185,1404
developer,2019-03,3,22,0.0156695156695156,1404
developer,2019-03,4,59,0.042022792022792,1404
developer,2019-03,5,38,0.027065527065527,1404
developer,2019-03,6,32,0.0227920227920227,1404
developer,2019-03,7,54,0.0384615384615384,1404
developer,2019-03,8,82,0.0584045584045584,1404
developer,2019-03,9,37,0.0263532763532763,1404
developer,2019-03,10,28,0.0199430199430199,1404
developer,2019-03,11,14,0.0099715099715099,1404
developer,2019-03,12,34,0.0242165242165242,1404
developer,2019-03,13,32,0.0227920227920227,1404
developer,2019-03,14,37,0.0263532763532763,1404
developer,2019-03,15,39,0.0277777777777777,1404
developer,2019-03,16,37,0.0263532763532763,1404
developer,2019-03,17,32,0.0227920227920227,1404
developer,2019-03,18,23,0.0163817663817663,1404
developer,2019-03,19,24,0.017094017094017,1404
developer,2019-03,20,37,0.0263532763532763,1404
developer,2019-03,21,29,0.0206552706552706,1404
developer,2019-03,22,31,0.022079772079772,1404
developer,2019-03,23,33,0.0235042735042735,1404
developer,2019-03,24,29,0.0206552706552706,1404
developer,2019-03,25,39,0.0277777777777777,1404
developer,2019-03,26,41,0.0292022792022792,1404
developer,2019-03,27,24,0.017094017094017,1404
developer,2019-03,28,24,0.017094017094017,1404
developer,2019-03,29,40,0.0284900284900284,1404
developer,2019-03,30,29,0.0206552706552706,1404
developer,2019-03,31,55,0.0391737891737891,1404
developer,2019-03,32,47,0.0334757834757834,1404
developer,2019-03,33,26,0.0185185185185185,1404
developer,2019-03,34,34,0.0242165242165242,1404
developer,2019-03,35,32,0.0227920227920227,1404
developer,2019-03,36,32,0.0227920227920227,1404
developer,2019-03,37,33,0.0235042735042735,1404
developer,2019-03,38,53,0.0377492877492877,1404
developer,2019-03,39,22,0.0156695156695156,1404
developer,2019-04,0,39,0.0290178571428571,1344
developer,2019-04,1,23,0.0171130952380952,1344
developer,2019-04,2,35,0.0260416666666666,1344
developer,2019-04,3,39,0.0290178571428571,1344
developer,2019-04,4,26,0.019345238095238,1344
developer,2019-04,5,39,0.0290178571428571,1344
developer,2019-04,6,38,0.0282738095238095,1344
developer,2019-04,7,34,0.025297619047619,1344
developer,2019-04,8,29,0.0215773809523809,1344
developer,2019-04,9,21,0.015625,1344
developer,2019-04,10,25,0.0186011904761904,1344
developer,2019-04,11,24,0.0178571428571428,1344
developer,2019-04,12,30,0.0223214285714285,1344
developer,2019-04,13,34,0.025297619047619,1344
developer,2019-04,14,56,0.0416666666666666,1344
developer,2019-04,15,43,0.0319940476190476,1344
developer,2019-04,16,26,0.019345238095238,1344
developer,2019-04,17,38,0.0282738095238095,1344
developer,2019-04,18,22,0.0163690476190476,1344
developer,2019-04,19,32,0.0238095238095238,1344
developer,2019-04,20,25,0.0186011904761904,1344
developer,2019-04,21,41,0.0305059523809523,1344
developer,2019-04,22,27,0.0200892857142857,1344
developer,2019-04,23,27,0.0200892857142857,1344
developer,2019-04,24,35,0.0260416666666666,1344
developer,2019-04,25,31,0.0230654761904761,1344
developer,2019-04,26,42,0.03125,1344
developer,2019-04,27,30,0.0223214285714285,1344
developer,2019-04,28,21,0.015625,1344
developer,2019-04,29,45,0.0334821428571428,1344
developer,2019-04,30,38,0.0282738095238095,1344
developer,2019-04,31,19,0.0141369047619047,1344
developer,2019-04,32,47,0.034970238095238,1344
developer,2019-04,33,29,0.0215773809523809,1344
developer,2019-04,34,39,0.0290178571428571,1344
developer,2019-04,35,32,0.0238095238095238,1344
developer,2019-04,36,42,0.03125,1344
developer,2019-04,37,44,0.0327380952380952,1344
developer,2019-04,38,47,0.034970238095238,1344
developer,2019-04,39,30,0.0223214285714285,1344
developer,2019-05,0,40,0.0268636668905305,1489
developer,2019-05,1,26,0.0174613834788448,1489
developer,2019-05,2,33,0.0221625251846877,1489
developer,2019-05,3,38,0.025520483546004,1489
developer,2019-05,4,56,0.0376091336467427,1489
developer,2019-05,5,33,0.0221625251846877,1489
developer,2019-05,6,34,0.0228341168569509,1489
developer,2019-05,7,47,0.0315648085963734,1489
developer,2019-05,8,20,0.0134318334452652,1489
developer,2019-05,9,23,0.015446608462055,1489
developer,2019-05,10,27,0.0181329751511081,1489
developer,2019-05,11,26,0.0174613834788448,1489
developer,2019-05,12,31,0.0208193418401611,1489
developer,2019-05,13,45,0.0302216252518468,1489
developer,2019-05,14,62,0.0416386836803223,1489
developer,2019-05,15,69,0.0463398253861652,1489
developer,2019-05,16,39,0.0261920752182672,1489
developer,2019-05,17,32,0.0214909335124244,1489
developer,2019-05,18,25,0.0167897918065816,1489
developer,2019-05,19,29,0.0194761584956346,1489
developer,2019-05,20,23,0.015446608462055,1489
developer,2019-05,21,37,0.0248488918737407,1489
developer,2019-05,22,37,0.0248488918737407,1489
developer,2019-05,23,33,0.0221625251846877,1489
developer,2019-05,24,33,0.0221625251846877,1489
developer,2019-05,25,28,0.0188045668233713,1489
developer,2019-05,26,54,0.0362659503022162,1489
developer,2019-05,27,33,0.0221625251846877,1489
developer,2019-05,28,21,0.0141034251175285,1489
developer,2019-05,29,40,0.0268636668905305,1489
developer,2019-05,30,42,0.028206850235057,1489
developer,2019-05,31,29,0.0194761584956346,1489
developer,2019-05,32,49,0.0329079919408999,1489
developer,2019-05,33,30,0.0201477501678979,1489
developer,2019-05,34,42,0.028206850235057,1489
developer,2019-05,35,45,0.0302216252518468,1489
developer,2019-05,36,56,0.0376091336467427,1489
developer,2019-05,37,34,0.0228341168569509,1489
developer,2019-05,38,61,0.0409670920080591,1489
developer,2019-05,39,27,0.0181329751511081,1489
developer,2019-06,0,64,0.0358342665173572,1786
developer,2019-06,1,30,0.0167973124300112,1786
developer,2019-06,2,53,0.0296752519596864,1786
developer,2019-06,3,29,0.0162374020156774,1786
developer,2019-06,4,58,0.0324748040313549,1786
developer,2019-06,5,35,0.0195968645016797,1786
developer,2019-06,6,47,0.0263157894736842,1786
developer,2019-06,7,58,0.0324748040313549,1786
developer,2019-06,8,28,0.0156774916013437,1786
developer,2019-06,9,32,0.0179171332586786,1786
developer,2019-06,10,66,0.0369540873460246,1786
developer,2019-06,11,23,0.0128779395296752,1786
developer,2019-06,12,34,0.019036954087346,1786
developer,2019-06,13,51,0.028555431131019,1786
developer,2019-06,14,60,0.0335946248600224,1786
developer,2019-06,15,57,0.0319148936170212,1786
developer,2019-06,16,41,0.0229563269876819,1786
developer,2019-06,17,37,0.0207166853303471,1786
developer,2019-06,18,35,0.0195968645016797,1786
developer,2019-06,19,42,0.0235162374020156,1786
developer,2019-06,20,35,0.0195968645016797,1786
developer,2019-06,21,63,0.0352743561030235,1786
developer,2019-06,22,68,0.038073908174692,1786
developer,2019-06,23,51,0.028555431131019,1786
developer,2019-06,24,44,0.024636058230683,1786
developer,2019-06,25,48,0.0268756998880179,1786
developer,2019-06,26,57,0.0319148936170212,1786
developer,2019-06,27,35,0.0195968645016797,1786
developer,2019-06,28,27,0.01511758118701,1786
developer,2019-06,29,59,0.0330347144456886,1786
developer,2019-06,30,43,0.0240761478163493,1786
developer,2019-06,31,34,0.019036954087346,1786
developer,2019-06,32,46,0.0257558790593505,1786
developer,2019-06,33,31,0.0173572228443449,1786
developer,2019-06,34,37,0.0207166853303471,1786
developer,2019-06,35,40,0.0223964165733482,1786
developer,2019-06,36,42,0.0235162374020156,1786
developer,2019-06,37,54,0.0302351623740201,1786
developer,2019-06,38,67,0.0375139977603583,1786
developer,2019-06,39,25,0.0139977603583426,1786
developer,2019-07,0,50,0.0311332503113325,1606
developer,2019-07,1,38,0.0236612702366127,1606
developer,2019-07,2,43,0.0267745952677459,1606
developer,2019-07,3,30,0.0186799501867995,1606
developer,2019-07,4,51,0.0317559153175591,1606
developer,2019-07,5,35,0.0217932752179327,1606
developer,2019-07,6,32,0.0199252801992528,1606
developer,2019-07,7,55,0.0342465753424657,1606
developer,2019-07,8,30,0.0186799501867995,1606
developer,2019-07,9,33,0.0205479452054794,1606
developer,2019-07,10,56,0.0348692403486924,1606
developer,2019-07,11,35,0.0217932752179327,1606
developer,2019-07,12,36,0.0224159402241594,1606
developer,2019-07,13,51,0.0317559153175591,1606
developer,2019-07,14,55,0.0342465753424657,1606
developer,2019-07,15,54,0.0336239103362391,1606
developer,2019-07,16,43,0.0267745952677459,1606
developer,2019-07,17,38,0.0236612702366127,1606
developer,2019-07,18,23,0.0143212951432129,1606
developer,2019-07,19,46,0.0286425902864259,1606
developer,2019-07,20,36,0.0224159402241594,1606
developer,2019-07,21,35,0.0217932752179327,1606
developer,2019-07,22,46,0.0286425902864259,1606
developer,2019-07,23,39,0.0242839352428393,1606
developer,2019-07,24,38,0.0236612702366127,1606
developer,2019-07,25,33,0.0205479452054794,1606
developer,2019-07,26,43,0.0267745952677459,1606
developer,2019-07,27,28,0.0174346201743462,1606
developer,2019-07,28,43,0.0267745952677459,1606
developer,2019-07,29,44,0.0273972602739726,1606
developer,2019-07,30,39,0.0242839352428393,1606
developer,2019-07,31,44,0.0273972602739726,1606
developer,2019-07,32,47,0.0292652552926525,1606
developer,2019-07,33,23,0.0143212951432129,1606
developer,2019-07,34,36,0.0224159402241594,1606
developer,2019-07,35,41,0.0255292652552926,1606
developer,2019-07,36,48,0.0298879202988792,1606
developer,2019-07,37,23,0.0143212951432129,1606
developer,2019-07,38,56,0.0348692403486924,1606
developer,2019-07,39,30,0.0186799501867995,1606
developer,2019-08,0,42,0.0314606741573033,1335
developer,2019-08,1,25,0.0187265917602996,1335
developer,2019-08,2,37,0.0277153558052434,1335
developer,2019-08,3,33,0.0247191011235955,1335
developer,2019-08,4,37,0.0277153558052434,1335
developer,2019-08,5,27,0.0202247191011235,1335
developer,2019-08,6,41,0.0307116104868913,1335
developer,2019-08,7,39,0.0292134831460674,1335
developer,2019-08,8,39,0.0292134831460674,1335
developer,2019-08,9,28,0.0209737827715355,1335
developer,2019-08,10,25,0.0187265917602996,1335
developer,2019-08,11,23,0.0172284644194756,1335
developer,2019-08,12,26,0.0194756554307116,1335
developer,2019-08,13,35,0.0262172284644194,1335
developer,2019-08,14,34,0.0254681647940074,1335
developer,2019-08,15,48,0.0359550561797752,1335
developer,2019-08,16,33,0.0247191011235955,1335
developer,2019-08,17,26,0.0194756554307116,1335
developer,2019-08,18,30,0.0224719101123595,1335
developer,2019-08,19,36,0.0269662921348314,1335
developer,2019-08,20,22,0.0164794007490636,1335
developer,2019-08,21,31,0.0232209737827715,1335
developer,2019-08,22,32,0.0239700374531835,1335
developer,2019-08,23,36,0.0269662921348314,1335
developer,2019-08,24,30,0.0224719101123595,1335
developer,2019-08,25,30,0.0224719101123595,1335
developer,2019-08,26,37,0.0277153558052434,1335
developer,2019-08,27,20,0.0149812734082397,1335
developer,2019-08,28,29,0.0217228464419475,1335
developer,2019-08,29,42,0.0314606741573033,1335
developer,2019-08,30,35,0.0262172284644194,1335
developer,2019-08,31,26,0.0194756554307116,1335
developer,2019-08,32,53,0.0397003745318352,1335
developer,2019-08,33,25,0.0187265917602996,1335
developer,2019-08,34,48,0.0359550561797752,1335
developer,2019-08,35,29,0.0217228464419475,1335
developer,2019-08,36,37,0.0277153558052434,1335
developer,2019-08,37,34,0.0254681647940074,1335
developer,2019-08,38,54,0.0404494382022471,1335
developer,2019-08,39,21,0.0157303370786516,1335
developer,2019-09,0,38,0.0335985853227232,1131
developer,2019-09,1,25,0.02210433244916,1131
developer,2019-09,2,33,0.0291777188328912,1131
developer,2019-09,3,40,0.035366931918656,1131
developer,2019-09,4,31,0.0274093722369584,1131
developer,2019-09,5,15,0.013262599469496,1131
developer,2019-09,6,33,0.0291777188328912,1131
developer,2019-09,7,30,0.026525198938992,1131
developer,2019-09,8,17,0.0150309460654288,1131
developer,2019-09,9,29,0.0256410256410256,1131
developer,2019-09,10,37,0.0327144120247568,1131
developer,2019-09,11,17,0.0150309460654288,1131
developer,2019-09,12,26,0.0229885057471264,1131
developer,2019-09,13,36,0.0318302387267904,1131
developer,2019-09,14,28,0.0247568523430592,1131
developer,2019-09,15,39,0.0344827586206896,1131
developer,2019-09,16,19,0.0167992926613616,1131
developer,2019-09,17,26,0.0229885057471264,1131
developer,2019-09,18,23,0.0203359858532272,1131
developer,2019-09,19,17,0.0150309460654288,1131
developer,2019-09,20,21,0.0185676392572944,1131
developer,2019-09,21,28,0.0247568523430592,1131
developer,2019-09,22,22,0.0194518125552608,1131
developer,2019-09,23,35,0.030946065428824,1131
developer,2019-09,24,20,0.017683465959328,1131
developer,2019-09,25,19,0.0167992926613616,1131
developer,2019-09,26,38,0.0335985853227232,1131
developer,2019-09,27,32,0.0282935455349248,1131
developer,2019-09,28,26,0.0229885057471264,1131
developer,2019-09,29,30,0.026525198938992,1131
developer,2019-09,30,31,0.0274093722369584,1131
developer,2019-09,31,19,0.0167992926613616,1131
developer,2019-09,32,42,0.0371352785145888,1131
developer,2019-09,33,30,0.026525198938992,1131
developer,2019-09,34,35,0.030946065428824,1131
developer,2019-09,35,17,0.0150309460654288,1131
developer,2019-09,36,33,0.0291777188328912,1131
developer,2019-09,37,32,0.0282935455349248,1131
developer,2019-09,38,44,0.0389036251105216,1131
developer,2019-09,39,18,0.0159151193633952,1131
developer,2019-10,0,62,0.033695652173913,1840
developer,2019-10,1,54,0.0293478260869565,1840
developer,2019-10,2,45,0.0244565217391304,1840
developer,2019-10,3,30,0.0163043478260869,1840
developer,2019-10,4,67,0.0364130434782608,1840
developer,2019-10,5,40,0.0217391304347826,1840
developer,2019-10,6,44,0.0239130434782608,1840
developer,2019-10,7,49,0.0266304347826086,1840
developer,2019-10,8,22,0.0119565217391304,1840
developer,2019-10,9,40,0.0217391304347826,1840
developer,2019-10,10,27,0.0146739130434782,1840
developer,2019-10,11,40,0.0217391304347826,1840
developer,2019-10,12,45,0.0244565217391304,1840
developer,2019-10,13,35,0.0190217391304347,1840
developer,2019-10,14,40,0.0217391304347826,1840
developer,2019-10,15,66,0.0358695652173913,1840
developer,2019-10,16,36,0.0195652173913043,1840
developer,2019-10,17,41,0.0222826086956521,1840
developer,2019-10,18,50,0.0271739130434782,1840
developer,2019-10,19,25,0.0135869565217391,1840
developer,2019-10,20,39,0.021195652173913,1840
developer,2019-10,21,82,0.0445652173913043,1840
developer,2019-10,22,46,0.025,1840
developer,2019-10,23,36,0.0195652173913043,1840
developer,2019-10,24,34,0.0184782608695652,1840
developer,2019-10,25,35,0.0190217391304347,1840
developer,2019-10,26,70,0.0380434782608695,1840
developer,2019-10,27,61,0.0331521739130434,1840
developer,2019-10,28,52,0.0282608695652173,1840
developer,2019-10,29,47,0.0255434782608695,1840
developer,2019-10,30,49,0.0266304347826086,1840
developer,2019-10,31,30,0.0163043478260869,1840
developer,2019-10,32,52,0.0282608695652173,1840
developer,2019-10,33,45,0.0244565217391304,1840
developer,2019-10,34,40,0.0217391304347826,1840
developer,2019-10,35,53,0.0288043478260869,1840
developer,2019-10,36,64,0.0347826086956521,1840
developer,2019-10,37,58,0.0315217391304347,1840
developer,2019-10,38,56,0.0304347826086956,1840
developer,2019-10,39,33,0.0179347826086956,1840
developer,2019-11,0,51,0.0290432801822323,1756
developer,2019-11,1,43,0.0244874715261959,1756
developer,2019-11,2,33,0.0187927107061503,1756
developer,2019-11,3,33,0.0187927107061503,1756
developer,2019-11,4,66,0.0375854214123006,1756
developer,2019-11,5,49,0.0279043280182232,1756
developer,2019-11,6,55,0.0313211845102505,1756
developer,2019-11,7,45,0.025626423690205,1756
developer,2019-11,8,34,0.0193621867881549,1756
developer,2019-11,9,36,0.020501138952164,1756
developer,2019-11,10,39,0.0222095671981776,1756
developer,2019-11,11,30,0.0170842824601366,1756
developer,2019-11,12,41,0.0233485193621867,1756
developer,2019-11,13,47,0.0267653758542141,1756
developer,2019-11,14,40,0.0227790432801822,1756
developer,2019-11,15,53,0.0301822323462414,1756
developer,2019-11,16,25,0.0142369020501138,1756
developer,2019-11,17,53,0.0301822323462414,1756
developer,2019-11,18,47,0.0267653758542141,1756
developer,2019-11,19,30,0.0170842824601366,1756
developer,2019-11,20,30,0.0170842824601366,1756
developer,2019-11,21,73,0.0415717539863325,1756
developer,2019-11,22,44,0.0250569476082004,1756
developer,2019-11,23,41,0.0233485193621867,1756
developer,2019-11,24,35,0.0199316628701594,1756
developer,2019-11,25,37,0.0210706150341685,1756
developer,2019-11,26,51,0.0290432801822323,1756
developer,2019-11,27,54,0.030751708428246,1756
developer,2019-11,28,50,0.0284738041002277,1756
developer,2019-11,29,41,0.0233485193621867,1756
developer,2019-11,30,35,0.0199316628701594,1756
developer,2019-11,31,25,0.0142369020501138,1756
developer,2019-11,32,42,0.0239179954441913,1756
developer,2019-11,33,36,0.020501138952164,1756
developer,2019-11,34,52,0.0296127562642369,1756
developer,2019-11,35,34,0.0193621867881549,1756
developer,2019-11,36,64,0.0364464692482915,1756
developer,2019-11,37,50,0.0284738041002277,1756
developer,2019-11,38,77,0.0438496583143507,1756
developer,2019-11,39,35,0.0199316628701594,1756
developer,2019-12,0,49,0.0310126582278481,1580
developer,2019-12,1,36,0.0227848101265822,1580
developer,2019-12,2,18,0.0113924050632911,1580
developer,2019-12,3,30,0.0189873417721519,1580
developer,2019-12,4,55,0.0348101265822784,1580
developer,2019-12,5,31,0.0196202531645569,1580
developer,2019-12,6,50,0.0316455696202531,1580
developer,2019-12,7,49,0.0310126582278481,1580
developer,2019-12,8,31,0.0196202531645569,1580
developer,2019-12,9,33,0.020886075949367,1580
developer,2019-12,10,27,0.0170886075949367,1580
developer,2019-12,11,32,0.020253164556962,1580
developer,2019-12,12,38,0.0240506329113924,1580
developer,2019-12,13,39,0.0246835443037974,1580
developer,2019-12,14,47,0.0297468354430379,1580
developer,2019-12,15,46,0.0291139240506329,1580
developer,2019-12,16,24,0.0151898734177215,1580
developer,2019-12,17,42,0.0265822784810126,1580
developer,2019-12,18,30,0.0189873417721519,1580
developer,2019-12,19,37,0.0234177215189873,1580
developer,2019-12,20,53,0.0335443037974683,1580
developer,2019-12,21,50,0.0316455696202531,1580
developer,2019-12,22,68,0.0430379746835443,1580
developer,2019-12,23,40,0.0253164556962025,1580
developer,2019-12,24,35,0.0221518987341772,1580
developer,2019-12,25,34,0.0215189873417721,1580
developer,2019-12,26,42,0.0265822784810126,1580
developer,2019-12,27,42,0.0265822784810126,1580
developer,2019-12,28,23,0.0145569620253164,1580
developer,2019-12,29,38,0.0240506329113924,1580
developer,2019-12,30,48,0.030379746835443,1580
developer,2019-12,31,26,0.0164556962025316,1580
developer,2019-12,32,59,0.0373417721518987,1580
developer,2019-12,33,21,0.0132911392405063,1580
developer,2019-12,34,50,0.0316455696202531,1580
developer,2019-12,35,31,0.0196202531645569,1580
developer,2019-12,36,35,0.0221518987341772,1580
developer,2019-12,37,35,0.0221518987341772,1580
developer,2019-12,38,76,0.0481012658227848,1580
developer,2019-12,39,30,0.0189873417721519,1580
developer,2020-01,0,58,0.0333525014376078,1739
developer,2020-01,1,45,0.0258769407705577,1739
developer,2020-01,2,29,0.0166762507188039,1739
developer,2020-01,3,36,0.0207015526164462,1739
developer,2020-01,4,46,0.0264519838987924,1739
developer,2020-01,5,29,0.0166762507188039,1739
developer,2020-01,6,34,0.019551466359977,1739
developer,2020-01,7,50,0.0287521564117308,1739
developer,2020-01,8,31,0.0178263369752731,1739
developer,2020-01,9,42,0.0241518113858539,1739
developer,2020-01,10,39,0.02242668200115,1739
developer,2020-01,11,30,0.0172512938470385,1739
developer,2020-01,12,41,0.0235767682576193,1739
developer,2020-01,13,50,0.0287521564117308,1739
developer,2020-01,14,39,0.02242668200115,1739
developer,2020-01,15,36,0.0207015526164462,1739
developer,2020-01,16,40,0.0230017251293847,1739
developer,2020-01,17,32,0.0184013801035077,1739
developer,2020-01,18,42,0.0241518113858539,1739
developer,2020-01,19,28,0.0161012075905692,1739
developer,2020-01,20,56,0.0322024151811385,1739
developer,2020-01,21,86,0.0494537090281771,1739
developer,2020-01,22,41,0.0235767682576193,1739
developer,2020-01,23,53,0.0304772857964347,1739
developer,2020-01,24,22,0.0126509488211615,1739
developer,2020-01,25,39,0.02242668200115,1739
developer,2020-01,26,35,0.0201265094882116,1739
developer,2020-01,27,53,0.0304772857964347,1739
developer,2020-01,28,55,0.0316273720529039,1739
developer,2020-01,29,50,0.0287521564117308,1739
developer,2020-01,30,51,0.0293271995399654,1739
developer,2020-01,31,25,0.0143760782058654,1739
developer,2020-01,32,64,0.0368027602070155,1739
developer,2020-01,33,30,0.0172512938470385,1739
developer,2020-01,34,48,0.0276020701552616,1739
developer,2020-01,35,40,0.0230017251293847,1739
developer,2020-01,36,49,0.0281771132834962,1739
developer,2020-01,37,59,0.0339275445658424,1739
developer,2020-01,38,57,0.0327774583093732,1739
developer,2020-01,39,49,0.0281771132834962,1739
developer,2020-02,0,40,0.0281096275474349,1423
developer,2020-02,1,33,0.0231904427266338,1423
developer,2020-02,2,23,0.0161630358397751,1423
developer,2020-02,3,32,0.0224877020379479,1423
developer,2020-02,4,38,0.0267041461700632,1423
developer,2020-02,5,26,0.0182712579058327,1423
developer,2020-02,6,38,0.0267041461700632,1423
developer,2020-02,7,43,0.0302178496134926,1423
developer,2020-02,8,32,0.0224877020379479,1423
developer,2020-02,9,47,0.0330288123682361,1423
developer,2020-02,10,18,0.0126493323963457,1423
developer,2020-02,11,8,0.0056219255094869,1423
developer,2020-02,12,32,0.0224877020379479,1423
developer,2020-02,13,33,0.0231904427266338,1423
developer,2020-02,14,36,0.0252986647926914,1423
developer,2020-02,15,63,0.0442726633872101,1423
developer,2020-02,16,30,0.0210822206605762,1423
developer,2020-02,17,26,0.0182712579058327,1423
developer,2020-02,18,30,0.0210822206605762,1423
developer,2020-02,19,27,0.0189739985945186,1423
developer,2020-02,20,24,0.0168657765284609,1423
developer,2020-02,21,49,0.0344342937456078,1423
developer,2020-02,22,37,0.0260014054813773,1423
developer,2020-02,23,43,0.0302178496134926,1423
developer,2020-02,24,23,0.0161630358397751,1423
developer,2020-02,25,24,0.0168657765284609,1423
developer,2020-02,26,39,0.0274068868587491,1423
developer,2020-02,27,46,0.0323260716795502,1423
developer,2020-02,28,43,0.0302178496134926,1423
developer,2020-02,29,36,0.0252986647926914,1423
developer,2020-02,30,35,0.0245959241040056,1423
developer,2020-02,31,24,0.0168657765284609,1423
developer,2020-02,32,54,0.0379479971890372,1423
developer,2020-02,33,18,0.0126493323963457,1423
developer,2020-02,34,42,0.0295151089248067,1423
developer,2020-02,35,21,0.0147575544624033,1423
developer,2020-02,36,51,0.0358397751229796,1423
developer,2020-02,37,43,0.0302178496134926,1423
developer,2020-02,38,82,0.0576247364722417,1423
developer,2020-02,39,34,0.0238931834153197,1423
developer,2020-03,0,47,0.0301089045483664,1561
developer,2020-03,1,59,0.0377962844330557,1561
developer,2020-03,2,24,0.0153747597693786,1561
developer,2020-03,3,24,0.0153747597693786,1561
developer,2020-03,4,37,0.0237027546444586,1561
developer,2020-03,5,40,0.025624599615631,1561
developer,2020-03,6,56,0.0358744394618834,1561
developer,2020-03,7,56,0.0358744394618834,1561
developer,2020-03,8,39,0.0249839846252402,1561
developer,2020-03,9,49,0.0313901345291479,1561
developer,2020-03,10,24,0.0153747597693786,1561
developer,2020-03,11,26,0.0166559897501601,1561
developer,2020-03,12,26,0.0166559897501601,1561
developer,2020-03,13,33,0.0211402946828955,1561
developer,2020-03,14,40,0.025624599615631,1561
developer,2020-03,15,37,0.0237027546444586,1561
developer,2020-03,16,34,0.0217809096732863,1561
developer,2020-03,17,27,0.0172966047405509,1561
developer,2020-03,18,44,0.0281870595771941,1561
developer,2020-03,19,26,0.0166559897501601,1561
developer,2020-03,20,40,0.025624599615631,1561
developer,2020-03,21,63,0.0403587443946188,1561
developer,2020-03,22,35,0.0224215246636771,1561
developer,2020-03,23,36,0.0230621396540679,1561
developer,2020-03,24,30,0.0192184497117232,1561
developer,2020-03,25,29,0.0185778347213324,1561
developer,2020-03,26,51,0.0326713645099295,1561
developer,2020-03,27,35,0.0224215246636771,1561
developer,2020-03,28,40,0.025624599615631,1561
developer,2020-03,29,48,0.0307495195387572,1561
developer,2020-03,30,32,0.0204996796925048,1561
developer,2020-03,31,27,0.0172966047405509,1561
developer,2020-03,32,39,0.0249839846252402,1561
developer,2020-03,33,44,0.0281870595771941,1561
developer,2020-03,34,43,0.0275464445868033,1561
developer,2020-03,35,32,0.0204996796925048,1561
developer,2020-03,36,50,0.0320307495195387,1561
developer,2020-03,37,38,0.0243433696348494,1561
developer,2020-03,38,69,0.0442024343369634,1561
developer,2020-03,39,32,0.0204996796925048,1561
developer,2020-04,0,54,0.031377106333527,1721
developer,2020-04,1,28,0.0162696106914584,1721
developer,2020-04,2,25,0.0145264381173736,1721
developer,2020-04,3,61,0.0354445090063916,1721
developer,2020-04,4,33,0.0191748983149331,1721
developer,2020-04,5,43,0.0249854735618826,1721
developer,2020-04,6,46,0.0267286461359674,1721
developer,2020-04,7,53,0.030796048808832,1721
developer,2020-04,8,27,0.0156885531667635,1721
developer,2020-04,9,32,0.0185938407902382,1721
developer,2020-04,10,27,0.0156885531667635,1721
developer,2020-04,11,31,0.0180127832655432,1721
developer,2020-04,12,27,0.0156885531667635,1721
developer,2020-04,13,41,0.0238233585124927,1721
developer,2020-04,14,55,0.0319581638582219,1721
developer,2020-04,15,49,0.0284718187100522,1721
developer,2020-04,16,39,0.0226612434631028,1721
developer,2020-04,17,47,0.0273097036606624,1721
developer,2020-04,18,43,0.0249854735618826,1721
developer,2020-04,19,31,0.0180127832655432,1721
developer,2020-04,20,36,0.020918070889018,1721
developer,2020-04,21,83,0.0482277745496804,1721
developer,2020-04,22,44,0.0255665310865775,1721
developer,2020-04,23,37,0.0214991284137129,1721
developer,2020-04,24,29,0.0168506682161534,1721
developer,2020-04,25,40,0.0232423009877977,1721
developer,2020-04,26,48,0.0278907611853573,1721
developer,2020-04,27,48,0.0278907611853573,1721
developer,2020-04,28,49,0.0284718187100522,1721
developer,2020-04,29,53,0.030796048808832,1721
developer,2020-04,30,54,0.031377106333527,1721
developer,2020-04,31,20,0.0116211504938988,1721
developer,2020-04,32,41,0.0238233585124927,1721
developer,2020-04,33,41,0.0238233585124927,1721
developer,2020-04,34,52,0.0302149912841371,1721
developer,2020-04,35,37,0.0214991284137129,1721
developer,2020-04,36,69,0.0400929692039511,1721
developer,2020-04,37,57,0.0331202789076118,1721
developer,2020-04,38,52,0.0302149912841371,1721
developer,2020-04,39,39,0.0226612434631028,1721
developer,2020-05,0,43,0.0291921249151391,1473
developer,2020-05,1,21,0.0142566191446028,1473
developer,2020-05,2,20,0.0135777325186693,1473
developer,2020-05,3,35,0.0237610319076714,1473
developer,2020-05,4,34,0.0230821452817379,1473
developer,2020-05,5,40,0.0271554650373387,1473
developer,2020-05,6,34,0.0230821452817379,1473
developer,2020-05,7,58,0.0393754243041412,1473
developer,2020-05,8,25,0.0169721656483367,1473
developer,2020-05,9,36,0.0244399185336048,1473
developer,2020-05,10,26,0.0176510522742701,1473
developer,2020-05,11,26,0.0176510522742701,1473
developer,2020-05,12,32,0.021724372029871,1473
developer,2020-05,13,27,0.0183299389002036,1473
developer,2020-05,14,36,0.0244399185336048,1473
developer,2020-05,15,48,0.0325865580448065,1473
developer,2020-05,16,36,0.0244399185336048,1473
developer,2020-05,17,63,0.0427698574338085,1473
developer,2020-05,18,28,0.0190088255261371,1473
developer,2020-05,19,36,0.0244399185336048,1473
developer,2020-05,20,45,0.0305498981670061,1473
developer,2020-05,21,63,0.0427698574338085,1473
developer,2020-05,22,22,0.0149355057705363,1473
developer,2020-05,23,23,0.0156143923964697,1473
developer,2020-05,24,17,0.0115410726408689,1473
developer,2020-05,25,27,0.0183299389002036,1473
developer,2020-05,26,45,0.0305498981670061,1473
developer,2020-05,27,52,0.0353021045485403,1473
developer,2020-05,28,50,0.0339443312966734,1473
developer,2020-05,29,39,0.0264765784114052,1473
developer,2020-05,30,32,0.021724372029871,1473
developer,2020-05,31,19,0.0128988458927359,1473
developer,2020-05,32,51,0.0346232179226069,1473
developer,2020-05,33,32,0.021724372029871,1473
developer,2020-05,34,42,0.0285132382892057,1473
developer,2020-05,35,22,0.0149355057705363,1473
developer,2020-05,36,60,0.0407331975560081,1473
developer,2020-05,37,46,0.0312287847929395,1473
developer,2020-05,38,58,0.0393754243041412,1473
developer,2020-05,39,24,0.0162932790224032,1473
developer,2020-06,0,26,0.0225498699045967,1153
developer,2020-06,1,36,0.03122289679098,1153
developer,2020-06,2,20,0.0173460537727666,1153
developer,2020-06,3,33,0.028620988725065,1153
developer,2020-06,4,25,0.0216825672159583,1153
developer,2020-06,5,26,0.0225498699045967,1153
developer,2020-06,6,28,0.0242844752818733,1153
developer,2020-06,7,30,0.02601908065915,1153
developer,2020-06,8,25,0.0216825672159583,1153
developer,2020-06,9,34,0.0294882914137033,1153
developer,2020-06,10,17,0.0147441457068516,1153
developer,2020-06,11,15,0.013009540329575,1153
developer,2020-06,12,29,0.0251517779705117,1153
developer,2020-06,13,33,0.028620988725065,1153
developer,2020-06,14,25,0.0216825672159583,1153
developer,2020-06,15,22,0.0190806591500433,1153
developer,2020-06,16,20,0.0173460537727666,1153
developer,2020-06,17,30,0.02601908065915,1153
developer,2020-06,18,27,0.023417172593235,1153
developer,2020-06,19,26,0.0225498699045967,1153
developer,2020-06,20,17,0.0147441457068516,1153
developer,2020-06,21,58,0.0503035559410234,1153
developer,2020-06,22,34,0.0294882914137033,1153
developer,2020-06,23,26,0.0225498699045967,1153
developer,2020-06,24,25,0.0216825672159583,1153
developer,2020-06,25,27,0.023417172593235,1153
developer,2020-06,26,36,0.03122289679098,1153
developer,2020-06,27,35,0.0303555941023417,1153
developer,2020-06,28,29,0.0251517779705117,1153
developer,2020-06,29,39,0.033824804856895,1153
developer,2020-06,30,23,0.0199479618386817,1153
developer,2020-06,31,21,0.018213356461405,1153
developer,2020-06,32,35,0.0303555941023417,1153
developer,2020-06,33,17,0.0147441457068516,1153
developer,2020-06,34,28,0.0242844752818733,1153
developer,2020-06,35,31,0.0268863833477883,1153
developer,2020-06,36,31,0.0268863833477883,1153
developer,2020-06,37,39,0.033824804856895,1153
developer,2020-06,38,44,0.0381613183000867,1153
developer,2020-06,39,31,0.0268863833477883,1153
developer,2020-07,0,30,0.026595744680851,1128
developer,2020-07,1,35,0.0310283687943262,1128
developer,2020-07,2,14,0.0124113475177304,1128
developer,2020-07,3,35,0.0310283687943262,1128
developer,2020-07,4,40,0.0354609929078014,1128
developer,2020-07,5,23,0.0203900709219858,1128
developer,2020-07,6,28,0.0248226950354609,1128
developer,2020-07,7,27,0.0239361702127659,1128
developer,2020-07,8,25,0.0221631205673758,1128
developer,2020-07,9,23,0.0203900709219858,1128
developer,2020-07,10,16,0.0141843971631205,1128
developer,2020-07,11,22,0.0195035460992907,1128
developer,2020-07,12,29,0.025709219858156,1128
developer,2020-07,13,25,0.0221631205673758,1128
developer,2020-07,14,30,0.026595744680851,1128
developer,2020-07,15,39,0.0345744680851063,1128
developer,2020-07,16,26,0.0230496453900709,1128
developer,2020-07,17,23,0.0203900709219858,1128
developer,2020-07,18,22,0.0195035460992907,1128
developer,2020-07,19,28,0.0248226950354609,1128
developer,2020-07,20,20,0.0177304964539007,1128
developer,2020-07,21,64,0.0567375886524822,1128
developer,2020-07,22,29,0.025709219858156,1128
developer,2020-07,23,24,0.0212765957446808,1128
developer,2020-07,24,12,0.0106382978723404,1128
developer,2020-07,25,18,0.0159574468085106,1128
developer,2020-07,26,26,0.0230496453900709,1128
developer,2020-07,27,39,0.0345744680851063,1128
developer,2020-07,28,21,0.0186170212765957,1128
developer,2020-07,29,24,0.0212765957446808,1128
developer,2020-07,30,24,0.0212765957446808,1128
developer,2020-07,31,29,0.025709219858156,1128
developer,2020-07,32,41,0.0363475177304964,1128
developer,2020-07,33,19,0.0168439716312056,1128
developer,2020-07,34,22,0.0195035460992907,1128
developer,2020-07,35,27,0.0239361702127659,1128
developer,2020-07,36,38,0.0336879432624113,1128
developer,2020-07,37,23,0.0203900709219858,1128
developer,2020-07,38,60,0.0531914893617021,1128
developer,2020-07,39,28,0.0248226950354609,1128
developer,2020-08,0,22,0.017915309446254,1228
developer,2020-08,1,23,0.018729641693811,1228
developer,2020-08,2,31,0.0252442996742671,1228
developer,2020-08,3,27,0.021986970684039,1228
developer,2020-08,4,42,0.0342019543973941,1228
developer,2020-08,5,29,0.023615635179153,1228
developer,2020-08,6,19,0.015472312703583,1228
developer,2020-08,7,32,0.0260586319218241,1228
developer,2020-08,8,21,0.017100977198697,1228
developer,2020-08,9,25,0.020358306188925,1228
developer,2020-08,10,21,0.017100977198697,1228
developer,2020-08,11,24,0.019543973941368,1228
developer,2020-08,12,17,0.013843648208469,1228
developer,2020-08,13,28,0.022801302931596,1228
developer,2020-08,14,30,0.02442996742671,1228
developer,2020-08,15,35,0.0285016286644951,1228
developer,2020-08,16,21,0.017100977198697,1228
developer,2020-08,17,24,0.019543973941368,1228
developer,2020-08,18,34,0.0276872964169381,1228
developer,2020-08,19,34,0.0276872964169381,1228
developer,2020-08,20,30,0.02442996742671,1228
developer,2020-08,21,62,0.0504885993485342,1228
developer,2020-08,22,21,0.017100977198697,1228
developer,2020-08,23,32,0.0260586319218241,1228
developer,2020-08,24,22,0.017915309446254,1228
developer,2020-08,25,22,0.017915309446254,1228
developer,2020-08,26,25,0.020358306188925,1228
developer,2020-08,27,51,0.0415309446254071,1228
developer,2020-08,28,47,0.0382736156351791,1228
developer,2020-08,29,34,0.0276872964169381,1228
developer,2020-08,30,30,0.02442996742671,1228
developer,2020-08,31,40,0.0325732899022801,1228
developer,2020-08,32,50,0.0407166123778501,1228
developer,2020-08,33,24,0.019543973941368,1228
developer,2020-08,34,27,0.021986970684039,1228
developer,2020-08,35,26,0.021172638436482,1228
developer,2020-08,36,30,0.02442996742671,1228
developer,2020-08,37,37,0.0301302931596091,1228
developer,2020-08,38,55,0.0447882736156351,1228
developer,2020-08,39,24,0.019543973941368,1228
developer,2020-09,0,20,0.0186393289841565,1073
developer,2020-09,1,18,0.0167753960857409,1073
developer,2020-09,2,13,0.0121155638397017,1073
developer,2020-09,3,37,0.0344827586206896,1073
developer,2020-09,4,25,0.0232991612301957,1073
developer,2020-09,5,36,0.0335507921714818,1073
developer,2020-09,6,21,0.0195712954333644,1073
developer,2020-09,7,24,0.0223671947809878,1073
developer,2020-09,8,21,0.0195712954333644,1073
developer,2020-09,9,24,0.0223671947809878,1073
developer,2020-09,10,42,0.0391425908667288,1073
developer,2020-09,11,16,0.0149114631873252,1073
developer,2020-09,12,31,0.0288909599254426,1073
developer,2020-09,13,23,0.02143522833178,1073
developer,2020-09,14,28,0.0260950605778192,1073
developer,2020-09,15,22,0.0205032618825722,1073
developer,2020-09,16,27,0.0251630941286113,1073
developer,2020-09,17,21,0.0195712954333644,1073
developer,2020-09,18,34,0.0316868592730661,1073
developer,2020-09,19,13,0.0121155638397017,1073
developer,2020-09,20,14,0.0130475302889096,1073
developer,2020-09,21,75,0.0698974836905871,1073
developer,2020-09,22,48,0.0447343895619757,1073
developer,2020-09,23,26,0.0242311276794035,1073
developer,2020-09,24,21,0.0195712954333644,1073
developer,2020-09,25,35,0.0326188257222739,1073
developer,2020-09,26,19,0.0177073625349487,1073
developer,2020-09,27,25,0.0232991612301957,1073
developer,2020-09,28,25,0.0232991612301957,1073
developer,2020-09,29,44,0.0410065237651444,1073
developer,2020-09,30,17,0.015843429636533,1073
developer,2020-09,31,19,0.0177073625349487,1073
developer,2020-09,32,37,0.0344827586206896,1073
developer,2020-09,33,17,0.015843429636533,1073
developer,2020-09,34,39,0.0363466915191053,1073
developer,2020-09,35,19,0.0177073625349487,1073
developer,2020-09,36,31,0.0288909599254426,1073
developer,2020-09,37,20,0.0186393289841565,1073
developer,2020-09,38,27,0.0251630941286113,1073
developer,2020-09,39,19,0.0177073625349487,1073
developer,2020-10,0,30,0.022354694485842,1342
developer,2020-10,1,36,0.0268256333830104,1342
developer,2020-10,2,16,0.0119225037257824,1342
developer,2020-10,3,24,0.0178837555886736,1342
developer,2020-10,4,37,0.0275707898658718,1342
developer,2020-10,5,35,0.026080476900149,1342
developer,2020-10,6,35,0.026080476900149,1342
developer,2020-10,7,37,0.0275707898658718,1342
developer,2020-10,8,55,0.040983606557377,1342
developer,2020-10,9,41,0.0305514157973174,1342
developer,2020-10,10,26,0.0193740685543964,1342
developer,2020-10,11,23,0.0171385991058122,1342
developer,2020-10,12,31,0.0230998509687034,1342
developer,2020-10,13,23,0.0171385991058122,1342
developer,2020-10,14,19,0.0141579731743666,1342
developer,2020-10,15,31,0.0230998509687034,1342
developer,2020-10,16,31,0.0230998509687034,1342
developer,2020-10,17,27,0.0201192250372578,1342
developer,2020-10,18,45,0.033532041728763,1342
developer,2020-10,19,23,0.0171385991058122,1342
developer,2020-10,20,23,0.0171385991058122,1342
developer,2020-10,21,77,0.0573770491803278,1342
developer,2020-10,22,36,0.0268256333830104,1342
developer,2020-10,23,38,0.0283159463487332,1342
developer,2020-10,24,20,0.014903129657228,1342
developer,2020-10,25,39,0.0290611028315946,1342
developer,2020-10,26,27,0.0201192250372578,1342
developer,2020-10,27,27,0.0201192250372578,1342
developer,2020-10,28,50,0.03725782414307,1342
developer,2020-10,29,56,0.0417287630402384,1342
developer,2020-10,30,27,0.0201192250372578,1342
developer,2020-10,31,24,0.0178837555886736,1342
developer,2020-10,32,24,0.0178837555886736,1342
developer,2020-10,33,9,0.0067064083457526,1342
developer,2020-10,34,32,0.0238450074515648,1342
developer,2020-10,35,17,0.0126676602086438,1342
developer,2020-10,36,56,0.0417287630402384,1342
developer,2020-10,37,35,0.026080476900149,1342
developer,2020-10,38,38,0.0283159463487332,1342
developer,2020-10,39,62,0.0461997019374068,1342
developer,2020-11,0,21,0.0208747514910536,1006
developer,2020-11,1,20,0.0198807157057654,1006
developer,2020-11,2,16,0.0159045725646123,1006
developer,2020-11,3,26,0.025844930417495,1006
developer,2020-11,4,21,0.0208747514910536,1006
developer,2020-11,5,22,0.0218687872763419,1006
developer,2020-11,6,28,0.0278330019880715,1006
developer,2020-11,7,30,0.0298210735586481,1006
developer,2020-11,8,31,0.0308151093439363,1006
developer,2020-11,9,26,0.025844930417495,1006
developer,2020-11,10,10,0.0099403578528827,1006
developer,2020-11,11,18,0.0178926441351888,1006
developer,2020-11,12,27,0.0268389662027833,1006
developer,2020-11,13,19,0.0188866799204771,1006
developer,2020-11,14,20,0.0198807157057654,1006
developer,2020-11,15,34,0.0337972166998011,1006
developer,2020-11,16,22,0.0218687872763419,1006
developer,2020-11,17,17,0.0168986083499005,1006
developer,2020-11,18,35,0.0347912524850894,1006
developer,2020-11,19,16,0.0159045725646123,1006
developer,2020-11,20,23,0.0228628230616302,1006
developer,2020-11,21,50,0.0497017892644135,1006
developer,2020-11,22,28,0.0278330019880715,1006
developer,2020-11,23,15,0.014910536779324,1006
developer,2020-11,24,16,0.0159045725646123,1006
developer,2020-11,25,17,0.0168986083499005,1006
developer,2020-11,26,37,0.036779324055666,1006
developer,2020-11,27,21,0.0208747514910536,1006
developer,2020-11,28,28,0.0278330019880715,1006
developer,2020-11,29,42,0.0417495029821073,1006
developer,2020-11,30,12,0.0119284294234592,1006
developer,2020-11,31,11,0.0109343936381709,1006
developer,2020-11,32,19,0.0188866799204771,1006
developer,2020-11,33,21,0.0208747514910536,1006
developer,2020-11,34,24,0.0238568588469184,1006
developer,2020-11,35,19,0.0188866799204771,1006
developer,2020-11,36,28,0.0278330019880715,1006
developer,2020-11,37,23,0.0228628230616302,1006
developer,2020-11,38,53,0.0526838966202783,1006
developer,2020-11,39,60,0.0596421471172962,1006
developer,2020-12,0,19,0.0153846153846153,1235
developer,2020-12,1,20,0.0161943319838056,1235
developer,2020-12,2,11,0.0089068825910931,1235
developer,2020-12,3,22,0.0178137651821862,1235
developer,2020-12,4,26,0.0210526315789473,1235
developer,2020-12,5,50,0.0404858299595141,1235
developer,2020-12,6,38,0.0307692307692307,1235
developer,2020-12,7,49,0.0396761133603238,1235
developer,2020-12,8,43,0.0348178137651821,1235
developer,2020-12,9,38,0.0307692307692307,1235
developer,2020-12,10,27,0.0218623481781376,1235
developer,2020-12,11,20,0.0161943319838056,1235
developer,2020-12,12,27,0.0218623481781376,1235
developer,2020-12,13,29,0.0234817813765182,1235
developer,2020-12,14,23,0.0186234817813765,1235
developer,2020-12,15,26,0.0210526315789473,1235
developer,2020-12,16,21,0.0170040485829959,1235
developer,2020-12,17,25,0.020242914979757,1235
developer,2020-12,18,44,0.0356275303643724,1235
developer,2020-12,19,32,0.025910931174089,1235
developer,2020-12,20,18,0.0145748987854251,1235
developer,2020-12,21,79,0.0639676113360323,1235
developer,2020-12,22,21,0.0170040485829959,1235
developer,2020-12,23,28,0.0226720647773279,1235
developer,2020-12,24,17,0.0137651821862348,1235
developer,2020-12,25,31,0.0251012145748987,1235
developer,2020-12,26,33,0.0267206477732793,1235
developer,2020-12,27,23,0.0186234817813765,1235
developer,2020-12,28,18,0.0145748987854251,1235
developer,2020-12,29,46,0.037246963562753,1235
developer,2020-12,30,24,0.0194331983805668,1235
developer,2020-12,31,15,0.0121457489878542,1235
developer,2020-12,32,39,0.031578947368421,1235
developer,2020-12,33,27,0.0218623481781376,1235
developer,2020-12,34,20,0.0161943319838056,1235
developer,2020-12,35,32,0.025910931174089,1235
developer,2020-12,36,27,0.0218623481781376,1235
developer,2020-12,37,44,0.0356275303643724,1235
developer,2020-12,38,58,0.0469635627530364,1235
developer,2020-12,39,45,0.0364372469635627,1235
developer,2021-01,0,27,0.0276923076923076,975
developer,2021-01,1,16,0.0164102564102564,975
developer,2021-01,2,18,0.0184615384615384,975
developer,2021-01,3,33,0.0338461538461538,975
developer,2021-01,4,44,0.0451282051282051,975
developer,2021-01,5,29,0.0297435897435897,975
developer,2021-01,6,22,0.0225641025641025,975
developer,2021-01,7,20,0.0205128205128205,975
developer,2021-01,8,24,0.0246153846153846,975
developer,2021-01,9,27,0.0276923076923076,975
developer,2021-01,10,20,0.0205128205128205,975
developer,2021-01,11,22,0.0225641025641025,975
developer,2021-01,12,17,0.0174358974358974,975
developer,2021-01,13,15,0.0153846153846153,975
developer,2021-01,14,34,0.0348717948717948,975
developer,2021-01,15,27,0.0276923076923076,975
developer,2021-01,16,20,0.0205128205128205,975
developer,2021-01,17,22,0.0225641025641025,975
developer,2021-01,18,29,0.0297435897435897,975
developer,2021-01,19,11,0.0112820512820512,975
developer,2021-01,20,16,0.0164102564102564,975
developer,2021-01,21,44,0.0451282051282051,975
developer,2021-01,22,26,0.0266666666666666,975
developer,2021-01,23,23,0.0235897435897435,975
developer,2021-01,24,23,0.0235897435897435,975
developer,2021-01,25,27,0.0276923076923076,975
developer,2021-01,26,22,0.0225641025641025,975
developer,2021-01,27,28,0.0287179487179487,975
developer,2021-01,28,15,0.0153846153846153,975
developer,2021-01,29,41,0.042051282051282,975
developer,2021-01,30,21,0.0215384615384615,975
developer,2021-01,31,15,0.0153846153846153,975
developer,2021-01,32,26,0.0266666666666666,975
developer,2021-01,33,11,0.0112820512820512,975
developer,2021-01,34,27,0.0276923076923076,975
developer,2021-01,35,18,0.0184615384615384,975
developer,2021-01,36,25,0.0256410256410256,975
developer,2021-01,37,31,0.0317948717948717,975
developer,2021-01,38,35,0.0358974358974358,975
developer,2021-01,39,24,0.0246153846153846,975
developer,2021-02,0,27,0.0324129651860744,833
developer,2021-02,1,19,0.0228091236494597,833
developer,2021-02,2,13,0.0156062424969987,833
developer,2021-02,3,21,0.0252100840336134,833
developer,2021-02,4,20,0.0240096038415366,833
developer,2021-02,5,11,0.0132052821128451,833
developer,2021-02,6,15,0.0180072028811524,833
developer,2021-02,7,36,0.0432172869147659,833
developer,2021-02,8,22,0.0264105642256902,833
developer,2021-02,9,21,0.0252100840336134,833
developer,2021-02,10,21,0.0252100840336134,833
developer,2021-02,11,7,0.0084033613445378,833
developer,2021-02,12,15,0.0180072028811524,833
developer,2021-02,13,22,0.0264105642256902,833
developer,2021-02,14,22,0.0264105642256902,833
developer,2021-02,15,22,0.0264105642256902,833
developer,2021-02,16,21,0.0252100840336134,833
developer,2021-02,17,12,0.0144057623049219,833
developer,2021-02,18,24,0.0288115246098439,833
developer,2021-02,19,7,0.0084033613445378,833
developer,2021-02,20,20,0.0240096038415366,833
developer,2021-02,21,46,0.0552220888355342,833
developer,2021-02,22,22,0.0264105642256902,833
developer,2021-02,23,19,0.0228091236494597,833
developer,2021-02,24,21,0.0252100840336134,833
developer,2021-02,25,23,0.0276110444177671,833
developer,2021-02,26,24,0.0288115246098439,833
developer,2021-02,27,24,0.0288115246098439,833
developer,2021-02,28,11,0.0132052821128451,833
developer,2021-02,29,37,0.0444177671068427,833
developer,2021-02,30,28,0.0336134453781512,833
developer,2021-02,31,14,0.0168067226890756,833
developer,2021-02,32,20,0.0240096038415366,833
developer,2021-02,33,11,0.0132052821128451,833
developer,2021-02,34,17,0.0204081632653061,833
developer,2021-02,35,18,0.0216086434573829,833
developer,2021-02,36,24,0.0288115246098439,833
developer,2021-02,37,30,0.0360144057623049,833
developer,2021-02,38,32,0.0384153661464585,833
developer,2021-02,39,14,0.0168067226890756,833
developer,2021-03,0,34,0.0305755395683453,1112
developer,2021-03,1,20,0.0179856115107913,1112
developer,2021-03,2,23,0.02068345323741,1112
developer,2021-03,3,53,0.0476618705035971,1112
developer,2021-03,4,35,0.0314748201438848,1112
developer,2021-03,5,24,0.0215827338129496,1112
developer,2021-03,6,32,0.0287769784172661,1112
developer,2021-03,7,31,0.0278776978417266,1112
developer,2021-03,8,25,0.0224820143884892,1112
developer,2021-03,9,27,0.0242805755395683,1112
developer,2021-03,10,6,0.0053956834532374,1112
developer,2021-03,11,20,0.0179856115107913,1112
developer,2021-03,12,35,0.0314748201438848,1112
developer,2021-03,13,20,0.0179856115107913,1112
developer,2021-03,14,31,0.0278776978417266,1112
developer,2021-03,15,37,0.033273381294964,1112
developer,2021-03,16,24,0.0215827338129496,1112
developer,2021-03,17,27,0.0242805755395683,1112
developer,2021-03,18,24,0.0215827338129496,1112
developer,2021-03,19,24,0.0215827338129496,1112
developer,2021-03,20,20,0.0179856115107913,1112
developer,2021-03,21,60,0.0539568345323741,1112
developer,2021-03,22,32,0.0287769784172661,1112
developer,2021-03,23,26,0.0233812949640287,1112
developer,2021-03,24,19,0.0170863309352518,1112
developer,2021-03,25,27,0.0242805755395683,1112
developer,2021-03,26,35,0.0314748201438848,1112
developer,2021-03,27,26,0.0233812949640287,1112
developer,2021-03,28,32,0.0287769784172661,1112
developer,2021-03,29,44,0.039568345323741,1112
developer,2021-03,30,8,0.0071942446043165,1112
developer,2021-03,31,19,0.0170863309352518,1112
developer,2021-03,32,31,0.0278776978417266,1112
developer,2021-03,33,23,0.02068345323741,1112
developer,2021-03,34,23,0.02068345323741,1112
developer,2021-03,35,27,0.0242805755395683,1112
developer,2021-03,36,19,0.0170863309352518,1112
developer,2021-03,37,29,0.0260791366906474,1112
developer,2021-03,38,38,0.0341726618705036,1112
developer,2021-03,39,22,0.0197841726618705,1112
developer,2021-04,0,25,0.0339213025780189,737
developer,2021-04,1,24,0.0325644504748982,737
developer,2021-04,2,24,0.0325644504748982,737
developer,2021-04,3,20,0.0271370420624151,737
developer,2021-04,4,19,0.0257801899592944,737
developer,2021-04,5,17,0.0230664857530529,737
developer,2021-04,6,22,0.0298507462686567,737
developer,2021-04,7,18,0.0244233378561736,737
developer,2021-04,8,19,0.0257801899592944,737
developer,2021-04,9,19,0.0257801899592944,737
developer,2021-04,10,9,0.0122116689280868,737
developer,2021-04,11,12,0.0162822252374491,737
developer,2021-04,12,19,0.0257801899592944,737
developer,2021-04,13,19,0.0257801899592944,737
developer,2021-04,14,18,0.0244233378561736,737
developer,2021-04,15,22,0.0298507462686567,737
developer,2021-04,16,15,0.0203527815468114,737
developer,2021-04,17,18,0.0244233378561736,737
developer,2021-04,18,24,0.0325644504748982,737
developer,2021-04,19,10,0.0135685210312075,737
developer,2021-04,20,15,0.0203527815468114,737
developer,2021-04,21,30,0.0407055630936228,737
developer,2021-04,22,12,0.0162822252374491,737
developer,2021-04,23,13,0.0176390773405698,737
developer,2021-04,24,15,0.0203527815468114,737
developer,2021-04,25,12,0.0162822252374491,737
developer,2021-04,26,31,0.0420624151967435,737
developer,2021-04,27,16,0.0217096336499321,737
developer,2021-04,28,16,0.0217096336499321,737
developer,2021-04,29,21,0.0284938941655359,737
developer,2021-04,30,16,0.0217096336499321,737
developer,2021-04,31,15,0.0203527815468114,737
developer,2021-04,32,23,0.0312075983717774,737
developer,2021-04,33,15,0.0203527815468114,737
developer,2021-04,34,19,0.0257801899592944,737
developer,2021-04,35,16,0.0217096336499321,737
developer,2021-04,36,24,0.0325644504748982,737
developer,2021-04,37,24,0.0325644504748982,737
developer,2021-04,38,16,0.0217096336499321,737
developer,2021-04,39,15,0.0203527815468114,737
developer,2021-05,0,22,0.027431421446384,802
developer,2021-05,1,11,0.013715710723192,802
developer,2021-05,2,20,0.0249376558603491,802
developer,2021-05,3,17,0.0211970074812967,802
developer,2021-05,4,21,0.0261845386533665,802
developer,2021-05,5,21,0.0261845386533665,802
developer,2021-05,6,25,0.0311720698254364,802
developer,2021-05,7,15,0.0187032418952618,802
developer,2021-05,8,21,0.0261845386533665,802
developer,2021-05,9,17,0.0211970074812967,802
developer,2021-05,10,21,0.0261845386533665,802
developer,2021-05,11,19,0.0236907730673316,802
developer,2021-05,12,25,0.0311720698254364,802
developer,2021-05,13,19,0.0236907730673316,802
developer,2021-05,14,20,0.0249376558603491,802
developer,2021-05,15,23,0.0286783042394014,802
developer,2021-05,16,22,0.027431421446384,802
developer,2021-05,17,20,0.0249376558603491,802
developer,2021-05,18,17,0.0211970074812967,802
developer,2021-05,19,15,0.0187032418952618,802
developer,2021-05,20,15,0.0187032418952618,802
developer,2021-05,21,28,0.0349127182044887,802
developer,2021-05,22,19,0.0236907730673316,802
developer,2021-05,23,23,0.0286783042394014,802
developer,2021-05,24,22,0.027431421446384,802
developer,2021-05,25,15,0.0187032418952618,802
developer,2021-05,26,22,0.027431421446384,802
developer,2021-05,27,12,0.0149625935162094,802
developer,2021-05,28,10,0.0124688279301745,802
developer,2021-05,29,26,0.0324189526184538,802
developer,2021-05,30,21,0.0261845386533665,802
developer,2021-05,31,12,0.0149625935162094,802
developer,2021-05,32,28,0.0349127182044887,802
developer,2021-05,33,17,0.0211970074812967,802
developer,2021-05,34,30,0.0374064837905236,802
developer,2021-05,35,27,0.0336658354114713,802
developer,2021-05,36,23,0.0286783042394014,802
developer,2021-05,37,19,0.0236907730673316,802
developer,2021-05,38,25,0.0311720698254364,802
developer,2021-05,39,17,0.0211970074812967,802
developer,2021-06,0,25,0.0248756218905472,1005
developer,2021-06,1,25,0.0248756218905472,1005
developer,2021-06,2,20,0.0199004975124378,1005
developer,2021-06,3,21,0.0208955223880597,1005
developer,2021-06,4,27,0.026865671641791,1005
developer,2021-06,5,16,0.0159203980099502,1005
developer,2021-06,6,15,0.0149253731343283,1005
developer,2021-06,7,42,0.0417910447761194,1005
developer,2021-06,8,19,0.0189054726368159,1005
developer,2021-06,9,28,0.0278606965174129,1005
developer,2021-06,10,16,0.0159203980099502,1005
developer,2021-06,11,18,0.017910447761194,1005
developer,2021-06,12,25,0.0248756218905472,1005
developer,2021-06,13,20,0.0199004975124378,1005
developer,2021-06,14,27,0.026865671641791,1005
developer,2021-06,15,21,0.0208955223880597,1005
developer,2021-06,16,28,0.0278606965174129,1005
developer,2021-06,17,24,0.0238805970149253,1005
developer,2021-06,18,29,0.0288557213930348,1005
developer,2021-06,19,22,0.0218905472636815,1005
developer,2021-06,20,22,0.0218905472636815,1005
developer,2021-06,21,62,0.0616915422885572,1005
developer,2021-06,22,22,0.0218905472636815,1005
developer,2021-06,23,24,0.0238805970149253,1005
developer,2021-06,24,17,0.0169154228855721,1005
developer,2021-06,25,17,0.0169154228855721,1005
developer,2021-06,26,19,0.0189054726368159,1005
developer,2021-06,27,23,0.0228855721393034,1005
developer,2021-06,28,25,0.0248756218905472,1005
developer,2021-06,29,25,0.0248756218905472,1005
developer,2021-06,30,29,0.0288557213930348,1005
developer,2021-06,31,17,0.0169154228855721,1005
developer,2021-06,32,37,0.0368159203980099,1005
developer,2021-06,33,20,0.0199004975124378,1005
developer,2021-06,34,27,0.026865671641791,1005
developer,2021-06,35,20,0.0199004975124378,1005
developer,2021-06,36,26,0.0258706467661691,1005
developer,2021-06,37,31,0.0308457711442786,1005
developer,2021-06,38,48,0.0477611940298507,1005
developer,2021-06,39,26,0.0258706467661691,1005
developer,2021-07,0,24,0.0245901639344262,976
developer,2021-07,1,17,0.0174180327868852,976
developer,2021-07,2,16,0.0163934426229508,976
developer,2021-07,3,14,0.0143442622950819,976
developer,2021-07,4,23,0.0235655737704918,976
developer,2021-07,5,17,0.0174180327868852,976
developer,2021-07,6,23,0.0235655737704918,976
developer,2021-07,7,42,0.0430327868852459,976
developer,2021-07,8,24,0.0245901639344262,976
developer,2021-07,9,41,0.0420081967213114,976
developer,2021-07,10,20,0.0204918032786885,976
developer,2021-07,11,15,0.0153688524590163,976
developer,2021-07,12,19,0.0194672131147541,976
developer,2021-07,13,17,0.0174180327868852,976
developer,2021-07,14,24,0.0245901639344262,976
developer,2021-07,15,27,0.0276639344262295,976
developer,2021-07,16,21,0.0215163934426229,976
developer,2021-07,17,24,0.0245901639344262,976
developer,2021-07,18,19,0.0194672131147541,976
developer,2021-07,19,14,0.0143442622950819,976
developer,2021-07,20,20,0.0204918032786885,976
developer,2021-07,21,37,0.0379098360655737,976
developer,2021-07,22,23,0.0235655737704918,976
developer,2021-07,23,21,0.0215163934426229,976
developer,2021-07,24,19,0.0194672131147541,976
developer,2021-07,25,26,0.026639344262295,976
developer,2021-07,26,22,0.0225409836065573,976
developer,2021-07,27,23,0.0235655737704918,976
developer,2021-07,28,20,0.0204918032786885,976
developer,2021-07,29,32,0.0327868852459016,976
developer,2021-07,30,31,0.0317622950819672,976
developer,2021-07,31,34,0.0348360655737704,976
developer,2021-07,32,25,0.0256147540983606,976
developer,2021-07,33,13,0.0133196721311475,976
developer,2021-07,34,25,0.0256147540983606,976
developer,2021-07,35,20,0.0204918032786885,976
developer,2021-07,36,40,0.040983606557377,976
developer,2021-07,37,38,0.0389344262295082,976
developer,2021-07,38,49,0.0502049180327868,976
developer,2021-07,39,17,0.0174180327868852,976
developer,2021-08,0,31,0.0343680709534368,902
developer,2021-08,1,19,0.0210643015521064,902
developer,2021-08,2,17,0.0188470066518847,902
developer,2021-08,3,18,0.0199556541019955,902
developer,2021-08,4,34,0.0376940133037694,902
developer,2021-08,5,20,0.0221729490022172,902
developer,2021-08,6,21,0.0232815964523281,902
developer,2021-08,7,23,0.0254988913525498,902
developer,2021-08,8,20,0.0221729490022172,902
developer,2021-08,9,31,0.0343680709534368,902
developer,2021-08,10,23,0.0254988913525498,902
developer,2021-08,11,12,0.0133037694013303,902
developer,2021-08,12,15,0.0166297117516629,902
developer,2021-08,13,17,0.0188470066518847,902
developer,2021-08,14,23,0.0254988913525498,902
developer,2021-08,15,26,0.0288248337028824,902
developer,2021-08,16,21,0.0232815964523281,902
developer,2021-08,17,16,0.0177383592017738,902
developer,2021-08,18,27,0.0299334811529933,902
developer,2021-08,19,10,0.0110864745011086,902
developer,2021-08,20,15,0.0166297117516629,902
developer,2021-08,21,44,0.048780487804878,902
developer,2021-08,22,26,0.0288248337028824,902
developer,2021-08,23,14,0.0155210643015521,902
developer,2021-08,24,20,0.0221729490022172,902
developer,2021-08,25,25,0.0277161862527716,902
developer,2021-08,26,31,0.0343680709534368,902
developer,2021-08,27,38,0.0421286031042128,902
developer,2021-08,28,17,0.0188470066518847,902
developer,2021-08,29,17,0.0188470066518847,902
developer,2021-08,30,16,0.0177383592017738,902
developer,2021-08,31,34,0.0376940133037694,902
developer,2021-08,32,25,0.0277161862527716,902
developer,2021-08,33,9,0.0099778270509977,902
developer,2021-08,34,16,0.0177383592017738,902
developer,2021-08,35,27,0.0299334811529933,902
developer,2021-08,36,30,0.0332594235033259,902
developer,2021-08,37,23,0.0254988913525498,902
developer,2021-08,38,32,0.0354767184035476,902
developer,2021-08,39,19,0.0210643015521064,902
developer,2021-09,0,21,0.0255474452554744,822
developer,2021-09,1,20,0.024330900243309,822
developer,2021-09,2,13,0.0158150851581508,822
developer,2021-09,3,14,0.0170316301703163,822
developer,2021-09,4,32,0.0389294403892944,822
developer,2021-09,5,13,0.0158150851581508,822
developer,2021-09,6,16,0.0194647201946472,822
developer,2021-09,7,25,0.0304136253041362,822
developer,2021-09,8,15,0.0182481751824817,822
developer,2021-09,9,35,0.0425790754257907,822
developer,2021-09,10,13,0.0158150851581508,822
developer,2021-09,11,17,0.0206812652068126,822
developer,2021-09,12,16,0.0194647201946472,822
developer,2021-09,13,17,0.0206812652068126,822
developer,2021-09,14,22,0.0267639902676399,822
developer,2021-09,15,23,0.0279805352798053,822
developer,2021-09,16,12,0.0145985401459854,822
developer,2021-09,17,17,0.0206812652068126,822
developer,2021-09,18,14,0.0170316301703163,822
developer,2021-09,19,23,0.0279805352798053,822
developer,2021-09,20,16,0.0194647201946472,822
developer,2021-09,21,53,0.0644768856447688,822
developer,2021-09,22,12,0.0145985401459854,822
developer,2021-09,23,23,0.0279805352798053,822
developer,2021-09,24,16,0.0194647201946472,822
developer,2021-09,25,18,0.0218978102189781,822
developer,2021-09,26,32,0.0389294403892944,822
developer,2021-09,27,19,0.0231143552311435,822
developer,2021-09,28,17,0.0206812652068126,822
developer,2021-09,29,19,0.0231143552311435,822
developer,2021-09,30,18,0.0218978102189781,822
developer,2021-09,31,15,0.0182481751824817,822
developer,2021-09,32,20,0.024330900243309,822
developer,2021-09,33,15,0.0182481751824817,822
developer,2021-09,34,27,0.0328467153284671,822
developer,2021-09,35,22,0.0267639902676399,822
developer,2021-09,36,15,0.0182481751824817,822
developer,2021-09,37,26,0.0316301703163017,822
developer,2021-09,38,39,0.0474452554744525,822
developer,2021-09,39,22,0.0267639902676399,822
developer,2021-10,0,34,0.0354535974973931,959
developer,2021-10,1,29,0.0302398331595411,959
developer,2021-10,2,27,0.0281543274244004,959
developer,2021-10,3,24,0.0250260688216892,959
developer,2021-10,4,34,0.0354535974973931,959
developer,2021-10,5,23,0.0239833159541188,959
developer,2021-10,6,20,0.0208550573514077,959
developer,2021-10,7,17,0.0177267987486965,959
developer,2021-10,8,12,0.0125130344108446,959
developer,2021-10,9,23,0.0239833159541188,959
developer,2021-10,10,10,0.0104275286757038,959
developer,2021-10,11,31,0.0323253388946819,959
developer,2021-10,12,24,0.0250260688216892,959
developer,2021-10,13,33,0.0344108446298227,959
developer,2021-10,14,23,0.0239833159541188,959
developer,2021-10,15,23,0.0239833159541188,959
developer,2021-10,16,16,0.0166840458811261,959
developer,2021-10,17,41,0.0427528675703858,959
developer,2021-10,18,21,0.0218978102189781,959
developer,2021-10,19,22,0.0229405630865484,959
developer,2021-10,20,18,0.0187695516162669,959
developer,2021-10,21,52,0.05422314911366,959
developer,2021-10,22,17,0.0177267987486965,959
developer,2021-10,23,17,0.0177267987486965,959
developer,2021-10,24,21,0.0218978102189781,959
developer,2021-10,25,13,0.013555787278415,959
developer,2021-10,26,30,0.0312825860271115,959
developer,2021-10,27,18,0.0187695516162669,959
developer,2021-10,28,14,0.0145985401459854,959
developer,2021-10,29,22,0.0229405630865484,959
developer,2021-10,30,20,0.0208550573514077,959
developer,2021-10,31,16,0.0166840458811261,959
developer,2021-10,32,30,0.0312825860271115,959
developer,2021-10,33,37,0.0385818561001042,959
developer,2021-10,34,28,0.0291970802919708,959
developer,2021-10,35,14,0.0145985401459854,959
developer,2021-10,36,25,0.0260688216892596,959
developer,2021-10,37,31,0.0323253388946819,959
developer,2021-10,38,27,0.0281543274244004,959
developer,2021-10,39,22,0.0229405630865484,959
developer,2021-11,0,33,0.0293333333333333,1125
developer,2021-11,1,33,0.0293333333333333,1125
developer,2021-11,2,26,0.0231111111111111,1125
developer,2021-11,3,40,0.0355555555555555,1125
developer,2021-11,4,34,0.0302222222222222,1125
developer,2021-11,5,23,0.0204444444444444,1125
developer,2021-11,6,32,0.0284444444444444,1125
developer,2021-11,7,28,0.0248888888888888,1125
developer,2021-11,8,19,0.0168888888888888,1125
developer,2021-11,9,36,0.032,1125
developer,2021-11,10,17,0.0151111111111111,1125
developer,2021-11,11,19,0.0168888888888888,1125
developer,2021-11,12,38,0.0337777777777777,1125
developer,2021-11,13,28,0.0248888888888888,1125
developer,2021-11,14,26,0.0231111111111111,1125
developer,2021-11,15,45,0.04,1125
developer,2021-11,16,22,0.0195555555555555,1125
developer,2021-11,17,34,0.0302222222222222,1125
developer,2021-11,18,27,0.024,1125
developer,2021-11,19,20,0.0177777777777777,1125
developer,2021-11,20,14,0.0124444444444444,1125
developer,2021-11,21,50,0.0444444444444444,1125
developer,2021-11,22,22,0.0195555555555555,1125
developer,2021-11,23,29,0.0257777777777777,1125
developer,2021-11,24,17,0.0151111111111111,1125
developer,2021-11,25,23,0.0204444444444444,1125
developer,2021-11,26,32,0.0284444444444444,1125
developer,2021-11,27,25,0.0222222222222222,1125
developer,2021-11,28,26,0.0231111111111111,1125
developer,2021-11,29,29,0.0257777777777777,1125
developer,2021-11,30,24,0.0213333333333333,1125
developer,2021-11,31,21,0.0186666666666666,1125
developer,2021-11,32,25,0.0222222222222222,1125
developer,2021-11,33,25,0.0222222222222222,1125
developer,2021-11,34,47,0.0417777777777777,1125
developer,2021-11,35,22,0.0195555555555555,1125
developer,2021-11,36,27,0.024,1125
developer,2021-11,37,24,0.0213333333333333,1125
developer,2021-11,38,39,0.0346666666666666,1125
developer,2021-11,39,24,0.0213333333333333,1125
developer,2021-12,0,22,0.0213178294573643,1032
developer,2021-12,1,21,0.0203488372093023,1032
developer,2021-12,2,38,0.0368217054263565,1032
developer,2021-12,3,28,0.0271317829457364,1032
developer,2021-12,4,24,0.0232558139534883,1032
developer,2021-12,5,24,0.0232558139534883,1032
developer,2021-12,6,29,0.0281007751937984,1032
developer,2021-12,7,38,0.0368217054263565,1032
developer,2021-12,8,31,0.0300387596899224,1032
developer,2021-12,9,34,0.0329457364341085,1032
developer,2021-12,10,13,0.0125968992248062,1032
developer,2021-12,11,28,0.0271317829457364,1032
developer,2021-12,12,21,0.0203488372093023,1032
developer,2021-12,13,36,0.0348837209302325,1032
developer,2021-12,14,26,0.0251937984496124,1032
developer,2021-12,15,39,0.0377906976744186,1032
developer,2021-12,16,30,0.0290697674418604,1032
developer,2021-12,17,30,0.0290697674418604,1032
developer,2021-12,18,26,0.0251937984496124,1032
developer,2021-12,19,23,0.0222868217054263,1032
developer,2021-12,20,17,0.0164728682170542,1032
developer,2021-12,21,34,0.0329457364341085,1032
developer,2021-12,22,23,0.0222868217054263,1032
developer,2021-12,23,17,0.0164728682170542,1032
developer,2021-12,24,22,0.0213178294573643,1032
developer,2021-12,25,15,0.0145348837209302,1032
developer,2021-12,26,33,0.0319767441860465,1032
developer,2021-12,27,24,0.0232558139534883,1032
developer,2021-12,28,17,0.0164728682170542,1032
developer,2021-12,29,25,0.0242248062015503,1032
developer,2021-12,30,22,0.0213178294573643,1032
developer,2021-12,31,16,0.0155038759689922,1032
developer,2021-12,32,39,0.0377906976744186,1032
developer,2021-12,33,26,0.0251937984496124,1032
developer,2021-12,34,17,0.0164728682170542,1032
developer,2021-12,35,23,0.0222868217054263,1032
developer,2021-12,36,22,0.0213178294573643,1032
developer,2021-12,37,26,0.0251937984496124,1032
developer,2021-12,38,26,0.0251937984496124,1032
developer,2021-12,39,27,0.0261627906976744,1032
developer,2022-01,0,29,0.0241064006650041,1203
developer,2022-01,1,24,0.0199501246882793,1203
developer,2022-01,2,36,0.0299251870324189,1203
developer,2022-01,3,34,0.028262676641729,1203
developer,2022-01,4,38,0.0315876974231088,1203
developer,2022-01,5,16,0.0133000831255195,1203
developer,2022-01,6,28,0.0232751454696591,1203
developer,2022-01,7,35,0.0290939318370739,1203
developer,2022-01,8,40,0.0332502078137988,1203
developer,2022-01,9,41,0.0340814630091438,1203
developer,2022-01,10,18,0.0149625935162094,1203
developer,2022-01,11,29,0.0241064006650041,1203
developer,2022-01,12,31,0.025768911055694,1203
developer,2022-01,13,37,0.0307564422277639,1203
developer,2022-01,14,32,0.026600166251039,1203
developer,2022-01,15,46,0.0382377389858686,1203
developer,2022-01,16,23,0.0191188694929343,1203
developer,2022-01,17,34,0.028262676641729,1203
developer,2022-01,18,27,0.0224438902743142,1203
developer,2022-01,19,19,0.0157938487115544,1203
developer,2022-01,20,25,0.0207813798836242,1203
developer,2022-01,21,62,0.0515378221113881,1203
developer,2022-01,22,29,0.0241064006650041,1203
developer,2022-01,23,22,0.0182876142975893,1203
developer,2022-01,24,31,0.025768911055694,1203
developer,2022-01,25,28,0.0232751454696591,1203
developer,2022-01,26,34,0.028262676641729,1203
developer,2022-01,27,31,0.025768911055694,1203
developer,2022-01,28,23,0.0191188694929343,1203
developer,2022-01,29,24,0.0199501246882793,1203
developer,2022-01,30,25,0.0207813798836242,1203
developer,2022-01,31,21,0.0174563591022443,1203
developer,2022-01,32,27,0.0224438902743142,1203
developer,2022-01,33,33,0.027431421446384,1203
developer,2022-01,34,26,0.0216126350789692,1203
developer,2022-01,35,17,0.0141313383208645,1203
developer,2022-01,36,16,0.0133000831255195,1203
developer,2022-01,37,25,0.0207813798836242,1203
developer,2022-01,38,45,0.0374064837905236,1203
developer,2022-01,39,42,0.0349127182044887,1203
developer,2022-02,0,37,0.0402611534276387,919
developer,2022-02,1,31,0.0337323177366702,919
developer,2022-02,2,27,0.029379760609358,919
developer,2022-02,3,16,0.0174102285092491,919
developer,2022-02,4,32,0.0348204570184983,919
developer,2022-02,5,23,0.0250272034820457,919
developer,2022-02,6,21,0.0228509249183895,919
developer,2022-02,7,22,0.0239390642002176,919
developer,2022-02,8,12,0.0130576713819368,919
developer,2022-02,9,24,0.0261153427638737,919
developer,2022-02,10,16,0.0174102285092491,919
developer,2022-02,11,25,0.0272034820457018,919
developer,2022-02,12,26,0.0282916213275299,919
developer,2022-02,13,21,0.0228509249183895,919
developer,2022-02,14,24,0.0261153427638737,919
developer,2022-02,15,31,0.0337323177366702,919
developer,2022-02,16,16,0.0174102285092491,919
developer,2022-02,17,19,0.0206746463547334,919
developer,2022-02,18,24,0.0261153427638737,919
developer,2022-02,19,23,0.0250272034820457,919
developer,2022-02,20,23,0.0250272034820457,919
developer,2022-02,21,28,0.030467899891186,919
developer,2022-02,22,26,0.0282916213275299,919
developer,2022-02,23,26,0.0282916213275299,919
developer,2022-02,24,24,0.0261153427638737,919
developer,2022-02,25,14,0.015233949945593,919
developer,2022-02,26,16,0.0174102285092491,919
developer,2022-02,27,22,0.0239390642002176,919
developer,2022-02,28,20,0.0217627856365614,919
developer,2022-02,29,15,0.0163220892274211,919
developer,2022-02,30,23,0.0250272034820457,919
developer,2022-02,31,10,0.0108813928182807,919
developer,2022-02,32,20,0.0217627856365614,919
developer,2022-02,33,17,0.0184983677910772,919
developer,2022-02,34,19,0.0206746463547334,919
developer,2022-02,35,26,0.0282916213275299,919
developer,2022-02,36,27,0.029379760609358,919
developer,2022-02,37,24,0.0261153427638737,919
developer,2022-02,38,44,0.0478781284004352,919
developer,2022-02,39,25,0.0272034820457018,919
developer,2022-03,0,19,0.0206746463547334,919
developer,2022-03,1,25,0.0272034820457018,919
developer,2022-03,2,43,0.0467899891186071,919
developer,2022-03,3,27,0.029379760609358,919
developer,2022-03,4,22,0.0239390642002176,919
developer,2022-03,5,16,0.0174102285092491,919
developer,2022-03,6,26,0.0282916213275299,919
developer,2022-03,7,25,0.0272034820457018,919
developer,2022-03,8,9,0.0097932535364526,919
developer,2022-03,9,29,0.0315560391730141,919
developer,2022-03,10,15,0.0163220892274211,919
developer,2022-03,11,28,0.030467899891186,919
developer,2022-03,12,25,0.0272034820457018,919
developer,2022-03,13,19,0.0206746463547334,919
developer,2022-03,14,22,0.0239390642002176,919
developer,2022-03,15,34,0.0369967355821545,919
developer,2022-03,16,18,0.0195865070729053,919
developer,2022-03,17,15,0.0163220892274211,919
developer,2022-03,18,68,0.073993471164309,919
developer,2022-03,19,18,0.0195865070729053,919
developer,2022-03,20,12,0.0130576713819368,919
developer,2022-03,21,24,0.0261153427638737,919
developer,2022-03,22,20,0.0217627856365614,919
developer,2022-03,23,19,0.0206746463547334,919
developer,2022-03,24,22,0.0239390642002176,919
developer,2022-03,25,18,0.0195865070729053,919
developer,2022-03,26,26,0.0282916213275299,919
developer,2022-03,27,19,0.0206746463547334,919
developer,2022-03,28,17,0.0184983677910772,919
developer,2022-03,29,18,0.0195865070729053,919
developer,2022-03,30,22,0.0239390642002176,919
developer,2022-03,31,17,0.0184983677910772,919
developer,2022-03,32,28,0.030467899891186,919
developer,2022-03,33,17,0.0184983677910772,919
developer,2022-03,34,20,0.0217627856365614,919
developer,2022-03,35,25,0.0272034820457018,919
developer,2022-03,36,21,0.0228509249183895,919
developer,2022-03,37,22,0.0239390642002176,919
developer,2022-03,38,32,0.0348204570184983,919
developer,2022-03,39,17,0.0184983677910772,919
developer,2022-04,0,29,0.0416068866571018,697
developer,2022-04,1,20,0.0286944045911047,697
developer,2022-04,2,17,0.024390243902439,697
developer,2022-04,3,28,0.0401721664275466,697
developer,2022-04,4,23,0.0329985652797704,697
developer,2022-04,5,13,0.018651362984218,697
developer,2022-04,6,21,0.0301291248206599,697
developer,2022-04,7,23,0.0329985652797704,697
developer,2022-04,8,5,0.0071736011477761,697
developer,2022-04,9,16,0.0229555236728837,697
developer,2022-04,10,11,0.0157819225251076,697
developer,2022-04,11,15,0.0215208034433285,697
developer,2022-04,12,17,0.024390243902439,697
developer,2022-04,13,14,0.0200860832137733,697
developer,2022-04,14,11,0.0157819225251076,697
developer,2022-04,15,25,0.0358680057388809,697
developer,2022-04,16,6,0.0086083213773314,697
developer,2022-04,17,13,0.018651362984218,697
developer,2022-04,18,9,0.0129124820659971,697
developer,2022-04,19,17,0.024390243902439,697
developer,2022-04,20,19,0.0272596843615494,697
developer,2022-04,21,24,0.0344332855093256,697
developer,2022-04,22,14,0.0200860832137733,697
developer,2022-04,23,44,0.0631276901004304,697
developer,2022-04,24,13,0.018651362984218,697
developer,2022-04,25,19,0.0272596843615494,697
developer,2022-04,26,23,0.0329985652797704,697
developer,2022-04,27,16,0.0229555236728837,697
developer,2022-04,28,17,0.024390243902439,697
developer,2022-04,29,9,0.0129124820659971,697
developer,2022-04,30,11,0.0157819225251076,697
developer,2022-04,31,8,0.0114777618364418,697
developer,2022-04,32,17,0.024390243902439,697
developer,2022-04,33,14,0.0200860832137733,697
developer,2022-04,34,25,0.0358680057388809,697
developer,2022-04,35,22,0.0315638450502152,697
developer,2022-04,36,16,0.0229555236728837,697
developer,2022-04,37,13,0.018651362984218,697
developer,2022-04,38,23,0.0329985652797704,697
developer,2022-04,39,17,0.024390243902439,697
developer,2022-05,0,25,0.0309405940594059,808
developer,2022-05,1,19,0.0235148514851485,808
developer,2022-05,2,27,0.0334158415841584,808
developer,2022-05,3,20,0.0247524752475247,808
developer,2022-05,4,21,0.0259900990099009,808
developer,2022-05,5,14,0.0173267326732673,808
developer,2022-05,6,26,0.0321782178217821,808
developer,2022-05,7,14,0.0173267326732673,808
developer,2022-05,8,13,0.016089108910891,808
developer,2022-05,9,25,0.0309405940594059,808
developer,2022-05,10,14,0.0173267326732673,808
developer,2022-05,11,17,0.021039603960396,808
developer,2022-05,12,24,0.0297029702970297,808
developer,2022-05,13,22,0.0272277227722772,808
developer,2022-05,14,17,0.021039603960396,808
developer,2022-05,15,19,0.0235148514851485,808
developer,2022-05,16,14,0.0173267326732673,808
developer,2022-05,17,13,0.016089108910891,808
developer,2022-05,18,8,0.0099009900990099,808
developer,2022-05,19,19,0.0235148514851485,808
developer,2022-05,20,21,0.0259900990099009,808
developer,2022-05,21,37,0.0457920792079207,808
developer,2022-05,22,26,0.0321782178217821,808
developer,2022-05,23,41,0.0507425742574257,808
developer,2022-05,24,13,0.016089108910891,808
developer,2022-05,25,19,0.0235148514851485,808
developer,2022-05,26,24,0.0297029702970297,808
developer,2022-05,27,14,0.0173267326732673,808
developer,2022-05,28,16,0.0198019801980198,808
developer,2022-05,29,18,0.0222772277227722,808
developer,2022-05,30,21,0.0259900990099009,808
developer,2022-05,31,11,0.0136138613861386,808
developer,2022-05,32,24,0.0297029702970297,808
developer,2022-05,33,21,0.0259900990099009,808
developer,2022-05,34,26,0.0321782178217821,808
developer,2022-05,35,16,0.0198019801980198,808
developer,2022-05,36,27,0.0334158415841584,808
developer,2022-05,37,14,0.0173267326732673,808
developer,2022-05,38,29,0.0358910891089108,808
developer,2022-05,39,19,0.0235148514851485,808
developer,2022-06,0,25,0.036075036075036,693
developer,2022-06,1,14,0.0202020202020202,693
developer,2022-06,2,18,0.0259740259740259,693
developer,2022-06,3,18,0.0259740259740259,693
developer,2022-06,4,22,0.0317460317460317,693
developer,2022-06,5,14,0.0202020202020202,693
developer,2022-06,6,9,0.0129870129870129,693
developer,2022-06,7,22,0.0317460317460317,693
developer,2022-06,8,10,0.0144300144300144,693
developer,2022-06,9,14,0.0202020202020202,693
developer,2022-06,10,7,0.0101010101010101,693
developer,2022-06,11,24,0.0346320346320346,693
developer,2022-06,12,22,0.0317460317460317,693
developer,2022-06,13,19,0.0274170274170274,693
developer,2022-06,14,6,0.0086580086580086,693
developer,2022-06,15,30,0.0432900432900432,693
developer,2022-06,16,11,0.0158730158730158,693
developer,2022-06,17,12,0.0173160173160173,693
developer,2022-06,18,10,0.0144300144300144,693
developer,2022-06,19,9,0.0129870129870129,693
developer,2022-06,20,15,0.0216450216450216,693
developer,2022-06,21,23,0.0331890331890331,693
developer,2022-06,22,50,0.0721500721500721,693
developer,2022-06,23,20,0.0288600288600288,693
developer,2022-06,24,10,0.0144300144300144,693
developer,2022-06,25,12,0.0173160173160173,693
developer,2022-06,26,23,0.0331890331890331,693
developer,2022-06,27,12,0.0173160173160173,693
developer,2022-06,28,11,0.0158730158730158,693
developer,2022-06,29,9,0.0129870129870129,693
developer,2022-06,30,17,0.0245310245310245,693
developer,2022-06,31,20,0.0288600288600288,693
developer,2022-06,32,22,0.0317460317460317,693
developer,2022-06,33,22,0.0317460317460317,693
developer,2022-06,34,23,0.0331890331890331,693
developer,2022-06,35,18,0.0259740259740259,693
developer,2022-06,36,14,0.0202020202020202,693
developer,2022-06,37,15,0.0216450216450216,693
developer,2022-06,38,25,0.036075036075036,693
developer,2022-06,39,16,0.023088023088023,693
developer,2022-07,0,15,0.0226928895612708,661
developer,2022-07,1,9,0.0136157337367624,661
developer,2022-07,2,15,0.0226928895612708,661
developer,2022-07,3,16,0.0242057488653555,661
developer,2022-07,4,21,0.0317700453857791,661
developer,2022-07,5,14,0.021180030257186,661
developer,2022-07,6,23,0.0347957639939485,661
developer,2022-07,7,18,0.0272314674735249,661
developer,2022-07,8,10,0.0151285930408472,661
developer,2022-07,9,17,0.0257186081694402,661
developer,2022-07,10,5,0.0075642965204236,661
developer,2022-07,11,14,0.021180030257186,661
developer,2022-07,12,20,0.0302571860816944,661
developer,2022-07,13,33,0.0499243570347957,661
developer,2022-07,14,15,0.0226928895612708,661
developer,2022-07,15,15,0.0226928895612708,661
developer,2022-07,16,12,0.0181543116490166,661
developer,2022-07,17,13,0.0196671709531013,661
developer,2022-07,18,9,0.0136157337367624,661
developer,2022-07,19,14,0.021180030257186,661
developer,2022-07,20,20,0.0302571860816944,661
developer,2022-07,21,11,0.0166414523449319,661
developer,2022-07,22,31,0.0468986384266263,661
developer,2022-07,23,15,0.0226928895612708,661
developer,2022-07,24,18,0.0272314674735249,661
developer,2022-07,25,11,0.0166414523449319,661
developer,2022-07,26,15,0.0226928895612708,661
developer,2022-07,27,20,0.0302571860816944,661
developer,2022-07,28,6,0.0090771558245083,661
developer,2022-07,29,32,0.048411497730711,661
developer,2022-07,30,16,0.0242057488653555,661
developer,2022-07,31,12,0.0181543116490166,661
developer,2022-07,32,18,0.0272314674735249,661
developer,2022-07,33,19,0.0287443267776096,661
developer,2022-07,34,12,0.0181543116490166,661
developer,2022-07,35,22,0.0332829046898638,661
developer,2022-07,36,17,0.0257186081694402,661
developer,2022-07,37,17,0.0257186081694402,661
developer,2022-07,38,25,0.037821482602118,661
developer,2022-07,39,16,0.0242057488653555,661
developer,2022-08,0,23,0.0345345345345345,666
developer,2022-08,1,15,0.0225225225225225,666
developer,2022-08,2,13,0.0195195195195195,666
developer,2022-08,3,22,0.033033033033033,666
developer,2022-08,4,22,0.033033033033033,666
developer,2022-08,5,15,0.0225225225225225,666
developer,2022-08,6,15,0.0225225225225225,666
developer,2022-08,7,19,0.0285285285285285,666
developer,2022-08,8,8,0.012012012012012,666
developer,2022-08,9,10,0.015015015015015,666
developer,2022-08,10,7,0.0105105105105105,666
developer,2022-08,11,18,0.027027027027027,666
developer,2022-08,12,20,0.03003003003003,666
developer,2022-08,13,19,0.0285285285285285,666
developer,2022-08,14,10,0.015015015015015,666
developer,2022-08,15,30,0.045045045045045,666
developer,2022-08,16,6,0.009009009009009,666
developer,2022-08,17,19,0.0285285285285285,666
developer,2022-08,18,14,0.021021021021021,666
developer,2022-08,19,13,0.0195195195195195,666
developer,2022-08,20,11,0.0165165165165165,666
developer,2022-08,21,30,0.045045045045045,666
developer,2022-08,22,21,0.0315315315315315,666
developer,2022-08,23,21,0.0315315315315315,666
developer,2022-08,24,16,0.024024024024024,666
developer,2022-08,25,12,0.018018018018018,666
developer,2022-08,26,19,0.0285285285285285,666
developer,2022-08,27,17,0.0255255255255255,666
developer,2022-08,28,10,0.015015015015015,666
developer,2022-08,29,20,0.03003003003003,666
developer,2022-08,30,19,0.0285285285285285,666
developer,2022-08,31,16,0.024024024024024,666
developer,2022-08,32,18,0.027027027027027,666
developer,2022-08,33,12,0.018018018018018,666
developer,2022-08,34,17,0.0255255255255255,666
developer,2022-08,35,24,0.036036036036036,666
developer,2022-08,36,17,0.0255255255255255,666
developer,2022-08,37,14,0.021021021021021,666
developer,2022-08,38,15,0.0225225225225225,666
developer,2022-08,39,19,0.0285285285285285,666
developer,2022-09,0,17,0.0269841269841269,630
developer,2022-09,1,9,0.0142857142857142,630
developer,2022-09,2,20,0.0317460317460317,630
developer,2022-09,3,16,0.0253968253968253,630
developer,2022-09,4,28,0.0444444444444444,630
developer,2022-09,5,23,0.0365079365079365,630
developer,2022-09,6,17,0.0269841269841269,630
developer,2022-09,7,17,0.0269841269841269,630
developer,2022-09,8,14,0.0222222222222222,630
developer,2022-09,9,15,0.0238095238095238,630
developer,2022-09,10,8,0.0126984126984126,630
developer,2022-09,11,19,0.0301587301587301,630
developer,2022-09,12,17,0.0269841269841269,630
developer,2022-09,13,14,0.0222222222222222,630
developer,2022-09,14,13,0.0206349206349206,630
developer,2022-09,15,24,0.0380952380952381,630
developer,2022-09,16,9,0.0142857142857142,630
developer,2022-09,17,11,0.0174603174603174,630
developer,2022-09,18,6,0.0095238095238095,630
developer,2022-09,19,18,0.0285714285714285,630
developer,2022-09,20,14,0.0222222222222222,630
developer,2022-09,21,16,0.0253968253968253,630
developer,2022-09,22,17,0.0269841269841269,630
developer,2022-09,23,12,0.019047619047619,630
developer,2022-09,24,14,0.0222222222222222,630
developer,2022-09,25,14,0.0222222222222222,630
developer,2022-09,26,27,0.0428571428571428,630
developer,2022-09,27,15,0.0238095238095238,630
developer,2022-09,28,12,0.019047619047619,630
developer,2022-09,29,11,0.0174603174603174,630
developer,2022-09,30,16,0.0253968253968253,630
developer,2022-09,31,21,0.0333333333333333,630
developer,2022-09,32,15,0.0238095238095238,630
developer,2022-09,33,11,0.0174603174603174,630
developer,2022-09,34,22,0.0349206349206349,630
developer,2022-09,35,13,0.0206349206349206,630
developer,2022-09,36,12,0.019047619047619,630
developer,2022-09,37,11,0.0174603174603174,630
developer,2022-09,38,21,0.0333333333333333,630
developer,2022-09,39,21,0.0333333333333333,630
developer,2022-10,0,25,0.032258064516129,775
developer,2022-10,1,20,0.0258064516129032,775
developer,2022-10,2,16,0.0206451612903225,775
developer,2022-10,3,18,0.0232258064516129,775
developer,2022-10,4,27,0.0348387096774193,775
developer,2022-10,5,12,0.0154838709677419,775
developer,2022-10,6,16,0.0206451612903225,775
developer,2022-10,7,20,0.0258064516129032,775
developer,2022-10,8,10,0.0129032258064516,775
developer,2022-10,9,25,0.032258064516129,775
developer,2022-10,10,10,0.0129032258064516,775
developer,2022-10,11,19,0.024516129032258,775
developer,2022-10,12,30,0.0387096774193548,775
developer,2022-10,13,9,0.0116129032258064,775
developer,2022-10,14,21,0.0270967741935483,775
developer,2022-10,15,28,0.0361290322580645,775
developer,2022-10,16,14,0.0180645161290322,775
developer,2022-10,17,23,0.0296774193548387,775
developer,2022-10,18,16,0.0206451612903225,775
developer,2022-10,19,11,0.0141935483870967,775
developer,2022-10,20,26,0.0335483870967741,775
developer,2022-10,21,19,0.024516129032258,775
developer,2022-10,22,12,0.0154838709677419,775
developer,2022-10,23,14,0.0180645161290322,775
developer,2022-10,24,19,0.024516129032258,775
developer,2022-10,25,17,0.0219354838709677,775
developer,2022-10,26,22,0.0283870967741935,775
developer,2022-10,27,31,0.04,775
developer,2022-10,28,13,0.016774193548387,775
developer,2022-10,29,22,0.0283870967741935,775
developer,2022-10,30,16,0.0206451612903225,775
developer,2022-10,31,17,0.0219354838709677,775
developer,2022-10,32,25,0.032258064516129,775
developer,2022-10,33,15,0.0193548387096774,775
developer,2022-10,34,25,0.032258064516129,775
developer,2022-10,35,21,0.0270967741935483,775
developer,2022-10,36,21,0.0270967741935483,775
developer,2022-10,37,26,0.0335483870967741,775
developer,2022-10,38,25,0.032258064516129,775
developer,2022-10,39,19,0.024516129032258,775
developer,2022-11,0,26,0.0250723240115718,1037
developer,2022-11,1,23,0.0221793635486981,1037
developer,2022-11,2,22,0.0212150433944069,1037
developer,2022-11,3,40,0.0385728061716489,1037
developer,2022-11,4,33,0.0318225650916104,1037
developer,2022-11,5,13,0.0125361620057859,1037
developer,2022-11,6,26,0.0250723240115718,1037
developer,2022-11,7,15,0.0144648023143683,1037
developer,2022-11,8,23,0.0221793635486981,1037
developer,2022-11,9,33,0.0318225650916104,1037
developer,2022-11,10,10,0.0096432015429122,1037
developer,2022-11,11,21,0.0202507232401157,1037
developer,2022-11,12,32,0.0308582449373191,1037
developer,2022-11,13,26,0.0250723240115718,1037
developer,2022-11,14,21,0.0202507232401157,1037
developer,2022-11,15,36,0.034715525554484,1037
developer,2022-11,16,38,0.0366441658630665,1037
developer,2022-11,17,24,0.0231436837029893,1037
developer,2022-11,18,53,0.0511089681774349,1037
developer,2022-11,19,13,0.0125361620057859,1037
developer,2022-11,20,28,0.0270009643201542,1037
developer,2022-11,21,40,0.0385728061716489,1037
developer,2022-11,22,22,0.0212150433944069,1037
developer,2022-11,23,19,0.0183220829315332,1037
developer,2022-11,24,29,0.0279652844744455,1037
developer,2022-11,25,19,0.0183220829315332,1037
developer,2022-11,26,21,0.0202507232401157,1037
developer,2022-11,27,30,0.0289296046287367,1037
developer,2022-11,28,15,0.0144648023143683,1037
developer,2022-11,29,19,0.0183220829315332,1037
developer,2022-11,30,15,0.0144648023143683,1037
developer,2022-11,31,17,0.0163934426229508,1037
developer,2022-11,32,26,0.0250723240115718,1037
developer,2022-11,33,20,0.0192864030858244,1037
developer,2022-11,34,36,0.034715525554484,1037
developer,2022-11,35,22,0.0212150433944069,1037
developer,2022-11,36,33,0.0318225650916104,1037
developer,2022-11,37,29,0.0279652844744455,1037
developer,2022-11,38,40,0.0385728061716489,1037
developer,2022-11,39,29,0.0279652844744455,1037
developer,2022-12,0,24,0.0273660205245153,877
developer,2022-12,1,22,0.0250855188141391,877
developer,2022-12,2,33,0.0376282782212086,877
developer,2022-12,3,27,0.0307867730900798,877
developer,2022-12,4,20,0.0228050171037628,877
developer,2022-12,5,16,0.0182440136830102,877
developer,2022-12,6,31,0.0353477765108323,877
developer,2022-12,7,20,0.0228050171037628,877
developer,2022-12,8,11,0.0125427594070695,877
developer,2022-12,9,21,0.0239452679589509,877
developer,2022-12,10,6,0.0068415051311288,877
developer,2022-12,11,30,0.0342075256556442,877
developer,2022-12,12,19,0.0216647662485746,877
developer,2022-12,13,12,0.0136830102622576,877
developer,2022-12,14,22,0.0250855188141391,877
developer,2022-12,15,45,0.0513112884834663,877
developer,2022-12,16,18,0.0205245153933865,877
developer,2022-12,17,22,0.0250855188141391,877
developer,2022-12,18,17,0.0193842645381984,877
developer,2022-12,19,17,0.0193842645381984,877
developer,2022-12,20,18,0.0205245153933865,877
developer,2022-12,21,16,0.0182440136830102,877
developer,2022-12,22,19,0.0216647662485746,877
developer,2022-12,23,14,0.0159635119726339,877
developer,2022-12,24,21,0.0239452679589509,877
developer,2022-12,25,14,0.0159635119726339,877
developer,2022-12,26,29,0.0330672748004561,877
developer,2022-12,27,29,0.0330672748004561,877
developer,2022-12,28,12,0.0136830102622576,877
developer,2022-12,29,19,0.0216647662485746,877
developer,2022-12,30,22,0.0250855188141391,877
developer,2022-12,31,17,0.0193842645381984,877
developer,2022-12,32,18,0.0205245153933865,877
developer,2022-12,33,14,0.0159635119726339,877
developer,2022-12,34,18,0.0205245153933865,877
developer,2022-12,35,16,0.0182440136830102,877
developer,2022-12,36,16,0.0182440136830102,877
developer,2022-12,37,21,0.0239452679589509,877
developer,2022-12,38,32,0.0364880273660205,877
developer,2022-12,39,79,0.0900798175598631,877
developer,2023-01,0,16,0.0184544405997693,867
developer,2023-01,1,18,0.0207612456747404,867
developer,2023-01,2,23,0.0265282583621684,867
developer,2023-01,3,26,0.0299884659746251,867
developer,2023-01,4,18,0.0207612456747404,867
developer,2023-01,5,16,0.0184544405997693,867
developer,2023-01,6,16,0.0184544405997693,867
developer,2023-01,7,20,0.0230680507497116,867
developer,2023-01,8,20,0.0230680507497116,867
developer,2023-01,9,19,0.021914648212226,867
developer,2023-01,10,11,0.0126874279123414,867
developer,2023-01,11,18,0.0207612456747404,867
developer,2023-01,12,24,0.0276816608996539,867
developer,2023-01,13,30,0.0346020761245674,867
developer,2023-01,14,13,0.0149942329873125,867
developer,2023-01,15,37,0.0426758938869665,867
developer,2023-01,16,10,0.0115340253748558,867
developer,2023-01,17,20,0.0230680507497116,867
developer,2023-01,18,17,0.0196078431372549,867
developer,2023-01,19,13,0.0149942329873125,867
developer,2023-01,20,12,0.0138408304498269,867
developer,2023-01,21,31,0.035755478662053,867
developer,2023-01,22,21,0.0242214532871972,867
developer,2023-01,23,20,0.0230680507497116,867
developer,2023-01,24,25,0.0288350634371395,867
developer,2023-01,25,23,0.0265282583621684,867
developer,2023-01,26,33,0.0380622837370242,867
developer,2023-01,27,57,0.0657439446366782,867
developer,2023-01,28,18,0.0207612456747404,867
developer,2023-01,29,16,0.0184544405997693,867
developer,2023-01,30,19,0.021914648212226,867
developer,2023-01,31,14,0.0161476355247981,867
developer,2023-01,32,22,0.0253748558246828,867
developer,2023-01,33,18,0.0207612456747404,867
developer,2023-01,34,28,0.0322952710495963,867
developer,2023-01,35,14,0.0161476355247981,867
developer,2023-01,36,24,0.0276816608996539,867
developer,2023-01,37,30,0.0346020761245674,867
developer,2023-01,38,29,0.0334486735870818,867
developer,2023-01,39,28,0.0322952710495963,867
developer,2023-02,0,25,0.030229746070133,827
developer,2023-02,1,18,0.0217654171704957,827
developer,2023-02,2,17,0.0205562273276904,827
developer,2023-02,3,15,0.0181378476420798,827
developer,2023-02,4,21,0.0253929866989117,827
developer,2023-02,5,20,0.0241837968561064,827
developer,2023-02,6,13,0.0157194679564691,827
developer,2023-02,7,25,0.030229746070133,827
developer,2023-02,8,10,0.0120918984280532,827
developer,2023-02,9,22,0.026602176541717,827
developer,2023-02,10,12,0.0145102781136638,827
developer,2023-02,11,21,0.0253929866989117,827
developer,2023-02,12,33,0.0399032648125755,827
developer,2023-02,13,19,0.022974607013301,827
developer,2023-02,14,31,0.0374848851269649,827
developer,2023-02,15,19,0.022974607013301,827
developer,2023-02,16,18,0.0217654171704957,827
developer,2023-02,17,9,0.0108827085852478,827
developer,2023-02,18,11,0.0133010882708585,827
developer,2023-02,19,8,0.0096735187424425,827
developer,2023-02,20,11,0.0133010882708585,827
developer,2023-02,21,16,0.0193470374848851,827
developer,2023-02,22,28,0.0338573155985489,827
developer,2023-02,23,13,0.0157194679564691,827
developer,2023-02,24,18,0.0217654171704957,827
developer,2023-02,25,17,0.0205562273276904,827
developer,2023-02,26,22,0.026602176541717,827
developer,2023-02,27,51,0.0616686819830713,827
developer,2023-02,28,11,0.0133010882708585,827
developer,2023-02,29,19,0.022974607013301,827
developer,2023-02,30,15,0.0181378476420798,827
developer,2023-02,31,27,0.0326481257557436,827
developer,2023-02,32,28,0.0338573155985489,827
developer,2023-02,33,31,0.0374848851269649,827
developer,2023-02,34,23,0.0278113663845223,827
developer,2023-02,35,13,0.0157194679564691,827
developer,2023-02,36,22,0.026602176541717,827
developer,2023-02,37,23,0.0278113663845223,827
developer,2023-02,38,33,0.0399032648125755,827
developer,2023-02,39,39,0.0471584038694075,827
developer,2023-03,0,33,0.032007759456838,1031
developer,2023-03,1,32,0.0310378273520853,1031
developer,2023-03,2,21,0.020368574199806,1031
developer,2023-03,3,23,0.0223084384093113,1031
developer,2023-03,4,23,0.0223084384093113,1031
developer,2023-03,5,29,0.0281280310378273,1031
developer,2023-03,6,16,0.0155189136760426,1031
developer,2023-03,7,24,0.023278370514064,1031
developer,2023-03,8,18,0.017458777885548,1031
developer,2023-03,9,23,0.0223084384093113,1031
developer,2023-03,10,27,0.026188166828322,1031
developer,2023-03,11,18,0.017458777885548,1031
developer,2023-03,12,32,0.0310378273520853,1031
developer,2023-03,13,22,0.0213385063045586,1031
developer,2023-03,14,26,0.0252182347235693,1031
developer,2023-03,15,39,0.037827352085354,1031
developer,2023-03,16,25,0.0242483026188166,1031
developer,2023-03,17,25,0.0242483026188166,1031
developer,2023-03,18,16,0.0155189136760426,1031
developer,2023-03,19,13,0.0126091173617846,1031
developer,2023-03,20,20,0.0193986420950533,1031
developer,2023-03,21,29,0.0281280310378273,1031
developer,2023-03,22,17,0.0164888457807953,1031
developer,2023-03,23,26,0.0252182347235693,1031
developer,2023-03,24,18,0.017458777885548,1031
developer,2023-03,25,31,0.0300678952473326,1031
developer,2023-03,26,39,0.037827352085354,1031
developer,2023-03,27,25,0.0242483026188166,1031
developer,2023-03,28,24,0.023278370514064,1031
developer,2023-03,29,25,0.0242483026188166,1031
developer,2023-03,30,23,0.0223084384093113,1031
developer,2023-03,31,23,0.0223084384093113,1031
developer,2023-03,32,19,0.0184287099903006,1031
developer,2023-03,33,20,0.0193986420950533,1031
developer,2023-03,34,33,0.032007759456838,1031
developer,2023-03,35,21,0.020368574199806,1031
developer,2023-03,36,28,0.0271580989330746,1031
developer,2023-03,37,36,0.034917555771096,1031
developer,2023-03,38,39,0.037827352085354,1031
developer,2023-03,39,50,0.0484966052376333,1031
developer,2023-04,0,57,0.0534709193245778,1066
developer,2023-04,1,24,0.0225140712945591,1066
developer,2023-04,2,28,0.0262664165103189,1066
developer,2023-04,3,34,0.0318949343339587,1066
developer,2023-04,4,28,0.0262664165103189,1066
developer,2023-04,5,22,0.0206378986866791,1066
developer,2023-04,6,21,0.0196998123827392,1066
developer,2023-04,7,22,0.0206378986866791,1066
developer,2023-04,8,20,0.0187617260787992,1066
developer,2023-04,9,22,0.0206378986866791,1066
developer,2023-04,10,28,0.0262664165103189,1066
developer,2023-04,11,20,0.0187617260787992,1066
developer,2023-04,12,28,0.0262664165103189,1066
developer,2023-04,13,22,0.0206378986866791,1066
developer,2023-04,14,33,0.0309568480300187,1066
developer,2023-04,15,44,0.0412757973733583,1066
developer,2023-04,16,24,0.0225140712945591,1066
developer,2023-04,17,16,0.0150093808630394,1066
developer,2023-04,18,13,0.0121951219512195,1066
developer,2023-04,19,26,0.024390243902439,1066
developer,2023-04,20,21,0.0196998123827392,1066
developer,2023-04,21,21,0.0196998123827392,1066
developer,2023-04,22,20,0.0187617260787992,1066
developer,2023-04,23,20,0.0187617260787992,1066
developer,2023-04,24,27,0.0253283302063789,1066
developer,2023-04,25,35,0.0328330206378986,1066
developer,2023-04,26,67,0.0628517823639774,1066
developer,2023-04,27,30,0.0281425891181988,1066
developer,2023-04,28,17,0.0159474671669793,1066
developer,2023-04,29,23,0.0215759849906191,1066
developer,2023-04,30,26,0.024390243902439,1066
developer,2023-04,31,20,0.0187617260787992,1066
developer,2023-04,32,30,0.0281425891181988,1066
developer,2023-04,33,25,0.023452157598499,1066
developer,2023-04,34,19,0.0178236397748592,1066
developer,2023-04,35,28,0.0262664165103189,1066
developer,2023-04,36,23,0.0215759849906191,1066
developer,2023-04,37,13,0.0121951219512195,1066
developer,2023-04,38,43,0.0403377110694183,1066
developer,2023-04,39,26,0.024390243902439,1066
developer,2023-05,0,52,0.0500481231953801,1039
developer,2023-05,1,24,0.0230991337824831,1039
developer,2023-05,2,23,0.0221366698748796,1039
developer,2023-05,3,56,0.053897978825794,1039
developer,2023-05,4,29,0.0279114533205004,1039
developer,2023-05,5,19,0.0182868142444658,1039
developer,2023-05,6,22,0.0211742059672762,1039
developer,2023-05,7,34,0.0327237728585178,1039
developer,2023-05,8,17,0.0163618864292589,1039
developer,2023-05,9,21,0.0202117420596727,1039
developer,2023-05,10,18,0.0173243503368623,1039
developer,2023-05,11,28,0.026948989412897,1039
developer,2023-05,12,33,0.0317613089509143,1039
developer,2023-05,13,36,0.0346487006737247,1039
developer,2023-05,14,15,0.0144369586140519,1039
developer,2023-05,15,43,0.0413859480269489,1039
developer,2023-05,16,17,0.0163618864292589,1039
developer,2023-05,17,25,0.0240615976900866,1039
developer,2023-05,18,26,0.02502406159769,1039
developer,2023-05,19,25,0.0240615976900866,1039
developer,2023-05,20,7,0.0067372473532242,1039
developer,2023-05,21,26,0.02502406159769,1039
developer,2023-05,22,18,0.0173243503368623,1039
developer,2023-05,23,27,0.0259865255052935,1039
developer,2023-05,24,30,0.0288739172281039,1039
developer,2023-05,25,27,0.0259865255052935,1039
developer,2023-05,26,17,0.0163618864292589,1039
developer,2023-05,27,18,0.0173243503368623,1039
developer,2023-05,28,18,0.0173243503368623,1039
developer,2023-05,29,30,0.0288739172281039,1039
developer,2023-05,30,17,0.0163618864292589,1039
developer,2023-05,31,14,0.0134744947064485,1039
developer,2023-05,32,23,0.0221366698748796,1039
developer,2023-05,33,20,0.0192492781520692,1039
developer,2023-05,34,34,0.0327237728585178,1039
developer,2023-05,35,20,0.0192492781520692,1039
developer,2023-05,36,24,0.0230991337824831,1039
developer,2023-05,37,29,0.0279114533205004,1039
developer,2023-05,38,46,0.0442733397497593,1039
developer,2023-05,39,31,0.0298363811357074,1039
developer,2023-06,0,27,0.0263671875,1024
developer,2023-06,1,25,0.0244140625,1024
developer,2023-06,2,35,0.0341796875,1024
developer,2023-06,3,22,0.021484375,1024
developer,2023-06,4,24,0.0234375,1024
developer,2023-06,5,29,0.0283203125,1024
developer,2023-06,6,29,0.0283203125,1024
developer,2023-06,7,35,0.0341796875,1024
developer,2023-06,8,13,0.0126953125,1024
developer,2023-06,9,24,0.0234375,1024
developer,2023-06,10,22,0.021484375,1024
developer,2023-06,11,29,0.0283203125,1024
developer,2023-06,12,24,0.0234375,1024
developer,2023-06,13,38,0.037109375,1024
developer,2023-06,14,23,0.0224609375,1024
developer,2023-06,15,41,0.0400390625,1024
developer,2023-06,16,24,0.0234375,1024
developer,2023-06,17,18,0.017578125,1024
developer,2023-06,18,13,0.0126953125,1024
developer,2023-06,19,25,0.0244140625,1024
developer,2023-06,20,18,0.017578125,1024
developer,2023-06,21,19,0.0185546875,1024
developer,2023-06,22,19,0.0185546875,1024
developer,2023-06,23,17,0.0166015625,1024
developer,2023-06,24,30,0.029296875,1024
developer,2023-06,25,22,0.021484375,1024
developer,2023-06,26,31,0.0302734375,1024
developer,2023-06,27,29,0.0283203125,1024
developer,2023-06,28,22,0.021484375,1024
developer,2023-06,29,25,0.0244140625,1024
developer,2023-06,30,19,0.0185546875,1024
developer,2023-06,31,21,0.0205078125,1024
developer,2023-06,32,19,0.0185546875,1024
developer,2023-06,33,13,0.0126953125,1024
developer,2023-06,34,35,0.0341796875,1024
developer,2023-06,35,24,0.0234375,1024
developer,2023-06,36,29,0.0283203125,1024
developer,2023-06,37,21,0.0205078125,1024
developer,2023-06,38,44,0.04296875,1024
developer,2023-06,39,47,0.0458984375,1024
developer,2023-07,0,22,0.0223350253807106,985
developer,2023-07,1,22,0.0223350253807106,985
developer,2023-07,2,24,0.0243654822335025,985
developer,2023-07,3,30,0.0304568527918781,985
developer,2023-07,4,29,0.0294416243654822,985
developer,2023-07,5,13,0.0131979695431472,985
developer,2023-07,6,28,0.0284263959390862,985
developer,2023-07,7,23,0.0233502538071065,985
developer,2023-07,8,20,0.0203045685279187,985
developer,2023-07,9,27,0.0274111675126903,985
developer,2023-07,10,17,0.0172588832487309,985
developer,2023-07,11,24,0.0243654822335025,985
developer,2023-07,12,34,0.0345177664974619,985
developer,2023-07,13,27,0.0274111675126903,985
developer,2023-07,14,18,0.0182741116751269,985
developer,2023-07,15,37,0.0375634517766497,985
developer,2023-07,16,18,0.0182741116751269,985
developer,2023-07,17,24,0.0243654822335025,985
developer,2023-07,18,16,0.016243654822335,985
developer,2023-07,19,30,0.0304568527918781,985
developer,2023-07,20,16,0.016243654822335,985
developer,2023-07,21,19,0.0192893401015228,985
developer,2023-07,22,17,0.0172588832487309,985
developer,2023-07,23,17,0.0172588832487309,985
developer,2023-07,24,23,0.0233502538071065,985
developer,2023-07,25,20,0.0203045685279187,985
developer,2023-07,26,27,0.0274111675126903,985
developer,2023-07,27,21,0.0213197969543147,985
developer,2023-07,28,13,0.0131979695431472,985
developer,2023-07,29,24,0.0243654822335025,985
developer,2023-07,30,25,0.0253807106598984,985
developer,2023-07,31,25,0.0253807106598984,985
developer,2023-07,32,21,0.0213197969543147,985
developer,2023-07,33,21,0.0213197969543147,985
developer,2023-07,34,21,0.0213197969543147,985
developer,2023-07,35,33,0.0335025380710659,985
developer,2023-07,36,27,0.0274111675126903,985
developer,2023-07,37,27,0.0274111675126903,985
developer,2023-07,38,33,0.0335025380710659,985
developer,2023-07,39,72,0.0730964467005076,985
developer,2023-08,0,40,0.0435729847494553,918
developer,2023-08,1,29,0.0315904139433551,918
developer,2023-08,2,28,0.0305010893246187,918
developer,2023-08,3,20,0.0217864923747276,918
developer,2023-08,4,23,0.0250544662309368,918
developer,2023-08,5,17,0.0185185185185185,918
developer,2023-08,6,21,0.022875816993464,918
developer,2023-08,7,21,0.022875816993464,918
developer,2023-08,8,15,0.0163398692810457,918
developer,2023-08,9,23,0.0250544662309368,918
developer,2023-08,10,31,0.0337690631808278,918
developer,2023-08,11,22,0.0239651416122004,918
developer,2023-08,12,25,0.0272331154684095,918
developer,2023-08,13,26,0.0283224400871459,918
developer,2023-08,14,19,0.0206971677559912,918
developer,2023-08,15,23,0.0250544662309368,918
developer,2023-08,16,13,0.0141612200435729,918
developer,2023-08,17,12,0.0130718954248366,918
developer,2023-08,18,15,0.0163398692810457,918
developer,2023-08,19,24,0.0261437908496732,918
developer,2023-08,20,15,0.0163398692810457,918
developer,2023-08,21,37,0.0403050108932461,918
developer,2023-08,22,13,0.0141612200435729,918
developer,2023-08,23,22,0.0239651416122004,918
developer,2023-08,24,22,0.0239651416122004,918
developer,2023-08,25,25,0.0272331154684095,918
developer,2023-08,26,22,0.0239651416122004,918
developer,2023-08,27,29,0.0315904139433551,918
developer,2023-08,28,18,0.0196078431372549,918
developer,2023-08,29,24,0.0261437908496732,918
developer,2023-08,30,20,0.0217864923747276,918
developer,2023-08,31,10,0.0108932461873638,918
developer,2023-08,32,22,0.0239651416122004,918
developer,2023-08,33,26,0.0283224400871459,918
developer,2023-08,34,28,0.0305010893246187,918
developer,2023-08,35,17,0.0185185185185185,918
developer,2023-08,36,27,0.0294117647058823,918
developer,2023-08,37,27,0.0294117647058823,918
developer,2023-08,38,25,0.0272331154684095,918
developer,2023-08,39,42,0.0457516339869281,918
developer,2023-09,0,29,0.0391891891891891,740
developer,2023-09,1,19,0.0256756756756756,740
developer,2023-09,2,21,0.0283783783783783,740
developer,2023-09,3,26,0.0351351351351351,740
developer,2023-09,4,19,0.0256756756756756,740
developer,2023-09,5,16,0.0216216216216216,740
developer,2023-09,6,16,0.0216216216216216,740
developer,2023-09,7,26,0.0351351351351351,740
developer,2023-09,8,15,0.0202702702702702,740
developer,2023-09,9,23,0.031081081081081,740
developer,2023-09,10,16,0.0216216216216216,740
developer,2023-09,11,25,0.0337837837837837,740
developer,2023-09,12,21,0.0283783783783783,740
developer,2023-09,13,17,0.0229729729729729,740
developer,2023-09,14,15,0.0202702702702702,740
developer,2023-09,15,19,0.0256756756756756,740
developer,2023-09,16,18,0.0243243243243243,740
developer,2023-09,17,11,0.0148648648648648,740
developer,2023-09,18,14,0.0189189189189189,740
developer,2023-09,19,20,0.027027027027027,740
developer,2023-09,20,16,0.0216216216216216,740
developer,2023-09,21,25,0.0337837837837837,740
developer,2023-09,22,17,0.0229729729729729,740
developer,2023-09,23,8,0.0108108108108108,740
developer,2023-09,24,18,0.0243243243243243,740
developer,2023-09,25,21,0.0283783783783783,740
developer,2023-09,26,16,0.0216216216216216,740
developer,2023-09,27,20,0.027027027027027,740
developer,2023-09,28,11,0.0148648648648648,740
developer,2023-09,29,15,0.0202702702702702,740
developer,2023-09,30,19,0.0256756756756756,740
developer,2023-09,31,9,0.0121621621621621,740
developer,2023-09,32,15,0.0202702702702702,740
developer,2023-09,33,16,0.0216216216216216,740
developer,2023-09,34,20,0.027027027027027,740
developer,2023-09,35,19,0.0256756756756756,740
developer,2023-09,36,23,0.031081081081081,740
developer,2023-09,37,22,0.0297297297297297,740
developer,2023-09,38,25,0.0337837837837837,740
developer,2023-09,39,19,0.0256756756756756,740
developer,2023-10,0,19,0.0175276752767527,1084
developer,2023-10,1,33,0.0304428044280442,1084
developer,2023-10,2,46,0.0424354243542435,1084
developer,2023-10,3,39,0.0359778597785977,1084
developer,2023-10,4,32,0.029520295202952,1084
developer,2023-10,5,23,0.0212177121771217,1084
developer,2023-10,6,28,0.025830258302583,1084
developer,2023-10,7,29,0.0267527675276752,1084
developer,2023-10,8,14,0.0129151291512915,1084
developer,2023-10,9,22,0.0202952029520295,1084
developer,2023-10,10,12,0.011070110701107,1084
developer,2023-10,11,23,0.0212177121771217,1084
developer,2023-10,12,38,0.0350553505535055,1084
developer,2023-10,13,40,0.03690036900369,1084
developer,2023-10,14,30,0.0276752767527675,1084
developer,2023-10,15,38,0.0350553505535055,1084
developer,2023-10,16,27,0.0249077490774907,1084
developer,2023-10,17,10,0.0092250922509225,1084
developer,2023-10,18,20,0.018450184501845,1084
developer,2023-10,19,27,0.0249077490774907,1084
developer,2023-10,20,25,0.0230627306273062,1084
developer,2023-10,21,20,0.018450184501845,1084
developer,2023-10,22,18,0.0166051660516605,1084
developer,2023-10,23,22,0.0202952029520295,1084
developer,2023-10,24,32,0.029520295202952,1084
developer,2023-10,25,23,0.0212177121771217,1084
developer,2023-10,26,30,0.0276752767527675,1084
developer,2023-10,27,18,0.0166051660516605,1084
developer,2023-10,28,18,0.0166051660516605,1084
developer,2023-10,29,19,0.0175276752767527,1084
developer,2023-10,30,27,0.0249077490774907,1084
developer,2023-10,31,25,0.0230627306273062,1084
developer,2023-10,32,34,0.0313653136531365,1084
developer,2023-10,33,30,0.0276752767527675,1084
developer,2023-10,34,26,0.0239852398523985,1084
developer,2023-10,35,18,0.0166051660516605,1084
developer,2023-10,36,33,0.0304428044280442,1084
developer,2023-10,37,16,0.014760147601476,1084
developer,2023-10,38,43,0.0396678966789667,1084
developer,2023-10,39,57,0.0525830258302583,1084
developer,2023-11,0,32,0.0289855072463768,1104
developer,2023-11,1,27,0.0244565217391304,1104
developer,2023-11,2,20,0.0181159420289855,1104
developer,2023-11,3,35,0.0317028985507246,1104
developer,2023-11,4,20,0.0181159420289855,1104
developer,2023-11,5,17,0.0153985507246376,1104
developer,2023-11,6,17,0.0153985507246376,1104
developer,2023-11,7,21,0.0190217391304347,1104
developer,2023-11,8,18,0.0163043478260869,1104
developer,2023-11,9,22,0.019927536231884,1104
developer,2023-11,10,13,0.0117753623188405,1104
developer,2023-11,11,10,0.0090579710144927,1104
developer,2023-11,12,34,0.0307971014492753,1104
developer,2023-11,13,33,0.029891304347826,1104
developer,2023-11,14,10,0.0090579710144927,1104
developer,2023-11,15,36,0.0326086956521739,1104
developer,2023-11,16,26,0.0235507246376811,1104
developer,2023-11,17,16,0.0144927536231884,1104
developer,2023-11,18,17,0.0153985507246376,1104
developer,2023-11,19,27,0.0244565217391304,1104
developer,2023-11,20,18,0.0163043478260869,1104
developer,2023-11,21,44,0.0398550724637681,1104
developer,2023-11,22,33,0.029891304347826,1104
developer,2023-11,23,28,0.0253623188405797,1104
developer,2023-11,24,24,0.0217391304347826,1104
developer,2023-11,25,13,0.0117753623188405,1104
developer,2023-11,26,18,0.0163043478260869,1104
developer,2023-11,27,93,0.0842391304347826,1104
developer,2023-11,28,20,0.0181159420289855,1104
developer,2023-11,29,23,0.0208333333333333,1104
developer,2023-11,30,25,0.0226449275362318,1104
developer,2023-11,31,52,0.0471014492753623,1104
developer,2023-11,32,65,0.0588768115942028,1104
developer,2023-11,33,18,0.0163043478260869,1104
developer,2023-11,34,29,0.0262681159420289,1104
developer,2023-11,35,20,0.0181159420289855,1104
developer,2023-11,36,27,0.0244565217391304,1104
developer,2023-11,37,32,0.0289855072463768,1104
developer,2023-11,38,30,0.0271739130434782,1104
developer,2023-11,39,41,0.0371376811594202,1104
developer,2023-12,0,31,0.03429203539823,904
developer,2023-12,1,20,0.0221238938053097,904
developer,2023-12,2,22,0.0243362831858407,904
developer,2023-12,3,27,0.0298672566371681,904
developer,2023-12,4,28,0.0309734513274336,904
developer,2023-12,5,14,0.0154867256637168,904
developer,2023-12,6,22,0.0243362831858407,904
developer,2023-12,7,31,0.03429203539823,904
developer,2023-12,8,8,0.0088495575221238,904
developer,2023-12,9,17,0.0188053097345132,904
developer,2023-12,10,10,0.0110619469026548,904
developer,2023-12,11,8,0.0088495575221238,904
developer,2023-12,12,30,0.0331858407079646,904
developer,2023-12,13,30,0.0331858407079646,904
developer,2023-12,14,24,0.0265486725663716,904
developer,2023-12,15,31,0.03429203539823,904
developer,2023-12,16,16,0.0176991150442477,904
developer,2023-12,17,19,0.0210176991150442,904
developer,2023-12,18,18,0.0199115044247787,904
developer,2023-12,19,14,0.0154867256637168,904
developer,2023-12,20,19,0.0210176991150442,904
developer,2023-12,21,29,0.0320796460176991,904
developer,2023-12,22,14,0.0154867256637168,904
developer,2023-12,23,17,0.0188053097345132,904
developer,2023-12,24,14,0.0154867256637168,904
developer,2023-12,25,14,0.0154867256637168,904
developer,2023-12,26,25,0.0276548672566371,904
developer,2023-12,27,86,0.0951327433628318,904
developer,2023-12,28,20,0.0221238938053097,904
developer,2023-12,29,18,0.0199115044247787,904
developer,2023-12,30,21,0.0232300884955752,904
developer,2023-12,31,15,0.0165929203539823,904
developer,2023-12,32,19,0.0210176991150442,904
developer,2023-12,33,14,0.0154867256637168,904
developer,2023-12,34,16,0.0176991150442477,904
developer,2023-12,35,24,0.0265486725663716,904
developer,2023-12,36,27,0.0298672566371681,904
developer,2023-12,37,24,0.0265486725663716,904
developer,2023-12,38,51,0.0564159292035398,904
developer,2023-12,39,17,0.0188053097345132,904
developer,2024-01,0,37,0.0408839779005524,905
developer,2024-01,1,13,0.0143646408839779,905
developer,2024-01,2,20,0.0220994475138121,905
developer,2024-01,3,33,0.03646408839779,905
developer,2024-01,4,17,0.0187845303867403,905
developer,2024-01,5,18,0.0198895027624309,905
developer,2024-01,6,23,0.0254143646408839,905
developer,2024-01,7,15,0.0165745856353591,905
developer,2024-01,8,9,0.0099447513812154,905
developer,2024-01,9,29,0.0320441988950276,905
developer,2024-01,10,14,0.0154696132596685,905
developer,2024-01,11,38,0.041988950276243,905
developer,2024-01,12,27,0.0298342541436464,905
developer,2024-01,13,30,0.0331491712707182,905
developer,2024-01,14,15,0.0165745856353591,905
developer,2024-01,15,35,0.0386740331491712,905
developer,2024-01,16,21,0.0232044198895027,905
developer,2024-01,17,33,0.03646408839779,905
developer,2024-01,18,28,0.030939226519337,905
developer,2024-01,19,17,0.0187845303867403,905
developer,2024-01,20,18,0.0198895027624309,905
developer,2024-01,21,27,0.0298342541436464,905
developer,2024-01,22,17,0.0187845303867403,905
developer,2024-01,23,15,0.0165745856353591,905
developer,2024-01,24,25,0.0276243093922651,905
developer,2024-01,25,16,0.0176795580110497,905
developer,2024-01,26,19,0.0209944751381215,905
developer,2024-01,27,60,0.0662983425414364,905
developer,2024-01,28,18,0.0198895027624309,905
developer,2024-01,29,13,0.0143646408839779,905
developer,2024-01,30,21,0.0232044198895027,905
developer,2024-01,31,18,0.0198895027624309,905
developer,2024-01,32,18,0.0198895027624309,905
developer,2024-01,33,12,0.0132596685082872,905
developer,2024-01,34,18,0.0198895027624309,905
developer,2024-01,35,12,0.0132596685082872,905
developer,2024-01,36,28,0.030939226519337,905
developer,2024-01,37,26,0.0287292817679558,905
developer,2024-01,38,29,0.0320441988950276,905
developer,2024-01,39,23,0.0254143646408839,905
developer,2024-02,0,34,0.0292096219931271,1164
developer,2024-02,1,24,0.0206185567010309,1164
developer,2024-02,2,26,0.0223367697594501,1164
developer,2024-02,3,28,0.0240549828178694,1164
developer,2024-02,4,19,0.0163230240549828,1164
developer,2024-02,5,28,0.0240549828178694,1164
developer,2024-02,6,21,0.018041237113402,1164
developer,2024-02,7,15,0.0128865979381443,1164
developer,2024-02,8,14,0.0120274914089347,1164
developer,2024-02,9,77,0.0661512027491409,1164
developer,2024-02,10,28,0.0240549828178694,1164
developer,2024-02,11,17,0.0146048109965635,1164
developer,2024-02,12,23,0.0197594501718213,1164
developer,2024-02,13,33,0.0283505154639175,1164
developer,2024-02,14,18,0.0154639175257731,1164
developer,2024-02,15,37,0.031786941580756,1164
developer,2024-02,16,32,0.0274914089347079,1164
developer,2024-02,17,25,0.0214776632302405,1164
developer,2024-02,18,18,0.0154639175257731,1164
developer,2024-02,19,146,0.1254295532646048,1164
developer,2024-02,20,10,0.0085910652920962,1164
developer,2024-02,21,30,0.0257731958762886,1164
developer,2024-02,22,24,0.0206185567010309,1164
developer,2024-02,23,21,0.018041237113402,1164
developer,2024-02,24,13,0.011168384879725,1164
developer,2024-02,25,19,0.0163230240549828,1164
developer,2024-02,26,31,0.0266323024054982,1164
developer,2024-02,27,25,0.0214776632302405,1164
developer,2024-02,28,26,0.0223367697594501,1164
developer,2024-02,29,29,0.024914089347079,1164
developer,2024-02,30,28,0.0240549828178694,1164
developer,2024-02,31,20,0.0171821305841924,1164
developer,2024-02,32,20,0.0171821305841924,1164
developer,2024-02,33,10,0.0085910652920962,1164
developer,2024-02,34,34,0.0292096219931271,1164
developer,2024-02,35,27,0.0231958762886597,1164
developer,2024-02,36,21,0.018041237113402,1164
developer,2024-02,37,55,0.0472508591065292,1164
developer,2024-02,38,27,0.0231958762886597,1164
developer,2024-02,39,31,0.0266323024054982,1164
developer,2024-03,0,31,0.029467680608365,1052
developer,2024-03,1,22,0.0209125475285171,1052
developer,2024-03,2,24,0.0228136882129277,1052
developer,2024-03,3,19,0.0180608365019011,1052
developer,2024-03,4,25,0.023764258555133,1052
developer,2024-03,5,32,0.0304182509505703,1052
developer,2024-03,6,22,0.0209125475285171,1052
developer,2024-03,7,15,0.0142585551330798,1052
developer,2024-03,8,10,0.0095057034220532,1052
developer,2024-03,9,26,0.0247148288973384,1052
developer,2024-03,10,12,0.0114068441064638,1052
developer,2024-03,11,11,0.0104562737642585,1052
developer,2024-03,12,38,0.0361216730038022,1052
developer,2024-03,13,77,0.0731939163498098,1052
developer,2024-03,14,12,0.0114068441064638,1052
developer,2024-03,15,30,0.0285171102661596,1052
developer,2024-03,16,20,0.0190114068441064,1052
developer,2024-03,17,12,0.0114068441064638,1052
developer,2024-03,18,24,0.0228136882129277,1052
developer,2024-03,19,19,0.0180608365019011,1052
developer,2024-03,20,14,0.0133079847908745,1052
developer,2024-03,21,23,0.0218631178707224,1052
developer,2024-03,22,82,0.0779467680608365,1052
developer,2024-03,23,20,0.0190114068441064,1052
developer,2024-03,24,19,0.0180608365019011,1052
developer,2024-03,25,16,0.0152091254752851,1052
developer,2024-03,26,19,0.0180608365019011,1052
developer,2024-03,27,52,0.0494296577946768,1052
developer,2024-03,28,29,0.0275665399239543,1052
developer,2024-03,29,16,0.0152091254752851,1052
developer,2024-03,30,28,0.026615969581749,1052
developer,2024-03,31,12,0.0114068441064638,1052
developer,2024-03,32,18,0.0171102661596958,1052
developer,2024-03,33,19,0.0180608365019011,1052
developer,2024-03,34,38,0.0361216730038022,1052
developer,2024-03,35,20,0.0190114068441064,1052
developer,2024-03,36,15,0.0142585551330798,1052
developer,2024-03,37,72,0.0684410646387832,1052
developer,2024-03,38,32,0.0304182509505703,1052
developer,2024-03,39,27,0.0256653992395437,1052
developer,2024-04,0,49,0.0416312659303313,1177
developer,2024-04,1,14,0.0118946474086661,1177
developer,2024-04,2,22,0.0186915887850467,1177
developer,2024-04,3,42,0.0356839422259983,1177
developer,2024-04,4,25,0.0212404418011894,1177
developer,2024-04,5,23,0.0195412064570943,1177
developer,2024-04,6,26,0.022090059473237,1177
developer,2024-04,7,30,0.0254885301614273,1177
developer,2024-04,8,16,0.0135938827527612,1177
developer,2024-04,9,34,0.0288870008496176,1177
developer,2024-04,10,21,0.0178419711129991,1177
developer,2024-04,11,24,0.0203908241291418,1177
developer,2024-04,12,35,0.0297366185216652,1177
developer,2024-04,13,30,0.0254885301614273,1177
developer,2024-04,14,29,0.0246389124893797,1177
developer,2024-04,15,27,0.0229396771452846,1177
developer,2024-04,16,14,0.0118946474086661,1177
developer,2024-04,17,21,0.0178419711129991,1177
developer,2024-04,18,22,0.0186915887850467,1177
developer,2024-04,19,20,0.0169923534409515,1177
developer,2024-04,20,19,0.0161427357689039,1177
developer,2024-04,21,37,0.0314358538657604,1177
developer,2024-04,22,25,0.0212404418011894,1177
developer,2024-04,23,23,0.0195412064570943,1177
developer,2024-04,24,28,0.0237892948173322,1177
developer,2024-04,25,19,0.0161427357689039,1177
developer,2024-04,26,32,0.0271877655055225,1177
developer,2024-04,27,21,0.0178419711129991,1177
developer,2024-04,28,19,0.0161427357689039,1177
developer,2024-04,29,21,0.0178419711129991,1177
developer,2024-04,30,29,0.0246389124893797,1177
developer,2024-04,31,23,0.0195412064570943,1177
developer,2024-04,32,14,0.0118946474086661,1177
developer,2024-04,33,23,0.0195412064570943,1177
developer,2024-04,34,32,0.0271877655055225,1177
developer,2024-04,35,27,0.0229396771452846,1177
developer,2024-04,36,27,0.0229396771452846,1177
developer,2024-04,37,178,0.1512319456244689,1177
developer,2024-04,38,32,0.0271877655055225,1177
developer,2024-04,39,24,0.0203908241291418,1177
developer,2024-05,0,32,0.0251968503937007,1270
developer,2024-05,1,24,0.0188976377952755,1270
developer,2024-05,2,30,0.0236220472440944,1270
developer,2024-05,3,35,0.0275590551181102,1270
developer,2024-05,4,99,0.0779527559055118,1270
developer,2024-05,5,23,0.0181102362204724,1270
developer,2024-05,6,28,0.0220472440944881,1270
developer,2024-05,7,21,0.0165354330708661,1270
developer,2024-05,8,15,0.0118110236220472,1270
developer,2024-05,9,24,0.0188976377952755,1270
developer,2024-05,10,17,0.0133858267716535,1270
developer,2024-05,11,22,0.0173228346456692,1270
developer,2024-05,12,32,0.0251968503937007,1270
developer,2024-05,13,30,0.0236220472440944,1270
developer,2024-05,14,26,0.0204724409448818,1270
developer,2024-05,15,37,0.0291338582677165,1270
developer,2024-05,16,19,0.0149606299212598,1270
developer,2024-05,17,34,0.026771653543307,1270
developer,2024-05,18,24,0.0188976377952755,1270
developer,2024-05,19,17,0.0133858267716535,1270
developer,2024-05,20,23,0.0181102362204724,1270
developer,2024-05,21,24,0.0188976377952755,1270
developer,2024-05,22,37,0.0291338582677165,1270
developer,2024-05,23,18,0.0141732283464566,1270
developer,2024-05,24,24,0.0188976377952755,1270
developer,2024-05,25,15,0.0118110236220472,1270
developer,2024-05,26,22,0.0173228346456692,1270
developer,2024-05,27,108,0.0850393700787401,1270
developer,2024-05,28,15,0.0118110236220472,1270
developer,2024-05,29,23,0.0181102362204724,1270
developer,2024-05,30,28,0.0220472440944881,1270
developer,2024-05,31,12,0.0094488188976377,1270
developer,2024-05,32,20,0.0157480314960629,1270
developer,2024-05,33,19,0.0149606299212598,1270
developer,2024-05,34,33,0.0259842519685039,1270
developer,2024-05,35,24,0.0188976377952755,1270
developer,2024-05,36,29,0.0228346456692913,1270
developer,2024-05,37,149,0.1173228346456693,1270
developer,2024-05,38,35,0.0275590551181102,1270
developer,2024-05,39,23,0.0181102362204724,1270
developer,2024-06,0,44,0.0317460317460317,1386
developer,2024-06,1,28,0.0202020202020202,1386
developer,2024-06,2,27,0.0194805194805194,1386
developer,2024-06,3,32,0.023088023088023,1386
developer,2024-06,4,59,0.0425685425685425,1386
developer,2024-06,5,29,0.0209235209235209,1386
developer,2024-06,6,31,0.0223665223665223,1386
developer,2024-06,7,19,0.0137085137085137,1386
developer,2024-06,8,16,0.0115440115440115,1386
developer,2024-06,9,35,0.0252525252525252,1386
developer,2024-06,10,17,0.0122655122655122,1386
developer,2024-06,11,26,0.0187590187590187,1386
developer,2024-06,12,42,0.0303030303030303,1386
developer,2024-06,13,46,0.0331890331890331,1386
developer,2024-06,14,25,0.018037518037518,1386
developer,2024-06,15,29,0.0209235209235209,1386
developer,2024-06,16,25,0.018037518037518,1386
developer,2024-06,17,48,0.0346320346320346,1386
developer,2024-06,18,22,0.0158730158730158,1386
developer,2024-06,19,43,0.031024531024531,1386
developer,2024-06,20,24,0.0173160173160173,1386
developer,2024-06,21,33,0.0238095238095238,1386
developer,2024-06,22,68,0.049062049062049,1386
developer,2024-06,23,27,0.0194805194805194,1386
developer,2024-06,24,14,0.0101010101010101,1386
developer,2024-06,25,29,0.0209235209235209,1386
developer,2024-06,26,28,0.0202020202020202,1386
developer,2024-06,27,23,0.0165945165945165,1386
developer,2024-06,28,27,0.0194805194805194,1386
developer,2024-06,29,35,0.0252525252525252,1386
developer,2024-06,30,37,0.0266955266955266,1386
developer,2024-06,31,20,0.0144300144300144,1386
developer,2024-06,32,21,0.0151515151515151,1386
developer,2024-06,33,21,0.0151515151515151,1386
developer,2024-06,34,31,0.0223665223665223,1386
developer,2024-06,35,23,0.0165945165945165,1386
developer,2024-06,36,80,0.0577200577200577,1386
developer,2024-06,37,127,0.0916305916305916,1386
developer,2024-06,38,42,0.0303030303030303,1386
developer,2024-06,39,33,0.0238095238095238,1386
developer,2024-07,0,7,0.0286885245901639,244
developer,2024-07,1,3,0.0122950819672131,244
developer,2024-07,2,5,0.0204918032786885,244
developer,2024-07,3,10,0.040983606557377,244
developer,2024-07,4,6,0.0245901639344262,244
developer,2024-07,5,1,0.0040983606557377,244
developer,2024-07,6,6,0.0245901639344262,244
developer,2024-07,7,5,0.0204918032786885,244
developer,2024-07,8,1,0.0040983606557377,244
developer,2024-07,9,5,0.0204918032786885,244
developer,2024-07,10,1,0.0040983606557377,244
developer,2024-07,11,1,0.0040983606557377,244
developer,2024-07,12,9,0.0368852459016393,244
developer,2024-07,13,8,0.0327868852459016,244
developer,2024-07,14,2,0.0081967213114754,244
developer,2024-07,15,6,0.0245901639344262,244
developer,2024-07,16,5,0.0204918032786885,244
developer,2024-07,17,8,0.0327868852459016,244
developer,2024-07,18,1,0.0040983606557377,244
developer,2024-07,19,3,0.0122950819672131,244
developer,2024-07,20,10,0.040983606557377,244
developer,2024-07,21,7,0.0286885245901639,244
developer,2024-07,22,61,0.25,244
developer,2024-07,23,1,0.0040983606557377,244
developer,2024-07,24,8,0.0327868852459016,244
developer,2024-07,25,1,0.0040983606557377,244
developer,2024-07,26,6,0.0245901639344262,244
developer,2024-07,27,12,0.0491803278688524,244
developer,2024-07,28,4,0.0163934426229508,244
developer,2024-07,29,3,0.0122950819672131,244
developer,2024-07,30,4,0.0163934426229508,244
developer,2024-07,32,2,0.0081967213114754,244
developer,2024-07,33,7,0.0286885245901639,244
developer,2024-07,34,2,0.0081967213114754,244
developer,2024-07,35,4,0.0163934426229508,244
developer,2024-07,36,3,0.0122950819672131,244
developer,2024-07,37,7,0.0286885245901639,244
developer,2024-07,38,6,0.0245901639344262,244
developer,2024-07,39,3,0.0122950819672131,244
user,2015-06,37,1,1.0,1
user,2015-07,3,1,0.1666666666666666,6
user,2015-07,4,1,0.1666666666666666,6
user,2015-07,22,1,0.1666666666666666,6
user,2015-07,31,1,0.1666666666666666,6
user,2015-07,37,2,0.3333333333333333,6
user,2015-08,0,1,0.032258064516129,31
user,2015-08,4,3,0.0967741935483871,31
user,2015-08,5,1,0.032258064516129,31
user,2015-08,7,2,0.064516129032258,31
user,2015-08,8,2,0.064516129032258,31
user,2015-08,9,1,0.032258064516129,31
user,2015-08,14,1,0.032258064516129,31
user,2015-08,15,1,0.032258064516129,31
user,2015-08,18,1,0.032258064516129,31
user,2015-08,20,1,0.032258064516129,31
user,2015-08,25,1,0.032258064516129,31
user,2015-08,27,2,0.064516129032258,31
user,2015-08,28,2,0.064516129032258,31
user,2015-08,29,1,0.032258064516129,31
user,2015-08,31,2,0.064516129032258,31
user,2015-08,32,1,0.032258064516129,31
user,2015-08,35,1,0.032258064516129,31
user,2015-08,37,1,0.032258064516129,31
user,2015-08,39,1,0.032258064516129,31
user,2015-08,44,1,0.032258064516129,31
user,2015-08,46,1,0.032258064516129,31
user,2015-08,47,2,0.064516129032258,31
user,2015-08,49,1,0.032258064516129,31
user,2015-09,0,1,0.0526315789473684,19
user,2015-09,1,1,0.0526315789473684,19
user,2015-09,13,2,0.1052631578947368,19
user,2015-09,15,1,0.0526315789473684,19
user,2015-09,18,1,0.0526315789473684,19
user,2015-09,21,2,0.1052631578947368,19
user,2015-09,23,1,0.0526315789473684,19
user,2015-09,25,1,0.0526315789473684,19
user,2015-09,29,1,0.0526315789473684,19
user,2015-09,33,1,0.0526315789473684,19
user,2015-09,35,3,0.1578947368421052,19
user,2015-09,36,1,0.0526315789473684,19
user,2015-09,38,1,0.0526315789473684,19
user,2015-09,39,1,0.0526315789473684,19
user,2015-09,44,1,0.0526315789473684,19
user,2015-10,1,1,0.0769230769230769,13
user,2015-10,5,1,0.0769230769230769,13
user,2015-10,11,1,0.0769230769230769,13
user,2015-10,14,2,0.1538461538461538,13
user,2015-10,17,1,0.0769230769230769,13
user,2015-10,19,1,0.0769230769230769,13
user,2015-10,21,1,0.0769230769230769,13
user,2015-10,31,1,0.0769230769230769,13
user,2015-10,37,1,0.0769230769230769,13
user,2015-10,41,1,0.0769230769230769,13
user,2015-10,43,1,0.0769230769230769,13
user,2015-10,44,1,0.0769230769230769,13
user,2015-11,2,1,0.0666666666666666,15
user,2015-11,7,1,0.0666666666666666,15
user,2015-11,8,1,0.0666666666666666,15
user,2015-11,18,2,0.1333333333333333,15
user,2015-11,25,1,0.0666666666666666,15
user,2015-11,26,1,0.0666666666666666,15
user,2015-11,28,1,0.0666666666666666,15
user,2015-11,29,2,0.1333333333333333,15
user,2015-11,31,1,0.0666666666666666,15
user,2015-11,32,1,0.0666666666666666,15
user,2015-11,34,1,0.0666666666666666,15
user,2015-11,36,1,0.0666666666666666,15
user,2015-11,46,1,0.0666666666666666,15
user,2015-12,0,1,0.0769230769230769,13
user,2015-12,8,1,0.0769230769230769,13
user,2015-12,12,1,0.0769230769230769,13
user,2015-12,13,1,0.0769230769230769,13
user,2015-12,21,1,0.0769230769230769,13
user,2015-12,28,2,0.1538461538461538,13
user,2015-12,31,1,0.0769230769230769,13
user,2015-12,32,2,0.1538461538461538,13
user,2015-12,41,1,0.0769230769230769,13
user,2015-12,42,1,0.0769230769230769,13
user,2015-12,46,1,0.0769230769230769,13
user,2016-01,0,2,0.0357142857142857,56
user,2016-01,1,1,0.0178571428571428,56
user,2016-01,3,1,0.0178571428571428,56
user,2016-01,5,2,0.0357142857142857,56
user,2016-01,6,2,0.0357142857142857,56
user,2016-01,7,1,0.0178571428571428,56
user,2016-01,8,1,0.0178571428571428,56
user,2016-01,10,1,0.0178571428571428,56
user,2016-01,12,1,0.0178571428571428,56
user,2016-01,15,1,0.0178571428571428,56
user,2016-01,16,1,0.0178571428571428,56
user,2016-01,17,1,0.0178571428571428,56
user,2016-01,18,1,0.0178571428571428,56
user,2016-01,20,1,0.0178571428571428,56
user,2016-01,21,1,0.0178571428571428,56
user,2016-01,24,1,0.0178571428571428,56
user,2016-01,25,1,0.0178571428571428,56
user,2016-01,26,3,0.0535714285714285,56
user,2016-01,27,1,0.0178571428571428,56
user,2016-01,28,2,0.0357142857142857,56
user,2016-01,29,2,0.0357142857142857,56
user,2016-01,30,1,0.0178571428571428,56
user,2016-01,31,2,0.0357142857142857,56
user,2016-01,32,2,0.0357142857142857,56
user,2016-01,33,1,0.0178571428571428,56
user,2016-01,35,3,0.0535714285714285,56
user,2016-01,36,1,0.0178571428571428,56
user,2016-01,37,3,0.0535714285714285,56
user,2016-01,39,1,0.0178571428571428,56
user,2016-01,40,2,0.0357142857142857,56
user,2016-01,41,3,0.0535714285714285,56
user,2016-01,42,1,0.0178571428571428,56
user,2016-01,43,2,0.0357142857142857,56
user,2016-01,44,1,0.0178571428571428,56
user,2016-01,45,1,0.0178571428571428,56
user,2016-01,46,3,0.0535714285714285,56
user,2016-01,47,1,0.0178571428571428,56
user,2016-02,0,4,0.0327868852459016,122
user,2016-02,1,3,0.0245901639344262,122
user,2016-02,3,1,0.0081967213114754,122
user,2016-02,4,4,0.0327868852459016,122
user,2016-02,5,2,0.0163934426229508,122
user,2016-02,6,2,0.0163934426229508,122
user,2016-02,7,1,0.0081967213114754,122
user,2016-02,8,6,0.0491803278688524,122
user,2016-02,9,1,0.0081967213114754,122
user,2016-02,10,3,0.0245901639344262,122
user,2016-02,11,2,0.0163934426229508,122
user,2016-02,12,3,0.0245901639344262,122
user,2016-02,13,4,0.0327868852459016,122
user,2016-02,14,3,0.0245901639344262,122
user,2016-02,15,3,0.0245901639344262,122
user,2016-02,16,3,0.0245901639344262,122
user,2016-02,17,2,0.0163934426229508,122
user,2016-02,18,1,0.0081967213114754,122
user,2016-02,19,1,0.0081967213114754,122
user,2016-02,20,2,0.0163934426229508,122
user,2016-02,21,4,0.0327868852459016,122
user,2016-02,22,1,0.0081967213114754,122
user,2016-02,23,3,0.0245901639344262,122
user,2016-02,24,1,0.0081967213114754,122
user,2016-02,25,2,0.0163934426229508,122
user,2016-02,26,1,0.0081967213114754,122
user,2016-02,27,2,0.0163934426229508,122
user,2016-02,28,3,0.0245901639344262,122
user,2016-02,29,1,0.0081967213114754,122
user,2016-02,31,3,0.0245901639344262,122
user,2016-02,32,4,0.0327868852459016,122
user,2016-02,33,2,0.0163934426229508,122
user,2016-02,34,1,0.0081967213114754,122
user,2016-02,35,3,0.0245901639344262,122
user,2016-02,36,2,0.0163934426229508,122
user,2016-02,38,3,0.0245901639344262,122
user,2016-02,39,8,0.0655737704918032,122
user,2016-02,41,4,0.0327868852459016,122
user,2016-02,42,4,0.0327868852459016,122
user,2016-02,43,4,0.0327868852459016,122
user,2016-02,44,3,0.0245901639344262,122
user,2016-02,45,1,0.0081967213114754,122
user,2016-02,46,1,0.0081967213114754,122
user,2016-02,47,2,0.0163934426229508,122
user,2016-02,48,5,0.040983606557377,122
user,2016-02,49,3,0.0245901639344262,122
user,2016-03,0,55,0.0283213182286302,1942
user,2016-03,1,26,0.0133882595262615,1942
user,2016-03,2,30,0.015447991761071,1942
user,2016-03,3,46,0.0236869207003089,1942
user,2016-03,4,40,0.0205973223480947,1942
user,2016-03,5,42,0.0216271884654994,1942
user,2016-03,6,48,0.0247167868177136,1942
user,2016-03,7,38,0.01956745623069,1942
user,2016-03,8,45,0.0231719876416065,1942
user,2016-03,9,39,0.0200823892893923,1942
user,2016-03,10,35,0.0180226570545829,1942
user,2016-03,11,35,0.0180226570545829,1942
user,2016-03,12,57,0.029351184346035,1942
user,2016-03,13,32,0.0164778578784757,1942
user,2016-03,14,42,0.0216271884654994,1942
user,2016-03,15,38,0.01956745623069,1942
user,2016-03,16,44,0.0226570545829042,1942
user,2016-03,17,44,0.0226570545829042,1942
user,2016-03,18,42,0.0216271884654994,1942
user,2016-03,19,31,0.0159629248197734,1942
user,2016-03,20,26,0.0133882595262615,1942
user,2016-03,21,30,0.015447991761071,1942
user,2016-03,22,37,0.0190525231719876,1942
user,2016-03,23,39,0.0200823892893923,1942
user,2016-03,24,39,0.0200823892893923,1942
user,2016-03,25,55,0.0283213182286302,1942
user,2016-03,26,51,0.0262615859938208,1942
user,2016-03,27,40,0.0205973223480947,1942
user,2016-03,28,21,0.0108135942327497,1942
user,2016-03,29,30,0.015447991761071,1942
user,2016-03,30,31,0.0159629248197734,1942
user,2016-03,31,34,0.0175077239958805,1942
user,2016-03,32,31,0.0159629248197734,1942
user,2016-03,33,28,0.0144181256436663,1942
user,2016-03,34,46,0.0236869207003089,1942
user,2016-03,35,58,0.0298661174047373,1942
user,2016-03,36,33,0.0169927909371781,1942
user,2016-03,37,38,0.01956745623069,1942
user,2016-03,38,38,0.01956745623069,1942
user,2016-03,39,43,0.0221421215242018,1942
user,2016-03,40,26,0.0133882595262615,1942
user,2016-03,41,41,0.0211122554067971,1942
user,2016-03,42,31,0.0159629248197734,1942
user,2016-03,43,30,0.015447991761071,1942
user,2016-03,44,42,0.0216271884654994,1942
user,2016-03,45,39,0.0200823892893923,1942
user,2016-03,46,40,0.0205973223480947,1942
user,2016-03,47,55,0.0283213182286302,1942
user,2016-03,48,41,0.0211122554067971,1942
user,2016-03,49,40,0.0205973223480947,1942
user,2016-04,0,120,0.0255591054313099,4695
user,2016-04,1,78,0.0166134185303514,4695
user,2016-04,2,73,0.0155484558040468,4695
user,2016-04,3,105,0.0223642172523961,4695
user,2016-04,4,83,0.017678381256656,4695
user,2016-04,5,79,0.0168264110756123,4695
user,2016-04,6,113,0.0240681576144834,4695
user,2016-04,7,116,0.0247071352502662,4695
user,2016-04,8,96,0.0204472843450479,4695
user,2016-04,9,79,0.0168264110756123,4695
user,2016-04,10,76,0.0161874334398296,4695
user,2016-04,11,67,0.0142705005324813,4695
user,2016-04,12,89,0.0189563365282215,4695
user,2016-04,13,114,0.0242811501597444,4695
user,2016-04,14,116,0.0247071352502662,4695
user,2016-04,15,80,0.0170394036208732,4695
user,2016-04,16,94,0.020021299254526,4695
user,2016-04,17,83,0.017678381256656,4695
user,2016-04,18,109,0.0232161874334398,4695
user,2016-04,19,70,0.0149094781682641,4695
user,2016-04,20,77,0.0164004259850905,4695
user,2016-04,21,101,0.0215122470713525,4695
user,2016-04,22,79,0.0168264110756123,4695
user,2016-04,23,94,0.020021299254526,4695
user,2016-04,24,76,0.0161874334398296,4695
user,2016-04,25,128,0.0272630457933972,4695
user,2016-04,26,101,0.0215122470713525,4695
user,2016-04,27,107,0.022790202342918,4695
user,2016-04,28,71,0.015122470713525,4695
user,2016-04,29,87,0.0185303514376996,4695
user,2016-04,30,95,0.020234291799787,4695
user,2016-04,31,115,0.0244941427050053,4695
user,2016-04,32,83,0.017678381256656,4695
user,2016-04,33,72,0.0153354632587859,4695
user,2016-04,34,128,0.0272630457933972,4695
user,2016-04,35,94,0.020021299254526,4695
user,2016-04,36,95,0.020234291799787,4695
user,2016-04,37,115,0.0244941427050053,4695
user,2016-04,38,122,0.0259850905218317,4695
user,2016-04,39,96,0.0204472843450479,4695
user,2016-04,40,100,0.0212992545260915,4695
user,2016-04,41,114,0.0242811501597444,4695
user,2016-04,42,100,0.0212992545260915,4695
user,2016-04,43,83,0.017678381256656,4695
user,2016-04,44,86,0.0183173588924387,4695
user,2016-04,45,85,0.0181043663471778,4695
user,2016-04,46,99,0.0210862619808306,4695
user,2016-04,47,82,0.0174653887113951,4695
user,2016-04,48,102,0.0217252396166134,4695
user,2016-04,49,68,0.0144834930777422,4695
user,2016-05,0,98,0.0217632689318232,4503
user,2016-05,1,90,0.0199866755496335,4503
user,2016-05,2,69,0.0153231179213857,4503
user,2016-05,3,105,0.0233177881412391,4503
user,2016-05,4,82,0.0182100821674439,4503
user,2016-05,5,71,0.0157672662669331,4503
user,2016-05,6,93,0.0206528980679546,4503
user,2016-05,7,99,0.0219853431045969,4503
user,2016-05,8,107,0.0237619364867865,4503
user,2016-05,9,102,0.022651565622918,4503
user,2016-05,10,73,0.0162114146124805,4503
user,2016-05,11,79,0.0175438596491228,4503
user,2016-05,12,86,0.0190983788585387,4503
user,2016-05,13,109,0.024206084832334,4503
user,2016-05,14,113,0.0250943815234288,4503
user,2016-05,15,99,0.0219853431045969,4503
user,2016-05,16,79,0.0175438596491228,4503
user,2016-05,17,80,0.0177659338218965,4503
user,2016-05,18,102,0.022651565622918,4503
user,2016-05,19,59,0.0131023761936486,4503
user,2016-05,20,79,0.0175438596491228,4503
user,2016-05,21,93,0.0206528980679546,4503
user,2016-05,22,64,0.0142127470575172,4503
user,2016-05,23,93,0.0206528980679546,4503
user,2016-05,24,64,0.0142127470575172,4503
user,2016-05,25,106,0.0235398623140128,4503
user,2016-05,26,74,0.0164334887852542,4503
user,2016-05,27,120,0.0266489007328447,4503
user,2016-05,28,80,0.0177659338218965,4503
user,2016-05,29,102,0.022651565622918,4503
user,2016-05,30,91,0.0202087497224072,4503
user,2016-05,31,97,0.0215411947590495,4503
user,2016-05,32,70,0.0155451920941594,4503
user,2016-05,33,88,0.0195425272040861,4503
user,2016-05,34,86,0.0190983788585387,4503
user,2016-05,35,111,0.0246502331778814,4503
user,2016-05,36,93,0.0206528980679546,4503
user,2016-05,37,100,0.0222074172773706,4503
user,2016-05,38,115,0.0255385298689762,4503
user,2016-05,39,80,0.0177659338218965,4503
user,2016-05,40,106,0.0235398623140128,4503
user,2016-05,41,115,0.0255385298689762,4503
user,2016-05,42,67,0.0148789695758383,4503
user,2016-05,43,78,0.0173217854763491,4503
user,2016-05,44,68,0.015101043748612,4503
user,2016-05,45,107,0.0237619364867865,4503
user,2016-05,46,93,0.0206528980679546,4503
user,2016-05,47,85,0.018876304685765,4503
user,2016-05,48,96,0.0213191205862758,4503
user,2016-05,49,87,0.0193204530313124,4503
user,2016-06,0,143,0.02512297962052,5692
user,2016-06,1,98,0.0172171468728039,5692
user,2016-06,2,94,0.016514406184118,5692
user,2016-06,3,136,0.0238931834153197,5692
user,2016-06,4,122,0.0214335910049191,5692
user,2016-06,5,92,0.0161630358397751,5692
user,2016-06,6,143,0.02512297962052,5692
user,2016-06,7,155,0.0272312016865776,5692
user,2016-06,8,104,0.0182712579058327,5692
user,2016-06,9,111,0.019501054111033,5692
user,2016-06,10,98,0.0172171468728039,5692
user,2016-06,11,84,0.0147575544624033,5692
user,2016-06,12,117,0.0205551651440618,5692
user,2016-06,13,106,0.0186226282501756,5692
user,2016-06,14,145,0.0254743499648629,5692
user,2016-06,15,125,0.0219606465214335,5692
user,2016-06,16,102,0.0179198875614898,5692
user,2016-06,17,116,0.0203794799718903,5692
user,2016-06,18,105,0.0184469430780042,5692
user,2016-06,19,73,0.0128250175685172,5692
user,2016-06,20,83,0.0145818692902319,5692
user,2016-06,21,120,0.0210822206605762,5692
user,2016-06,22,85,0.0149332396345748,5692
user,2016-06,23,130,0.0228390723822909,5692
user,2016-06,24,102,0.0179198875614898,5692
user,2016-06,25,121,0.0212579058327477,5692
user,2016-06,26,110,0.0193253689388615,5692
user,2016-06,27,146,0.0256500351370344,5692
user,2016-06,28,124,0.0217849613492621,5692
user,2016-06,29,112,0.0196767392832044,5692
user,2016-06,30,105,0.0184469430780042,5692
user,2016-06,31,152,0.0267041461700632,5692
user,2016-06,32,84,0.0147575544624033,5692
user,2016-06,33,103,0.0180955727336612,5692
user,2016-06,34,123,0.0216092761770906,5692
user,2016-06,35,130,0.0228390723822909,5692
user,2016-06,36,136,0.0238931834153197,5692
user,2016-06,37,113,0.0198524244553759,5692
user,2016-06,38,146,0.0256500351370344,5692
user,2016-06,39,84,0.0147575544624033,5692
user,2016-06,40,117,0.0205551651440618,5692
user,2016-06,41,149,0.0261770906535488,5692
user,2016-06,42,80,0.0140548137737174,5692
user,2016-06,43,104,0.0182712579058327,5692
user,2016-06,44,121,0.0212579058327477,5692
user,2016-06,45,108,0.0189739985945186,5692
user,2016-06,46,114,0.0200281096275474,5692
user,2016-06,47,110,0.0193253689388615,5692
user,2016-06,48,112,0.0196767392832044,5692
user,2016-06,49,99,0.0173928320449754,5692
user,2016-07,0,146,0.0260854028944077,5597
user,2016-07,1,95,0.0169733785956762,5597
user,2016-07,2,123,0.0219760586028229,5597
user,2016-07,3,109,0.0194747185992495,5597
user,2016-07,4,108,0.0192960514561372,5597
user,2016-07,5,97,0.017330712881901,5597
user,2016-07,6,143,0.0255494014650705,5597
user,2016-07,7,140,0.0250134000357334,5597
user,2016-07,8,113,0.0201893871716991,5597
user,2016-07,9,105,0.0187600500268,5597
user,2016-07,10,129,0.0230480614614972,5597
user,2016-07,11,89,0.0159013757370019,5597
user,2016-07,12,89,0.0159013757370019,5597
user,2016-07,13,112,0.0200107200285867,5597
user,2016-07,14,144,0.0257280686081829,5597
user,2016-07,15,103,0.0184027157405753,5597
user,2016-07,16,89,0.0159013757370019,5597
user,2016-07,17,100,0.0178667143112381,5597
user,2016-07,18,92,0.0164373771663391,5597
user,2016-07,19,88,0.0157227085938895,5597
user,2016-07,20,82,0.0146507057352152,5597
user,2016-07,21,112,0.0200107200285867,5597
user,2016-07,22,84,0.01500804002144,5597
user,2016-07,23,111,0.0198320528854743,5597
user,2016-07,24,84,0.01500804002144,5597
user,2016-07,25,135,0.0241200643201715,5597
user,2016-07,26,111,0.0198320528854743,5597
user,2016-07,27,142,0.0253707343219581,5597
user,2016-07,28,136,0.0242987314632839,5597
user,2016-07,29,116,0.0207253886010362,5597
user,2016-07,30,100,0.0178667143112381,5597
user,2016-07,31,146,0.0260854028944077,5597
user,2016-07,32,78,0.0139360371627657,5597
user,2016-07,33,104,0.0185813828836876,5597
user,2016-07,34,132,0.0235840628908343,5597
user,2016-07,35,121,0.0216187243165981,5597
user,2016-07,36,131,0.0234053957477219,5597
user,2016-07,37,115,0.0205467214579238,5597
user,2016-07,38,146,0.0260854028944077,5597
user,2016-07,39,87,0.0155440414507772,5597
user,2016-07,40,127,0.0226907271752724,5597
user,2016-07,41,144,0.0257280686081829,5597
user,2016-07,42,91,0.0162587100232267,5597
user,2016-07,43,105,0.0187600500268,5597
user,2016-07,44,106,0.0189387171699124,5597
user,2016-07,45,135,0.0241200643201715,5597
user,2016-07,46,83,0.0148293728783276,5597
user,2016-07,47,124,0.0221547257459353,5597
user,2016-07,48,101,0.0180453814543505,5597
user,2016-07,49,94,0.0167947114525638,5597
user,2016-08,0,124,0.0307539682539682,4032
user,2016-08,1,68,0.0168650793650793,4032
user,2016-08,2,65,0.0161210317460317,4032
user,2016-08,3,100,0.0248015873015873,4032
user,2016-08,4,84,0.0208333333333333,4032
user,2016-08,5,65,0.0161210317460317,4032
user,2016-08,6,98,0.0243055555555555,4032
user,2016-08,7,95,0.0235615079365079,4032
user,2016-08,8,74,0.0183531746031746,4032
user,2016-08,9,74,0.0183531746031746,4032
user,2016-08,10,61,0.0151289682539682,4032
user,2016-08,11,40,0.0099206349206349,4032
user,2016-08,12,78,0.019345238095238,4032
user,2016-08,13,76,0.0188492063492063,4032
user,2016-08,14,99,0.0245535714285714,4032
user,2016-08,15,106,0.0262896825396825,4032
user,2016-08,16,66,0.0163690476190476,4032
user,2016-08,17,72,0.0178571428571428,4032
user,2016-08,18,94,0.023313492063492,4032
user,2016-08,19,47,0.011656746031746,4032
user,2016-08,20,68,0.0168650793650793,4032
user,2016-08,21,87,0.0215773809523809,4032
user,2016-08,22,73,0.0181051587301587,4032
user,2016-08,23,78,0.019345238095238,4032
user,2016-08,24,67,0.0166170634920634,4032
user,2016-08,25,95,0.0235615079365079,4032
user,2016-08,26,91,0.0225694444444444,4032
user,2016-08,27,103,0.0255456349206349,4032
user,2016-08,28,94,0.023313492063492,4032
user,2016-08,29,118,0.029265873015873,4032
user,2016-08,30,78,0.019345238095238,4032
user,2016-08,31,93,0.0230654761904761,4032
user,2016-08,32,67,0.0166170634920634,4032
user,2016-08,33,56,0.0138888888888888,4032
user,2016-08,34,88,0.0218253968253968,4032
user,2016-08,35,81,0.0200892857142857,4032
user,2016-08,36,79,0.0195932539682539,4032
user,2016-08,37,70,0.0173611111111111,4032
user,2016-08,38,96,0.0238095238095238,4032
user,2016-08,39,77,0.0190972222222222,4032
user,2016-08,40,70,0.0173611111111111,4032
user,2016-08,41,107,0.0265376984126984,4032
user,2016-08,42,67,0.0166170634920634,4032
user,2016-08,43,66,0.0163690476190476,4032
user,2016-08,44,82,0.0203373015873015,4032
user,2016-08,45,92,0.0228174603174603,4032
user,2016-08,46,72,0.0178571428571428,4032
user,2016-08,47,88,0.0218253968253968,4032
user,2016-08,48,68,0.0168650793650793,4032
user,2016-08,49,75,0.0186011904761904,4032
user,2016-09,0,83,0.0230235783633841,3605
user,2016-09,1,56,0.0155339805825242,3605
user,2016-09,2,61,0.0169209431345353,3605
user,2016-09,3,79,0.0219140083217753,3605
user,2016-09,4,78,0.021636615811373,3605
user,2016-09,5,57,0.0158113730929264,3605
user,2016-09,6,84,0.0233009708737864,3605
user,2016-09,7,88,0.0244105409153952,3605
user,2016-09,8,66,0.0183079056865464,3605
user,2016-09,9,86,0.0238557558945908,3605
user,2016-09,10,77,0.0213592233009708,3605
user,2016-09,11,60,0.0166435506241331,3605
user,2016-09,12,52,0.0144244105409153,3605
user,2016-09,13,82,0.0227461858529819,3605
user,2016-09,14,105,0.029126213592233,3605
user,2016-09,15,84,0.0233009708737864,3605
user,2016-09,16,68,0.0188626907073509,3605
user,2016-09,17,73,0.0202496532593619,3605
user,2016-09,18,65,0.0180305131761442,3605
user,2016-09,19,45,0.0124826629680998,3605
user,2016-09,20,60,0.0166435506241331,3605
user,2016-09,21,54,0.0149791955617198,3605
user,2016-09,22,52,0.0144244105409153,3605
user,2016-09,23,80,0.0221914008321775,3605
user,2016-09,24,65,0.0180305131761442,3605
user,2016-09,25,79,0.0219140083217753,3605
user,2016-09,26,81,0.0224687933425797,3605
user,2016-09,27,82,0.0227461858529819,3605
user,2016-09,28,89,0.0246879334257975,3605
user,2016-09,29,85,0.0235783633841886,3605
user,2016-09,30,88,0.0244105409153952,3605
user,2016-09,31,96,0.026629680998613,3605
user,2016-09,32,68,0.0188626907073509,3605
user,2016-09,33,65,0.0180305131761442,3605
user,2016-09,34,72,0.0199722607489597,3605
user,2016-09,35,68,0.0188626907073509,3605
user,2016-09,36,81,0.0224687933425797,3605
user,2016-09,37,60,0.0166435506241331,3605
user,2016-09,38,70,0.0194174757281553,3605
user,2016-09,39,80,0.0221914008321775,3605
user,2016-09,40,85,0.0235783633841886,3605
user,2016-09,41,105,0.029126213592233,3605
user,2016-09,42,67,0.0185852981969486,3605
user,2016-09,43,53,0.0147018030513176,3605
user,2016-09,44,64,0.017753120665742,3605
user,2016-09,45,80,0.0221914008321775,3605
user,2016-09,46,59,0.0163661581137309,3605
user,2016-09,47,64,0.017753120665742,3605
user,2016-09,48,48,0.0133148404993065,3605
user,2016-09,49,56,0.0155339805825242,3605
user,2016-10,0,122,0.0233985423858841,5214
user,2016-10,1,85,0.0163022631377061,5214
user,2016-10,2,87,0.0166858457997698,5214
user,2016-10,3,119,0.0228231683927886,5214
user,2016-10,4,90,0.0172612197928653,5214
user,2016-10,5,85,0.0163022631377061,5214
user,2016-10,6,103,0.0197545070962792,5214
user,2016-10,7,108,0.0207134637514384,5214
user,2016-10,8,120,0.0230149597238204,5214
user,2016-10,9,98,0.01879555044112,5214
user,2016-10,10,104,0.019946298427311,5214
user,2016-10,11,84,0.0161104718066743,5214
user,2016-10,12,106,0.0203298810893747,5214
user,2016-10,13,101,0.0193709244342155,5214
user,2016-10,14,139,0.0266589950134253,5214
user,2016-10,15,128,0.0245492903720751,5214
user,2016-10,16,97,0.0186037591100882,5214
user,2016-10,17,89,0.0170694284618335,5214
user,2016-10,18,87,0.0166858457997698,5214
user,2016-10,19,84,0.0161104718066743,5214
user,2016-10,20,89,0.0170694284618335,5214
user,2016-10,21,107,0.0205216724204065,5214
user,2016-10,22,106,0.0203298810893747,5214
user,2016-10,23,113,0.0216724204065976,5214
user,2016-10,24,94,0.0180283851169927,5214
user,2016-10,25,111,0.0212888377445339,5214
user,2016-10,26,99,0.0189873417721519,5214
user,2016-10,27,131,0.0251246643651706,5214
user,2016-10,28,126,0.0241657077100115,5214
user,2016-10,29,123,0.0235903337169159,5214
user,2016-10,30,95,0.0182201764480245,5214
user,2016-10,31,141,0.027042577675489,5214
user,2016-10,32,101,0.0193709244342155,5214
user,2016-10,33,81,0.0155350978135788,5214
user,2016-10,34,121,0.0232067510548523,5214
user,2016-10,35,100,0.0191791331031837,5214
user,2016-10,36,90,0.0172612197928653,5214
user,2016-10,37,90,0.0172612197928653,5214
user,2016-10,38,106,0.0203298810893747,5214
user,2016-10,39,84,0.0161104718066743,5214
user,2016-10,40,108,0.0207134637514384,5214
user,2016-10,41,151,0.0289604909858074,5214
user,2016-10,42,101,0.0193709244342155,5214
user,2016-10,43,82,0.0157268891446106,5214
user,2016-10,44,109,0.0209052550824702,5214
user,2016-10,45,88,0.0168776371308016,5214
user,2016-10,46,119,0.0228231683927886,5214
user,2016-10,47,127,0.0243574990410433,5214
user,2016-10,48,105,0.0201380897583429,5214
user,2016-10,49,80,0.0153433064825469,5214
user,2016-11,0,139,0.0240027629079606,5791
user,2016-11,1,78,0.0134691763080642,5791
user,2016-11,2,80,0.0138145398031428,5791
user,2016-11,3,141,0.0243481264030392,5791
user,2016-11,4,122,0.0210671731997927,5791
user,2016-11,5,101,0.0174408565014677,5791
user,2016-11,6,139,0.0240027629079606,5791
user,2016-11,7,159,0.0274563978587463,5791
user,2016-11,8,124,0.0214125366948713,5791
user,2016-11,9,114,0.0196857192194785,5791
user,2016-11,10,111,0.0191676739768606,5791
user,2016-11,11,91,0.0157140390260749,5791
user,2016-11,12,92,0.0158867207736142,5791
user,2016-11,13,116,0.020031082714557,5791
user,2016-11,14,146,0.0252115351407356,5791
user,2016-11,15,149,0.0257295803833534,5791
user,2016-11,16,95,0.016404766016232,5791
user,2016-11,17,95,0.016404766016232,5791
user,2016-11,18,100,0.0172681747539285,5791
user,2016-11,19,78,0.0134691763080642,5791
user,2016-11,20,84,0.0145052667932999,5791
user,2016-11,21,108,0.0186496287342427,5791
user,2016-11,22,108,0.0186496287342427,5791
user,2016-11,23,109,0.018822310481782,5791
user,2016-11,24,92,0.0158867207736142,5791
user,2016-11,25,140,0.0241754446554999,5791
user,2016-11,26,148,0.0255568986358141,5791
user,2016-11,27,138,0.0238300811604213,5791
user,2016-11,28,118,0.0203764462096356,5791
user,2016-11,29,121,0.0208944914522534,5791
user,2016-11,30,121,0.0208944914522534,5791
user,2016-11,31,155,0.0267656708685891,5791
user,2016-11,32,89,0.0153686755309963,5791
user,2016-11,33,97,0.0167501295113106,5791
user,2016-11,34,128,0.0221032636850284,5791
user,2016-11,35,111,0.0191676739768606,5791
user,2016-11,36,127,0.0219305819374892,5791
user,2016-11,37,124,0.0214125366948713,5791
user,2016-11,38,145,0.0250388533931963,5791
user,2016-11,39,101,0.0174408565014677,5791
user,2016-11,40,117,0.0202037644620963,5791
user,2016-11,41,160,0.0276290796062856,5791
user,2016-11,42,104,0.0179589017440856,5791
user,2016-11,43,119,0.0205491279571749,5791
user,2016-11,44,111,0.0191676739768606,5791
user,2016-11,45,113,0.0195130374719392,5791
user,2016-11,46,96,0.0165774477637713,5791
user,2016-11,47,124,0.0214125366948713,5791
user,2016-11,48,90,0.0155413572785356,5791
user,2016-11,49,123,0.021239854947332,5791
user,2016-12,0,238,0.0236439499304589,10066
user,2016-12,1,142,0.0141068944963242,10066
user,2016-12,2,168,0.0166898470097357,10066
user,2016-12,3,216,0.0214583747268031,10066
user,2016-12,4,187,0.0185773892310749,10066
user,2016-12,5,180,0.0178819789390025,10066
user,2016-12,6,232,0.0230478839658255,10066
user,2016-12,7,262,0.0260282137889926,10066
user,2016-12,8,208,0.0206636201072918,10066
user,2016-12,9,171,0.0169878799920524,10066
user,2016-12,10,179,0.0177826346115636,10066
user,2016-12,11,138,0.0137095171865686,10066
user,2016-12,12,211,0.0209616530896085,10066
user,2016-12,13,198,0.0196701768329028,10066
user,2016-12,14,230,0.0228491953109477,10066
user,2016-12,15,224,0.0222531293463143,10066
user,2016-12,16,164,0.0162924696999801,10066
user,2016-12,17,186,0.018478044903636,10066
user,2016-12,18,200,0.0198688654877806,10066
user,2016-12,19,138,0.0137095171865686,10066
user,2016-12,20,173,0.0171865686469302,10066
user,2016-12,21,213,0.0211603417444863,10066
user,2016-12,22,182,0.0180806675938803,10066
user,2016-12,23,189,0.0187760778859527,10066
user,2016-12,24,154,0.015299026425591,10066
user,2016-12,25,255,0.0253328034969203,10066
user,2016-12,26,238,0.0236439499304589,10066
user,2016-12,27,260,0.0258295251341148,10066
user,2016-12,28,170,0.0168885356646135,10066
user,2016-12,29,198,0.0196701768329028,10066
user,2016-12,30,201,0.0199682098152195,10066
user,2016-12,31,234,0.0232465726207033,10066
user,2016-12,32,195,0.0193721438505861,10066
user,2016-12,33,170,0.0168885356646135,10066
user,2016-12,34,211,0.0209616530896085,10066
user,2016-12,35,242,0.0240413272402145,10066
user,2016-12,36,221,0.0219550963639976,10066
user,2016-12,37,195,0.0193721438505861,10066
user,2016-12,38,246,0.0244387045499701,10066
user,2016-12,39,229,0.0227498509835088,10066
user,2016-12,40,209,0.0207629644347307,10066
user,2016-12,41,279,0.027717067355454,10066
user,2016-12,42,174,0.0172859129743691,10066
user,2016-12,43,178,0.0176832902841247,10066
user,2016-12,44,221,0.0219550963639976,10066
user,2016-12,45,179,0.0177826346115636,10066
user,2016-12,46,195,0.0193721438505861,10066
user,2016-12,47,230,0.0228491953109477,10066
user,2016-12,48,183,0.0181800119213192,10066
user,2016-12,49,170,0.0168885356646135,10066
user,2017-01,0,159,0.0211323763955342,7524
user,2017-01,1,116,0.0154173312068048,7524
user,2017-01,2,123,0.0163476874003189,7524
user,2017-01,3,181,0.0240563530037214,7524
user,2017-01,4,132,0.0175438596491228,7524
user,2017-01,5,140,0.0186071238702817,7524
user,2017-01,6,171,0.0227272727272727,7524
user,2017-01,7,189,0.0251196172248803,7524
user,2017-01,8,123,0.0163476874003189,7524
user,2017-01,9,142,0.0188729399255715,7524
user,2017-01,10,155,0.0206007442849548,7524
user,2017-01,11,126,0.0167464114832535,7524
user,2017-01,12,150,0.0199362041467304,7524
user,2017-01,13,196,0.0260499734183944,7524
user,2017-01,14,192,0.0255183413078149,7524
user,2017-01,15,150,0.0199362041467304,7524
user,2017-01,16,123,0.0163476874003189,7524
user,2017-01,17,141,0.0187400318979266,7524
user,2017-01,18,143,0.0190058479532163,7524
user,2017-01,19,130,0.017278043593833,7524
user,2017-01,20,114,0.0151515151515151,7524
user,2017-01,21,152,0.0202020202020202,7524
user,2017-01,22,143,0.0190058479532163,7524
user,2017-01,23,129,0.0171451355661882,7524
user,2017-01,24,123,0.0163476874003189,7524
user,2017-01,25,170,0.0225943646996278,7524
user,2017-01,26,162,0.0215311004784689,7524
user,2017-01,27,160,0.0212652844231791,7524
user,2017-01,28,163,0.0216640085061137,7524
user,2017-01,29,174,0.0231259968102073,7524
user,2017-01,30,160,0.0212652844231791,7524
user,2017-01,31,170,0.0225943646996278,7524
user,2017-01,32,132,0.0175438596491228,7524
user,2017-01,33,128,0.0170122275385433,7524
user,2017-01,34,157,0.0208665603402445,7524
user,2017-01,35,181,0.0240563530037214,7524
user,2017-01,36,165,0.0219298245614035,7524
user,2017-01,37,147,0.0195374800637958,7524
user,2017-01,38,167,0.0221956406166932,7524
user,2017-01,39,157,0.0208665603402445,7524
user,2017-01,40,135,0.0179425837320574,7524
user,2017-01,41,185,0.0245879851143009,7524
user,2017-01,42,135,0.0179425837320574,7524
user,2017-01,43,128,0.0170122275385433,7524
user,2017-01,44,169,0.0224614566719829,7524
user,2017-01,45,143,0.0190058479532163,7524
user,2017-01,46,148,0.0196703880914407,7524
user,2017-01,47,172,0.0228601807549175,7524
user,2017-01,48,134,0.0178096757044125,7524
user,2017-01,49,139,0.0184742158426368,7524
user,2017-02,0,90,0.0210133084286714,4283
user,2017-02,1,74,0.0172776091524632,4283
user,2017-02,2,86,0.0200793836096194,4283
user,2017-02,3,92,0.0214802708381975,4283
user,2017-02,4,74,0.0172776091524632,4283
user,2017-02,5,68,0.0158767219238851,4283
user,2017-02,6,107,0.0249824889096427,4283
user,2017-02,7,106,0.0247490077048797,4283
user,2017-02,8,76,0.0177445715619892,4283
user,2017-02,9,95,0.0221807144524865,4283
user,2017-02,10,90,0.0210133084286714,4283
user,2017-02,11,73,0.0170441279477002,4283
user,2017-02,12,88,0.0205463460191454,4283
user,2017-02,13,81,0.0189119775858043,4283
user,2017-02,14,111,0.0259164137286948,4283
user,2017-02,15,87,0.0203128648143824,4283
user,2017-02,16,84,0.0196124212000933,4283
user,2017-02,17,72,0.0168106467429371,4283
user,2017-02,18,65,0.015176278309596,4283
user,2017-02,19,59,0.0137753910810179,4283
user,2017-02,20,71,0.0165771655381741,4283
user,2017-02,21,89,0.0207798272239084,4283
user,2017-02,22,57,0.0133084286714919,4283
user,2017-02,23,82,0.0191454587905673,4283
user,2017-02,24,86,0.0200793836096194,4283
user,2017-02,25,92,0.0214802708381975,4283
user,2017-02,26,106,0.0247490077048797,4283
user,2017-02,27,95,0.0221807144524865,4283
user,2017-02,28,87,0.0203128648143824,4283
user,2017-02,29,98,0.0228811580667756,4283
user,2017-02,30,80,0.0186784963810413,4283
user,2017-02,31,82,0.0191454587905673,4283
user,2017-02,32,65,0.015176278309596,4283
user,2017-02,33,66,0.015409759514359,4283
user,2017-02,34,91,0.0212467896334345,4283
user,2017-02,35,107,0.0249824889096427,4283
user,2017-02,36,89,0.0207798272239084,4283
user,2017-02,37,78,0.0182115339715152,4283
user,2017-02,38,103,0.0240485640905907,4283
user,2017-02,39,90,0.0210133084286714,4283
user,2017-02,40,93,0.0217137520429605,4283
user,2017-02,41,104,0.0242820452953537,4283
user,2017-02,42,81,0.0189119775858043,4283
user,2017-02,43,78,0.0182115339715152,4283
user,2017-02,44,80,0.0186784963810413,4283
user,2017-02,45,75,0.0175110903572262,4283
user,2017-02,46,97,0.0226476768620126,4283
user,2017-02,47,109,0.0254494513191688,4283
user,2017-02,48,79,0.0184450151762783,4283
user,2017-02,49,95,0.0221807144524865,4283
user,2017-03,0,113,0.0236797988264878,4772
user,2017-03,1,74,0.0155071248952221,4772
user,2017-03,2,76,0.0159262363788767,4772
user,2017-03,3,88,0.0184409052808046,4772
user,2017-03,4,97,0.0203269069572506,4772
user,2017-03,5,80,0.016764459346186,4772
user,2017-03,6,95,0.0199077954735959,4772
user,2017-03,7,138,0.0289186923721709,4772
user,2017-03,8,102,0.0213746856663872,4772
user,2017-03,9,90,0.0188600167644593,4772
user,2017-03,10,79,0.0165549036043587,4772
user,2017-03,11,79,0.0165549036043587,4772
user,2017-03,12,79,0.0165549036043587,4772
user,2017-03,13,92,0.0192791282481139,4772
user,2017-03,14,120,0.0251466890192791,4772
user,2017-03,15,102,0.0213746856663872,4772
user,2017-03,16,76,0.0159262363788767,4772
user,2017-03,17,79,0.0165549036043587,4772
user,2017-03,18,90,0.0188600167644593,4772
user,2017-03,19,58,0.0121542330259849,4772
user,2017-03,20,78,0.0163453478625314,4772
user,2017-03,21,86,0.01802179379715,4772
user,2017-03,22,97,0.0203269069572506,4772
user,2017-03,23,79,0.0165549036043587,4772
user,2017-03,24,88,0.0184409052808046,4772
user,2017-03,25,124,0.0259849119865884,4772
user,2017-03,26,125,0.0261944677284157,4772
user,2017-03,27,115,0.0240989103101424,4772
user,2017-03,28,94,0.0196982397317686,4772
user,2017-03,29,94,0.0196982397317686,4772
user,2017-03,30,83,0.017393126571668,4772
user,2017-03,31,101,0.0211651299245599,4772
user,2017-03,32,79,0.0165549036043587,4772
user,2017-03,33,70,0.0146689019279128,4772
user,2017-03,34,118,0.0247275775356244,4772
user,2017-03,35,111,0.0232606873428331,4772
user,2017-03,36,94,0.0196982397317686,4772
user,2017-03,37,88,0.0184409052808046,4772
user,2017-03,38,116,0.0243084660519698,4772
user,2017-03,39,86,0.01802179379715,4772
user,2017-03,40,101,0.0211651299245599,4772
user,2017-03,41,101,0.0211651299245599,4772
user,2017-03,42,101,0.0211651299245599,4772
user,2017-03,43,91,0.0190695725062866,4772
user,2017-03,44,126,0.026404023470243,4772
user,2017-03,45,99,0.0207460184409052,4772
user,2017-03,46,96,0.0201173512154233,4772
user,2017-03,47,103,0.0215842414082145,4772
user,2017-03,48,104,0.0217937971500419,4772
user,2017-03,49,117,0.0245180217937971,4772
user,2017-04,0,116,0.0245554614733276,4724
user,2017-04,1,72,0.0152413209144792,4724
user,2017-04,2,70,0.014817950889077,4724
user,2017-04,3,92,0.0194750211685012,4724
user,2017-04,4,76,0.0160880609652836,4724
user,2017-04,5,74,0.0156646909398814,4724
user,2017-04,6,91,0.0192633361558001,4724
user,2017-04,7,128,0.0270956816257408,4724
user,2017-04,8,101,0.0213801862828111,4724
user,2017-04,9,75,0.0158763759525825,4724
user,2017-04,10,96,0.0203217612193056,4724
user,2017-04,11,70,0.014817950889077,4724
user,2017-04,12,89,0.0188399661303979,4724
user,2017-04,13,94,0.0198983911939034,4724
user,2017-04,14,114,0.0241320914479254,4724
user,2017-04,15,109,0.0230736663844199,4724
user,2017-04,16,91,0.0192633361558001,4724
user,2017-04,17,75,0.0158763759525825,4724
user,2017-04,18,91,0.0192633361558001,4724
user,2017-04,19,83,0.0175698560541913,4724
user,2017-04,20,85,0.0179932260795935,4724
user,2017-04,21,98,0.0207451312447078,4724
user,2017-04,22,79,0.0167231160033869,4724
user,2017-04,23,93,0.0196867061812023,4724
user,2017-04,24,67,0.0141828958509737,4724
user,2017-04,25,96,0.0203217612193056,4724
user,2017-04,26,113,0.0239204064352243,4724
user,2017-04,27,122,0.0258255715495342,4724
user,2017-04,28,121,0.0256138865368331,4724
user,2017-04,29,84,0.0177815410668924,4724
user,2017-04,30,109,0.0230736663844199,4724
user,2017-04,31,132,0.0279424216765453,4724
user,2017-04,32,73,0.0154530059271803,4724
user,2017-04,33,92,0.0194750211685012,4724
user,2017-04,34,107,0.0226502963590177,4724
user,2017-04,35,98,0.0207451312447078,4724
user,2017-04,36,107,0.0226502963590177,4724
user,2017-04,37,99,0.0209568162574089,4724
user,2017-04,38,112,0.0237087214225232,4724
user,2017-04,39,104,0.0220152413209144,4724
user,2017-04,40,113,0.0239204064352243,4724
user,2017-04,41,114,0.0241320914479254,4724
user,2017-04,42,81,0.0171464860287891,4724
user,2017-04,43,81,0.0171464860287891,4724
user,2017-04,44,87,0.0184165961049957,4724
user,2017-04,45,83,0.0175698560541913,4724
user,2017-04,46,84,0.0177815410668924,4724
user,2017-04,47,103,0.0218035563082133,4724
user,2017-04,48,81,0.0171464860287891,4724
user,2017-04,49,99,0.0209568162574089,4724
user,2017-05,0,135,0.0280898876404494,4806
user,2017-05,1,95,0.0197669579692051,4806
user,2017-05,2,74,0.0153974198918019,4806
user,2017-05,3,101,0.0210153974198918,4806
user,2017-05,4,92,0.0191427382438618,4806
user,2017-05,5,81,0.0168539325842696,4806
user,2017-05,6,109,0.0226799833541406,4806
user,2017-05,7,124,0.0258010819808572,4806
user,2017-05,8,86,0.0178942987931752,4806
user,2017-05,9,96,0.0199750312109862,4806
user,2017-05,10,91,0.0189346650020807,4806
user,2017-05,11,57,0.011860174781523,4806
user,2017-05,12,95,0.0197669579692051,4806
user,2017-05,13,88,0.0183104452767374,4806
user,2017-05,14,109,0.0226799833541406,4806
user,2017-05,15,104,0.0216396171452351,4806
user,2017-05,16,84,0.0174781523096129,4806
user,2017-05,17,82,0.0170620058260507,4806
user,2017-05,18,103,0.021431543903454,4806
user,2017-05,19,77,0.0160216396171452,4806
user,2017-05,20,89,0.0185185185185185,4806
user,2017-05,21,103,0.021431543903454,4806
user,2017-05,22,92,0.0191427382438618,4806
user,2017-05,23,97,0.0201831044527673,4806
user,2017-05,24,78,0.0162297128589263,4806
user,2017-05,25,107,0.0222638368705784,4806
user,2017-05,26,108,0.0224719101123595,4806
user,2017-05,27,132,0.0274656679151061,4806
user,2017-05,28,96,0.0199750312109862,4806
user,2017-05,29,109,0.0226799833541406,4806
user,2017-05,30,118,0.0245526425301706,4806
user,2017-05,31,87,0.0181023720349563,4806
user,2017-05,32,99,0.0205992509363295,4806
user,2017-05,33,68,0.0141489804411152,4806
user,2017-05,34,107,0.0222638368705784,4806
user,2017-05,35,116,0.0241364960466084,4806
user,2017-05,36,99,0.0205992509363295,4806
user,2017-05,37,96,0.0199750312109862,4806
user,2017-05,38,102,0.0212234706616729,4806
user,2017-05,39,96,0.0199750312109862,4806
user,2017-05,40,91,0.0189346650020807,4806
user,2017-05,41,123,0.0255930087390761,4806
user,2017-05,42,94,0.019558884727424,4806
user,2017-05,43,84,0.0174781523096129,4806
user,2017-05,44,88,0.0183104452767374,4806
user,2017-05,45,93,0.0193508114856429,4806
user,2017-05,46,80,0.0166458593424885,4806
user,2017-05,47,92,0.0191427382438618,4806
user,2017-05,48,92,0.0191427382438618,4806
user,2017-05,49,87,0.0181023720349563,4806
user,2017-06,0,114,0.0248366013071895,4590
user,2017-06,1,75,0.0163398692810457,4590
user,2017-06,2,72,0.0156862745098039,4590
user,2017-06,3,95,0.0206971677559912,4590
user,2017-06,4,96,0.0209150326797385,4590
user,2017-06,5,71,0.0154684095860566,4590
user,2017-06,6,114,0.0248366013071895,4590
user,2017-06,7,97,0.0211328976034858,4590
user,2017-06,8,84,0.0183006535947712,4590
user,2017-06,9,85,0.0185185185185185,4590
user,2017-06,10,85,0.0185185185185185,4590
user,2017-06,11,79,0.0172113289760348,4590
user,2017-06,12,75,0.0163398692810457,4590
user,2017-06,13,77,0.0167755991285403,4590
user,2017-06,14,119,0.0259259259259259,4590
user,2017-06,15,108,0.0235294117647058,4590
user,2017-06,16,93,0.0202614379084967,4590
user,2017-06,17,85,0.0185185185185185,4590
user,2017-06,18,91,0.0198257080610021,4590
user,2017-06,19,63,0.0137254901960784,4590
user,2017-06,20,84,0.0183006535947712,4590
user,2017-06,21,95,0.0206971677559912,4590
user,2017-06,22,93,0.0202614379084967,4590
user,2017-06,23,98,0.0213507625272331,4590
user,2017-06,24,78,0.0169934640522875,4590
user,2017-06,25,91,0.0198257080610021,4590
user,2017-06,26,118,0.0257080610021786,4590
user,2017-06,27,114,0.0248366013071895,4590
user,2017-06,28,110,0.0239651416122004,4590
user,2017-06,29,89,0.0193899782135076,4590
user,2017-06,30,88,0.0191721132897603,4590
user,2017-06,31,100,0.0217864923747276,4590
user,2017-06,32,81,0.0176470588235294,4590
user,2017-06,33,62,0.0135076252723311,4590
user,2017-06,34,101,0.0220043572984749,4590
user,2017-06,35,108,0.0235294117647058,4590
user,2017-06,36,99,0.0215686274509803,4590
user,2017-06,37,93,0.0202614379084967,4590
user,2017-06,38,117,0.0254901960784313,4590
user,2017-06,39,90,0.0196078431372549,4590
user,2017-06,40,104,0.0226579520697167,4590
user,2017-06,41,111,0.0241830065359477,4590
user,2017-06,42,78,0.0169934640522875,4590
user,2017-06,43,89,0.0193899782135076,4590
user,2017-06,44,87,0.018954248366013,4590
user,2017-06,45,88,0.0191721132897603,4590
user,2017-06,46,75,0.0163398692810457,4590
user,2017-06,47,89,0.0193899782135076,4590
user,2017-06,48,95,0.0206971677559912,4590
user,2017-06,49,87,0.018954248366013,4590
user,2017-07,0,135,0.0265069703514627,5093
user,2017-07,1,77,0.0151187904967602,5093
user,2017-07,2,88,0.0172786177105831,5093
user,2017-07,3,112,0.0219909679952876,5093
user,2017-07,4,98,0.0192420969958766,5093
user,2017-07,5,113,0.022187315923817,5093
user,2017-07,6,91,0.0178676614961712,5093
user,2017-07,7,135,0.0265069703514627,5093
user,2017-07,8,90,0.0176713135676418,5093
user,2017-07,9,121,0.0237580993520518,5093
user,2017-07,10,75,0.0147260946397015,5093
user,2017-07,11,91,0.0178676614961712,5093
user,2017-07,12,92,0.0180640094247005,5093
user,2017-07,13,104,0.0204201845670528,5093
user,2017-07,14,120,0.0235617514235224,5093
user,2017-07,15,126,0.0247398389946986,5093
user,2017-07,16,85,0.016689573924995,5093
user,2017-07,17,101,0.0198311407814647,5093
user,2017-07,18,106,0.0208128804241115,5093
user,2017-07,19,80,0.0157078342823483,5093
user,2017-07,20,94,0.0184567052817592,5093
user,2017-07,21,99,0.019438444924406,5093
user,2017-07,22,105,0.0206165324955821,5093
user,2017-07,23,109,0.0214019242096995,5093
user,2017-07,24,81,0.0159041822108776,5093
user,2017-07,25,114,0.0223836638523463,5093
user,2017-07,26,114,0.0223836638523463,5093
user,2017-07,27,122,0.0239544472805811,5093
user,2017-07,28,114,0.0223836638523463,5093
user,2017-07,29,103,0.0202238366385234,5093
user,2017-07,30,100,0.0196347928529354,5093
user,2017-07,31,113,0.022187315923817,5093
user,2017-07,32,95,0.0186530532102886,5093
user,2017-07,33,74,0.0145297467111721,5093
user,2017-07,34,98,0.0192420969958766,5093
user,2017-07,35,122,0.0239544472805811,5093
user,2017-07,36,98,0.0192420969958766,5093
user,2017-07,37,91,0.0178676614961712,5093
user,2017-07,38,124,0.0243471431376398,5093
user,2017-07,39,104,0.0204201845670528,5093
user,2017-07,40,106,0.0208128804241115,5093
user,2017-07,41,133,0.026114274494404,5093
user,2017-07,42,80,0.0157078342823483,5093
user,2017-07,43,95,0.0186530532102886,5093
user,2017-07,44,99,0.019438444924406,5093
user,2017-07,45,82,0.016100530139407,5093
user,2017-07,46,83,0.0162968780679363,5093
user,2017-07,47,99,0.019438444924406,5093
user,2017-07,48,100,0.0196347928529354,5093
user,2017-07,49,102,0.0200274887099941,5093
user,2017-08,0,133,0.0263157894736842,5054
user,2017-08,1,81,0.0160269093787099,5054
user,2017-08,2,81,0.0160269093787099,5054
user,2017-08,3,99,0.019588444796201,5054
user,2017-08,4,88,0.0174119509299564,5054
user,2017-08,5,85,0.0168183616937079,5054
user,2017-08,6,131,0.0259200633161852,5054
user,2017-08,7,142,0.0280965571824297,5054
user,2017-08,8,115,0.0227542540561931,5054
user,2017-08,9,87,0.0172140878512069,5054
user,2017-08,10,77,0.0152354570637119,5054
user,2017-08,11,73,0.0144440047487138,5054
user,2017-08,12,96,0.0189948555599525,5054
user,2017-08,13,126,0.0249307479224376,5054
user,2017-08,14,136,0.0269093787099327,5054
user,2017-08,15,110,0.0217649386624455,5054
user,2017-08,16,99,0.019588444796201,5054
user,2017-08,17,85,0.0168183616937079,5054
user,2017-08,18,109,0.021567075583696,5054
user,2017-08,19,80,0.0158290462999604,5054
user,2017-08,20,77,0.0152354570637119,5054
user,2017-08,21,104,0.0205777601899485,5054
user,2017-08,22,93,0.0184012663237039,5054
user,2017-08,23,114,0.0225563909774436,5054
user,2017-08,24,66,0.0130589631974673,5054
user,2017-08,25,107,0.021171349426197,5054
user,2017-08,26,118,0.0233478432924416,5054
user,2017-08,27,128,0.0253264740799366,5054
user,2017-08,28,109,0.021567075583696,5054
user,2017-08,29,100,0.0197863078749505,5054
user,2017-08,30,95,0.018796992481203,5054
user,2017-08,31,123,0.0243371586861891,5054
user,2017-08,32,78,0.0154333201424614,5054
user,2017-08,33,80,0.0158290462999604,5054
user,2017-08,34,117,0.0231499802136921,5054
user,2017-08,35,109,0.021567075583696,5054
user,2017-08,36,115,0.0227542540561931,5054
user,2017-08,37,97,0.019192718638702,5054
user,2017-08,38,100,0.0197863078749505,5054
user,2017-08,39,103,0.020379897111199,5054
user,2017-08,40,92,0.0182034032449544,5054
user,2017-08,41,121,0.0239414325286901,5054
user,2017-08,42,77,0.0152354570637119,5054
user,2017-08,43,90,0.0178076770874554,5054
user,2017-08,44,114,0.0225563909774436,5054
user,2017-08,45,102,0.0201820340324495,5054
user,2017-08,46,117,0.0231499802136921,5054
user,2017-08,47,102,0.0201820340324495,5054
user,2017-08,48,79,0.0156311832212109,5054
user,2017-08,49,94,0.0185991294024535,5054
user,2017-09,0,111,0.0237738273720282,4669
user,2017-09,1,69,0.0147783251231527,4669
user,2017-09,2,51,0.0109231098736346,4669
user,2017-09,3,108,0.0231312914971085,4669
user,2017-09,4,99,0.0212036838723495,4669
user,2017-09,5,84,0.0179910044977511,4669
user,2017-09,6,103,0.0220603983722424,4669
user,2017-09,7,115,0.0246305418719211,4669
user,2017-09,8,109,0.0233454701220818,4669
user,2017-09,9,97,0.020775326622403,4669
user,2017-09,10,76,0.0162775754979653,4669
user,2017-09,11,61,0.0130648961233668,4669
user,2017-09,12,71,0.0152066823730991,4669
user,2017-09,13,89,0.0190618976226172,4669
user,2017-09,14,140,0.0299850074962518,4669
user,2017-09,15,87,0.0186335403726708,4669
user,2017-09,16,88,0.018847718997644,4669
user,2017-09,17,76,0.0162775754979653,4669
user,2017-09,18,107,0.0229171128721353,4669
user,2017-09,19,54,0.0115656457485542,4669
user,2017-09,20,72,0.0154208609980723,4669
user,2017-09,21,100,0.0214178624973227,4669
user,2017-09,22,93,0.0199186121225101,4669
user,2017-09,23,112,0.0239880059970015,4669
user,2017-09,24,79,0.0169201113728849,4669
user,2017-09,25,100,0.0214178624973227,4669
user,2017-09,26,95,0.0203469693724566,4669
user,2017-09,27,114,0.0244163632469479,4669
user,2017-09,28,123,0.026343970871707,4669
user,2017-09,29,80,0.0171342899978582,4669
user,2017-09,30,115,0.0246305418719211,4669
user,2017-09,31,112,0.0239880059970015,4669
user,2017-09,32,84,0.0179910044977511,4669
user,2017-09,33,73,0.0156350396230456,4669
user,2017-09,34,105,0.0224887556221889,4669
user,2017-09,35,108,0.0231312914971085,4669
user,2017-09,36,88,0.018847718997644,4669
user,2017-09,37,85,0.0182051831227243,4669
user,2017-09,38,105,0.0224887556221889,4669
user,2017-09,39,96,0.0205611479974298,4669
user,2017-09,40,102,0.0218462197472692,4669
user,2017-09,41,101,0.0216320411222959,4669
user,2017-09,42,86,0.0184193617476975,4669
user,2017-09,43,82,0.0175626472478046,4669
user,2017-09,44,94,0.0201327907474834,4669
user,2017-09,45,83,0.0177768258727778,4669
user,2017-09,46,103,0.0220603983722424,4669
user,2017-09,47,111,0.0237738273720282,4669
user,2017-09,48,76,0.0162775754979653,4669
user,2017-09,49,97,0.020775326622403,4669
user,2017-10,0,123,0.0239439361495036,5137
user,2017-10,1,92,0.0179092855752384,5137
user,2017-10,2,86,0.0167412886898968,5137
user,2017-10,3,115,0.022386606969048,5137
user,2017-10,4,80,0.0155732918045551,5137
user,2017-10,5,82,0.015962624099669,5137
user,2017-10,6,99,0.019271948608137,5137
user,2017-10,7,104,0.0202452793459217,5137
user,2017-10,8,105,0.0204399454934786,5137
user,2017-10,9,98,0.0190772824605801,5137
user,2017-10,10,111,0.0216079423788203,5137
user,2017-10,11,88,0.0171306209850107,5137
user,2017-10,12,100,0.0194666147556939,5137
user,2017-10,13,115,0.022386606969048,5137
user,2017-10,14,144,0.0280319252481993,5137
user,2017-10,15,114,0.0221919408214911,5137
user,2017-10,16,101,0.0196612809032509,5137
user,2017-10,17,89,0.0173252871325676,5137
user,2017-10,18,98,0.0190772824605801,5137
user,2017-10,19,76,0.0147946272143274,5137
user,2017-10,20,83,0.016157290247226,5137
user,2017-10,21,114,0.0221919408214911,5137
user,2017-10,22,105,0.0204399454934786,5137
user,2017-10,23,119,0.0231652715592758,5137
user,2017-10,24,87,0.0169359548374537,5137
user,2017-10,25,114,0.0221919408214911,5137
user,2017-10,26,103,0.0200506131983648,5137
user,2017-10,27,131,0.0255012653299591,5137
user,2017-10,28,117,0.0227759392641619,5137
user,2017-10,29,108,0.0210239439361495,5137
user,2017-10,30,95,0.0184932840179092,5137
user,2017-10,31,100,0.0194666147556939,5137
user,2017-10,32,93,0.0181039517227954,5137
user,2017-10,33,79,0.0153786256569982,5137
user,2017-10,34,108,0.0210239439361495,5137
user,2017-10,35,127,0.0247226007397313,5137
user,2017-10,36,100,0.0194666147556939,5137
user,2017-10,37,110,0.0214132762312633,5137
user,2017-10,38,116,0.022581273116605,5137
user,2017-10,39,83,0.016157290247226,5137
user,2017-10,40,110,0.0214132762312633,5137
user,2017-10,41,133,0.0258905976250729,5137
user,2017-10,42,94,0.0182986178703523,5137
user,2017-10,43,99,0.019271948608137,5137
user,2017-10,44,103,0.0200506131983648,5137
user,2017-10,45,91,0.0177146194276815,5137
user,2017-10,46,94,0.0182986178703523,5137
user,2017-10,47,106,0.0206346116410356,5137
user,2017-10,48,104,0.0202452793459217,5137
user,2017-10,49,91,0.0177146194276815,5137
user,2017-11,0,117,0.0197002862434753,5939
user,2017-11,1,130,0.0218892069371948,5939
user,2017-11,2,85,0.0143121737666273,5939
user,2017-11,3,128,0.0215524499073918,5939
user,2017-11,4,108,0.0181848796093618,5939
user,2017-11,5,99,0.0166694729752483,5939
user,2017-11,6,148,0.0249200202054217,5939
user,2017-11,7,142,0.0239097491160127,5939
user,2017-11,8,117,0.0197002862434753,5939
user,2017-11,9,104,0.0175113655497558,5939
user,2017-11,10,107,0.0180165010944603,5939
user,2017-11,11,105,0.0176797440646573,5939
user,2017-11,12,96,0.0161643374305438,5939
user,2017-11,13,127,0.0213840713924903,5939
user,2017-11,14,201,0.0338440814952012,5939
user,2017-11,15,140,0.0235729920862098,5939
user,2017-11,16,105,0.0176797440646573,5939
user,2017-11,17,96,0.0161643374305438,5939
user,2017-11,18,122,0.0205421788179828,5939
user,2017-11,19,92,0.0154908233709378,5939
user,2017-11,20,79,0.0133019026772183,5939
user,2017-11,21,115,0.0193635292136723,5939
user,2017-11,22,100,0.0168378514901498,5939
user,2017-11,23,120,0.0202054217881798,5939
user,2017-11,24,97,0.0163327159454453,5939
user,2017-11,25,131,0.0220575854520963,5939
user,2017-11,26,147,0.0247516416905202,5939
user,2017-11,27,145,0.0244148846607172,5939
user,2017-11,28,129,0.0217208284222933,5939
user,2017-11,29,118,0.0198686647583768,5939
user,2017-11,30,112,0.0188583936689678,5939
user,2017-11,31,145,0.0244148846607172,5939
user,2017-11,32,96,0.0161643374305438,5939
user,2017-11,33,106,0.0178481225795588,5939
user,2017-11,34,120,0.0202054217881798,5939
user,2017-11,35,137,0.0230678565415053,5939
user,2017-11,36,123,0.0207105573328843,5939
user,2017-11,37,116,0.0195319077285738,5939
user,2017-11,38,148,0.0249200202054217,5939
user,2017-11,39,125,0.0210473143626873,5939
user,2017-11,40,131,0.0220575854520963,5939
user,2017-11,41,151,0.0254251557501262,5939
user,2017-11,42,95,0.0159959589156423,5939
user,2017-11,43,109,0.0183532581242633,5939
user,2017-11,44,114,0.0191951506987708,5939
user,2017-11,45,91,0.0153224448560363,5939
user,2017-11,46,115,0.0193635292136723,5939
user,2017-11,47,119,0.0200370432732783,5939
user,2017-11,48,125,0.0210473143626873,5939
user,2017-11,49,111,0.0186900151540663,5939
user,2017-12,0,236,0.0232374950768018,10156
user,2017-12,1,155,0.0152619141394249,10156
user,2017-12,2,141,0.0138834186687672,10156
user,2017-12,3,244,0.0240252067743205,10156
user,2017-12,4,198,0.019495864513588,10156
user,2017-12,5,142,0.013981882630957,10156
user,2017-12,6,192,0.0189050807404489,10156
user,2017-12,7,275,0.0270775896022055,10156
user,2017-12,8,198,0.019495864513588,10156
user,2017-12,9,182,0.0179204411185506,10156
user,2017-12,10,199,0.0195943284757778,10156
user,2017-12,11,163,0.0160496258369436,10156
user,2017-12,12,184,0.0181173690429302,10156
user,2017-12,13,209,0.0205789680976762,10156
user,2017-12,14,283,0.0278653012997243,10156
user,2017-12,15,236,0.0232374950768018,10156
user,2017-12,16,210,0.020677432059866,10156
user,2017-12,17,170,0.0167388735722725,10156
user,2017-12,18,245,0.0241236707365104,10156
user,2017-12,19,148,0.0145726664040961,10156
user,2017-12,20,168,0.0165419456478928,10156
user,2017-12,21,199,0.0195943284757778,10156
user,2017-12,22,171,0.0168373375344623,10156
user,2017-12,23,165,0.0162465537613233,10156
user,2017-12,24,163,0.0160496258369436,10156
user,2017-12,25,201,0.0197912564001575,10156
user,2017-12,26,224,0.0220559275305238,10156
user,2017-12,27,246,0.0242221346987002,10156
user,2017-12,28,208,0.0204805041354864,10156
user,2017-12,29,200,0.0196927924379677,10156
user,2017-12,30,209,0.0205789680976762,10156
user,2017-12,31,298,0.0293422607325718,10156
user,2017-12,32,146,0.0143757384797164,10156
user,2017-12,33,180,0.0177235131941709,10156
user,2017-12,34,211,0.0207758960220559,10156
user,2017-12,35,257,0.0253052382827884,10156
user,2017-12,36,227,0.0223513194170933,10156
user,2017-12,37,230,0.0226467113036628,10156
user,2017-12,38,219,0.0215636077195746,10156
user,2017-12,39,165,0.0162465537613233,10156
user,2017-12,40,231,0.0227451752658526,10156
user,2017-12,41,293,0.0288499409216226,10156
user,2017-12,42,175,0.0172311933832217,10156
user,2017-12,43,187,0.0184127609294998,10156
user,2017-12,44,207,0.0203820401732965,10156
user,2017-12,45,208,0.0204805041354864,10156
user,2017-12,46,175,0.0172311933832217,10156
user,2017-12,47,193,0.0190035447026388,10156
user,2017-12,48,176,0.0173296573454115,10156
user,2017-12,49,214,0.0210712879086254,10156
user,2018-01,0,141,0.0220174890693316,6404
user,2018-01,1,106,0.0165521549031855,6404
user,2018-01,2,101,0.0157713928794503,6404
user,2018-01,3,143,0.0223297938788257,6404
user,2018-01,4,113,0.0176452217364147,6404
user,2018-01,5,116,0.0181136789506558,6404
user,2018-01,6,123,0.019206745783885,6404
user,2018-01,7,175,0.0273266708307307,6404
user,2018-01,8,134,0.0209244222361024,6404
user,2018-01,9,119,0.0185821361648969,6404
user,2018-01,10,137,0.0213928794503435,6404
user,2018-01,11,109,0.0170206121174266,6404
user,2018-01,12,105,0.0163960024984384,6404
user,2018-01,13,133,0.0207682698313554,6404
user,2018-01,14,172,0.0268582136164896,6404
user,2018-01,15,134,0.0209244222361024,6404
user,2018-01,16,113,0.0176452217364147,6404
user,2018-01,17,105,0.0163960024984384,6404
user,2018-01,18,111,0.0173329169269206,6404
user,2018-01,19,89,0.0138975640224859,6404
user,2018-01,20,99,0.0154590880699562,6404
user,2018-01,21,110,0.0171767645221736,6404
user,2018-01,22,110,0.0171767645221736,6404
user,2018-01,23,120,0.0187382885696439,6404
user,2018-01,24,118,0.0184259837601499,6404
user,2018-01,25,133,0.0207682698313554,6404
user,2018-01,26,170,0.0265459088069956,6404
user,2018-01,27,139,0.0217051842598376,6404
user,2018-01,28,136,0.0212367270455965,6404
user,2018-01,29,143,0.0223297938788257,6404
user,2018-01,30,132,0.0206121174266083,6404
user,2018-01,31,151,0.0235790131168019,6404
user,2018-01,32,99,0.0154590880699562,6404
user,2018-01,33,105,0.0163960024984384,6404
user,2018-01,34,143,0.0223297938788257,6404
user,2018-01,35,151,0.0235790131168019,6404
user,2018-01,36,137,0.0213928794503435,6404
user,2018-01,37,118,0.0184259837601499,6404
user,2018-01,38,125,0.0195190505933791,6404
user,2018-01,39,145,0.0226420986883198,6404
user,2018-01,40,118,0.0184259837601499,6404
user,2018-01,41,197,0.0307620237351655,6404
user,2018-01,42,130,0.0202998126171143,6404
user,2018-01,43,111,0.0173329169269206,6404
user,2018-01,44,145,0.0226420986883198,6404
user,2018-01,45,123,0.019206745783885,6404
user,2018-01,46,132,0.0206121174266083,6404
user,2018-01,47,118,0.0184259837601499,6404
user,2018-01,48,120,0.0187382885696439,6404
user,2018-01,49,147,0.0229544034978138,6404
user,2018-02,0,103,0.022391304347826,4600
user,2018-02,1,80,0.017391304347826,4600
user,2018-02,2,68,0.0147826086956521,4600
user,2018-02,3,89,0.0193478260869565,4600
user,2018-02,4,92,0.02,4600
user,2018-02,5,82,0.0178260869565217,4600
user,2018-02,6,97,0.0210869565217391,4600
user,2018-02,7,116,0.0252173913043478,4600
user,2018-02,8,77,0.0167391304347826,4600
user,2018-02,9,100,0.0217391304347826,4600
user,2018-02,10,78,0.0169565217391304,4600
user,2018-02,11,84,0.0182608695652173,4600
user,2018-02,12,82,0.0178260869565217,4600
user,2018-02,13,95,0.0206521739130434,4600
user,2018-02,14,120,0.0260869565217391,4600
user,2018-02,15,90,0.0195652173913043,4600
user,2018-02,16,93,0.0202173913043478,4600
user,2018-02,17,84,0.0182608695652173,4600
user,2018-02,18,93,0.0202173913043478,4600
user,2018-02,19,69,0.015,4600
user,2018-02,20,85,0.0184782608695652,4600
user,2018-02,21,97,0.0210869565217391,4600
user,2018-02,22,84,0.0182608695652173,4600
user,2018-02,23,69,0.015,4600
user,2018-02,24,68,0.0147826086956521,4600
user,2018-02,25,92,0.02,4600
user,2018-02,26,120,0.0260869565217391,4600
user,2018-02,27,124,0.0269565217391304,4600
user,2018-02,28,94,0.0204347826086956,4600
user,2018-02,29,93,0.0202173913043478,4600
user,2018-02,30,102,0.0221739130434782,4600
user,2018-02,31,105,0.0228260869565217,4600
user,2018-02,32,79,0.0171739130434782,4600
user,2018-02,33,87,0.0189130434782608,4600
user,2018-02,34,97,0.0210869565217391,4600
user,2018-02,35,72,0.0156521739130434,4600
user,2018-02,36,96,0.0208695652173913,4600
user,2018-02,37,87,0.0189130434782608,4600
user,2018-02,38,101,0.0219565217391304,4600
user,2018-02,39,88,0.0191304347826086,4600
user,2018-02,40,121,0.0263043478260869,4600
user,2018-02,41,128,0.0278260869565217,4600
user,2018-02,42,84,0.0182608695652173,4600
user,2018-02,43,85,0.0184782608695652,4600
user,2018-02,44,107,0.0232608695652173,4600
user,2018-02,45,83,0.0180434782608695,4600
user,2018-02,46,93,0.0202173913043478,4600
user,2018-02,47,100,0.0217391304347826,4600
user,2018-02,48,79,0.0171739130434782,4600
user,2018-02,49,88,0.0191304347826086,4600
user,2018-03,0,106,0.0249941051638764,4241
user,2018-03,1,68,0.0160339542560716,4241
user,2018-03,2,56,0.0132044329167649,4241
user,2018-03,3,82,0.0193350624852629,4241
user,2018-03,4,71,0.0167413345908983,4241
user,2018-03,5,87,0.020514029709974,4241
user,2018-03,6,92,0.0216929969346852,4241
user,2018-03,7,114,0.0268804527234142,4241
user,2018-03,8,84,0.0198066493751473,4241
user,2018-03,9,94,0.0221645838245696,4241
user,2018-03,10,82,0.0193350624852629,4241
user,2018-03,11,62,0.0146191935864182,4241
user,2018-03,12,70,0.0165055411459561,4241
user,2018-03,13,101,0.0238151379391652,4241
user,2018-03,14,102,0.0240509313841075,4241
user,2018-03,15,84,0.0198066493751473,4241
user,2018-03,16,76,0.0179203018156095,4241
user,2018-03,17,73,0.0172129214807828,4241
user,2018-03,18,117,0.0275878330582409,4241
user,2018-03,19,57,0.0134402263617071,4241
user,2018-03,20,76,0.0179203018156095,4241
user,2018-03,21,89,0.0209856165998585,4241
user,2018-03,22,80,0.0188634755953784,4241
user,2018-03,23,76,0.0179203018156095,4241
user,2018-03,24,77,0.0181560952605517,4241
user,2018-03,25,97,0.0228719641593963,4241
user,2018-03,26,99,0.0233435510492808,4241
user,2018-03,27,85,0.0200424428200896,4241
user,2018-03,28,78,0.0183918887054939,4241
user,2018-03,29,82,0.0193350624852629,4241
user,2018-03,30,90,0.0212214100448007,4241
user,2018-03,31,116,0.0273520396132987,4241
user,2018-03,32,69,0.0162697477010139,4241
user,2018-03,33,53,0.0124970525819382,4241
user,2018-03,34,85,0.0200424428200896,4241
user,2018-03,35,79,0.0186276821504362,4241
user,2018-03,36,107,0.0252298986088186,4241
user,2018-03,37,77,0.0181560952605517,4241
user,2018-03,38,83,0.0195708559302051,4241
user,2018-03,39,91,0.0214572034897429,4241
user,2018-03,40,78,0.0183918887054939,4241
user,2018-03,41,133,0.0313605281773166,4241
user,2018-03,42,85,0.0200424428200896,4241
user,2018-03,43,62,0.0146191935864182,4241
user,2018-03,44,93,0.0219287903796274,4241
user,2018-03,45,79,0.0186276821504362,4241
user,2018-03,46,84,0.0198066493751473,4241
user,2018-03,47,93,0.0219287903796274,4241
user,2018-03,48,69,0.0162697477010139,4241
user,2018-03,49,98,0.0231077576043386,4241
user,2018-04,0,103,0.0184060042887777,5596
user,2018-04,1,88,0.0157255182273052,5596
user,2018-04,2,87,0.0155468191565403,5596
user,2018-04,3,135,0.0241243745532523,5596
user,2018-04,4,93,0.0166190135811293,5596
user,2018-04,5,90,0.0160829163688348,5596
user,2018-04,6,103,0.0184060042887777,5596
user,2018-04,7,137,0.0244817726947819,5596
user,2018-04,8,96,0.0171551107934238,5596
user,2018-04,9,112,0.0200142959256611,5596
user,2018-04,10,94,0.0167977126518942,5596
user,2018-04,11,81,0.0144746247319513,5596
user,2018-04,12,97,0.0173338098641887,5596
user,2018-04,13,136,0.0243030736240171,5596
user,2018-04,14,153,0.0273409578270193,5596
user,2018-04,15,117,0.0209077912794853,5596
user,2018-04,16,107,0.019120800571837,5596
user,2018-04,17,106,0.0189421015010721,5596
user,2018-04,18,131,0.0234095782701929,5596
user,2018-04,19,85,0.0151894210150107,5596
user,2018-04,20,98,0.0175125089349535,5596
user,2018-04,21,95,0.016976411722659,5596
user,2018-04,22,110,0.0196568977841315,5596
user,2018-04,23,115,0.0205503931379556,5596
user,2018-04,24,108,0.0192994996426018,5596
user,2018-04,25,103,0.0184060042887777,5596
user,2018-04,26,121,0.0216225875625446,5596
user,2018-04,27,146,0.0260900643316654,5596
user,2018-04,28,126,0.0225160829163688,5596
user,2018-04,29,133,0.0237669764117226,5596
user,2018-04,30,130,0.0232308791994281,5596
user,2018-04,31,152,0.0271622587562544,5596
user,2018-04,32,79,0.0141172265904217,5596
user,2018-04,33,95,0.016976411722659,5596
user,2018-04,34,127,0.0226947819871336,5596
user,2018-04,35,129,0.0230521801286633,5596
user,2018-04,36,126,0.0225160829163688,5596
user,2018-04,37,123,0.0219799857040743,5596
user,2018-04,38,111,0.0198355968548963,5596
user,2018-04,39,90,0.0160829163688348,5596
user,2018-04,40,129,0.0230521801286633,5596
user,2018-04,41,166,0.0296640457469621,5596
user,2018-04,42,83,0.014832022873481,5596
user,2018-04,43,97,0.0173338098641887,5596
user,2018-04,44,97,0.0173338098641887,5596
user,2018-04,45,116,0.0207290922087205,5596
user,2018-04,46,105,0.0187634024303073,5596
user,2018-04,47,122,0.0218012866333095,5596
user,2018-04,48,96,0.0171551107934238,5596
user,2018-04,49,117,0.0209077912794853,5596
user,2018-05,0,148,0.0220730797912005,6705
user,2018-05,1,99,0.0147651006711409,6705
user,2018-05,2,129,0.0192393736017897,6705
user,2018-05,3,145,0.0216256524981357,6705
user,2018-05,4,142,0.0211782252050708,6705
user,2018-05,5,129,0.0192393736017897,6705
user,2018-05,6,125,0.0186428038777032,6705
user,2018-05,7,159,0.0237136465324384,6705
user,2018-05,8,129,0.0192393736017897,6705
user,2018-05,9,126,0.0187919463087248,6705
user,2018-05,10,114,0.0170022371364653,6705
user,2018-05,11,114,0.0170022371364653,6705
user,2018-05,12,112,0.016703952274422,6705
user,2018-05,13,143,0.0213273676360924,6705
user,2018-05,14,182,0.0271439224459358,6705
user,2018-05,15,150,0.0223713646532438,6705
user,2018-05,16,116,0.0173005219985085,6705
user,2018-05,17,124,0.0184936614466815,6705
user,2018-05,18,110,0.0164056674123788,6705
user,2018-05,19,97,0.0144668158090976,6705
user,2018-05,20,111,0.0165548098434004,6705
user,2018-05,21,112,0.016703952274422,6705
user,2018-05,22,143,0.0213273676360924,6705
user,2018-05,23,134,0.0199850857568978,6705
user,2018-05,24,122,0.0181953765846383,6705
user,2018-05,25,127,0.0189410887397464,6705
user,2018-05,26,170,0.0253542132736763,6705
user,2018-05,27,141,0.0210290827740492,6705
user,2018-05,28,143,0.0213273676360924,6705
user,2018-05,29,132,0.0196868008948545,6705
user,2018-05,30,139,0.0207307979120059,6705
user,2018-05,31,188,0.0280387770320656,6705
user,2018-05,32,110,0.0164056674123788,6705
user,2018-05,33,106,0.0158090976882923,6705
user,2018-05,34,133,0.0198359433258762,6705
user,2018-05,35,144,0.021476510067114,6705
user,2018-05,36,133,0.0198359433258762,6705
user,2018-05,37,146,0.0217747949291573,6705
user,2018-05,38,142,0.0211782252050708,6705
user,2018-05,39,128,0.019090231170768,6705
user,2018-05,40,175,0.0260999254287844,6705
user,2018-05,41,160,0.0238627889634601,6705
user,2018-05,42,148,0.0220730797912005,6705
user,2018-05,43,112,0.016703952274422,6705
user,2018-05,44,151,0.0225205070842654,6705
user,2018-05,45,129,0.0192393736017897,6705
user,2018-05,46,121,0.0180462341536167,6705
user,2018-05,47,142,0.0211782252050708,6705
user,2018-05,48,129,0.0192393736017897,6705
user,2018-05,49,141,0.0210290827740492,6705
user,2018-06,0,132,0.0243138699576349,5429
user,2018-06,1,85,0.0156566586848406,5429
user,2018-06,2,90,0.0165776386074783,5429
user,2018-06,3,109,0.0200773623135015,5429
user,2018-06,4,121,0.022287714127832,5429
user,2018-06,5,98,0.0180512064836986,5429
user,2018-06,6,124,0.0228403020814146,5429
user,2018-06,7,150,0.0276293976791305,5429
user,2018-06,8,108,0.019893166328974,5429
user,2018-06,9,124,0.0228403020814146,5429
user,2018-06,10,98,0.0180512064836986,5429
user,2018-06,11,75,0.0138146988395652,5429
user,2018-06,12,108,0.019893166328974,5429
user,2018-06,13,123,0.022656106096887,5429
user,2018-06,14,147,0.0270768097255479,5429
user,2018-06,15,98,0.0180512064836986,5429
user,2018-06,16,102,0.0187879904218088,5429
user,2018-06,17,106,0.0195247743599189,5429
user,2018-06,18,113,0.0208141462516117,5429
user,2018-06,19,76,0.0139988948240928,5429
user,2018-06,20,87,0.0160250506538957,5429
user,2018-06,21,95,0.017498618530116,5429
user,2018-06,22,90,0.0165776386074783,5429
user,2018-06,23,100,0.0184195984527537,5429
user,2018-06,24,87,0.0160250506538957,5429
user,2018-06,25,118,0.0217351261742494,5429
user,2018-06,26,136,0.025050653895745,5429
user,2018-06,27,122,0.0224719101123595,5429
user,2018-06,28,124,0.0228403020814146,5429
user,2018-06,29,83,0.0152882667157855,5429
user,2018-06,30,127,0.0233928900349972,5429
user,2018-06,31,146,0.0268926137410204,5429
user,2018-06,32,92,0.0169460305765334,5429
user,2018-06,33,80,0.0147356787622029,5429
user,2018-06,34,106,0.0195247743599189,5429
user,2018-06,35,128,0.0235770860195247,5429
user,2018-06,36,115,0.0211825382206667,5429
user,2018-06,37,92,0.0169460305765334,5429
user,2018-06,38,117,0.0215509301897218,5429
user,2018-06,39,99,0.0182354024682261,5429
user,2018-06,40,100,0.0184195984527537,5429
user,2018-06,41,137,0.0252348498802726,5429
user,2018-06,42,107,0.0197089703444464,5429
user,2018-06,43,89,0.0163934426229508,5429
user,2018-06,44,124,0.0228403020814146,5429
user,2018-06,45,105,0.0193405783753914,5429
user,2018-06,46,117,0.0215509301897218,5429
user,2018-06,47,122,0.0224719101123595,5429
user,2018-06,48,75,0.0138146988395652,5429
user,2018-06,49,122,0.0224719101123595,5429
user,2018-07,0,95,0.0198247078464106,4792
user,2018-07,1,76,0.0158597662771285,4792
user,2018-07,2,69,0.0143989983305509,4792
user,2018-07,3,91,0.0189899833055091,4792
user,2018-07,4,106,0.0221202003338898,4792
user,2018-07,5,89,0.0185726210350584,4792
user,2018-07,6,94,0.0196160267111853,4792
user,2018-07,7,118,0.0246243739565943,4792
user,2018-07,8,102,0.0212854757929883,4792
user,2018-07,9,103,0.0214941569282136,4792
user,2018-07,10,87,0.0181552587646076,4792
user,2018-07,11,69,0.0143989983305509,4792
user,2018-07,12,78,0.0162771285475793,4792
user,2018-07,13,100,0.0208681135225375,4792
user,2018-07,14,143,0.0298414023372287,4792
user,2018-07,15,117,0.0244156928213689,4792
user,2018-07,16,72,0.015025041736227,4792
user,2018-07,17,90,0.0187813021702838,4792
user,2018-07,18,125,0.0260851419031719,4792
user,2018-07,19,74,0.0154424040066777,4792
user,2018-07,20,70,0.0146076794657762,4792
user,2018-07,21,106,0.0221202003338898,4792
user,2018-07,22,85,0.0177378964941569,4792
user,2018-07,23,93,0.0194073455759599,4792
user,2018-07,24,76,0.0158597662771285,4792
user,2018-07,25,82,0.0171118530884808,4792
user,2018-07,26,116,0.0242070116861435,4792
user,2018-07,27,104,0.021702838063439,4792
user,2018-07,28,95,0.0198247078464106,4792
user,2018-07,29,95,0.0198247078464106,4792
user,2018-07,30,109,0.0227462437395659,4792
user,2018-07,31,122,0.0254590984974958,4792
user,2018-07,32,60,0.0125208681135225,4792
user,2018-07,33,86,0.0179465776293823,4792
user,2018-07,34,81,0.0169031719532554,4792
user,2018-07,35,108,0.0225375626043405,4792
user,2018-07,36,76,0.0158597662771285,4792
user,2018-07,37,94,0.0196160267111853,4792
user,2018-07,38,115,0.0239983305509181,4792
user,2018-07,39,98,0.0204507512520868,4792
user,2018-07,40,94,0.0196160267111853,4792
user,2018-07,41,146,0.0304674457429048,4792
user,2018-07,42,101,0.0210767946577629,4792
user,2018-07,43,91,0.0189899833055091,4792
user,2018-07,44,85,0.0177378964941569,4792
user,2018-07,45,98,0.0204507512520868,4792
user,2018-07,46,104,0.021702838063439,4792
user,2018-07,47,114,0.0237896494156928,4792
user,2018-07,48,86,0.0179465776293823,4792
user,2018-07,49,104,0.021702838063439,4792
user,2018-08,0,105,0.0247000705716302,4251
user,2018-08,1,74,0.0174076687838155,4251
user,2018-08,2,74,0.0174076687838155,4251
user,2018-08,3,105,0.0247000705716302,4251
user,2018-08,4,78,0.018348623853211,4251
user,2018-08,5,71,0.0167019524817689,4251
user,2018-08,6,88,0.0207010115266996,4251
user,2018-08,7,95,0.0223476828981416,4251
user,2018-08,8,89,0.0209362502940484,4251
user,2018-08,9,76,0.0178781463185132,4251
user,2018-08,10,85,0.019995295224653,4251
user,2018-08,11,62,0.0145848035756292,4251
user,2018-08,12,82,0.0192895789226064,4251
user,2018-08,13,89,0.0209362502940484,4251
user,2018-08,14,110,0.0258762644083745,4251
user,2018-08,15,90,0.0211714890613973,4251
user,2018-08,16,67,0.0157609974123735,4251
user,2018-08,17,83,0.0195248176899553,4251
user,2018-08,18,89,0.0209362502940484,4251
user,2018-08,19,56,0.0131733709715361,4251
user,2018-08,20,67,0.0157609974123735,4251
user,2018-08,21,79,0.0185838626205598,4251
user,2018-08,22,76,0.0178781463185132,4251
user,2018-08,23,73,0.0171724300164667,4251
user,2018-08,24,80,0.0188191013879087,4251
user,2018-08,25,96,0.0225829216654904,4251
user,2018-08,26,88,0.0207010115266996,4251
user,2018-08,27,86,0.0202305339920018,4251
user,2018-08,28,94,0.0221124441307927,4251
user,2018-08,29,90,0.0211714890613973,4251
user,2018-08,30,82,0.0192895789226064,4251
user,2018-08,31,109,0.0256410256410256,4251
user,2018-08,32,64,0.0150552811103269,4251
user,2018-08,33,83,0.0195248176899553,4251
user,2018-08,34,88,0.0207010115266996,4251
user,2018-08,35,99,0.023288637967537,4251
user,2018-08,36,82,0.0192895789226064,4251
user,2018-08,37,74,0.0174076687838155,4251
user,2018-08,38,95,0.0223476828981416,4251
user,2018-08,39,99,0.023288637967537,4251
user,2018-08,40,100,0.0235238767348859,4251
user,2018-08,41,105,0.0247000705716302,4251
user,2018-08,42,78,0.018348623853211,4251
user,2018-08,43,72,0.0169371912491178,4251
user,2018-08,44,83,0.0195248176899553,4251
user,2018-08,45,109,0.0256410256410256,4251
user,2018-08,46,81,0.0190543401552575,4251
user,2018-08,47,74,0.0174076687838155,4251
user,2018-08,48,76,0.0178781463185132,4251
user,2018-08,49,101,0.0237591155022347,4251
user,2018-09,0,80,0.0216333153055705,3698
user,2018-09,1,61,0.0164954029204975,3698
user,2018-09,2,56,0.0151433207138994,3698
user,2018-09,3,86,0.0232558139534883,3698
user,2018-09,4,70,0.0189291508923742,3698
user,2018-09,5,66,0.0178474851270957,3698
user,2018-09,6,76,0.020551649540292,3698
user,2018-09,7,100,0.0270416441319632,3698
user,2018-09,8,71,0.0191995673336938,3698
user,2018-09,9,73,0.0197404002163331,3698
user,2018-09,10,53,0.0143320713899405,3698
user,2018-09,11,64,0.0173066522444564,3698
user,2018-09,12,69,0.0186587344510546,3698
user,2018-09,13,67,0.0181179015684153,3698
user,2018-09,14,109,0.0294753921038399,3698
user,2018-09,15,84,0.0227149810708491,3698
user,2018-09,16,64,0.0173066522444564,3698
user,2018-09,17,70,0.0189291508923742,3698
user,2018-09,18,83,0.0224445646295294,3698
user,2018-09,19,48,0.0129799891833423,3698
user,2018-09,20,55,0.0148729042725797,3698
user,2018-09,21,71,0.0191995673336938,3698
user,2018-09,22,70,0.0189291508923742,3698
user,2018-09,23,71,0.0191995673336938,3698
user,2018-09,24,65,0.017577068685776,3698
user,2018-09,25,79,0.0213628988642509,3698
user,2018-09,26,75,0.0202812330989724,3698
user,2018-09,27,86,0.0232558139534883,3698
user,2018-09,28,85,0.0229853975121687,3698
user,2018-09,29,74,0.0200108166576527,3698
user,2018-09,30,60,0.0162249864791779,3698
user,2018-09,31,100,0.0270416441319632,3698
user,2018-09,32,62,0.0167658193618172,3698
user,2018-09,33,65,0.017577068685776,3698
user,2018-09,34,83,0.0224445646295294,3698
user,2018-09,35,92,0.0248783126014061,3698
user,2018-09,36,76,0.020551649540292,3698
user,2018-09,37,73,0.0197404002163331,3698
user,2018-09,38,82,0.0221741481882098,3698
user,2018-09,39,80,0.0216333153055705,3698
user,2018-09,40,76,0.020551649540292,3698
user,2018-09,41,112,0.0302866414277988,3698
user,2018-09,42,62,0.0167658193618172,3698
user,2018-09,43,73,0.0197404002163331,3698
user,2018-09,44,72,0.0194699837750135,3698
user,2018-09,45,66,0.0178474851270957,3698
user,2018-09,46,78,0.0210924824229313,3698
user,2018-09,47,72,0.0194699837750135,3698
user,2018-09,48,64,0.0173066522444564,3698
user,2018-09,49,69,0.0186587344510546,3698
user,2018-10,0,85,0.0199718045112781,4256
user,2018-10,1,72,0.0169172932330827,4256
user,2018-10,2,65,0.0152725563909774,4256
user,2018-10,3,93,0.0218515037593984,4256
user,2018-10,4,72,0.0169172932330827,4256
user,2018-10,5,89,0.0209116541353383,4256
user,2018-10,6,93,0.0218515037593984,4256
user,2018-10,7,122,0.0286654135338345,4256
user,2018-10,8,81,0.019031954887218,4256
user,2018-10,9,66,0.0155075187969924,4256
user,2018-10,10,78,0.0183270676691729,4256
user,2018-10,11,58,0.0136278195488721,4256
user,2018-10,12,94,0.0220864661654135,4256
user,2018-10,13,70,0.0164473684210526,4256
user,2018-10,14,112,0.0263157894736842,4256
user,2018-10,15,105,0.0246710526315789,4256
user,2018-10,16,79,0.0185620300751879,4256
user,2018-10,17,72,0.0169172932330827,4256
user,2018-10,18,79,0.0185620300751879,4256
user,2018-10,19,65,0.0152725563909774,4256
user,2018-10,20,59,0.0138627819548872,4256
user,2018-10,21,91,0.0213815789473684,4256
user,2018-10,22,81,0.019031954887218,4256
user,2018-10,23,98,0.0230263157894736,4256
user,2018-10,24,76,0.0178571428571428,4256
user,2018-10,25,103,0.0242011278195488,4256
user,2018-10,26,109,0.025610902255639,4256
user,2018-10,27,103,0.0242011278195488,4256
user,2018-10,28,76,0.0178571428571428,4256
user,2018-10,29,89,0.0209116541353383,4256
user,2018-10,30,89,0.0209116541353383,4256
user,2018-10,31,99,0.0232612781954887,4256
user,2018-10,32,57,0.0133928571428571,4256
user,2018-10,33,84,0.0197368421052631,4256
user,2018-10,34,78,0.0183270676691729,4256
user,2018-10,35,112,0.0263157894736842,4256
user,2018-10,36,92,0.0216165413533834,4256
user,2018-10,37,84,0.0197368421052631,4256
user,2018-10,38,99,0.0232612781954887,4256
user,2018-10,39,97,0.0227913533834586,4256
user,2018-10,40,89,0.0209116541353383,4256
user,2018-10,41,121,0.0284304511278195,4256
user,2018-10,42,75,0.0176221804511278,4256
user,2018-10,43,70,0.0164473684210526,4256
user,2018-10,44,81,0.019031954887218,4256
user,2018-10,45,75,0.0176221804511278,4256
user,2018-10,46,79,0.0185620300751879,4256
user,2018-10,47,90,0.0211466165413533,4256
user,2018-10,48,65,0.0152725563909774,4256
user,2018-10,49,85,0.0199718045112781,4256
user,2018-11,0,140,0.0197155330235178,7101
user,2018-11,1,105,0.0147866497676383,7101
user,2018-11,2,108,0.0152091254752851,7101
user,2018-11,3,178,0.025066891987044,7101
user,2018-11,4,130,0.0183072806646951,7101
user,2018-11,5,139,0.0195747077876355,7101
user,2018-11,6,124,0.0174623292494014,7101
user,2018-11,7,185,0.0260526686382199,7101
user,2018-11,8,116,0.0163357273623433,7101
user,2018-11,9,163,0.02295451344881,7101
user,2018-11,10,116,0.0163357273623433,7101
user,2018-11,11,105,0.0147866497676383,7101
user,2018-11,12,153,0.0215462610899873,7101
user,2018-11,13,160,0.0225320377411632,7101
user,2018-11,14,191,0.0268976200535135,7101
user,2018-11,15,162,0.0228136882129277,7101
user,2018-11,16,127,0.0178848049570483,7101
user,2018-11,17,124,0.0174623292494014,7101
user,2018-11,18,150,0.0211237853823405,7101
user,2018-11,19,106,0.0149274750035206,7101
user,2018-11,20,102,0.0143641740599915,7101
user,2018-11,21,154,0.0216870863258695,7101
user,2018-11,22,148,0.0208421349105759,7101
user,2018-11,23,161,0.0226728629770454,7101
user,2018-11,24,124,0.0174623292494014,7101
user,2018-11,25,153,0.0215462610899873,7101
user,2018-11,26,161,0.0226728629770454,7101
user,2018-11,27,130,0.0183072806646951,7101
user,2018-11,28,165,0.0232361639205745,7101
user,2018-11,29,125,0.0176031544852837,7101
user,2018-11,30,158,0.0222503872693986,7101
user,2018-11,31,219,0.0308407266582171,7101
user,2018-11,32,118,0.0166173778341078,7101
user,2018-11,33,105,0.0147866497676383,7101
user,2018-11,34,116,0.0163357273623433,7101
user,2018-11,35,162,0.0228136882129277,7101
user,2018-11,36,147,0.0207013096746937,7101
user,2018-11,37,133,0.0187297563723419,7101
user,2018-11,38,182,0.0256301929305731,7101
user,2018-11,39,136,0.0191522320799887,7101
user,2018-11,40,150,0.0211237853823405,7101
user,2018-11,41,238,0.0335164061399802,7101
user,2018-11,42,108,0.0152091254752851,7101
user,2018-11,43,113,0.0159132516546965,7101
user,2018-11,44,122,0.0171806787776369,7101
user,2018-11,45,149,0.0209829601464582,7101
user,2018-11,46,136,0.0191522320799887,7101
user,2018-11,47,151,0.0212646106182227,7101
user,2018-11,48,112,0.0157724264188142,7101
user,2018-11,49,141,0.0198563582594,7101
user,2018-12,0,147,0.0233630006357279,6292
user,2018-12,1,83,0.013191354100445,6292
user,2018-12,2,113,0.0179593134138588,6292
user,2018-12,3,134,0.0212968849332485,6292
user,2018-12,4,109,0.0173235855054036,6292
user,2018-12,5,120,0.0190718372536554,6292
user,2018-12,6,124,0.0197075651621106,6292
user,2018-12,7,156,0.024793388429752,6292
user,2018-12,8,119,0.0189129052765416,6292
user,2018-12,9,134,0.0212968849332485,6292
user,2018-12,10,118,0.0187539732994278,6292
user,2018-12,11,98,0.0155753337571519,6292
user,2018-12,12,109,0.0173235855054036,6292
user,2018-12,13,140,0.0222504767959313,6292
user,2018-12,14,148,0.0235219326128417,6292
user,2018-12,15,125,0.0198664971392244,6292
user,2018-12,16,124,0.0197075651621106,6292
user,2018-12,17,102,0.0162110616656071,6292
user,2018-12,18,115,0.0182771773680864,6292
user,2018-12,19,76,0.0120788302606484,6292
user,2018-12,20,111,0.0176414494596312,6292
user,2018-12,21,143,0.0227272727272727,6292
user,2018-12,22,129,0.0205022250476795,6292
user,2018-12,23,129,0.0205022250476795,6292
user,2018-12,24,113,0.0179593134138588,6292
user,2018-12,25,129,0.0205022250476795,6292
user,2018-12,26,160,0.0254291163382072,6292
user,2018-12,27,148,0.0235219326128417,6292
user,2018-12,28,145,0.0230451366815003,6292
user,2018-12,29,118,0.0187539732994278,6292
user,2018-12,30,129,0.0205022250476795,6292
user,2018-12,31,170,0.0270184361093452,6292
user,2018-12,32,99,0.0157342657342657,6292
user,2018-12,33,89,0.0141449459631277,6292
user,2018-12,34,129,0.0205022250476795,6292
user,2018-12,35,164,0.0260648442466624,6292
user,2018-12,36,132,0.0209790209790209,6292
user,2018-12,37,111,0.0176414494596312,6292
user,2018-12,38,132,0.0209790209790209,6292
user,2018-12,39,117,0.018595041322314,6292
user,2018-12,40,108,0.0171646535282898,6292
user,2018-12,41,200,0.031786395422759,6292
user,2018-12,42,134,0.0212968849332485,6292
user,2018-12,43,116,0.0184361093452002,6292
user,2018-12,44,111,0.0176414494596312,6292
user,2018-12,45,107,0.017005721551176,6292
user,2018-12,46,132,0.0209790209790209,6292
user,2018-12,47,130,0.0206611570247933,6292
user,2018-12,48,123,0.0195486331849968,6292
user,2018-12,49,140,0.0222504767959313,6292
user,2019-01,0,131,0.0230026338893766,5695
user,2019-01,1,104,0.0182616330114135,5695
user,2019-01,2,84,0.0147497805092186,5695
user,2019-01,3,148,0.0259877085162423,5695
user,2019-01,4,113,0.0198419666374012,5695
user,2019-01,5,88,0.0154521510096575,5695
user,2019-01,6,123,0.0215978928884986,5695
user,2019-01,7,130,0.0228270412642669,5695
user,2019-01,8,120,0.0210711150131694,5695
user,2019-01,9,110,0.0193151887620719,5695
user,2019-01,10,103,0.0180860403863037,5695
user,2019-01,11,87,0.0152765583845478,5695
user,2019-01,12,108,0.0189640035118525,5695
user,2019-01,13,92,0.0161545215100965,5695
user,2019-01,14,140,0.0245829675153643,5695
user,2019-01,15,136,0.0238805970149253,5695
user,2019-01,16,117,0.0205443371378402,5695
user,2019-01,17,96,0.0168568920105355,5695
user,2019-01,18,126,0.0221246707638279,5695
user,2019-01,19,60,0.0105355575065847,5695
user,2019-01,20,93,0.0163301141352063,5695
user,2019-01,21,107,0.0187884108867427,5695
user,2019-01,22,105,0.0184372256365232,5695
user,2019-01,23,119,0.0208955223880597,5695
user,2019-01,24,106,0.018612818261633,5695
user,2019-01,25,121,0.0212467076382791,5695
user,2019-01,26,126,0.0221246707638279,5695
user,2019-01,27,112,0.0196663740122914,5695
user,2019-01,28,132,0.0231782265144863,5695
user,2019-01,29,131,0.0230026338893766,5695
user,2019-01,30,119,0.0208955223880597,5695
user,2019-01,31,140,0.0245829675153643,5695
user,2019-01,32,104,0.0182616330114135,5695
user,2019-01,33,97,0.0170324846356453,5695
user,2019-01,34,115,0.0201931518876207,5695
user,2019-01,35,157,0.02756804214223,5695
user,2019-01,36,114,0.0200175592625109,5695
user,2019-01,37,93,0.0163301141352063,5695
user,2019-01,38,124,0.0217734855136084,5695
user,2019-01,39,98,0.017208077260755,5695
user,2019-01,40,125,0.0219490781387181,5695
user,2019-01,41,162,0.0284460052677787,5695
user,2019-01,42,101,0.0177348551360842,5695
user,2019-01,43,116,0.0203687445127304,5695
user,2019-01,44,124,0.0217734855136084,5695
user,2019-01,45,101,0.0177348551360842,5695
user,2019-01,46,112,0.0196663740122914,5695
user,2019-01,47,117,0.0205443371378402,5695
user,2019-01,48,98,0.017208077260755,5695
user,2019-01,49,110,0.0193151887620719,5695
user,2019-02,0,84,0.020066889632107,4186
user,2019-02,1,67,0.0160057333970377,4186
user,2019-02,2,72,0.0172001911132345,4186
user,2019-02,3,116,0.0277114190157668,4186
user,2019-02,4,81,0.0193502150023889,4186
user,2019-02,5,61,0.0145723841376015,4186
user,2019-02,6,74,0.0176779741997133,4186
user,2019-02,7,98,0.0234113712374581,4186
user,2019-02,8,77,0.0183946488294314,4186
user,2019-02,9,78,0.0186335403726708,4186
user,2019-02,10,100,0.0238891543239369,4186
user,2019-02,11,59,0.0140946010511227,4186
user,2019-02,12,84,0.020066889632107,4186
user,2019-02,13,100,0.0238891543239369,4186
user,2019-02,14,126,0.0301003344481605,4186
user,2019-02,15,66,0.0157668418537983,4186
user,2019-02,16,96,0.0229335881509794,4186
user,2019-02,17,64,0.0152890587673196,4186
user,2019-02,18,98,0.0234113712374581,4186
user,2019-02,19,65,0.015527950310559,4186
user,2019-02,20,78,0.0186335403726708,4186
user,2019-02,21,75,0.0179168657429527,4186
user,2019-02,22,60,0.0143334925943621,4186
user,2019-02,23,90,0.0215002388915432,4186
user,2019-02,24,82,0.0195891065456282,4186
user,2019-02,25,83,0.0198279980888676,4186
user,2019-02,26,99,0.0236502627806975,4186
user,2019-02,27,91,0.0217391304347826,4186
user,2019-02,28,91,0.0217391304347826,4186
user,2019-02,29,72,0.0172001911132345,4186
user,2019-02,30,110,0.0262780697563306,4186
user,2019-02,31,103,0.024605828953655,4186
user,2019-02,32,68,0.0162446249402771,4186
user,2019-02,33,72,0.0172001911132345,4186
user,2019-02,34,70,0.0167224080267558,4186
user,2019-02,35,80,0.0191113234591495,4186
user,2019-02,36,88,0.0210224558050645,4186
user,2019-02,37,72,0.0172001911132345,4186
user,2019-02,38,72,0.0172001911132345,4186
user,2019-02,39,81,0.0193502150023889,4186
user,2019-02,40,97,0.0231724796942188,4186
user,2019-02,41,110,0.0262780697563306,4186
user,2019-02,42,78,0.0186335403726708,4186
user,2019-02,43,73,0.0174390826564739,4186
user,2019-02,44,91,0.0217391304347826,4186
user,2019-02,45,103,0.024605828953655,4186
user,2019-02,46,86,0.0205446727185857,4186
user,2019-02,47,81,0.0193502150023889,4186
user,2019-02,48,76,0.018155757286192,4186
user,2019-02,49,88,0.0210224558050645,4186
user,2019-03,0,92,0.0192307692307692,4784
user,2019-03,1,84,0.0175585284280936,4784
user,2019-03,2,80,0.0167224080267558,4784
user,2019-03,3,222,0.0464046822742474,4784
user,2019-03,4,94,0.0196488294314381,4784
user,2019-03,5,99,0.0206939799331103,4784
user,2019-03,6,85,0.017767558528428,4784
user,2019-03,7,121,0.0252926421404682,4784
user,2019-03,8,101,0.0211120401337792,4784
user,2019-03,9,93,0.0194397993311036,4784
user,2019-03,10,85,0.017767558528428,4784
user,2019-03,11,64,0.0133779264214046,4784
user,2019-03,12,78,0.0163043478260869,4784
user,2019-03,13,129,0.0269648829431438,4784
user,2019-03,14,125,0.026128762541806,4784
user,2019-03,15,114,0.023829431438127,4784
user,2019-03,16,75,0.0156772575250836,4784
user,2019-03,17,84,0.0175585284280936,4784
user,2019-03,18,79,0.0165133779264214,4784
user,2019-03,19,61,0.0127508361204013,4784
user,2019-03,20,76,0.015886287625418,4784
user,2019-03,21,79,0.0165133779264214,4784
user,2019-03,22,96,0.020066889632107,4784
user,2019-03,23,102,0.0213210702341137,4784
user,2019-03,24,78,0.0163043478260869,4784
user,2019-03,25,92,0.0192307692307692,4784
user,2019-03,26,90,0.0188127090301003,4784
user,2019-03,27,111,0.0232023411371237,4784
user,2019-03,28,97,0.0202759197324414,4784
user,2019-03,29,81,0.0169314381270903,4784
user,2019-03,30,142,0.0296822742474916,4784
user,2019-03,31,131,0.0273829431438127,4784
user,2019-03,32,68,0.0142140468227424,4784
user,2019-03,33,67,0.014005016722408,4784
user,2019-03,34,98,0.0204849498327759,4784
user,2019-03,35,108,0.0225752508361204,4784
user,2019-03,36,85,0.017767558528428,4784
user,2019-03,37,92,0.0192307692307692,4784
user,2019-03,38,113,0.0236204013377926,4784
user,2019-03,39,85,0.017767558528428,4784
user,2019-03,40,94,0.0196488294314381,4784
user,2019-03,41,107,0.0223662207357859,4784
user,2019-03,42,80,0.0167224080267558,4784
user,2019-03,43,85,0.017767558528428,4784
user,2019-03,44,105,0.021948160535117,4784
user,2019-03,45,88,0.0183946488294314,4784
user,2019-03,46,99,0.0206939799331103,4784
user,2019-03,47,97,0.0202759197324414,4784
user,2019-03,48,81,0.0169314381270903,4784
user,2019-03,49,92,0.0192307692307692,4784
user,2019-04,0,88,0.0213023480997337,4131
user,2019-04,1,78,0.0188816267247639,4131
user,2019-04,2,75,0.018155410312273,4131
user,2019-04,3,101,0.0244492858871943,4131
user,2019-04,4,86,0.0208182038247397,4131
user,2019-04,5,66,0.0159767610748002,4131
user,2019-04,6,70,0.0169450496247881,4131
user,2019-04,7,101,0.0244492858871943,4131
user,2019-04,8,84,0.0203340595497458,4131
user,2019-04,9,98,0.0237230694747034,4131
user,2019-04,10,82,0.0198499152747518,4131
user,2019-04,11,57,0.0137981118373275,4131
user,2019-04,12,80,0.0193657709997579,4131
user,2019-04,13,102,0.0246913580246913,4131
user,2019-04,14,88,0.0213023480997337,4131
user,2019-04,15,94,0.0227547809247155,4131
user,2019-04,16,86,0.0208182038247397,4131
user,2019-04,17,72,0.0174291938997821,4131
user,2019-04,18,91,0.0220285645122246,4131
user,2019-04,19,46,0.0111353183248608,4131
user,2019-04,20,74,0.017913338174776,4131
user,2019-04,21,74,0.017913338174776,4131
user,2019-04,22,63,0.0152505446623093,4131
user,2019-04,23,80,0.0193657709997579,4131
user,2019-04,24,91,0.0220285645122246,4131
user,2019-04,25,90,0.0217864923747276,4131
user,2019-04,26,95,0.0229968530622125,4131
user,2019-04,27,73,0.0176712660372791,4131
user,2019-04,28,98,0.0237230694747034,4131
user,2019-04,29,74,0.017913338174776,4131
user,2019-04,30,88,0.0213023480997337,4131
user,2019-04,31,92,0.0222706366497216,4131
user,2019-04,32,80,0.0193657709997579,4131
user,2019-04,33,66,0.0159767610748002,4131
user,2019-04,34,92,0.0222706366497216,4131
user,2019-04,35,95,0.0229968530622125,4131
user,2019-04,36,99,0.0239651416122004,4131
user,2019-04,37,64,0.0154926167998063,4131
user,2019-04,38,95,0.0229968530622125,4131
user,2019-04,39,66,0.0159767610748002,4131
user,2019-04,40,74,0.017913338174776,4131
user,2019-04,41,147,0.0355846042120551,4131
user,2019-04,42,80,0.0193657709997579,4131
user,2019-04,43,69,0.0167029774872912,4131
user,2019-04,44,80,0.0193657709997579,4131
user,2019-04,45,73,0.0176712660372791,4131
user,2019-04,46,98,0.0237230694747034,4131
user,2019-04,47,76,0.01839748244977,4131
user,2019-04,48,57,0.0137981118373275,4131
user,2019-04,49,83,0.0200919874122488,4131
user,2019-05,0,123,0.021862779950231,5626
user,2019-05,1,86,0.015286171347316,5626
user,2019-05,2,74,0.01315321720583,5626
user,2019-05,3,137,0.0243512264486313,5626
user,2019-05,4,102,0.0181301102026306,5626
user,2019-05,5,119,0.0211517952364024,5626
user,2019-05,6,119,0.0211517952364024,5626
user,2019-05,7,118,0.0209740490579452,5626
user,2019-05,8,115,0.0204408105225737,5626
user,2019-05,9,117,0.020796302879488,5626
user,2019-05,10,94,0.0167081407749733,5626
user,2019-05,11,86,0.015286171347316,5626
user,2019-05,12,106,0.0188410949164592,5626
user,2019-05,13,124,0.0220405261286882,5626
user,2019-05,14,137,0.0243512264486313,5626
user,2019-05,15,123,0.021862779950231,5626
user,2019-05,16,107,0.0190188410949164,5626
user,2019-05,17,94,0.0167081407749733,5626
user,2019-05,18,107,0.0190188410949164,5626
user,2019-05,19,79,0.0140419480981158,5626
user,2019-05,20,103,0.0183078563810878,5626
user,2019-05,21,114,0.0202630643441166,5626
user,2019-05,22,101,0.0179523640241734,5626
user,2019-05,23,94,0.0167081407749733,5626
user,2019-05,24,96,0.0170636331318876,5626
user,2019-05,25,121,0.0215072875933167,5626
user,2019-05,26,147,0.0261286882332029,5626
user,2019-05,27,119,0.0211517952364024,5626
user,2019-05,28,134,0.0238179879132598,5626
user,2019-05,29,105,0.0186633487380021,5626
user,2019-05,30,110,0.0195520796302879,5626
user,2019-05,31,139,0.0247067188055456,5626
user,2019-05,32,109,0.0193743334518307,5626
user,2019-05,33,93,0.0165303945965161,5626
user,2019-05,34,118,0.0209740490579452,5626
user,2019-05,35,130,0.0231070031994312,5626
user,2019-05,36,140,0.0248844649840028,5626
user,2019-05,37,88,0.0156416637042303,5626
user,2019-05,38,136,0.0241734802701741,5626
user,2019-05,39,103,0.0183078563810878,5626
user,2019-05,40,104,0.0184856025595449,5626
user,2019-05,41,137,0.0243512264486313,5626
user,2019-05,42,115,0.0204408105225737,5626
user,2019-05,43,104,0.0184856025595449,5626
user,2019-05,44,123,0.021862779950231,5626
user,2019-05,45,105,0.0186633487380021,5626
user,2019-05,46,112,0.0199075719872022,5626
user,2019-05,47,124,0.0220405261286882,5626
user,2019-05,48,122,0.0216850337717739,5626
user,2019-05,49,113,0.0200853181656594,5626
user,2019-06,0,244,0.024534942182001,9945
user,2019-06,1,173,0.0173956762192056,9945
user,2019-06,2,139,0.0139768728004022,9945
user,2019-06,3,199,0.0200100553041729,9945
user,2019-06,4,217,0.0218200100553041,9945
user,2019-06,5,196,0.0197083961789844,9945
user,2019-06,6,220,0.0221216691804927,9945
user,2019-06,7,230,0.0231271995977878,9945
user,2019-06,8,213,0.0214177978883861,9945
user,2019-06,9,200,0.0201106083459024,9945
user,2019-06,10,192,0.0193061840120663,9945
user,2019-06,11,168,0.016892911010558,9945
user,2019-06,12,175,0.0175967823026646,9945
user,2019-06,13,239,0.0240321769733534,9945
user,2019-06,14,261,0.0262443438914027,9945
user,2019-06,15,223,0.0224233283056812,9945
user,2019-06,16,166,0.016691804927099,9945
user,2019-06,17,159,0.0159879336349924,9945
user,2019-06,18,213,0.0214177978883861,9945
user,2019-06,19,119,0.0119658119658119,9945
user,2019-06,20,158,0.0158873805932629,9945
user,2019-06,21,181,0.0182001005530417,9945
user,2019-06,22,203,0.020412267471091,9945
user,2019-06,23,209,0.021015585721468,9945
user,2019-06,24,167,0.0167923579688285,9945
user,2019-06,25,185,0.0186023127199597,9945
user,2019-06,26,246,0.02473604826546,9945
user,2019-06,27,198,0.0199095022624434,9945
user,2019-06,28,202,0.0203117144293614,9945
user,2019-06,29,195,0.0196078431372549,9945
user,2019-06,30,205,0.02061337355455,9945
user,2019-06,31,201,0.0202111613876319,9945
user,2019-06,32,161,0.0161890397184514,9945
user,2019-06,33,153,0.0153846153846153,9945
user,2019-06,34,198,0.0199095022624434,9945
user,2019-06,35,256,0.0257415786827551,9945
user,2019-06,36,226,0.0227249874308697,9945
user,2019-06,37,191,0.0192056309703368,9945
user,2019-06,38,216,0.0217194570135746,9945
user,2019-06,39,209,0.021015585721468,9945
user,2019-06,40,226,0.0227249874308697,9945
user,2019-06,41,248,0.024937154348919,9945
user,2019-06,42,187,0.0188034188034188,9945
user,2019-06,43,156,0.0156862745098039,9945
user,2019-06,44,213,0.0214177978883861,9945
user,2019-06,45,178,0.0178984414278531,9945
user,2019-06,46,234,0.0235294117647058,9945
user,2019-06,47,213,0.0214177978883861,9945
user,2019-06,48,177,0.0177978883861236,9945
user,2019-06,49,207,0.020814479638009,9945
user,2019-07,0,225,0.021985538401407,10234
user,2019-07,1,173,0.0169044361930818,10234
user,2019-07,2,155,0.0151455931209693,10234
user,2019-07,3,271,0.0264803595856947,10234
user,2019-07,4,227,0.0221809654094195,10234
user,2019-07,5,199,0.0194449872972444,10234
user,2019-07,6,197,0.0192495602892319,10234
user,2019-07,7,261,0.0255032245456322,10234
user,2019-07,8,192,0.0187609927692007,10234
user,2019-07,9,199,0.0194449872972444,10234
user,2019-07,10,197,0.0192495602892319,10234
user,2019-07,11,152,0.0148524526089505,10234
user,2019-07,12,190,0.0185655657611881,10234
user,2019-07,13,241,0.0235489544655071,10234
user,2019-07,14,259,0.0253077975376197,10234
user,2019-07,15,234,0.0228649599374633,10234
user,2019-07,16,187,0.0182724252491694,10234
user,2019-07,17,185,0.0180769982411569,10234
user,2019-07,18,210,0.0205198358413132,10234
user,2019-07,19,152,0.0148524526089505,10234
user,2019-07,20,162,0.015829587649013,10234
user,2019-07,21,189,0.0184678522571819,10234
user,2019-07,22,200,0.0195427008012507,10234
user,2019-07,23,222,0.0216923978893883,10234
user,2019-07,24,195,0.0190541332812194,10234
user,2019-07,25,200,0.0195427008012507,10234
user,2019-07,26,234,0.0228649599374633,10234
user,2019-07,27,199,0.0194449872972444,10234
user,2019-07,28,213,0.020812976353332,10234
user,2019-07,29,190,0.0185655657611881,10234
user,2019-07,30,195,0.0190541332812194,10234
user,2019-07,31,225,0.021985538401407,10234
user,2019-07,32,136,0.0132890365448504,10234
user,2019-07,33,140,0.0136798905608755,10234
user,2019-07,34,226,0.0220832519054133,10234
user,2019-07,35,230,0.0224741059214383,10234
user,2019-07,36,211,0.0206175493453195,10234
user,2019-07,37,198,0.0193472737932382,10234
user,2019-07,38,241,0.0235489544655071,10234
user,2019-07,39,193,0.0188587062732069,10234
user,2019-07,40,206,0.0201289818252882,10234
user,2019-07,41,284,0.027750635137776,10234
user,2019-07,42,201,0.0196404143052569,10234
user,2019-07,43,187,0.0182724252491694,10234
user,2019-07,44,217,0.021203830369357,10234
user,2019-07,45,203,0.0198358413132694,10234
user,2019-07,46,222,0.0216923978893883,10234
user,2019-07,47,213,0.020812976353332,10234
user,2019-07,48,169,0.0165135821770568,10234
user,2019-07,49,227,0.0221809654094195,10234
user,2019-08,0,120,0.0222139948167345,5402
user,2019-08,1,93,0.0172158459829692,5402
user,2019-08,2,83,0.0153646797482413,5402
user,2019-08,3,126,0.0233246945575712,5402
user,2019-08,4,107,0.0198074787115883,5402
user,2019-08,5,89,0.0164753794890781,5402
user,2019-08,6,107,0.0198074787115883,5402
user,2019-08,7,124,0.0229544613106256,5402
user,2019-08,8,114,0.0211032950758978,5402
user,2019-08,9,104,0.0192521288411699,5402
user,2019-08,10,96,0.0177711958533876,5402
user,2019-08,11,88,0.0162902628656053,5402
user,2019-08,12,111,0.0205479452054794,5402
user,2019-08,13,111,0.0205479452054794,5402
user,2019-08,14,151,0.0279526101443909,5402
user,2019-08,15,127,0.023509811181044,5402
user,2019-08,16,115,0.0212884116993706,5402
user,2019-08,17,77,0.0142539800074046,5402
user,2019-08,18,100,0.0185116623472787,5402
user,2019-08,19,75,0.013883746760459,5402
user,2019-08,20,92,0.0170307293594964,5402
user,2019-08,21,102,0.0188818955942243,5402
user,2019-08,22,92,0.0170307293594964,5402
user,2019-08,23,101,0.0186967789707515,5402
user,2019-08,24,99,0.0183265457238059,5402
user,2019-08,25,127,0.023509811181044,5402
user,2019-08,26,133,0.0246205109218807,5402
user,2019-08,27,110,0.0203628285820066,5402
user,2019-08,28,135,0.0249907441688263,5402
user,2019-08,29,91,0.0168456127360236,5402
user,2019-08,30,121,0.0223991114402073,5402
user,2019-08,31,116,0.0214735283228433,5402
user,2019-08,32,111,0.0205479452054794,5402
user,2019-08,33,88,0.0162902628656053,5402
user,2019-08,34,104,0.0192521288411699,5402
user,2019-08,35,154,0.0285079600148093,5402
user,2019-08,36,106,0.0196223620881155,5402
user,2019-08,37,91,0.0168456127360236,5402
user,2019-08,38,113,0.020918178452425,5402
user,2019-08,39,112,0.0207330618289522,5402
user,2019-08,40,121,0.0223991114402073,5402
user,2019-08,41,120,0.0222139948167345,5402
user,2019-08,42,83,0.0153646797482413,5402
user,2019-08,43,90,0.0166604961125509,5402
user,2019-08,44,136,0.0251758607922991,5402
user,2019-08,45,114,0.0211032950758978,5402
user,2019-08,46,124,0.0229544613106256,5402
user,2019-08,47,125,0.0231395779340984,5402
user,2019-08,48,87,0.0161051462421325,5402
user,2019-08,49,86,0.0159200296186597,5402
user,2019-09,0,123,0.0217699115044247,5650
user,2019-09,1,79,0.0139823008849557,5650
user,2019-09,2,110,0.0194690265486725,5650
user,2019-09,3,125,0.0221238938053097,5650
user,2019-09,4,119,0.0210619469026548,5650
user,2019-09,5,105,0.0185840707964601,5650
user,2019-09,6,119,0.0210619469026548,5650
user,2019-09,7,106,0.0187610619469026,5650
user,2019-09,8,148,0.0261946902654867,5650
user,2019-09,9,100,0.0176991150442477,5650
user,2019-09,10,100,0.0176991150442477,5650
user,2019-09,11,95,0.0168141592920353,5650
user,2019-09,12,109,0.01929203539823,5650
user,2019-09,13,103,0.0182300884955752,5650
user,2019-09,14,170,0.0300884955752212,5650
user,2019-09,15,139,0.0246017699115044,5650
user,2019-09,16,108,0.0191150442477876,5650
user,2019-09,17,104,0.0184070796460176,5650
user,2019-09,18,112,0.0198230088495575,5650
user,2019-09,19,70,0.0123893805309734,5650
user,2019-09,20,80,0.0141592920353982,5650
user,2019-09,21,124,0.0219469026548672,5650
user,2019-09,22,105,0.0185840707964601,5650
user,2019-09,23,104,0.0184070796460176,5650
user,2019-09,24,108,0.0191150442477876,5650
user,2019-09,25,131,0.0231858407079646,5650
user,2019-09,26,131,0.0231858407079646,5650
user,2019-09,27,123,0.0217699115044247,5650
user,2019-09,28,102,0.0180530973451327,5650
user,2019-09,29,117,0.0207079646017699,5650
user,2019-09,30,110,0.0194690265486725,5650
user,2019-09,31,102,0.0180530973451327,5650
user,2019-09,32,109,0.01929203539823,5650
user,2019-09,33,76,0.0134513274336283,5650
user,2019-09,34,115,0.0203539823008849,5650
user,2019-09,35,126,0.0223008849557522,5650
user,2019-09,36,106,0.0187610619469026,5650
user,2019-09,37,86,0.015221238938053,5650
user,2019-09,38,153,0.0270796460176991,5650
user,2019-09,39,113,0.02,5650
user,2019-09,40,95,0.0168141592920353,5650
user,2019-09,41,129,0.0228318584070796,5650
user,2019-09,42,110,0.0194690265486725,5650
user,2019-09,43,110,0.0194690265486725,5650
user,2019-09,44,146,0.0258407079646017,5650
user,2019-09,45,106,0.0187610619469026,5650
user,2019-09,46,118,0.0208849557522123,5650
user,2019-09,47,128,0.0226548672566371,5650
user,2019-09,48,124,0.0219469026548672,5650
user,2019-09,49,119,0.0210619469026548,5650
user,2019-10,0,162,0.0221311475409836,7320
user,2019-10,1,105,0.0143442622950819,7320
user,2019-10,2,105,0.0143442622950819,7320
user,2019-10,3,156,0.021311475409836,7320
user,2019-10,4,153,0.0209016393442622,7320
user,2019-10,5,125,0.0170765027322404,7320
user,2019-10,6,183,0.025,7320
user,2019-10,7,146,0.0199453551912568,7320
user,2019-10,8,171,0.0233606557377049,7320
user,2019-10,9,121,0.0165300546448087,7320
user,2019-10,10,127,0.0173497267759562,7320
user,2019-10,11,134,0.0183060109289617,7320
user,2019-10,12,149,0.0203551912568306,7320
user,2019-10,13,166,0.0226775956284153,7320
user,2019-10,14,195,0.026639344262295,7320
user,2019-10,15,151,0.0206284153005464,7320
user,2019-10,16,126,0.0172131147540983,7320
user,2019-10,17,114,0.0155737704918032,7320
user,2019-10,18,176,0.0240437158469945,7320
user,2019-10,19,125,0.0170765027322404,7320
user,2019-10,20,124,0.0169398907103825,7320
user,2019-10,21,158,0.0215846994535519,7320
user,2019-10,22,137,0.0187158469945355,7320
user,2019-10,23,136,0.0185792349726775,7320
user,2019-10,24,134,0.0183060109289617,7320
user,2019-10,25,161,0.0219945355191256,7320
user,2019-10,26,192,0.0262295081967213,7320
user,2019-10,27,168,0.0229508196721311,7320
user,2019-10,28,154,0.0210382513661202,7320
user,2019-10,29,150,0.0204918032786885,7320
user,2019-10,30,152,0.0207650273224043,7320
user,2019-10,31,148,0.0202185792349726,7320
user,2019-10,32,125,0.0170765027322404,7320
user,2019-10,33,113,0.0154371584699453,7320
user,2019-10,34,157,0.0214480874316939,7320
user,2019-10,35,178,0.0243169398907103,7320
user,2019-10,36,118,0.0161202185792349,7320
user,2019-10,37,163,0.0222677595628415,7320
user,2019-10,38,164,0.0224043715846994,7320
user,2019-10,39,158,0.0215846994535519,7320
user,2019-10,40,115,0.0157103825136612,7320
user,2019-10,41,146,0.0199453551912568,7320
user,2019-10,42,151,0.0206284153005464,7320
user,2019-10,43,128,0.0174863387978142,7320
user,2019-10,44,178,0.0243169398907103,7320
user,2019-10,45,134,0.0183060109289617,7320
user,2019-10,46,146,0.0199453551912568,7320
user,2019-10,47,152,0.0207650273224043,7320
user,2019-10,48,140,0.0191256830601092,7320
user,2019-10,49,150,0.0204918032786885,7320
user,2019-11,0,297,0.0234301041337961,12676
user,2019-11,1,188,0.0148311770274534,12676
user,2019-11,2,184,0.0145156200694225,12676
user,2019-11,3,291,0.0229567686967497,12676
user,2019-11,4,289,0.0227989902177343,12676
user,2019-11,5,246,0.0194067529189018,12676
user,2019-11,6,237,0.0186967497633322,12676
user,2019-11,7,327,0.025796781319028,12676
user,2019-11,8,251,0.0198011991164405,12676
user,2019-11,9,252,0.0198800883559482,12676
user,2019-11,10,235,0.0185389712843168,12676
user,2019-11,11,212,0.016724518775639,12676
user,2019-11,12,246,0.0194067529189018,12676
user,2019-11,13,293,0.0231145471757652,12676
user,2019-11,14,320,0.0252445566424739,12676
user,2019-11,15,264,0.020826759230041,12676
user,2019-11,16,229,0.0180656358472704,12676
user,2019-11,17,210,0.0165667402966235,12676
user,2019-11,18,241,0.0190123067213632,12676
user,2019-11,19,184,0.0145156200694225,12676
user,2019-11,20,207,0.0163300725781003,12676
user,2019-11,21,226,0.0178289681287472,12676
user,2019-11,22,235,0.0185389712843168,12676
user,2019-11,23,256,0.0201956453139791,12676
user,2019-11,24,237,0.0186967497633322,12676
user,2019-11,25,247,0.0194856421584095,12676
user,2019-11,26,289,0.0227989902177343,12676
user,2019-11,27,262,0.0206689807510255,12676
user,2019-11,28,275,0.021694540864626,12676
user,2019-11,29,241,0.0190123067213632,12676
user,2019-11,30,271,0.0213789839065951,12676
user,2019-11,31,273,0.0215367623856106,12676
user,2019-11,32,211,0.0166456295361312,12676
user,2019-11,33,215,0.0169611864941621,12676
user,2019-11,34,272,0.0214578731461028,12676
user,2019-11,35,319,0.0251656674029662,12676
user,2019-11,36,251,0.0198011991164405,12676
user,2019-11,37,234,0.018460082044809,12676
user,2019-11,38,286,0.0225623224992111,12676
user,2019-11,39,251,0.0198011991164405,12676
user,2019-11,40,256,0.0201956453139791,12676
user,2019-11,41,290,0.022877879457242,12676
user,2019-11,42,223,0.017592300410224,12676
user,2019-11,43,216,0.0170400757336699,12676
user,2019-11,44,279,0.0220100978226569,12676
user,2019-11,45,258,0.0203534237929946,12676
user,2019-11,46,307,0.0242189965288734,12676
user,2019-11,47,234,0.018460082044809,12676
user,2019-11,48,289,0.0227989902177343,12676
user,2019-11,49,270,0.0213000946670874,12676
user,2019-12,0,383,0.0195517892694879,19589
user,2019-12,1,299,0.0152636683853182,19589
user,2019-12,2,358,0.018275562815866,19589
user,2019-12,3,466,0.0237888610955127,19589
user,2019-12,4,423,0.021593751595283,19589
user,2019-12,5,405,0.0206748685486752,19589
user,2019-12,6,416,0.0212364081882689,19589
user,2019-12,7,460,0.0234825667466435,19589
user,2019-12,8,327,0.0166930420133748,19589
user,2019-12,9,379,0.0193475930369084,19589
user,2019-12,10,359,0.0183266118740109,19589
user,2019-12,11,307,0.0156720608504773,19589
user,2019-12,12,352,0.0179692684669967,19589
user,2019-12,13,419,0.0213895553627035,19589
user,2019-12,14,498,0.0254224309561488,19589
user,2019-12,15,456,0.023278370514064,19589
user,2019-12,16,389,0.0198580836183572,19589
user,2019-12,17,314,0.0160294042574914,19589
user,2019-12,18,399,0.020368574199806,19589
user,2019-12,19,306,0.0156210117923324,19589
user,2019-12,20,336,0.0171524835366787,19589
user,2019-12,21,373,0.0190412986880392,19589
user,2019-12,22,333,0.0169993363622441,19589
user,2019-12,23,392,0.0200112307927918,19589
user,2019-12,24,355,0.0181224156414314,19589
user,2019-12,25,413,0.0210832610138342,19589
user,2019-12,26,481,0.0245545969676859,19589
user,2019-12,27,424,0.0216448006534279,19589
user,2019-12,28,426,0.0217468987697177,19589
user,2019-12,29,370,0.0188881515136045,19589
user,2019-12,30,456,0.023278370514064,19589
user,2019-12,31,404,0.0206238194905304,19589
user,2019-12,32,309,0.015774158966767,19589
user,2019-12,33,237,0.0120986267803359,19589
user,2019-12,34,377,0.0192454949206187,19589
user,2019-12,35,496,0.0253203328398591,19589
user,2019-12,36,435,0.0222063402930215,19589
user,2019-12,37,350,0.017867170350707,19589
user,2019-12,38,394,0.0201133289090816,19589
user,2019-12,39,411,0.0209811628975445,19589
user,2019-12,40,421,0.0214916534789933,19589
user,2019-12,41,477,0.0243504007351064,19589
user,2019-12,42,367,0.0187350043391699,19589
user,2019-12,43,365,0.0186329062228801,19589
user,2019-12,44,449,0.0229210271070498,19589
user,2019-12,45,355,0.0181224156414314,19589
user,2019-12,46,455,0.0232273214559191,19589
user,2019-12,47,407,0.020776966664965,19589
user,2019-12,48,423,0.021593751595283,19589
user,2019-12,49,383,0.0195517892694879,19589
user,2020-01,0,370,0.0246223464430691,15027
user,2020-01,1,230,0.01530578292407,15027
user,2020-01,2,255,0.0169694549810341,15027
user,2020-01,3,327,0.0217608305050908,15027
user,2020-01,4,303,0.0201637053304052,15027
user,2020-01,5,264,0.0175683769215412,15027
user,2020-01,6,324,0.0215611898582551,15027
user,2020-01,7,324,0.0215611898582551,15027
user,2020-01,8,315,0.020962267917748,15027
user,2020-01,9,261,0.0173687362747055,15027
user,2020-01,10,290,0.0192985958607839,15027
user,2020-01,11,258,0.0171690956278698,15027
user,2020-01,12,329,0.0218939242696479,15027
user,2020-01,13,321,0.0213615492114194,15027
user,2020-01,14,378,0.0251547215012976,15027
user,2020-01,15,282,0.0187662208025554,15027
user,2020-01,16,281,0.0186996739202768,15027
user,2020-01,17,403,0.0268183935582617,15027
user,2020-01,18,308,0.020496439741798,15027
user,2020-01,19,228,0.0151726891595128,15027
user,2020-01,20,296,0.0196978771544553,15027
user,2020-01,21,278,0.0185000332734411,15027
user,2020-01,22,266,0.0177014706860983,15027
user,2020-01,23,286,0.0190324083316696,15027
user,2020-01,24,231,0.0153723298063485,15027
user,2020-01,25,343,0.0228255806215478,15027
user,2020-01,26,321,0.0213615492114194,15027
user,2020-01,27,278,0.0185000332734411,15027
user,2020-01,28,330,0.0219604711519265,15027
user,2020-01,29,280,0.0186331270379982,15027
user,2020-01,30,285,0.018965861449391,15027
user,2020-01,31,307,0.0204298928595195,15027
user,2020-01,32,209,0.0139082983962201,15027
user,2020-01,33,229,0.0152392360417914,15027
user,2020-01,34,304,0.0202302522126838,15027
user,2020-01,35,401,0.0266852997937046,15027
user,2020-01,36,288,0.0191655020962267,15027
user,2020-01,37,246,0.016370533040527,15027
user,2020-01,38,333,0.0221601117987622,15027
user,2020-01,39,308,0.020496439741798,15027
user,2020-01,40,264,0.0175683769215412,15027
user,2020-01,41,408,0.0271511279696546,15027
user,2020-01,42,283,0.0188327676848339,15027
user,2020-01,43,309,0.0205629866240766,15027
user,2020-01,44,377,0.025088174619019,15027
user,2020-01,45,243,0.0161708923936913,15027
user,2020-01,46,344,0.0228921275038264,15027
user,2020-01,47,342,0.0227590337392693,15027
user,2020-01,48,307,0.0204298928595195,15027
user,2020-01,49,280,0.0186331270379982,15027
user,2020-02,0,261,0.0263396911898274,9909
user,2020-02,1,158,0.0159451004137652,9909
user,2020-02,2,187,0.0188717327681905,9909
user,2020-02,3,194,0.0195781612675345,9909
user,2020-02,4,212,0.0213946916944192,9909
user,2020-02,5,185,0.0186698960540922,9909
user,2020-02,6,192,0.0193763245534362,9909
user,2020-02,7,226,0.0228075486931072,9909
user,2020-02,8,211,0.02129377333737,9909
user,2020-02,9,217,0.0218992834796649,9909
user,2020-02,10,167,0.0168533656272075,9909
user,2020-02,11,171,0.0172570390554041,9909
user,2020-02,12,211,0.02129377333737,9909
user,2020-02,13,197,0.019880916338682,9909
user,2020-02,14,250,0.0252295892622868,9909
user,2020-02,15,211,0.02129377333737,9909
user,2020-02,16,190,0.0191744878393379,9909
user,2020-02,17,153,0.0154405086285195,9909
user,2020-02,18,198,0.0199818346957311,9909
user,2020-02,19,131,0.0132203047734382,9909
user,2020-02,20,166,0.0167524472701584,9909
user,2020-02,21,193,0.0194772429104854,9909
user,2020-02,22,186,0.0187708144111413,9909
user,2020-02,23,194,0.0195781612675345,9909
user,2020-02,24,166,0.0167524472701584,9909
user,2020-02,25,241,0.0243213240488444,9909
user,2020-02,26,218,0.022000201836714,9909
user,2020-02,27,193,0.0194772429104854,9909
user,2020-02,28,193,0.0194772429104854,9909
user,2020-02,29,191,0.0192754061963871,9909
user,2020-02,30,206,0.0207891815521243,9909
user,2020-02,31,186,0.0187708144111413,9909
user,2020-02,32,168,0.0169542839842567,9909
user,2020-02,33,155,0.0156423453426178,9909
user,2020-02,34,185,0.0186698960540922,9909
user,2020-02,35,246,0.0248259158340902,9909
user,2020-02,36,214,0.0215965284085175,9909
user,2020-02,37,149,0.0150368352003229,9909
user,2020-02,38,208,0.0209910182662226,9909
user,2020-02,39,220,0.0222020385508123,9909
user,2020-02,40,194,0.0195781612675345,9909
user,2020-02,41,219,0.0221011201937632,9909
user,2020-02,42,198,0.0199818346957311,9909
user,2020-02,43,204,0.020587344838026,9909
user,2020-02,44,276,0.0278534665455646,9909
user,2020-02,45,153,0.0154405086285195,9909
user,2020-02,46,224,0.0226057119790089,9909
user,2020-02,47,246,0.0248259158340902,9909
user,2020-02,48,196,0.0197799979816328,9909
user,2020-02,49,199,0.0200827530527803,9909
user,2020-03,0,488,0.0213594782684816,22847
user,2020-03,1,306,0.0133934433404823,22847
user,2020-03,2,398,0.0174202302271633,22847
user,2020-03,3,659,0.0288440495469864,22847
user,2020-03,4,466,0.0203965509694927,22847
user,2020-03,5,430,0.0188208517529653,22847
user,2020-03,6,393,0.0172013831137567,22847
user,2020-03,7,524,0.0229351774850089,22847
user,2020-03,8,388,0.0169825360003501,22847
user,2020-03,9,428,0.0187333129076027,22847
user,2020-03,10,503,0.0220160196087013,22847
user,2020-03,11,347,0.0151879896704162,22847
user,2020-03,12,353,0.0154506062065041,22847
user,2020-03,13,561,0.0245546461242176,22847
user,2020-03,14,585,0.0256051122685691,22847
user,2020-03,15,442,0.0193460848251411,22847
user,2020-03,16,447,0.0195649319385477,22847
user,2020-03,17,363,0.0158883004333172,22847
user,2020-03,18,417,0.0182518492581082,22847
user,2020-03,19,334,0.0146189871755591,22847
user,2020-03,20,408,0.0178579244539764,22847
user,2020-03,21,440,0.0192585459797785,22847
user,2020-03,22,388,0.0169825360003501,22847
user,2020-03,23,486,0.021271939423119,22847
user,2020-03,24,418,0.0182956186807896,22847
user,2020-03,25,481,0.0210530923097124,22847
user,2020-03,26,569,0.0249048015056681,22847
user,2020-03,27,457,0.0200026261653608,22847
user,2020-03,28,472,0.0206591675055806,22847
user,2020-03,29,479,0.0209655534643498,22847
user,2020-03,30,491,0.0214907865365255,22847
user,2020-03,31,561,0.0245546461242176,22847
user,2020-03,32,327,0.0143126012167899,22847
user,2020-03,33,357,0.0156256838972293,22847
user,2020-03,34,421,0.0184269269488335,22847
user,2020-03,35,570,0.0249485709283494,22847
user,2020-03,36,517,0.0226287915262397,22847
user,2020-03,37,477,0.0208780146189871,22847
user,2020-03,38,457,0.0200026261653608,22847
user,2020-03,39,407,0.0178141550312951,22847
user,2020-03,40,558,0.0244233378561736,22847
user,2020-03,41,587,0.0256926511139318,22847
user,2020-03,42,471,0.0206153980828992,22847
user,2020-03,43,424,0.0185582352168774,22847
user,2020-03,44,509,0.0222786361447892,22847
user,2020-03,45,384,0.0168074583096248,22847
user,2020-03,46,517,0.0226287915262397,22847
user,2020-03,47,458,0.0200463955880421,22847
user,2020-03,48,388,0.0169825360003501,22847
user,2020-03,49,536,0.0234604105571847,22847
user,2020-04,0,350,0.0196673409755001,17796
user,2020-04,1,284,0.0159586423915486,17796
user,2020-04,2,346,0.0194425713643515,17796
user,2020-04,3,490,0.0275342773657001,17796
user,2020-04,4,401,0.0225331535176444,17796
user,2020-04,5,332,0.0186558777253315,17796
user,2020-04,6,360,0.0202292650033715,17796
user,2020-04,7,434,0.0243875028096201,17796
user,2020-04,8,330,0.0185434929197572,17796
user,2020-04,9,350,0.0196673409755001,17796
user,2020-04,10,370,0.0207911890312429,17796
user,2020-04,11,244,0.0137109462800629,17796
user,2020-04,12,340,0.0191054169476286,17796
user,2020-04,13,437,0.0245560800179815,17796
user,2020-04,14,469,0.0263542369071701,17796
user,2020-04,15,346,0.0194425713643515,17796
user,2020-04,16,316,0.0177567992807372,17796
user,2020-04,17,271,0.0152281411553158,17796
user,2020-04,18,328,0.0184311081141829,17796
user,2020-04,19,228,0.0128118678354686,17796
user,2020-04,20,315,0.0177006068779501,17796
user,2020-04,21,329,0.0184873005169701,17796
user,2020-04,22,323,0.0181501461002472,17796
user,2020-04,23,369,0.0207349966284558,17796
user,2020-04,24,311,0.0174758372668015,17796
user,2020-04,25,364,0.0204540346145201,17796
user,2020-04,26,445,0.0250056192402787,17796
user,2020-04,27,385,0.0216340750730501,17796
user,2020-04,28,400,0.0224769611148572,17796
user,2020-04,29,344,0.0193301865587772,17796
user,2020-04,30,365,0.0205102270173072,17796
user,2020-04,31,419,0.0235446167678129,17796
user,2020-04,32,248,0.0139357158912115,17796
user,2020-04,33,301,0.01691391323893,17796
user,2020-04,34,367,0.0206226118228815,17796
user,2020-04,35,460,0.0258485052820858,17796
user,2020-04,36,393,0.0220836142953472,17796
user,2020-04,37,352,0.0197797257810743,17796
user,2020-04,38,395,0.0221959991009215,17796
user,2020-04,39,326,0.0183187233086086,17796
user,2020-04,40,369,0.0207349966284558,17796
user,2020-04,41,456,0.0256237356709372,17796
user,2020-04,42,326,0.0183187233086086,17796
user,2020-04,43,321,0.0180377612946729,17796
user,2020-04,44,379,0.0212969206563272,17796
user,2020-04,45,312,0.0175320296695886,17796
user,2020-04,46,349,0.0196111485727129,17796
user,2020-04,47,355,0.0199483029894358,17796
user,2020-04,48,324,0.0182063385030343,17796
user,2020-04,49,368,0.0206788042256686,17796
user,2020-05,0,329,0.0234983215484608,14001
user,2020-05,1,210,0.0149989286479537,14001
user,2020-05,2,278,0.0198557245911006,14001
user,2020-05,3,323,0.0230697807299478,14001
user,2020-05,4,318,0.022712663381187,14001
user,2020-05,5,274,0.0195700307120919,14001
user,2020-05,6,295,0.0210699235768873,14001
user,2020-05,7,304,0.0217127348046568,14001
user,2020-05,8,271,0.0193557603028355,14001
user,2020-05,9,253,0.0180701378472966,14001
user,2020-05,10,285,0.0203556888793657,14001
user,2020-05,11,199,0.0142132704806799,14001
user,2020-05,12,280,0.0199985715306049,14001
user,2020-05,13,326,0.0232840511392043,14001
user,2020-05,14,352,0.0251410613527605,14001
user,2020-05,15,287,0.02049853581887,14001
user,2020-05,16,257,0.0183558317263052,14001
user,2020-05,17,228,0.0162845511034926,14001
user,2020-05,18,283,0.0202128419398614,14001
user,2020-05,19,211,0.0150703521177058,14001
user,2020-05,20,242,0.0172844796800228,14001
user,2020-05,21,265,0.0189272194843225,14001
user,2020-05,22,256,0.0182844082565531,14001
user,2020-05,23,271,0.0193557603028355,14001
user,2020-05,24,254,0.0181415613170487,14001
user,2020-05,25,310,0.0221412756231697,14001
user,2020-05,26,328,0.0234268980787086,14001
user,2020-05,27,277,0.0197843011213484,14001
user,2020-05,28,279,0.0199271480608527,14001
user,2020-05,29,261,0.0186415256053139,14001
user,2020-05,30,308,0.0219984286836654,14001
user,2020-05,31,273,0.0194986072423398,14001
user,2020-05,32,226,0.0161417041639882,14001
user,2020-05,33,249,0.0177844439682879,14001
user,2020-05,34,297,0.0212127705163916,14001
user,2020-05,35,375,0.0267838011570602,14001
user,2020-05,36,289,0.0206413827583744,14001
user,2020-05,37,245,0.0174987500892793,14001
user,2020-05,38,288,0.0205699592886222,14001
user,2020-05,39,293,0.020927076637383,14001
user,2020-05,40,253,0.0180701378472966,14001
user,2020-05,41,322,0.0229983572601957,14001
user,2020-05,42,249,0.0177844439682879,14001
user,2020-05,43,254,0.0181415613170487,14001
user,2020-05,44,370,0.0264266838082994,14001
user,2020-05,45,250,0.0178558674380401,14001
user,2020-05,46,309,0.0220698521534176,14001
user,2020-05,47,303,0.0216413113349046,14001
user,2020-05,48,287,0.02049853581887,14001
user,2020-05,49,255,0.0182129847868009,14001
user,2020-06,0,300,0.0234594932749452,12788
user,2020-06,1,234,0.0182984047544573,12788
user,2020-06,2,233,0.0182202064435408,12788
user,2020-06,3,280,0.0218955270566155,12788
user,2020-06,4,301,0.0235376915858617,12788
user,2020-06,5,255,0.0199405692837034,12788
user,2020-06,6,268,0.0209571473256177,12788
user,2020-06,7,298,0.0233030966531122,12788
user,2020-06,8,266,0.0208007507037847,12788
user,2020-06,9,240,0.0187675946199562,12788
user,2020-06,10,238,0.0186111979981232,12788
user,2020-06,11,210,0.0164216452924616,12788
user,2020-06,12,261,0.0204097591492023,12788
user,2020-06,13,287,0.0224429152330309,12788
user,2020-06,14,306,0.0239286831404441,12788
user,2020-06,15,284,0.0222083203002815,12788
user,2020-06,16,238,0.0186111979981232,12788
user,2020-06,17,207,0.0161870503597122,12788
user,2020-06,18,248,0.019393181107288,12788
user,2020-06,19,202,0.0157960588051298,12788
user,2020-06,20,256,0.0200187675946199,12788
user,2020-06,21,202,0.0157960588051298,12788
user,2020-06,22,245,0.0191585861745386,12788
user,2020-06,23,232,0.0181420081326243,12788
user,2020-06,24,215,0.0168126368470441,12788
user,2020-06,25,283,0.022130121989365,12788
user,2020-06,26,304,0.0237722865186112,12788
user,2020-06,27,239,0.0186893963090397,12788
user,2020-06,28,270,0.0211135439474507,12788
user,2020-06,29,265,0.0207225523928683,12788
user,2020-06,30,244,0.0190803878636221,12788
user,2020-06,31,252,0.019705974350954,12788
user,2020-06,32,166,0.0129809196121363,12788
user,2020-06,33,170,0.0132937128558023,12788
user,2020-06,34,252,0.019705974350954,12788
user,2020-06,35,348,0.0272130121989365,12788
user,2020-06,36,247,0.0193149827963716,12788
user,2020-06,37,242,0.0189239912417891,12788
user,2020-06,38,287,0.0224429152330309,12788
user,2020-06,39,265,0.0207225523928683,12788
user,2020-06,40,241,0.0188457929308726,12788
user,2020-06,41,336,0.0262746324679386,12788
user,2020-06,42,220,0.0172036284016265,12788
user,2020-06,43,231,0.0180638098217078,12788
user,2020-06,44,306,0.0239286831404441,12788
user,2020-06,45,192,0.0150140756959649,12788
user,2020-06,46,317,0.0247888645605254,12788
user,2020-06,47,295,0.0230685017203628,12788
user,2020-06,48,248,0.019393181107288,12788
user,2020-06,49,262,0.0204879574601188,12788
user,2020-07,0,342,0.0232053195820328,14738
user,2020-07,1,231,0.0156737684896186,14738
user,2020-07,2,279,0.0189306554485004,14738
user,2020-07,3,326,0.0221196905957389,14738
user,2020-07,4,342,0.0232053195820328,14738
user,2020-07,5,261,0.0177093228389197,14738
user,2020-07,6,313,0.021237617044375,14738
user,2020-07,7,352,0.0238838376984665,14738
user,2020-07,8,314,0.0213054688560184,14738
user,2020-07,9,282,0.0191342108834305,14738
user,2020-07,10,270,0.0183199891437101,14738
user,2020-07,11,212,0.0143845840683946,14738
user,2020-07,12,267,0.01811643370878,14738
user,2020-07,13,329,0.022323246030669,14738
user,2020-07,14,385,0.0261229474826977,14738
user,2020-07,15,281,0.0190663590717872,14738
user,2020-07,16,283,0.0192020626950739,14738
user,2020-07,17,250,0.0169629529108427,14738
user,2020-07,18,264,0.0179128782738499,14738
user,2020-07,19,211,0.0143167322567512,14738
user,2020-07,20,254,0.0172343601574162,14738
user,2020-07,21,261,0.0177093228389197,14738
user,2020-07,22,275,0.0186592482019269,14738
user,2020-07,23,265,0.0179807300854932,14738
user,2020-07,24,265,0.0179807300854932,14738
user,2020-07,25,335,0.0227303569005292,14738
user,2020-07,26,389,0.0263943547292712,14738
user,2020-07,27,318,0.0215768761025919,14738
user,2020-07,28,352,0.0238838376984665,14738
user,2020-07,29,277,0.0187949518252137,14738
user,2020-07,30,336,0.0227982087121726,14738
user,2020-07,31,265,0.0179807300854932,14738
user,2020-07,32,230,0.0156059166779753,14738
user,2020-07,33,225,0.0152666576197584,14738
user,2020-07,34,317,0.0215090242909485,14738
user,2020-07,35,369,0.0250373184964038,14738
user,2020-07,36,269,0.0182521373320667,14738
user,2020-07,37,267,0.01811643370878,14738
user,2020-07,38,326,0.0221196905957389,14738
user,2020-07,39,268,0.0181842855204233,14738
user,2020-07,40,287,0.0194734699416474,14738
user,2020-07,41,349,0.0236802822635364,14738
user,2020-07,42,282,0.0191342108834305,14738
user,2020-07,43,281,0.0190663590717872,14738
user,2020-07,44,385,0.0261229474826977,14738
user,2020-07,45,257,0.0174379155923463,14738
user,2020-07,46,314,0.0213054688560184,14738
user,2020-07,47,300,0.0203555434930112,14738
user,2020-07,48,289,0.0196091735649341,14738
user,2020-07,49,337,0.0228660605238159,14738
user,2020-08,0,283,0.0228908840896222,12363
user,2020-08,1,220,0.0177950335679042,12363
user,2020-08,2,250,0.0202216290544366,12363
user,2020-08,3,319,0.0258027986734611,12363
user,2020-08,4,300,0.0242659548653239,12363
user,2020-08,5,213,0.01722882795438,12363
user,2020-08,6,247,0.0199789695057833,12363
user,2020-08,7,308,0.0249130469950659,12363
user,2020-08,8,273,0.0220820189274447,12363
user,2020-08,9,233,0.0188465582787349,12363
user,2020-08,10,211,0.0170670549219445,12363
user,2020-08,11,212,0.0171479414381622,12363
user,2020-08,12,249,0.0201407425382188,12363
user,2020-08,13,276,0.022324678476098,12363
user,2020-08,14,328,0.0265307773194208,12363
user,2020-08,15,251,0.0203025155706543,12363
user,2020-08,16,225,0.0181994661489929,12363
user,2020-08,17,193,0.015611097630025,12363
user,2020-08,18,261,0.0211113807328318,12363
user,2020-08,19,157,0.0126991830461862,12363
user,2020-08,20,225,0.0181994661489929,12363
user,2020-08,21,225,0.0181994661489929,12363
user,2020-08,22,236,0.0190892178273881,12363
user,2020-08,23,230,0.0186038987300816,12363
user,2020-08,24,200,0.0161773032435493,12363
user,2020-08,25,262,0.0211922672490495,12363
user,2020-08,26,313,0.0253174795761546,12363
user,2020-08,27,237,0.0191701043436059,12363
user,2020-08,28,250,0.0202216290544366,12363
user,2020-08,29,232,0.0187656717625171,12363
user,2020-08,30,271,0.0219202458950093,12363
user,2020-08,31,269,0.0217584728625738,12363
user,2020-08,32,205,0.016581735824638,12363
user,2020-08,33,175,0.0141551403381056,12363
user,2020-08,34,283,0.0228908840896222,12363
user,2020-08,35,321,0.0259645717058966,12363
user,2020-08,36,227,0.0183612391814284,12363
user,2020-08,37,209,0.016905281889509,12363
user,2020-08,38,257,0.0207878346679608,12363
user,2020-08,39,267,0.0215966998301383,12363
user,2020-08,40,221,0.0178759200841219,12363
user,2020-08,41,266,0.0215158133139205,12363
user,2020-08,42,241,0.0194936504084769,12363
user,2020-08,43,242,0.0195745369246946,12363
user,2020-08,44,279,0.0225673380247512,12363
user,2020-08,45,191,0.0154493245975895,12363
user,2020-08,46,298,0.0241041818328884,12363
user,2020-08,47,242,0.0195745369246946,12363
user,2020-08,48,219,0.0177141470516864,12363
user,2020-08,49,261,0.0211113807328318,12363
user,2020-09,0,221,0.0232656069059901,9499
user,2020-09,1,155,0.0163175071060111,9499
user,2020-09,2,153,0.0161069586272239,9499
user,2020-09,3,233,0.0245288977787135,9499
user,2020-09,4,187,0.019686282766607,9499
user,2020-09,5,169,0.0177913464575218,9499
user,2020-09,6,200,0.021054847878724,9499
user,2020-09,7,199,0.0209495736393304,9499
user,2020-09,8,203,0.0213706705969049,9499
user,2020-09,9,187,0.019686282766607,9499
user,2020-09,10,173,0.0182124434150963,9499
user,2020-09,11,142,0.014948941993894,9499
user,2020-09,12,173,0.0182124434150963,9499
user,2020-09,13,204,0.0214759448362985,9499
user,2020-09,14,251,0.0264238340877987,9499
user,2020-09,15,212,0.0223181387514475,9499
user,2020-09,16,235,0.0247394462575007,9499
user,2020-09,17,168,0.0176860722181282,9499
user,2020-09,18,178,0.0187388146120644,9499
user,2020-09,19,135,0.0142120223181387,9499
user,2020-09,20,152,0.0160016843878302,9499
user,2020-09,21,152,0.0160016843878302,9499
user,2020-09,22,154,0.0162122328666175,9499
user,2020-09,23,179,0.018844088851458,9499
user,2020-09,24,189,0.0198968312453942,9499
user,2020-09,25,224,0.0235814296241709,9499
user,2020-09,26,261,0.0274765764817349,9499
user,2020-09,27,197,0.0207390251605432,9499
user,2020-09,28,228,0.0240025265817454,9499
user,2020-09,29,169,0.0177913464575218,9499
user,2020-09,30,174,0.0183177176544899,9499
user,2020-09,31,207,0.0217917675544794,9499
user,2020-09,32,148,0.0155805874302558,9499
user,2020-09,33,148,0.0155805874302558,9499
user,2020-09,34,208,0.021897041793873,9499
user,2020-09,35,253,0.0266343825665859,9499
user,2020-09,36,199,0.0209495736393304,9499
user,2020-09,37,159,0.0167386040635856,9499
user,2020-09,38,198,0.0208442993999368,9499
user,2020-09,39,182,0.0191599115696389,9499
user,2020-09,40,173,0.0182124434150963,9499
user,2020-09,41,247,0.0260027371302242,9499
user,2020-09,42,173,0.0182124434150963,9499
user,2020-09,43,193,0.0203179282029687,9499
user,2020-09,44,201,0.0211601221181176,9499
user,2020-09,45,158,0.016633329824192,9499
user,2020-09,46,217,0.0228445099484156,9499
user,2020-09,47,187,0.019686282766607,9499
user,2020-09,48,195,0.0205284766817559,9499
user,2020-09,49,196,0.0206337509211495,9499
user,2020-10,0,341,0.0242721901914727,14049
user,2020-10,1,220,0.0156594775428856,14049
user,2020-10,2,252,0.0179372197309417,14049
user,2020-10,3,310,0.0220656274467933,14049
user,2020-10,4,297,0.0211402946828955,14049
user,2020-10,5,242,0.0172254252971741,14049
user,2020-10,6,283,0.020143782475621,14049
user,2020-10,7,300,0.0213538330130258,14049
user,2020-10,8,297,0.0211402946828955,14049
user,2020-10,9,275,0.019574346928607,14049
user,2020-10,10,268,0.0190760908249697,14049
user,2020-10,11,255,0.0181507580610719,14049
user,2020-10,12,293,0.0208555769093885,14049
user,2020-10,13,296,0.0210691152395188,14049
user,2020-10,14,372,0.026478752936152,14049
user,2020-10,15,268,0.0190760908249697,14049
user,2020-10,16,280,0.0199302441454907,14049
user,2020-10,17,260,0.0185066552779557,14049
user,2020-10,18,290,0.0206420385792583,14049
user,2020-10,19,189,0.0134529147982062,14049
user,2020-10,20,270,0.0192184497117232,14049
user,2020-10,21,255,0.0181507580610719,14049
user,2020-10,22,243,0.0172966047405509,14049
user,2020-10,23,242,0.0172254252971741,14049
user,2020-10,24,244,0.0173677841839276,14049
user,2020-10,25,316,0.0224927041070538,14049
user,2020-10,26,336,0.0239162929745889,14049
user,2020-10,27,266,0.0189337319382162,14049
user,2020-10,28,328,0.0233468574275749,14049
user,2020-10,29,281,0.0200014235888675,14049
user,2020-10,30,294,0.0209267563527653,14049
user,2020-10,31,260,0.0185066552779557,14049
user,2020-10,32,214,0.015232400882625,14049
user,2020-10,33,218,0.0155171186561321,14049
user,2020-10,34,332,0.0236315752010819,14049
user,2020-10,35,326,0.0232044985408214,14049
user,2020-10,36,267,0.0190049113815929,14049
user,2020-10,37,273,0.0194319880418535,14049
user,2020-10,38,302,0.0214961918997793,14049
user,2020-10,39,292,0.0207843974660118,14049
user,2020-10,40,276,0.0196455263719837,14049
user,2020-10,41,300,0.0213538330130258,14049
user,2020-10,42,270,0.0192184497117232,14049
user,2020-10,43,263,0.0187201936080859,14049
user,2020-10,44,360,0.025624599615631,14049
user,2020-10,45,252,0.0179372197309417,14049
user,2020-10,46,329,0.0234180368709516,14049
user,2020-10,47,294,0.0209267563527653,14049
user,2020-10,48,291,0.020713218022635,14049
user,2020-10,49,267,0.0190049113815929,14049
user,2020-11,0,316,0.0189721421709894,16656
user,2020-11,1,244,0.0146493756003842,16656
user,2020-11,2,310,0.018611911623439,16656
user,2020-11,3,457,0.0274375600384245,16656
user,2020-11,4,373,0.0223943323727185,16656
user,2020-11,5,313,0.0187920268972142,16656
user,2020-11,6,335,0.0201128722382324,16656
user,2020-11,7,378,0.0226945244956772,16656
user,2020-11,8,346,0.0207732949087415,16656
user,2020-11,9,311,0.0186719500480307,16656
user,2020-11,10,324,0.0194524495677233,16656
user,2020-11,11,263,0.0157901056676272,16656
user,2020-11,12,321,0.0192723342939481,16656
user,2020-11,13,397,0.0238352545629202,16656
user,2020-11,14,436,0.026176753121998,16656
user,2020-11,15,326,0.0195725264169068,16656
user,2020-11,16,280,0.0168107588856868,16656
user,2020-11,17,283,0.016990874159462,16656
user,2020-11,18,322,0.0193323727185398,16656
user,2020-11,19,243,0.0145893371757925,16656
user,2020-11,20,317,0.0190321805955811,16656
user,2020-11,21,322,0.0193323727185398,16656
user,2020-11,22,303,0.0181916426512968,16656
user,2020-11,23,345,0.0207132564841498,16656
user,2020-11,24,264,0.015850144092219,16656
user,2020-11,25,353,0.0211935638808837,16656
user,2020-11,26,417,0.025036023054755,16656
user,2020-11,27,298,0.0178914505283381,16656
user,2020-11,28,360,0.0216138328530259,16656
user,2020-11,29,320,0.0192122958693563,16656
user,2020-11,30,355,0.0213136407300672,16656
user,2020-11,31,325,0.019512487992315,16656
user,2020-11,32,232,0.0139289145052833,16656
user,2020-11,33,253,0.0151897214217098,16656
user,2020-11,34,327,0.0196325648414985,16656
user,2020-11,35,427,0.0256364073006724,16656
user,2020-11,36,344,0.0206532180595581,16656
user,2020-11,37,331,0.0198727185398655,16656
user,2020-11,38,358,0.0214937560038424,16656
user,2020-11,39,312,0.0187319884726224,16656
user,2020-11,40,384,0.0230547550432276,16656
user,2020-11,41,419,0.0251560999039385,16656
user,2020-11,42,329,0.019752641690682,16656
user,2020-11,43,343,0.0205931796349663,16656
user,2020-11,44,384,0.0230547550432276,16656
user,2020-11,45,309,0.0185518731988472,16656
user,2020-11,46,363,0.0217939481268011,16656
user,2020-11,47,331,0.0198727185398655,16656
user,2020-11,48,312,0.0187319884726224,16656
user,2020-11,49,341,0.0204731027857829,16656
user,2020-12,0,386,0.022725934648219,16985
user,2020-12,1,300,0.0176626435089785,16985
user,2020-12,2,320,0.0188401530762437,16985
user,2020-12,3,369,0.0217250515160435,16985
user,2020-12,4,376,0.0221371798645864,16985
user,2020-12,5,306,0.018015896379158,16985
user,2020-12,6,340,0.0200176626435089,16985
user,2020-12,7,386,0.022725934648219,16985
user,2020-12,8,334,0.0196644097733294,16985
user,2020-12,9,351,0.0206652929055048,16985
user,2020-12,10,318,0.0187224021195172,16985
user,2020-12,11,245,0.0144244921989991,16985
user,2020-12,12,308,0.0181336473358846,16985
user,2020-12,13,399,0.0234913158669414,16985
user,2020-12,14,450,0.0264939652634677,16985
user,2020-12,15,305,0.0179570209007948,16985
user,2020-12,16,329,0.0193700323815131,16985
user,2020-12,17,281,0.0165440094200765,16985
user,2020-12,18,343,0.0201942890785987,16985
user,2020-12,19,221,0.0130114807182808,16985
user,2020-12,20,326,0.0191934059464233,16985
user,2020-12,21,350,0.0206064174271415,16985
user,2020-12,22,341,0.0200765381218722,16985
user,2020-12,23,333,0.0196055342949661,16985
user,2020-12,24,292,0.0171916396820724,16985
user,2020-12,25,371,0.02184280247277,16985
user,2020-12,26,384,0.0226081836914924,16985
user,2020-12,27,321,0.018899028554607,16985
user,2020-12,28,398,0.0234324403885781,16985
user,2020-12,29,348,0.020488666470415,16985
user,2020-12,30,324,0.0190756549896967,16985
user,2020-12,31,352,0.0207241683838681,16985
user,2020-12,32,263,0.0154842508095378,16985
user,2020-12,33,274,0.0161318810715337,16985
user,2020-12,34,355,0.0209007948189579,16985
user,2020-12,35,473,0.0278481012658227,16985
user,2020-12,36,314,0.0184869002060641,16985
user,2020-12,37,291,0.0171327642037091,16985
user,2020-12,38,383,0.0225493082131292,16985
user,2020-12,39,351,0.0206652929055048,16985
user,2020-12,40,318,0.0187224021195172,16985
user,2020-12,41,424,0.0249632028260229,16985
user,2020-12,42,332,0.0195466588166028,16985
user,2020-12,43,326,0.0191934059464233,16985
user,2020-12,44,413,0.024315572564027,16985
user,2020-12,45,271,0.0159552546364439,16985
user,2020-12,46,382,0.0224904327347659,16985
user,2020-12,47,311,0.0183102737709743,16985
user,2020-12,48,319,0.0187812775978804,16985
user,2020-12,49,378,0.0222549308213129,16985
user,2021-01,0,472,0.0235071467702574,20079
user,2021-01,1,348,0.0173315404153593,20079
user,2021-01,2,380,0.0189252452811394,20079
user,2021-01,3,455,0.0226604910603117,20079
user,2021-01,4,493,0.0245530155884257,20079
user,2021-01,5,371,0.0184770157876388,20079
user,2021-01,6,407,0.0202699337616415,20079
user,2021-01,7,471,0.0234573434932018,20079
user,2021-01,8,400,0.0199213108222521,20079
user,2021-01,9,414,0.0206185567010309,20079
user,2021-01,10,322,0.0160366552119129,20079
user,2021-01,11,304,0.0151401962249116,20079
user,2021-01,12,403,0.0200707206534189,20079
user,2021-01,13,476,0.02370635987848,20079
user,2021-01,14,558,0.0277902285970416,20079
user,2021-01,15,377,0.0187758354499726,20079
user,2021-01,16,341,0.0169829174759699,20079
user,2021-01,17,366,0.0182279994023606,20079
user,2021-01,18,413,0.0205687534239752,20079
user,2021-01,19,295,0.0146919667314109,20079
user,2021-01,20,381,0.0189750485581951,20079
user,2021-01,21,359,0.0178793764629712,20079
user,2021-01,22,424,0.0211165894715872,20079
user,2021-01,23,422,0.0210169829174759,20079
user,2021-01,24,376,0.0187260321729169,20079
user,2021-01,25,396,0.0197220977140295,20079
user,2021-01,26,493,0.0245530155884257,20079
user,2021-01,27,386,0.0192240649434732,20079
user,2021-01,28,469,0.0233577369390905,20079
user,2021-01,29,380,0.0189252452811394,20079
user,2021-01,30,438,0.021813835350366,20079
user,2021-01,31,329,0.0163852781513023,20079
user,2021-01,32,290,0.0144429503461327,20079
user,2021-01,33,302,0.0150405896708003,20079
user,2021-01,34,407,0.0202699337616415,20079
user,2021-01,35,509,0.0253498680213158,20079
user,2021-01,36,393,0.0195726878828626,20079
user,2021-01,37,352,0.0175307535235818,20079
user,2021-01,38,411,0.020469146869864,20079
user,2021-01,39,410,0.0204193435928084,20079
user,2021-01,40,392,0.019522884605807,20079
user,2021-01,41,423,0.0210667861945316,20079
user,2021-01,42,373,0.01857662234175,20079
user,2021-01,43,411,0.020469146869864,20079
user,2021-01,44,494,0.0246028188654813,20079
user,2021-01,45,333,0.0165844912595248,20079
user,2021-01,46,481,0.0239553762637581,20079
user,2021-01,47,416,0.0207181632551421,20079
user,2021-01,48,371,0.0184770157876388,20079
user,2021-01,49,392,0.019522884605807,20079
user,2021-02,0,477,0.0258957654723127,18420
user,2021-02,1,334,0.0181324647122692,18420
user,2021-02,2,331,0.0179695982627578,18420
user,2021-02,3,415,0.022529858849077,18420
user,2021-02,4,421,0.0228555917480998,18420
user,2021-02,5,356,0.0193268186753528,18420
user,2021-02,6,366,0.0198697068403908,18420
user,2021-02,7,419,0.0227470141150922,18420
user,2021-02,8,380,0.020629750271444,18420
user,2021-02,9,359,0.0194896851248642,18420
user,2021-02,10,361,0.0195982627578718,18420
user,2021-02,11,324,0.0175895765472312,18420
user,2021-02,12,347,0.0188382193268186,18420
user,2021-02,13,407,0.0220955483170466,18420
user,2021-02,14,526,0.0285559174809989,18420
user,2021-02,15,337,0.0182953311617806,18420
user,2021-02,16,356,0.0193268186753528,18420
user,2021-02,17,305,0.016558089033659,18420
user,2021-02,18,377,0.0204668838219326,18420
user,2021-02,19,245,0.013300760043431,18420
user,2021-02,20,323,0.0175352877307274,18420
user,2021-02,21,340,0.018458197611292,18420
user,2021-02,22,357,0.0193811074918566,18420
user,2021-02,23,317,0.0172095548317046,18420
user,2021-02,24,291,0.0157980456026058,18420
user,2021-02,25,397,0.0215526601520086,18420
user,2021-02,26,459,0.0249185667752443,18420
user,2021-02,27,310,0.016829533116178,18420
user,2021-02,28,381,0.0206840390879478,18420
user,2021-02,29,328,0.0178067318132464,18420
user,2021-02,30,389,0.0211183496199782,18420
user,2021-02,31,304,0.0165038002171552,18420
user,2021-02,32,267,0.0144951140065146,18420
user,2021-02,33,289,0.0156894679695982,18420
user,2021-02,34,420,0.022801302931596,18420
user,2021-02,35,516,0.0280130293159609,18420
user,2021-02,36,341,0.0185124864277958,18420
user,2021-02,37,346,0.0187839305103148,18420
user,2021-02,38,382,0.0207383279044516,18420
user,2021-02,39,414,0.0224755700325732,18420
user,2021-02,40,340,0.018458197611292,18420
user,2021-02,41,354,0.0192182410423452,18420
user,2021-02,42,379,0.0205754614549402,18420
user,2021-02,43,348,0.0188925081433224,18420
user,2021-02,44,466,0.0252985884907709,18420
user,2021-02,45,305,0.016558089033659,18420
user,2021-02,46,433,0.0235070575461454,18420
user,2021-02,47,420,0.022801302931596,18420
user,2021-02,48,387,0.0210097719869706,18420
user,2021-02,49,374,0.0203040173724212,18420
user,2021-03,0,360,0.019893899204244,18096
user,2021-03,1,325,0.0179597701149425,18096
user,2021-03,2,361,0.0199491600353669,18096
user,2021-03,3,398,0.0219938107869142,18096
user,2021-03,4,380,0.020999115826702,18096
user,2021-03,5,330,0.018236074270557,18096
user,2021-03,6,393,0.0217175066312997,18096
user,2021-03,7,416,0.0229885057471264,18096
user,2021-03,8,375,0.0207228116710875,18096
user,2021-03,9,351,0.0193965517241379,18096
user,2021-03,10,308,0.0170203359858532,18096
user,2021-03,11,255,0.0140915119363395,18096
user,2021-03,12,336,0.0185676392572944,18096
user,2021-03,13,406,0.0224358974358974,18096
user,2021-03,14,541,0.0298961096374889,18096
user,2021-03,15,316,0.0174624226348364,18096
user,2021-03,16,326,0.0180150309460654,18096
user,2021-03,17,312,0.0172413793103448,18096
user,2021-03,18,375,0.0207228116710875,18096
user,2021-03,19,259,0.0143125552608311,18096
user,2021-03,20,362,0.0200044208664898,18096
user,2021-03,21,362,0.0200044208664898,18096
user,2021-03,22,353,0.0195070733863837,18096
user,2021-03,23,348,0.0192307692307692,18096
user,2021-03,24,317,0.0175176834659593,18096
user,2021-03,25,404,0.0223253757736516,18096
user,2021-03,26,437,0.0241489832007073,18096
user,2021-03,27,318,0.0175729442970822,18096
user,2021-03,28,369,0.0203912466843501,18096
user,2021-03,29,371,0.0205017683465959,18096
user,2021-03,30,418,0.0230990274093722,18096
user,2021-03,31,339,0.0187334217506631,18096
user,2021-03,32,287,0.0158598585322723,18096
user,2021-03,33,254,0.0140362511052166,18096
user,2021-03,34,444,0.0245358090185676,18096
user,2021-03,35,478,0.0264146772767462,18096
user,2021-03,36,331,0.0182913351016799,18096
user,2021-03,37,306,0.0169098143236074,18096
user,2021-03,38,393,0.0217175066312997,18096
user,2021-03,39,372,0.0205570291777188,18096
user,2021-03,40,314,0.0173519009725906,18096
user,2021-03,41,367,0.0202807250221043,18096
user,2021-03,42,372,0.0205570291777188,18096
user,2021-03,43,355,0.0196175950486295,18096
user,2021-03,44,447,0.0247015915119363,18096
user,2021-03,45,343,0.0189544650751547,18096
user,2021-03,46,380,0.020999115826702,18096
user,2021-03,47,402,0.0222148541114058,18096
user,2021-03,48,361,0.0199491600353669,18096
user,2021-03,49,369,0.0203912466843501,18096
user,2021-04,0,397,0.0243438803041452,16308
user,2021-04,1,300,0.0183958793230316,16308
user,2021-04,2,293,0.0179666421388275,16308
user,2021-04,3,387,0.0237306843267108,16308
user,2021-04,4,387,0.0237306843267108,16308
user,2021-04,5,283,0.0173534461613931,16308
user,2021-04,6,349,0.0214005396124601,16308
user,2021-04,7,390,0.0239146431199411,16308
user,2021-04,8,367,0.022504292371842,16308
user,2021-04,9,337,0.0206647044395388,16308
user,2021-04,10,291,0.0178440029433406,16308
user,2021-04,11,267,0.0163723325974981,16308
user,2021-04,12,288,0.0176600441501103,16308
user,2021-04,13,385,0.0236080451312239,16308
user,2021-04,14,455,0.0279004169732646,16308
user,2021-04,15,279,0.0171081677704194,16308
user,2021-04,16,303,0.0185798381162619,16308
user,2021-04,17,237,0.0145327446651949,16308
user,2021-04,18,294,0.018027961736571,16308
user,2021-04,19,206,0.0126318371351483,16308
user,2021-04,20,315,0.0193156732891832,16308
user,2021-04,21,340,0.0208486632327691,16308
user,2021-04,22,329,0.0201741476575913,16308
user,2021-04,23,312,0.0191317144959529,16308
user,2021-04,24,262,0.0160657346087809,16308
user,2021-04,25,338,0.0207260240372823,16308
user,2021-04,26,395,0.0242212411086583,16308
user,2021-04,27,297,0.0182119205298013,16308
user,2021-04,28,366,0.0224429727740986,16308
user,2021-04,29,357,0.0218910963944076,16308
user,2021-04,30,355,0.0217684571989207,16308
user,2021-04,31,297,0.0182119205298013,16308
user,2021-04,32,268,0.0164336521952416,16308
user,2021-04,33,253,0.01551385822909,16308
user,2021-04,34,357,0.0218910963944076,16308
user,2021-04,35,401,0.0245891586951189,16308
user,2021-04,36,327,0.0200515084621044,16308
user,2021-04,37,278,0.0170468481726759,16308
user,2021-04,38,364,0.0223203335786117,16308
user,2021-04,39,330,0.0202354672553348,16308
user,2021-04,40,318,0.0194996320824135,16308
user,2021-04,41,344,0.0210939416237429,16308
user,2021-04,42,308,0.0188864361049791,16308
user,2021-04,43,304,0.0186411577140053,16308
user,2021-04,44,380,0.0233014471425067,16308
user,2021-04,45,234,0.0143487858719646,16308
user,2021-04,46,403,0.0247117978906058,16308
user,2021-04,47,312,0.0191317144959529,16308
user,2021-04,48,292,0.0179053225410841,16308
user,2021-04,49,377,0.0231174883492764,16308
user,2021-05,0,392,0.024512256128064,15992
user,2021-05,1,293,0.0183216608304152,15992
user,2021-05,2,338,0.0211355677838919,15992
user,2021-05,3,369,0.0230740370185092,15992
user,2021-05,4,328,0.0205102551275637,15992
user,2021-05,5,294,0.018384192096048,15992
user,2021-05,6,346,0.0216358179089544,15992
user,2021-05,7,369,0.0230740370185092,15992
user,2021-05,8,350,0.0218859429714857,15992
user,2021-05,9,287,0.0179464732366183,15992
user,2021-05,10,278,0.0173836918459229,15992
user,2021-05,11,285,0.0178214107053526,15992
user,2021-05,12,290,0.0181340670335167,15992
user,2021-05,13,378,0.0236368184092046,15992
user,2021-05,14,458,0.0286393196598299,15992
user,2021-05,15,284,0.0177588794397198,15992
user,2021-05,16,302,0.0188844422211105,15992
user,2021-05,17,269,0.0168209104552276,15992
user,2021-05,18,295,0.0184467233616808,15992
user,2021-05,19,211,0.0131940970485242,15992
user,2021-05,20,295,0.0184467233616808,15992
user,2021-05,21,342,0.0213856928464232,15992
user,2021-05,22,360,0.0225112556278139,15992
user,2021-05,23,299,0.0186968484242121,15992
user,2021-05,24,250,0.0156328164082041,15992
user,2021-05,25,334,0.0208854427213606,15992
user,2021-05,26,389,0.0243246623311655,15992
user,2021-05,27,289,0.0180715357678839,15992
user,2021-05,28,327,0.0204477238619309,15992
user,2021-05,29,269,0.0168209104552276,15992
user,2021-05,30,332,0.020760380190095,15992
user,2021-05,31,272,0.017008504252126,15992
user,2021-05,32,255,0.0159454727363681,15992
user,2021-05,33,255,0.0159454727363681,15992
user,2021-05,34,374,0.0233866933466733,15992
user,2021-05,35,422,0.0263881940970485,15992
user,2021-05,36,284,0.0177588794397198,15992
user,2021-05,37,269,0.0168209104552276,15992
user,2021-05,38,350,0.0218859429714857,15992
user,2021-05,39,343,0.021448224112056,15992
user,2021-05,40,285,0.0178214107053526,15992
user,2021-05,41,341,0.0213231615807903,15992
user,2021-05,42,315,0.0196973486743371,15992
user,2021-05,43,310,0.019384692346173,15992
user,2021-05,44,414,0.0258879439719859,15992
user,2021-05,45,258,0.0161330665332666,15992
user,2021-05,46,366,0.0228864432216108,15992
user,2021-05,47,340,0.0212606303151575,15992
user,2021-05,48,311,0.0194472236118059,15992
user,2021-05,49,326,0.0203851925962981,15992
user,2021-06,0,334,0.0238690773958407,13993
user,2021-06,1,239,0.0170799685557064,13993
user,2021-06,2,269,0.0192238976631172,13993
user,2021-06,3,300,0.0214392910741084,13993
user,2021-06,4,327,0.0233688272707782,13993
user,2021-06,5,244,0.0174372900736082,13993
user,2021-06,6,293,0.0209390409490459,13993
user,2021-06,7,306,0.0218680768955906,13993
user,2021-06,8,313,0.0223683270206531,13993
user,2021-06,9,281,0.0200814693060816,13993
user,2021-06,10,243,0.0173658257700278,13993
user,2021-06,11,246,0.0175802186807689,13993
user,2021-06,12,254,0.0181519331094118,13993
user,2021-06,13,336,0.0240120060030015,13993
user,2021-06,14,397,0.0283713285214035,13993
user,2021-06,15,251,0.0179375401986707,13993
user,2021-06,16,268,0.0191524333595369,13993
user,2021-06,17,228,0.0162938612163224,13993
user,2021-06,18,292,0.0208675766454655,13993
user,2021-06,19,187,0.0133638247695276,13993
user,2021-06,20,257,0.0183663260201529,13993
user,2021-06,21,242,0.0172943614664475,13993
user,2021-06,22,302,0.0215822196812692,13993
user,2021-06,23,262,0.0187236475380547,13993
user,2021-06,24,236,0.0168655756449653,13993
user,2021-06,25,314,0.0224397913242335,13993
user,2021-06,26,384,0.0274422925748588,13993
user,2021-06,27,231,0.0165082541270635,13993
user,2021-06,28,281,0.0200814693060816,13993
user,2021-06,29,257,0.0183663260201529,13993
user,2021-06,30,283,0.0202243979132423,13993
user,2021-06,31,253,0.0180804688058314,13993
user,2021-06,32,199,0.0142213964124919,13993
user,2021-06,33,213,0.015221896662617,13993
user,2021-06,34,302,0.0215822196812692,13993
user,2021-06,35,344,0.0245837204316443,13993
user,2021-06,36,261,0.0186521832344743,13993
user,2021-06,37,241,0.0172228971628671,13993
user,2021-06,38,246,0.0175802186807689,13993
user,2021-06,39,272,0.0194382905738583,13993
user,2021-06,40,281,0.0200814693060816,13993
user,2021-06,41,280,0.0200100050025012,13993
user,2021-06,42,278,0.0198670763953405,13993
user,2021-06,43,296,0.021153433859787,13993
user,2021-06,44,349,0.0249410419495462,13993
user,2021-06,45,256,0.0182948617165725,13993
user,2021-06,46,324,0.0231544343600371,13993
user,2021-06,47,348,0.0248695776459658,13993
user,2021-06,48,300,0.0214392910741084,13993
user,2021-06,49,293,0.0209390409490459,13993
user,2021-07,0,379,0.0243541961187508,15562
user,2021-07,1,279,0.0179282868525896,15562
user,2021-07,2,306,0.0196632823544531,15562
user,2021-07,3,321,0.0206271687443773,15562
user,2021-07,4,333,0.0213982778563166,15562
user,2021-07,5,256,0.0164503277213725,15562
user,2021-07,6,296,0.019020691427837,15562
user,2021-07,7,336,0.0215910551343015,15562
user,2021-07,8,350,0.022490682431564,15562
user,2021-07,9,282,0.0181210641305744,15562
user,2021-07,10,297,0.0190849505204986,15562
user,2021-07,11,264,0.0169644004626654,15562
user,2021-07,12,302,0.0194062459838067,15562
user,2021-07,13,342,0.0219766096902711,15562
user,2021-07,14,472,0.0303302917362806,15562
user,2021-07,15,291,0.0186993959645289,15562
user,2021-07,16,280,0.0179925459452512,15562
user,2021-07,17,275,0.0176712504819431,15562
user,2021-07,18,318,0.0204343914663924,15562
user,2021-07,19,230,0.0147795913121706,15562
user,2021-07,20,289,0.0185708777792057,15562
user,2021-07,21,298,0.0191492096131602,15562
user,2021-07,22,332,0.021334018763655,15562
user,2021-07,23,272,0.0174784732039583,15562
user,2021-07,24,253,0.0162575504433877,15562
user,2021-07,25,346,0.0222336460609176,15562
user,2021-07,26,375,0.0240971597481043,15562
user,2021-07,27,309,0.0198560596324379,15562
user,2021-07,28,372,0.0239043824701195,15562
user,2021-07,29,320,0.0205629096517157,15562
user,2021-07,30,319,0.0204986505590541,15562
user,2021-07,31,257,0.0165145868140341,15562
user,2021-07,32,221,0.0142012594782161,15562
user,2021-07,33,231,0.0148438504048322,15562
user,2021-07,34,350,0.022490682431564,15562
user,2021-07,35,430,0.0276314098444929,15562
user,2021-07,36,267,0.0171571777406503,15562
user,2021-07,37,302,0.0194062459838067,15562
user,2021-07,38,341,0.0219123505976095,15562
user,2021-07,39,306,0.0196632823544531,15562
user,2021-07,40,278,0.017864027759928,15562
user,2021-07,41,336,0.0215910551343015,15562
user,2021-07,42,303,0.0194705050764683,15562
user,2021-07,43,304,0.0195347641691299,15562
user,2021-07,44,408,0.0262177098059375,15562
user,2021-07,45,261,0.0167716231846806,15562
user,2021-07,46,323,0.0207556869297005,15562
user,2021-07,47,363,0.023326050636165,15562
user,2021-07,48,272,0.0174784732039583,15562
user,2021-07,49,315,0.0202416141884076,15562
user,2021-08,0,143,0.0197622996130458,7236
user,2021-08,1,143,0.0197622996130458,7236
user,2021-08,2,138,0.0190713101160862,7236
user,2021-08,3,169,0.023355444997236,7236
user,2021-08,4,142,0.0196241017136539,7236
user,2021-08,5,137,0.0189331122166943,7236
user,2021-08,6,138,0.0190713101160862,7236
user,2021-08,7,193,0.0266721945826423,7236
user,2021-08,8,130,0.0179657269209508,7236
user,2021-08,9,155,0.021420674405749,7236
user,2021-08,10,152,0.0210060807075732,7236
user,2021-08,11,106,0.0146489773355444,7236
user,2021-08,12,112,0.015478164731896,7236
user,2021-08,13,180,0.0248756218905472,7236
user,2021-08,14,221,0.0305417357656163,7236
user,2021-08,15,165,0.0228026533996683,7236
user,2021-08,16,140,0.01934770591487,7236
user,2021-08,17,132,0.0182421227197346,7236
user,2021-08,18,116,0.0160309563294637,7236
user,2021-08,19,104,0.0143725815367606,7236
user,2021-08,20,140,0.01934770591487,7236
user,2021-08,21,108,0.0149253731343283,7236
user,2021-08,22,162,0.0223880597014925,7236
user,2021-08,23,151,0.0208678828081813,7236
user,2021-08,24,163,0.0225262576008844,7236
user,2021-08,25,115,0.0158927584300718,7236
user,2021-08,26,201,0.0277777777777777,7236
user,2021-08,27,132,0.0182421227197346,7236
user,2021-08,28,191,0.0263957987838584,7236
user,2021-08,29,143,0.0197622996130458,7236
user,2021-08,30,179,0.0247374239911553,7236
user,2021-08,31,154,0.0212824765063571,7236
user,2021-08,32,109,0.0150635710337202,7236
user,2021-08,33,113,0.015616362631288,7236
user,2021-08,34,140,0.01934770591487,7236
user,2021-08,35,175,0.0241846323935876,7236
user,2021-08,36,138,0.0190713101160862,7236
user,2021-08,37,142,0.0196241017136539,7236
user,2021-08,38,133,0.0183803206191265,7236
user,2021-08,39,106,0.0146489773355444,7236
user,2021-08,40,180,0.0248756218905472,7236
user,2021-08,41,180,0.0248756218905472,7236
user,2021-08,42,140,0.01934770591487,7236
user,2021-08,43,107,0.0147871752349364,7236
user,2021-08,44,114,0.0157545605306799,7236
user,2021-08,45,162,0.0223880597014925,7236
user,2021-08,46,141,0.019485903814262,7236
user,2021-08,47,120,0.0165837479270315,7236
user,2021-08,48,127,0.017551133222775,7236
user,2021-08,49,154,0.0212824765063571,7236
user,2021-09,0,106,0.0174055829228243,6090
user,2021-09,1,125,0.0205254515599343,6090
user,2021-09,2,105,0.0172413793103448,6090
user,2021-09,3,157,0.0257799671592775,6090
user,2021-09,4,169,0.0277504105090312,6090
user,2021-09,5,106,0.0174055829228243,6090
user,2021-09,6,98,0.0160919540229885,6090
user,2021-09,7,174,0.0285714285714285,6090
user,2021-09,8,122,0.0200328407224958,6090
user,2021-09,9,117,0.0192118226600985,6090
user,2021-09,10,108,0.0177339901477832,6090
user,2021-09,11,99,0.0162561576354679,6090
user,2021-09,12,83,0.0136288998357963,6090
user,2021-09,13,152,0.0249589490968801,6090
user,2021-09,14,173,0.028407224958949,6090
user,2021-09,15,119,0.0195402298850574,6090
user,2021-09,16,123,0.0201970443349753,6090
user,2021-09,17,131,0.0215106732348111,6090
user,2021-09,18,123,0.0201970443349753,6090
user,2021-09,19,80,0.0131362889983579,6090
user,2021-09,20,103,0.0169129720853858,6090
user,2021-09,21,102,0.0167487684729064,6090
user,2021-09,22,120,0.0197044334975369,6090
user,2021-09,23,109,0.0178981937602627,6090
user,2021-09,24,121,0.0198686371100164,6090
user,2021-09,25,88,0.0144499178981937,6090
user,2021-09,26,146,0.0239737274220032,6090
user,2021-09,27,103,0.0169129720853858,6090
user,2021-09,28,165,0.0270935960591133,6090
user,2021-09,29,135,0.022167487684729,6090
user,2021-09,30,133,0.0218390804597701,6090
user,2021-09,31,118,0.0193760262725779,6090
user,2021-09,32,97,0.015927750410509,6090
user,2021-09,33,78,0.012807881773399,6090
user,2021-09,34,114,0.0187192118226601,6090
user,2021-09,35,147,0.0241379310344827,6090
user,2021-09,36,125,0.0205254515599343,6090
user,2021-09,37,150,0.0246305418719211,6090
user,2021-09,38,117,0.0192118226600985,6090
user,2021-09,39,111,0.0182266009852216,6090
user,2021-09,40,134,0.0220032840722495,6090
user,2021-09,41,204,0.0334975369458128,6090
user,2021-09,42,111,0.0182266009852216,6090
user,2021-09,43,107,0.0175697865353037,6090
user,2021-09,44,119,0.0195402298850574,6090
user,2021-09,45,102,0.0167487684729064,6090
user,2021-09,46,117,0.0192118226600985,6090
user,2021-09,47,103,0.0169129720853858,6090
user,2021-09,48,100,0.0164203612479474,6090
user,2021-09,49,141,0.0231527093596059,6090
user,2021-10,0,122,0.0204457851516675,5967
user,2021-10,1,112,0.0187699011228423,5967
user,2021-10,2,123,0.02061337355455,5967
user,2021-10,3,148,0.024803083626613,5967
user,2021-10,4,120,0.0201106083459024,5967
user,2021-10,5,107,0.0179319591084296,5967
user,2021-10,6,114,0.0191050779286073,5967
user,2021-10,7,144,0.0241327300150829,5967
user,2021-10,8,105,0.0175967823026646,5967
user,2021-10,9,123,0.02061337355455,5967
user,2021-10,10,123,0.02061337355455,5967
user,2021-10,11,107,0.0179319591084296,5967
user,2021-10,12,87,0.0145801910507792,5967
user,2021-10,13,132,0.0221216691804927,5967
user,2021-10,14,172,0.0288252052957935,5967
user,2021-10,15,141,0.0236299648064353,5967
user,2021-10,16,114,0.0191050779286073,5967
user,2021-10,17,115,0.0192726663314898,5967
user,2021-10,18,113,0.0189374895257248,5967
user,2021-10,19,90,0.0150829562594268,5967
user,2021-10,20,111,0.0186023127199597,5967
user,2021-10,21,97,0.0162560750796044,5967
user,2021-10,22,147,0.0246354952237305,5967
user,2021-10,23,127,0.0212837271660801,5967
user,2021-10,24,104,0.0174291938997821,5967
user,2021-10,25,85,0.0142450142450142,5967
user,2021-10,26,169,0.0283224400871459,5967
user,2021-10,27,108,0.0180995475113122,5967
user,2021-10,28,168,0.0281548516842634,5967
user,2021-10,29,110,0.0184347243170772,5967
user,2021-10,30,150,0.025138260432378,5967
user,2021-10,31,119,0.0199430199430199,5967
user,2021-10,32,86,0.0144126026478967,5967
user,2021-10,33,77,0.012904307021954,5967
user,2021-10,34,98,0.016423663482487,5967
user,2021-10,35,153,0.0256410256410256,5967
user,2021-10,36,109,0.0182671359141947,5967
user,2021-10,37,109,0.0182671359141947,5967
user,2021-10,38,122,0.0204457851516675,5967
user,2021-10,39,100,0.016758840288252,5967
user,2021-10,40,160,0.0268141444612032,5967
user,2021-10,41,144,0.0241327300150829,5967
user,2021-10,42,111,0.0186023127199597,5967
user,2021-10,43,113,0.0189374895257248,5967
user,2021-10,44,113,0.0189374895257248,5967
user,2021-10,45,123,0.02061337355455,5967
user,2021-10,46,114,0.0191050779286073,5967
user,2021-10,47,103,0.0172616054968996,5967
user,2021-10,48,99,0.0165912518853695,5967
user,2021-10,49,126,0.0211161387631975,5967
user,2021-11,0,167,0.021747623388462,7679
user,2021-11,1,130,0.016929287667665,7679
user,2021-11,2,117,0.0152363589008985,7679
user,2021-11,3,200,0.0260450579502539,7679
user,2021-11,4,159,0.0207058210704518,7679
user,2021-11,5,126,0.0164083865086599,7679
user,2021-11,6,165,0.0214871728089595,7679
user,2021-11,7,222,0.0289100143247818,7679
user,2021-11,8,131,0.0170595129574163,7679
user,2021-11,9,179,0.0233103268654772,7679
user,2021-11,10,159,0.0207058210704518,7679
user,2021-11,11,125,0.0162781612189087,7679
user,2021-11,12,102,0.0132829795546295,7679
user,2021-11,13,156,0.020315145201198,7679
user,2021-11,14,223,0.0290402396145331,7679
user,2021-11,15,151,0.0196640187524417,7679
user,2021-11,16,155,0.0201849199114468,7679
user,2021-11,17,126,0.0164083865086599,7679
user,2021-11,18,138,0.0179710899856752,7679
user,2021-11,19,100,0.0130225289751269,7679
user,2021-11,20,152,0.0197942440421929,7679
user,2021-11,21,124,0.0161479359291574,7679
user,2021-11,22,169,0.0220080739679645,7679
user,2021-11,23,170,0.0221382992577158,7679
user,2021-11,24,156,0.020315145201198,7679
user,2021-11,25,112,0.0145852324521422,7679
user,2021-11,26,200,0.0260450579502539,7679
user,2021-11,27,135,0.0175804141164214,7679
user,2021-11,28,208,0.027086860268264,7679
user,2021-11,29,150,0.0195337934626904,7679
user,2021-11,30,162,0.0210964969397056,7679
user,2021-11,31,161,0.0209662716499544,7679
user,2021-11,32,120,0.0156270347701523,7679
user,2021-11,33,131,0.0170595129574163,7679
user,2021-11,34,150,0.0195337934626904,7679
user,2021-11,35,185,0.0240916786039848,7679
user,2021-11,36,178,0.023180101575726,7679
user,2021-11,37,139,0.0181013152754264,7679
user,2021-11,38,155,0.0201849199114468,7679
user,2021-11,39,118,0.0153665841906498,7679
user,2021-11,40,205,0.0266961843990102,7679
user,2021-11,41,215,0.0279984372965229,7679
user,2021-11,42,151,0.0196640187524417,7679
user,2021-11,43,119,0.015496809480401,7679
user,2021-11,44,148,0.0192733428831879,7679
user,2021-11,45,133,0.0173199635369188,7679
user,2021-11,46,175,0.0227894257064721,7679
user,2021-11,47,127,0.0165386117984112,7679
user,2021-11,48,135,0.0175804141164214,7679
user,2021-11,49,165,0.0214871728089595,7679
user,2021-12,0,175,0.0197650779308787,8854
user,2021-12,1,188,0.0212333408628868,8854
user,2021-12,2,160,0.0180709283939462,8854
user,2021-12,3,198,0.0223627738875084,8854
user,2021-12,4,195,0.0220239439801219,8854
user,2021-12,5,169,0.0190874181161057,8854
user,2021-12,6,193,0.0217980573751976,8854
user,2021-12,7,249,0.0281228823130788,8854
user,2021-12,8,155,0.0175062118816354,8854
user,2021-12,9,209,0.0236051502145922,8854
user,2021-12,10,165,0.018635644906257,8854
user,2021-12,11,156,0.0176191551840975,8854
user,2021-12,12,130,0.0146826293200813,8854
user,2021-12,13,181,0.0204427377456516,8854
user,2021-12,14,264,0.0298170318500112,8854
user,2021-12,15,188,0.0212333408628868,8854
user,2021-12,16,174,0.0196521346284165,8854
user,2021-12,17,149,0.0168285520668624,8854
user,2021-12,18,186,0.0210074542579625,8854
user,2021-12,19,113,0.0127625931782245,8854
user,2021-12,20,161,0.0181838716964084,8854
user,2021-12,21,140,0.0158120623447029,8854
user,2021-12,22,206,0.0232663203072057,8854
user,2021-12,23,165,0.018635644906257,8854
user,2021-12,24,148,0.0167156087644002,8854
user,2021-12,25,133,0.0150214592274678,8854
user,2021-12,26,210,0.0237180935170544,8854
user,2021-12,27,144,0.0162638355545516,8854
user,2021-12,28,210,0.0237180935170544,8854
user,2021-12,29,202,0.0228145470973571,8854
user,2021-12,30,196,0.0221368872825841,8854
user,2021-12,31,192,0.0216851140727354,8854
user,2021-12,32,149,0.0168285520668624,8854
user,2021-12,33,123,0.0138920262028461,8854
user,2021-12,34,162,0.0182968149988705,8854
user,2021-12,35,229,0.0258640162638355,8854
user,2021-12,36,206,0.0232663203072057,8854
user,2021-12,37,184,0.0207815676530381,8854
user,2021-12,38,168,0.0189744748136435,8854
user,2021-12,39,134,0.0151344025299299,8854
user,2021-12,40,217,0.0245086966342895,8854
user,2021-12,41,271,0.0306076349672464,8854
user,2021-12,42,164,0.0185227016037948,8854
user,2021-12,43,154,0.0173932685791732,8854
user,2021-12,44,164,0.0185227016037948,8854
user,2021-12,45,152,0.0171673819742489,8854
user,2021-12,46,209,0.0236051502145922,8854
user,2021-12,47,142,0.0160379489496272,8854
user,2021-12,48,139,0.0156991190422407,8854
user,2021-12,49,183,0.020668624350576,8854
user,2022-01,0,737,0.0256454868118867,28738
user,2022-01,1,498,0.0173289720926995,28738
user,2022-01,2,557,0.0193820029229591,28738
user,2022-01,3,617,0.0214698308859349,28738
user,2022-01,4,616,0.0214350337532187,28738
user,2022-01,5,471,0.0163894495093604,28738
user,2022-01,6,606,0.021087062426056,28738
user,2022-01,7,568,0.019764771382838,28738
user,2022-01,8,639,0.0222353678056928,28738
user,2022-01,9,553,0.019242814392094,28738
user,2022-01,10,507,0.0176421462871459,28738
user,2022-01,11,540,0.0187904516667826,28738
user,2022-01,12,548,0.0190688287285127,28738
user,2022-01,13,622,0.0216438165495163,28738
user,2022-01,14,841,0.0292643886143781,28738
user,2022-01,15,516,0.0179553204815923,28738
user,2022-01,16,548,0.0190688287285127,28738
user,2022-01,17,476,0.0165634351729417,28738
user,2022-01,18,558,0.0194168000556754,28738
user,2022-01,19,385,0.0133968960957617,28738
user,2022-01,20,558,0.0194168000556754,28738
user,2022-01,21,569,0.0197995685155543,28738
user,2022-01,22,613,0.0213306423550699,28738
user,2022-01,23,469,0.0163198552439279,28738
user,2022-01,24,422,0.0146843900062634,28738
user,2022-01,25,665,0.0231400932563156,28738
user,2022-01,26,663,0.0230704989908831,28738
user,2022-01,27,544,0.0189296401976477,28738
user,2022-01,28,597,0.0207738882316097,28738
user,2022-01,29,601,0.0209130767624747,28738
user,2022-01,30,587,0.020425916904447,28738
user,2022-01,31,473,0.0164590437747929,28738
user,2022-01,32,406,0.0141276358828032,28738
user,2022-01,33,449,0.0156239125896026,28738
user,2022-01,34,667,0.0232096875217482,28738
user,2022-01,35,821,0.0285684459600528,28738
user,2022-01,36,566,0.0196951771174055,28738
user,2022-01,37,511,0.0177813348180109,28738
user,2022-01,38,562,0.0195559885865404,28738
user,2022-01,39,661,0.0230009047254506,28738
user,2022-01,40,495,0.0172245806945507,28738
user,2022-01,41,601,0.0209130767624747,28738
user,2022-01,42,567,0.0197299742501217,28738
user,2022-01,43,538,0.0187208574013501,28738
user,2022-01,44,810,0.0281856775001739,28738
user,2022-01,45,440,0.0153107383951562,28738
user,2022-01,46,679,0.0236272531143433,28738
user,2022-01,47,613,0.0213306423550699,28738
user,2022-01,48,561,0.0195211914538242,28738
user,2022-01,49,627,0.0218178022130976,28738
user,2022-02,0,494,0.0257680872150644,19171
user,2022-02,1,334,0.0174221480360961,19171
user,2022-02,2,361,0.018830525272547,19171
user,2022-02,3,371,0.0193521464712325,19171
user,2022-02,4,474,0.0247248448176933,19171
user,2022-02,5,329,0.0171613374367534,19171
user,2022-02,6,456,0.0237859266600594,19171
user,2022-02,7,338,0.0176307965155703,19171
user,2022-02,8,455,0.0237337645401909,19171
user,2022-02,9,362,0.0188826873924156,19171
user,2022-02,10,332,0.017317823796359,19171
user,2022-02,11,354,0.0184653904334672,19171
user,2022-02,12,384,0.0200302540295237,19171
user,2022-02,13,420,0.0219080903447916,19171
user,2022-02,14,564,0.029419435605863,19171
user,2022-02,15,362,0.0188826873924156,19171
user,2022-02,16,361,0.018830525272547,19171
user,2022-02,17,331,0.0172656616764905,19171
user,2022-02,18,388,0.0202389025089979,19171
user,2022-02,19,283,0.0147618799228,19171
user,2022-02,20,369,0.0192478222314954,19171
user,2022-02,21,365,0.0190391737520212,19171
user,2022-02,22,396,0.0206561994679463,19171
user,2022-02,23,320,0.0166918783579364,19171
user,2022-02,24,274,0.014292420843983,19171
user,2022-02,25,452,0.0235772781805852,19171
user,2022-02,26,470,0.0245161963382191,19171
user,2022-02,27,341,0.017787282875176,19171
user,2022-02,28,398,0.0207605237076834,19171
user,2022-02,29,382,0.0199259297897866,19171
user,2022-02,30,380,0.0198216055500495,19171
user,2022-02,31,330,0.0172134995566219,19171
user,2022-02,32,318,0.0165875541181993,19171
user,2022-02,33,309,0.0161180950393824,19171
user,2022-02,34,425,0.0221689009441343,19171
user,2022-02,35,535,0.027906734129675,19171
user,2022-02,36,366,0.0190913358718898,19171
user,2022-02,37,327,0.0170570131970163,19171
user,2022-02,38,396,0.0206561994679463,19171
user,2022-02,39,387,0.0201867403891294,19171
user,2022-02,40,326,0.0170048510771477,19171
user,2022-02,41,382,0.0199259297897866,19171
user,2022-02,42,335,0.0174743101559647,19171
user,2022-02,43,386,0.0201345782692608,19171
user,2022-02,44,518,0.0270199780919096,19171
user,2022-02,45,313,0.0163267435188566,19171
user,2022-02,46,403,0.0210213343070262,19171
user,2022-02,47,446,0.0232643054613739,19171
user,2022-02,48,373,0.0194564707109696,19171
user,2022-02,49,396,0.0206561994679463,19171
user,2022-03,0,394,0.0242357138463431,16257
user,2022-03,1,289,0.0177769576182567,16257
user,2022-03,2,299,0.0183920772590268,16257
user,2022-03,3,317,0.0194992926124131,16257
user,2022-03,4,374,0.0230054745648028,16257
user,2022-03,5,282,0.0173463738697176,16257
user,2022-03,6,378,0.0232515224211109,16257
user,2022-03,7,328,0.0201759242172602,16257
user,2022-03,8,392,0.024112689918189,16257
user,2022-03,9,286,0.0175924217260257,16257
user,2022-03,10,280,0.0172233499415636,16257
user,2022-03,11,326,0.0200529002891062,16257
user,2022-03,12,311,0.019130220827951,16257
user,2022-03,13,362,0.0222673309958786,16257
user,2022-03,14,463,0.028480039367657,16257
user,2022-03,15,276,0.0169773020852555,16257
user,2022-03,16,272,0.0167312542289475,16257
user,2022-03,17,312,0.019191732792028,16257
user,2022-03,18,295,0.0181460294027188,16257
user,2022-03,19,202,0.0124254167435566,16257
user,2022-03,20,320,0.0196838285046441,16257
user,2022-03,21,337,0.0207295318939533,16257
user,2022-03,22,341,0.0209755797502614,16257
user,2022-03,23,305,0.0187611490434889,16257
user,2022-03,24,259,0.0159315986959463,16257
user,2022-03,25,371,0.0228209386725718,16257
user,2022-03,26,422,0.0259580488404994,16257
user,2022-03,27,291,0.0178999815464107,16257
user,2022-03,28,362,0.0222673309958786,16257
user,2022-03,29,330,0.0202989481454142,16257
user,2022-03,30,334,0.0205449960017223,16257
user,2022-03,31,273,0.0167927661930245,16257
user,2022-03,32,281,0.0172848619056406,16257
user,2022-03,33,234,0.014393799594021,16257
user,2022-03,34,393,0.0241742018822661,16257
user,2022-03,35,457,0.0281109675831949,16257
user,2022-03,36,280,0.0172233499415636,16257
user,2022-03,37,292,0.0179614935104877,16257
user,2022-03,38,349,0.0214676754628775,16257
user,2022-03,39,351,0.0215906993910315,16257
user,2022-03,40,288,0.0177154456541797,16257
user,2022-03,41,311,0.019130220827951,16257
user,2022-03,42,291,0.0178999815464107,16257
user,2022-03,43,299,0.0183920772590268,16257
user,2022-03,44,435,0.0267577043735006,16257
user,2022-03,45,251,0.0154395029833302,16257
user,2022-03,46,387,0.023805130097804,16257
user,2022-03,47,353,0.0217137233191855,16257
user,2022-03,48,317,0.0194992926124131,16257
user,2022-03,49,305,0.0187611490434889,16257
user,2022-04,0,360,0.0230120173868575,15644
user,2022-04,1,273,0.0174507798517003,15644
user,2022-04,2,294,0.0187931475326003,15644
user,2022-04,3,303,0.0193684479672717,15644
user,2022-04,4,365,0.0233316287394528,15644
user,2022-04,5,272,0.0173868575811812,15644
user,2022-04,6,373,0.0238430069036052,15644
user,2022-04,7,323,0.0206468933776527,15644
user,2022-04,8,370,0.023651240092048,15644
user,2022-04,9,310,0.0198159038609051,15644
user,2022-04,10,295,0.0188570698031194,15644
user,2022-04,11,301,0.0192406034262337,15644
user,2022-04,12,313,0.0200076706724622,15644
user,2022-04,13,358,0.0228841728458194,15644
user,2022-04,14,485,0.0310023012017386,15644
user,2022-04,15,282,0.0180260802863717,15644
user,2022-04,16,291,0.0186013807210432,15644
user,2022-04,17,270,0.0172590130401431,15644
user,2022-04,18,287,0.018345691638967,15644
user,2022-04,19,185,0.011825620046024,15644
user,2022-04,20,301,0.0192406034262337,15644
user,2022-04,21,263,0.0168115571465098,15644
user,2022-04,22,353,0.0225645614932242,15644
user,2022-04,23,274,0.0175147021222193,15644
user,2022-04,24,237,0.0151495781130145,15644
user,2022-04,25,365,0.0233316287394528,15644
user,2022-04,26,395,0.0252492968550242,15644
user,2022-04,27,252,0.0161084121708003,15644
user,2022-04,28,334,0.0213500383533623,15644
user,2022-04,29,325,0.0207747379186908,15644
user,2022-04,30,339,0.0216696497059575,15644
user,2022-04,31,253,0.0161723344413193,15644
user,2022-04,32,259,0.0165558680644336,15644
user,2022-04,33,208,0.0132958322679621,15644
user,2022-04,34,383,0.0244822296087957,15644
user,2022-04,35,436,0.0278701099463052,15644
user,2022-04,36,284,0.0181539248274098,15644
user,2022-04,37,267,0.017067246228586,15644
user,2022-04,38,318,0.0203272820250575,15644
user,2022-04,39,342,0.0218614165175147,15644
user,2022-04,40,262,0.0167476348759907,15644
user,2022-04,41,331,0.0211582715418051,15644
user,2022-04,42,299,0.0191127588851956,15644
user,2022-04,43,310,0.0198159038609051,15644
user,2022-04,44,387,0.0247379186908719,15644
user,2022-04,45,236,0.0150856558424955,15644
user,2022-04,46,398,0.0254410636665814,15644
user,2022-04,47,350,0.022372794681667,15644
user,2022-04,48,273,0.0174507798517003,15644
user,2022-04,49,300,0.0191766811557146,15644
user,2022-05,0,575,0.0264040042246406,21777
user,2022-05,1,382,0.0175414428066308,21777
user,2022-05,2,429,0.0196996831519493,21777
user,2022-05,3,448,0.0205721632915461,21777
user,2022-05,4,472,0.0216742434678789,21777
user,2022-05,5,359,0.0164852826376452,21777
user,2022-05,6,450,0.0206640033062405,21777
user,2022-05,7,435,0.0199752031960325,21777
user,2022-05,8,463,0.0212609634017541,21777
user,2022-05,9,387,0.0177710428433668,21777
user,2022-05,10,419,0.0192404830784772,21777
user,2022-05,11,422,0.0193782431005188,21777
user,2022-05,12,444,0.0203884832621573,21777
user,2022-05,13,502,0.0230518436882949,21777
user,2022-05,14,641,0.0294347247095559,21777
user,2022-05,15,347,0.0159342425494788,21777
user,2022-05,16,394,0.0180924828947972,21777
user,2022-05,17,408,0.018735362997658,21777
user,2022-05,18,428,0.0196537631446021,21777
user,2022-05,19,360,0.0165312026449924,21777
user,2022-05,20,450,0.0206640033062405,21777
user,2022-05,21,412,0.0189190430270468,21777
user,2022-05,22,486,0.0223171235707397,21777
user,2022-05,23,355,0.0163016026082564,21777
user,2022-05,24,360,0.0165312026449924,21777
user,2022-05,25,526,0.0241539238646278,21777
user,2022-05,26,546,0.0250723240115718,21777
user,2022-05,27,402,0.0184598429535748,21777
user,2022-05,28,443,0.0203425632548101,21777
user,2022-05,29,426,0.0195619231299077,21777
user,2022-05,30,423,0.019424163107866,21777
user,2022-05,31,337,0.0154750424760067,21777
user,2022-05,32,324,0.0148780823804931,21777
user,2022-05,33,340,0.0156128024980484,21777
user,2022-05,34,489,0.0224548835927813,21777
user,2022-05,35,588,0.0270009643201542,21777
user,2022-05,36,351,0.0161179225788676,21777
user,2022-05,37,348,0.015980162556826,21777
user,2022-05,38,452,0.0207558433209349,21777
user,2022-05,39,519,0.0238324838131974,21777
user,2022-05,40,337,0.0154750424760067,21777
user,2022-05,41,400,0.0183680029388804,21777
user,2022-05,42,382,0.0175414428066308,21777
user,2022-05,43,438,0.0201129632180741,21777
user,2022-05,44,591,0.0271387243421958,21777
user,2022-05,45,312,0.0143270422923267,21777
user,2022-05,46,550,0.0252560040409606,21777
user,2022-05,47,505,0.0231896037103365,21777
user,2022-05,48,471,0.0216283234605317,21777
user,2022-05,49,449,0.0206180832988933,21777
user,2022-06,0,128,0.0204472843450479,6260
user,2022-06,1,167,0.0266773162939297,6260
user,2022-06,2,162,0.0258785942492012,6260
user,2022-06,3,192,0.0306709265175718,6260
user,2022-06,4,121,0.0193290734824281,6260
user,2022-06,5,75,0.0119808306709265,6260
user,2022-06,6,108,0.0172523961661341,6260
user,2022-06,7,130,0.0207667731629392,6260
user,2022-06,8,141,0.0225239616613418,6260
user,2022-06,9,112,0.0178913738019169,6260
user,2022-06,10,162,0.0258785942492012,6260
user,2022-06,11,129,0.0206070287539936,6260
user,2022-06,12,102,0.01629392971246,6260
user,2022-06,13,120,0.0191693290734824,6260
user,2022-06,14,188,0.0300319488817891,6260
user,2022-06,15,108,0.0172523961661341,6260
user,2022-06,16,100,0.0159744408945686,6260
user,2022-06,17,126,0.0201277955271565,6260
user,2022-06,18,96,0.0153354632587859,6260
user,2022-06,19,116,0.0185303514376996,6260
user,2022-06,20,111,0.0177316293929712,6260
user,2022-06,21,85,0.0135782747603833,6260
user,2022-06,22,184,0.0293929712460063,6260
user,2022-06,23,99,0.015814696485623,6260
user,2022-06,24,130,0.0207667731629392,6260
user,2022-06,25,97,0.0154952076677316,6260
user,2022-06,26,145,0.0231629392971246,6260
user,2022-06,27,140,0.0223642172523961,6260
user,2022-06,28,148,0.0236421725239616,6260
user,2022-06,29,132,0.0210862619808306,6260
user,2022-06,30,102,0.01629392971246,6260
user,2022-06,31,123,0.0196485623003194,6260
user,2022-06,32,143,0.0228434504792332,6260
user,2022-06,33,108,0.0172523961661341,6260
user,2022-06,34,139,0.0222044728434504,6260
user,2022-06,35,124,0.0198083067092651,6260
user,2022-06,36,130,0.0207667731629392,6260
user,2022-06,37,98,0.0156549520766773,6260
user,2022-06,38,150,0.023961661341853,6260
user,2022-06,39,85,0.0135782747603833,6260
user,2022-06,40,95,0.0151757188498402,6260
user,2022-06,41,138,0.0220447284345047,6260
user,2022-06,42,126,0.0201277955271565,6260
user,2022-06,43,108,0.0172523961661341,6260
user,2022-06,44,144,0.0230031948881789,6260
user,2022-06,45,98,0.0156549520766773,6260
user,2022-06,46,103,0.0164536741214057,6260
user,2022-06,47,133,0.0212460063897763,6260
user,2022-06,48,130,0.0207667731629392,6260
user,2022-06,49,129,0.0206070287539936,6260
user,2022-07,0,120,0.0152788388082505,7854
user,2022-07,1,245,0.0311942959001782,7854
user,2022-07,2,261,0.0332314744079449,7854
user,2022-07,3,290,0.0369238604532722,7854
user,2022-07,4,191,0.0243188184364654,7854
user,2022-07,5,112,0.0142602495543672,7854
user,2022-07,6,142,0.0180799592564298,7854
user,2022-07,7,125,0.0159154570919276,7854
user,2022-07,8,170,0.0216450216450216,7854
user,2022-07,9,146,0.0185892538833715,7854
user,2022-07,10,195,0.0248281130634071,7854
user,2022-07,11,198,0.0252100840336134,7854
user,2022-07,12,115,0.0146422205245734,7854
user,2022-07,13,142,0.0180799592564298,7854
user,2022-07,14,202,0.0257193786605551,7854
user,2022-07,15,92,0.0117137764196587,7854
user,2022-07,16,126,0.0160427807486631,7854
user,2022-07,17,172,0.0218996689584924,7854
user,2022-07,18,107,0.01362363127069,7854
user,2022-07,19,183,0.0233002291825821,7854
user,2022-07,20,151,0.0192258721670486,7854
user,2022-07,21,100,0.0127323656735421,7854
user,2022-07,22,225,0.0286478227654698,7854
user,2022-07,23,124,0.0157881334351922,7854
user,2022-07,24,162,0.0206264323911382,7854
user,2022-07,25,146,0.0185892538833715,7854
user,2022-07,26,190,0.02419149477973,7854
user,2022-07,27,174,0.0221543162719633,7854
user,2022-07,28,185,0.0235548764960529,7854
user,2022-07,29,200,0.0254647313470842,7854
user,2022-07,30,131,0.0166793990323402,7854
user,2022-07,31,139,0.0176979882862235,7854
user,2022-07,32,197,0.025082760376878,7854
user,2022-07,33,124,0.0157881334351922,7854
user,2022-07,34,144,0.0183346065699006,7854
user,2022-07,35,126,0.0160427807486631,7854
user,2022-07,36,154,0.0196078431372549,7854
user,2022-07,37,97,0.0123503947033358,7854
user,2022-07,38,203,0.0258467023172905,7854
user,2022-07,39,96,0.0122230710466004,7854
user,2022-07,40,110,0.0140056022408963,7854
user,2022-07,41,147,0.0187165775401069,7854
user,2022-07,42,176,0.0224089635854341,7854
user,2022-07,43,126,0.0160427807486631,7854
user,2022-07,44,152,0.019353195823784,7854
user,2022-07,45,105,0.0133689839572192,7854
user,2022-07,46,151,0.0192258721670486,7854
user,2022-07,47,158,0.0201171377641965,7854
user,2022-07,48,188,0.0239368474662592,7854
user,2022-07,49,139,0.0176979882862235,7854
user,2022-08,0,280,0.0233216724970847,12006
user,2022-08,1,237,0.0197401299350324,12006
user,2022-08,2,270,0.0224887556221889,12006
user,2022-08,3,342,0.0284857571214392,12006
user,2022-08,4,270,0.0224887556221889,12006
user,2022-08,5,176,0.0146593369981675,12006
user,2022-08,6,269,0.0224054639346993,12006
user,2022-08,7,218,0.0181575878727303,12006
user,2022-08,8,302,0.0251540896218557,12006
user,2022-08,9,229,0.0190737964351157,12006
user,2022-08,10,248,0.0206563384974179,12006
user,2022-08,11,266,0.0221555888722305,12006
user,2022-08,12,201,0.0167416291854072,12006
user,2022-08,13,218,0.0181575878727303,12006
user,2022-08,14,313,0.0260702981842412,12006
user,2022-08,15,148,0.0123271697484591,12006
user,2022-08,16,201,0.0167416291854072,12006
user,2022-08,17,227,0.0189072130601366,12006
user,2022-08,18,250,0.0208229218723971,12006
user,2022-08,19,217,0.0180742961852407,12006
user,2022-08,20,204,0.016991504247876,12006
user,2022-08,21,205,0.0170747959353656,12006
user,2022-08,22,284,0.0236548392470431,12006
user,2022-08,23,181,0.0150757954356155,12006
user,2022-08,24,232,0.0193236714975845,12006
user,2022-08,25,280,0.0233216724970847,12006
user,2022-08,26,270,0.0224887556221889,12006
user,2022-08,27,263,0.0219057138097617,12006
user,2022-08,28,239,0.0199067133100116,12006
user,2022-08,29,251,0.0209062135598867,12006
user,2022-08,30,186,0.0154922538730634,12006
user,2022-08,31,224,0.0186573379976678,12006
user,2022-08,32,249,0.0207396301849075,12006
user,2022-08,33,182,0.0151590871231051,12006
user,2022-08,34,261,0.0217391304347826,12006
user,2022-08,35,261,0.0217391304347826,12006
user,2022-08,36,192,0.015992003998001,12006
user,2022-08,37,178,0.0148259203731467,12006
user,2022-08,38,296,0.0246543394969182,12006
user,2022-08,39,213,0.0177411294352823,12006
user,2022-08,40,160,0.0133266699983341,12006
user,2022-08,41,210,0.0174912543728135,12006
user,2022-08,42,246,0.0204897551224387,12006
user,2022-08,43,263,0.0219057138097617,12006
user,2022-08,44,322,0.0268199233716475,12006
user,2022-08,45,184,0.0153256704980842,12006
user,2022-08,46,275,0.0229052140596368,12006
user,2022-08,47,299,0.0249042145593869,12006
user,2022-08,48,281,0.0234049641845743,12006
user,2022-08,49,233,0.0194069631850741,12006
user,2022-09,0,369,0.0257232485186476,14345
user,2022-09,1,326,0.0227256883931683,14345
user,2022-09,2,337,0.0234925060996863,14345
user,2022-09,3,414,0.0288602300453119,14345
user,2022-09,4,333,0.0232136632973161,14345
user,2022-09,5,206,0.0143604043220634,14345
user,2022-09,6,298,0.0207737887765772,14345
user,2022-09,7,226,0.0157546183339142,14345
user,2022-09,8,355,0.024747298710352,14345
user,2022-09,9,270,0.018821889159986,14345
user,2022-09,10,352,0.0245381666085744,14345
user,2022-09,11,297,0.0207040780759846,14345
user,2022-09,12,256,0.0178459393516904,14345
user,2022-09,13,299,0.0208434994771697,14345
user,2022-09,14,343,0.0239107703032415,14345
user,2022-09,15,182,0.0126873475078424,14345
user,2022-09,16,248,0.0172882537469501,14345
user,2022-09,17,312,0.0217497385848727,14345
user,2022-09,18,291,0.0202858138724294,14345
user,2022-09,19,235,0.0163820146392471,14345
user,2022-09,20,298,0.0207737887765772,14345
user,2022-09,21,280,0.0195189961659114,14345
user,2022-09,22,356,0.0248170094109445,14345
user,2022-09,23,206,0.0143604043220634,14345
user,2022-09,24,270,0.018821889159986,14345
user,2022-09,25,298,0.0207737887765772,14345
user,2022-09,26,324,0.0225862669919832,14345
user,2022-09,27,300,0.0209132101777622,14345
user,2022-09,28,308,0.0214708957825026,14345
user,2022-09,29,308,0.0214708957825026,14345
user,2022-09,30,218,0.0151969327291739,14345
user,2022-09,31,247,0.0172185430463576,14345
user,2022-09,32,293,0.0204252352736145,14345
user,2022-09,33,194,0.0135238759149529,14345
user,2022-09,34,294,0.020494945974207,14345
user,2022-09,35,323,0.0225165562913907,14345
user,2022-09,36,259,0.0180550714534681,14345
user,2022-09,37,203,0.0141512722202858,14345
user,2022-09,38,335,0.0233530846985012,14345
user,2022-09,39,282,0.0196584175670965,14345
user,2022-09,40,188,0.0131056117113976,14345
user,2022-09,41,252,0.0175670965493203,14345
user,2022-09,42,290,0.0202161031718368,14345
user,2022-09,43,282,0.0196584175670965,14345
user,2022-09,44,371,0.0258626699198326,14345
user,2022-09,45,191,0.0133147438131753,14345
user,2022-09,46,285,0.0198675496688741,14345
user,2022-09,47,334,0.0232833739979086,14345
user,2022-09,48,321,0.0223771348902056,14345
user,2022-09,49,286,0.0199372603694667,14345
user,2022-10,0,390,0.0249249057327283,15647
user,2022-10,1,360,0.0230076052917492,15647
user,2022-10,2,461,0.0294625167763788,15647
user,2022-10,3,457,0.0292068767175816,15647
user,2022-10,4,332,0.0212181248801687,15647
user,2022-10,5,205,0.0131015530133571,15647
user,2022-10,6,306,0.0195564644979868,15647
user,2022-10,7,268,0.0171278839394133,15647
user,2022-10,8,438,0.0279925864382948,15647
user,2022-10,9,281,0.0179587141305042,15647
user,2022-10,10,311,0.0198760145714833,15647
user,2022-10,11,359,0.0229436952770499,15647
user,2022-10,12,270,0.0172557039688119,15647
user,2022-10,13,332,0.0212181248801687,15647
user,2022-10,14,369,0.0235827954240429,15647
user,2022-10,15,198,0.012654182910462,15647
user,2022-10,16,262,0.0167444238512174,15647
user,2022-10,17,311,0.0198760145714833,15647
user,2022-10,18,323,0.0206429347478749,15647
user,2022-10,19,248,0.0158496836454272,15647
user,2022-10,20,277,0.017703074071707,15647
user,2022-10,21,263,0.0168083338659167,15647
user,2022-10,22,416,0.0265865661149102,15647
user,2022-10,23,247,0.0157857736307279,15647
user,2022-10,24,303,0.0193647344538889,15647
user,2022-10,25,319,0.0203872946890777,15647
user,2022-10,26,351,0.0224324151594554,15647
user,2022-10,27,312,0.0199399245861826,15647
user,2022-10,28,306,0.0195564644979868,15647
user,2022-10,29,310,0.019812104556784,15647
user,2022-10,30,267,0.017063973924714,15647
user,2022-10,31,304,0.0194286444685882,15647
user,2022-10,32,368,0.0235188854093436,15647
user,2022-10,33,241,0.0154023135425321,15647
user,2022-10,34,325,0.0207707547772736,15647
user,2022-10,35,360,0.0230076052917492,15647
user,2022-10,36,283,0.0180865341599028,15647
user,2022-10,37,217,0.0138684731897488,15647
user,2022-10,38,380,0.0242858055857352,15647
user,2022-10,39,293,0.0187256343068958,15647
user,2022-10,40,196,0.0125263628810634,15647
user,2022-10,41,252,0.0161053237042244,15647
user,2022-10,42,329,0.0210263948360708,15647
user,2022-10,43,295,0.0188534543362944,15647
user,2022-10,44,409,0.026139196012015,15647
user,2022-10,45,263,0.0168083338659167,15647
user,2022-10,46,290,0.0185339042627979,15647
user,2022-10,47,346,0.0221128650859589,15647
user,2022-10,48,356,0.022751965232952,15647
user,2022-10,49,288,0.0184060842333993,15647
user,2022-11,0,405,0.0241186279180562,16792
user,2022-11,1,360,0.0214387803716055,16792
user,2022-11,2,438,0.02608384945212,16792
user,2022-11,3,441,0.0262625059552167,16792
user,2022-11,4,378,0.0225107193901858,16792
user,2022-11,5,233,0.0138756550738446,16792
user,2022-11,6,335,0.0199499761791329,16792
user,2022-11,7,266,0.0158408766079085,16792
user,2022-11,8,417,0.024833253930443,16792
user,2022-11,9,239,0.0142329680800381,16792
user,2022-11,10,368,0.0219151977131967,16792
user,2022-11,11,396,0.023582658408766,16792
user,2022-11,12,323,0.019235350166746,16792
user,2022-11,13,341,0.0203072891853263,16792
user,2022-11,14,436,0.0259647451167222,16792
user,2022-11,15,255,0.0151858027632205,16792
user,2022-11,16,292,0.01738923296808,16792
user,2022-11,17,371,0.0220938542162934,16792
user,2022-11,18,341,0.0203072891853263,16792
user,2022-11,19,272,0.0161981896141019,16792
user,2022-11,20,311,0.0185207241543592,16792
user,2022-11,21,287,0.0170914721295855,16792
user,2022-11,22,383,0.0228084802286803,16792
user,2022-11,23,273,0.0162577417818008,16792
user,2022-11,24,298,0.0177465459742734,16792
user,2022-11,25,372,0.0221534063839923,16792
user,2022-11,26,368,0.0219151977131967,16792
user,2022-11,27,357,0.0212601238685088,16792
user,2022-11,28,342,0.0203668413530252,16792
user,2022-11,29,328,0.0195331110052405,16792
user,2022-11,30,290,0.0172701286326822,16792
user,2022-11,31,305,0.0181634111481657,16792
user,2022-11,32,330,0.0196522153406384,16792
user,2022-11,33,248,0.0147689375893282,16792
user,2022-11,34,377,0.0224511672224868,16792
user,2022-11,35,427,0.0254287756074321,16792
user,2022-11,36,283,0.0168532634587899,16792
user,2022-11,37,243,0.0144711767508337,16792
user,2022-11,38,403,0.0239995235826584,16792
user,2022-11,39,318,0.0189375893282515,16792
user,2022-11,40,203,0.0120890900428775,16792
user,2022-11,41,301,0.0179252024773701,16792
user,2022-11,42,355,0.021141019533111,16792
user,2022-11,43,363,0.0216174368747022,16792
user,2022-11,44,432,0.0257265364459266,16792
user,2022-11,45,259,0.0154240114340161,16792
user,2022-11,46,379,0.0225702715578847,16792
user,2022-11,47,355,0.021141019533111,16792
user,2022-11,48,378,0.0225107193901858,16792
user,2022-11,49,317,0.0188780371605526,16792
user,2022-12,0,480,0.0239389556630592,20051
user,2022-12,1,386,0.0192509101790434,20051
user,2022-12,2,430,0.0214453144481572,20051
user,2022-12,3,510,0.0254351403920004,20051
user,2022-12,4,431,0.0214951872724552,20051
user,2022-12,5,305,0.0152112114109022,20051
user,2022-12,6,405,0.0201984938407062,20051
user,2022-12,7,323,0.0161089222482669,20051
user,2022-12,8,527,0.026282978405067,20051
user,2022-12,9,345,0.0172061243828238,20051
user,2022-12,10,351,0.017505361328612,20051
user,2022-12,11,465,0.0231908632985885,20051
user,2022-12,12,419,0.0208967133808787,20051
user,2022-12,13,429,0.0213954416238591,20051
user,2022-12,14,557,0.0277791631340082,20051
user,2022-12,15,279,0.0139145179791531,20051
user,2022-12,16,330,0.0164580320183532,20051
user,2022-12,17,382,0.0190514188818512,20051
user,2022-12,18,400,0.019949129719216,20051
user,2022-12,19,330,0.0164580320183532,20051
user,2022-12,20,402,0.020048875367812,20051
user,2022-12,21,344,0.0171562515585257,20051
user,2022-12,22,457,0.0227918807042042,20051
user,2022-12,23,325,0.016208667896863,20051
user,2022-12,24,353,0.0176051069772081,20051
user,2022-12,25,508,0.0253353947434043,20051
user,2022-12,26,449,0.0223928981098199,20051
user,2022-12,27,431,0.0214951872724552,20051
user,2022-12,28,361,0.0180040895715924,20051
user,2022-12,29,435,0.0216946785696474,20051
user,2022-12,30,255,0.0127175701960002,20051
user,2022-12,31,311,0.0155104483566904,20051
user,2022-12,32,371,0.0185028178145728,20051
user,2022-12,33,308,0.0153608298837963,20051
user,2022-12,34,475,0.0236895915415689,20051
user,2022-12,35,498,0.0248366665004239,20051
user,2022-12,36,381,0.0190015460575532,20051
user,2022-12,37,271,0.0135155353847688,20051
user,2022-12,38,460,0.0229414991770984,20051
user,2022-12,39,444,0.0221435339883297,20051
user,2022-12,40,297,0.0148122288165178,20051
user,2022-12,41,335,0.0167073961398434,20051
user,2022-12,42,456,0.0227420078799062,20051
user,2022-12,43,372,0.0185526906388708,20051
user,2022-12,44,567,0.0282778913769886,20051
user,2022-12,45,288,0.0143633733978355,20051
user,2022-12,46,463,0.0230911176499925,20051
user,2022-12,47,506,0.0252356490948082,20051
user,2022-12,48,452,0.022542516582714,20051
user,2022-12,49,392,0.0195501471248316,20051
user,2023-01,0,140,0.0191859668356858,7297
user,2023-01,1,204,0.0279566945319994,7297
user,2023-01,2,191,0.0261751404686857,7297
user,2023-01,3,234,0.0320679731396464,7297
user,2023-01,4,186,0.0254899273674112,7297
user,2023-01,5,107,0.0146635603672742,7297
user,2023-01,6,116,0.0158969439495683,7297
user,2023-01,7,103,0.0141153898862546,7297
user,2023-01,8,171,0.0234342880635877,7297
user,2023-01,9,129,0.017678498012882,7297
user,2023-01,10,184,0.0252158421269014,7297
user,2023-01,11,162,0.0222009044812936,7297
user,2023-01,12,129,0.017678498012882,7297
user,2023-01,13,152,0.0208304782787446,7297
user,2023-01,14,184,0.0252158421269014,7297
user,2023-01,15,78,0.0106893243798821,7297
user,2023-01,16,115,0.0157599013293134,7297
user,2023-01,17,174,0.0238454159243524,7297
user,2023-01,18,139,0.0190489242154309,7297
user,2023-01,19,116,0.0158969439495683,7297
user,2023-01,20,144,0.0197341373167054,7297
user,2023-01,21,102,0.0139783472659997,7297
user,2023-01,22,218,0.029875291215568,7297
user,2023-01,23,83,0.0113745374811566,7297
user,2023-01,24,175,0.0239824585446073,7297
user,2023-01,25,153,0.0209675208989995,7297
user,2023-01,26,152,0.0208304782787446,7297
user,2023-01,27,172,0.0235713306838426,7297
user,2023-01,28,158,0.021652734000274,7297
user,2023-01,29,175,0.0239824585446073,7297
user,2023-01,30,106,0.0145265177470193,7297
user,2023-01,31,128,0.0175414553926271,7297
user,2023-01,32,207,0.0283678223927641,7297
user,2023-01,33,125,0.0171303275318624,7297
user,2023-01,34,171,0.0234342880635877,7297
user,2023-01,35,120,0.0164451144305879,7297
user,2023-01,36,117,0.0160339865698232,7297
user,2023-01,37,102,0.0139783472659997,7297
user,2023-01,38,202,0.0276826092914896,7297
user,2023-01,39,112,0.0153487734685487,7297
user,2023-01,40,96,0.0131560915444703,7297
user,2023-01,41,166,0.0227490749623132,7297
user,2023-01,42,164,0.0224749897218034,7297
user,2023-01,43,108,0.0148006029875291,7297
user,2023-01,44,159,0.0217897766205289,7297
user,2023-01,45,92,0.0126079210634507,7297
user,2023-01,46,109,0.014937645607784,7297
user,2023-01,47,150,0.0205563930382348,7297
user,2023-01,48,142,0.0194600520761956,7297
user,2023-01,49,175,0.0239824585446073,7297
user,2023-02,0,86,0.0156962949443329,5479
user,2023-02,1,166,0.0302974995437123,5479
user,2023-02,2,162,0.0295674393137433,5479
user,2023-02,3,192,0.0350428910385106,5479
user,2023-02,4,132,0.024091987588976,5479
user,2023-02,5,82,0.0149662347143639,5479
user,2023-02,6,104,0.0189815659791932,5479
user,2023-02,7,77,0.0140536594269027,5479
user,2023-02,8,129,0.0235444424164993,5479
user,2023-02,9,96,0.0175214455192553,5479
user,2023-02,10,113,0.0206242014966234,5479
user,2023-02,11,120,0.0219018068990691,5479
user,2023-02,12,83,0.0151487497718561,5479
user,2023-02,13,107,0.01952911115167,5479
user,2023-02,14,147,0.0268297134513597,5479
user,2023-02,15,54,0.0098558131045811,5479
user,2023-02,16,93,0.0169739003467786,5479
user,2023-02,17,120,0.0219018068990691,5479
user,2023-02,18,124,0.0226318671290381,5479
user,2023-02,19,96,0.0175214455192553,5479
user,2023-02,20,100,0.0182515057492243,5479
user,2023-02,21,87,0.0158788100018251,5479
user,2023-02,22,153,0.0279248037963131,5479
user,2023-02,23,83,0.0151487497718561,5479
user,2023-02,24,132,0.024091987588976,5479
user,2023-02,25,95,0.017338930461763,5479
user,2023-02,26,110,0.0200766563241467,5479
user,2023-02,27,113,0.0206242014966234,5479
user,2023-02,28,117,0.0213542617265924,5479
user,2023-02,29,127,0.0231794123015148,5479
user,2023-02,30,79,0.0144186895418872,5479
user,2023-02,31,94,0.0171564154042708,5479
user,2023-02,32,135,0.0246395327614528,5479
user,2023-02,33,83,0.0151487497718561,5479
user,2023-02,34,99,0.018068990691732,5479
user,2023-02,35,93,0.0169739003467786,5479
user,2023-02,36,98,0.0178864756342398,5479
user,2023-02,37,78,0.0142361744843949,5479
user,2023-02,38,129,0.0235444424164993,5479
user,2023-02,39,89,0.0162438401168096,5479
user,2023-02,40,95,0.017338930461763,5479
user,2023-02,41,96,0.0175214455192553,5479
user,2023-02,42,121,0.0220843219565614,5479
user,2023-02,43,110,0.0200766563241467,5479
user,2023-02,44,137,0.0250045628764373,5479
user,2023-02,45,78,0.0142361744843949,5479
user,2023-02,46,105,0.0191640810366855,5479
user,2023-02,47,127,0.0231794123015148,5479
user,2023-02,48,122,0.0222668370140536,5479
user,2023-02,49,111,0.0202591713816389,5479
user,2023-03,0,132,0.0177324019344438,7444
user,2023-03,1,217,0.0291509940891993,7444
user,2023-03,2,203,0.0272702847931219,7444
user,2023-03,3,279,0.0374798495432563,7444
user,2023-03,4,178,0.0239118753358409,7444
user,2023-03,5,94,0.0126276195593766,7444
user,2023-03,6,126,0.0169263836646964,7444
user,2023-03,7,99,0.0132993014508328,7444
user,2023-03,8,174,0.0233745298226759,7444
user,2023-03,9,155,0.0208221386351423,7444
user,2023-03,10,200,0.0268672756582482,7444
user,2023-03,11,182,0.0244492208490059,7444
user,2023-03,12,106,0.0142396560988715,7444
user,2023-03,13,130,0.0174637291778613,7444
user,2023-03,14,171,0.0229715206878022,7444
user,2023-03,15,74,0.0099408919935518,7444
user,2023-03,16,117,0.0157173562600752,7444
user,2023-03,17,155,0.0208221386351423,7444
user,2023-03,18,160,0.0214938205265986,7444
user,2023-03,19,132,0.0177324019344438,7444
user,2023-03,20,125,0.0167920472864051,7444
user,2023-03,21,90,0.0120902740462117,7444
user,2023-03,22,212,0.0284793121977431,7444
user,2023-03,23,89,0.0119559376679204,7444
user,2023-03,24,137,0.0184040838259,7444
user,2023-03,25,117,0.0157173562600752,7444
user,2023-03,26,157,0.0210908113917248,7444
user,2023-03,27,158,0.0212251477700161,7444
user,2023-03,28,144,0.0193444384739387,7444
user,2023-03,29,166,0.022299838796346,7444
user,2023-03,30,105,0.0141053197205803,7444
user,2023-03,31,125,0.0167920472864051,7444
user,2023-03,32,192,0.0257925846319183,7444
user,2023-03,33,114,0.0153143471252015,7444
user,2023-03,34,162,0.021762493283181,7444
user,2023-03,35,133,0.017866738312735,7444
user,2023-03,36,150,0.0201504567436861,7444
user,2023-03,37,105,0.0141053197205803,7444
user,2023-03,38,208,0.0279419666845781,7444
user,2023-03,39,89,0.0119559376679204,7444
user,2023-03,40,93,0.0124932831810854,7444
user,2023-03,41,130,0.0174637291778613,7444
user,2023-03,42,171,0.0229715206878022,7444
user,2023-03,43,137,0.0184040838259,7444
user,2023-03,44,365,0.049032778076303,7444
user,2023-03,45,100,0.0134336378291241,7444
user,2023-03,46,130,0.0174637291778613,7444
user,2023-03,47,137,0.0184040838259,7444
user,2023-03,48,160,0.0214938205265986,7444
user,2023-03,49,159,0.0213594841483073,7444
user,2023-04,0,128,0.017388941719875,7361
user,2023-04,1,232,0.0315174568672734,7361
user,2023-04,2,241,0.0327401168319521,7361
user,2023-04,3,265,0.0360005434044287,7361
user,2023-04,4,186,0.0252683059366933,7361
user,2023-04,5,100,0.0135851107186523,7361
user,2023-04,6,125,0.0169813883983154,7361
user,2023-04,7,89,0.0120907485396005,7361
user,2023-04,8,163,0.0221437304714033,7361
user,2023-04,9,150,0.0203776660779785,7361
user,2023-04,10,168,0.0228229860073359,7361
user,2023-04,11,174,0.0236380926504551,7361
user,2023-04,12,121,0.0164379839695693,7361
user,2023-04,13,129,0.0175247928270615,7361
user,2023-04,14,177,0.0240456459720146,7361
user,2023-04,15,86,0.011683195218041,7361
user,2023-04,16,121,0.0164379839695693,7361
user,2023-04,17,156,0.0211927727210976,7361
user,2023-04,18,134,0.0182040483629941,7361
user,2023-04,19,148,0.0201059638636054,7361
user,2023-04,20,114,0.0154870262192636,7361
user,2023-04,21,101,0.0137209618258388,7361
user,2023-04,22,230,0.0312457546529004,7361
user,2023-04,23,99,0.0134492596114658,7361
user,2023-04,24,163,0.0221437304714033,7361
user,2023-04,25,119,0.0161662817551963,7361
user,2023-04,26,138,0.0187474527917402,7361
user,2023-04,27,175,0.0237739437576416,7361
user,2023-04,28,148,0.0201059638636054,7361
user,2023-04,29,156,0.0211927727210976,7361
user,2023-04,30,118,0.0160304306480097,7361
user,2023-04,31,147,0.0199701127564189,7361
user,2023-04,32,182,0.0247249015079472,7361
user,2023-04,33,126,0.0171172395055019,7361
user,2023-04,34,145,0.0196984105420459,7361
user,2023-04,35,131,0.0177964950414345,7361
user,2023-04,36,148,0.0201059638636054,7361
user,2023-04,37,95,0.0129058551827197,7361
user,2023-04,38,194,0.0263551147941855,7361
user,2023-04,39,111,0.0150794728977041,7361
user,2023-04,40,108,0.0146719195761445,7361
user,2023-04,41,153,0.0207852193995381,7361
user,2023-04,42,168,0.0228229860073359,7361
user,2023-04,43,109,0.014807770683331,7361
user,2023-04,44,235,0.031925010188833,7361
user,2023-04,45,91,0.0123624507539736,7361
user,2023-04,46,119,0.0161662817551963,7361
user,2023-04,47,141,0.0191550061132998,7361
user,2023-04,48,154,0.0209210705067246,7361
user,2023-04,49,150,0.0203776660779785,7361
user,2023-05,0,102,0.0183850036049026,5548
user,2023-05,1,160,0.0288392213410237,5548
user,2023-05,2,173,0.0311824080749819,5548
user,2023-05,3,205,0.0369502523431867,5548
user,2023-05,4,133,0.023972602739726,5548
user,2023-05,5,68,0.0122566690699351,5548
user,2023-05,6,106,0.0191059841384282,5548
user,2023-05,7,76,0.0136986301369863,5548
user,2023-05,8,144,0.0259552992069214,5548
user,2023-05,9,93,0.01676279740447,5548
user,2023-05,10,120,0.0216294160057678,5548
user,2023-05,11,133,0.023972602739726,5548
user,2023-05,12,82,0.0147801009372746,5548
user,2023-05,13,106,0.0191059841384282,5548
user,2023-05,14,148,0.026676279740447,5548
user,2023-05,15,67,0.0120764239365537,5548
user,2023-05,16,103,0.018565248738284,5548
user,2023-05,17,129,0.0232516222062004,5548
user,2023-05,18,104,0.0187454938716654,5548
user,2023-05,19,93,0.01676279740447,5548
user,2023-05,20,96,0.0173035328046142,5548
user,2023-05,21,72,0.0129776496034607,5548
user,2023-05,22,168,0.0302811824080749,5548
user,2023-05,23,72,0.0129776496034607,5548
user,2023-05,24,103,0.018565248738284,5548
user,2023-05,25,87,0.0156813266041816,5548
user,2023-05,26,130,0.0234318673395818,5548
user,2023-05,27,115,0.0207281903388608,5548
user,2023-05,28,108,0.019466474405191,5548
user,2023-05,29,128,0.023071377072819,5548
user,2023-05,30,82,0.0147801009372746,5548
user,2023-05,31,123,0.022170151405912,5548
user,2023-05,32,144,0.0259552992069214,5548
user,2023-05,33,78,0.014059120403749,5548
user,2023-05,34,107,0.0192862292718096,5548
user,2023-05,35,98,0.017664023071377,5548
user,2023-05,36,115,0.0207281903388608,5548
user,2023-05,37,77,0.0138788752703677,5548
user,2023-05,38,137,0.0246935832732516,5548
user,2023-05,39,93,0.01676279740447,5548
user,2023-05,40,83,0.014960346070656,5548
user,2023-05,41,108,0.019466474405191,5548
user,2023-05,42,127,0.0228911319394376,5548
user,2023-05,43,80,0.0144196106705118,5548
user,2023-05,44,107,0.0192862292718096,5548
user,2023-05,45,91,0.0164023071377072,5548
user,2023-05,46,91,0.0164023071377072,5548
user,2023-05,47,113,0.020367700072098,5548
user,2023-05,48,139,0.0250540735400144,5548
user,2023-05,49,131,0.0236121124729632,5548
user,2023-06,0,92,0.0167577413479052,5490
user,2023-06,1,169,0.030783242258652,5490
user,2023-06,2,150,0.0273224043715847,5490
user,2023-06,3,238,0.043351548269581,5490
user,2023-06,4,134,0.0244080145719489,5490
user,2023-06,5,72,0.0131147540983606,5490
user,2023-06,6,120,0.0218579234972677,5490
user,2023-06,7,85,0.0154826958105646,5490
user,2023-06,8,161,0.0293260473588342,5490
user,2023-06,9,108,0.0196721311475409,5490
user,2023-06,10,131,0.0238615664845173,5490
user,2023-06,11,142,0.0258652094717668,5490
user,2023-06,12,86,0.0156648451730418,5490
user,2023-06,13,97,0.0176684881602914,5490
user,2023-06,14,121,0.0220400728597449,5490
user,2023-06,15,51,0.0092896174863387,5490
user,2023-06,16,76,0.0138433515482695,5490
user,2023-06,17,124,0.0225865209471766,5490
user,2023-06,18,114,0.0207650273224043,5490
user,2023-06,19,114,0.0207650273224043,5490
user,2023-06,20,98,0.0178506375227686,5490
user,2023-06,21,82,0.0149362477231329,5490
user,2023-06,22,152,0.0276867030965391,5490
user,2023-06,23,59,0.0107468123861566,5490
user,2023-06,24,118,0.0214936247723132,5490
user,2023-06,25,100,0.0182149362477231,5490
user,2023-06,26,123,0.0224043715846994,5490
user,2023-06,27,124,0.0225865209471766,5490
user,2023-06,28,119,0.0216757741347905,5490
user,2023-06,29,125,0.0227686703096539,5490
user,2023-06,30,80,0.0145719489981785,5490
user,2023-06,31,80,0.0145719489981785,5490
user,2023-06,32,142,0.0258652094717668,5490
user,2023-06,33,66,0.0120218579234972,5490
user,2023-06,34,94,0.0171220400728597,5490
user,2023-06,35,92,0.0167577413479052,5490
user,2023-06,36,113,0.0205828779599271,5490
user,2023-06,37,70,0.0127504553734061,5490
user,2023-06,38,134,0.0244080145719489,5490
user,2023-06,39,82,0.0149362477231329,5490
user,2023-06,40,90,0.0163934426229508,5490
user,2023-06,41,119,0.0216757741347905,5490
user,2023-06,42,108,0.0196721311475409,5490
user,2023-06,43,93,0.0169398907103825,5490
user,2023-06,44,104,0.018943533697632,5490
user,2023-06,45,62,0.0112932604735883,5490
user,2023-06,46,93,0.0169398907103825,5490
user,2023-06,47,120,0.0218579234972677,5490
user,2023-06,48,151,0.0275045537340619,5490
user,2023-06,49,112,0.0204007285974499,5490
user,2023-07,0,110,0.0194931773879142,5643
user,2023-07,1,173,0.0306574517100832,5643
user,2023-07,2,164,0.0290625553783448,5643
user,2023-07,3,214,0.0379230905546695,5643
user,2023-07,4,136,0.024100655679603,5643
user,2023-07,5,85,0.0150629097997519,5643
user,2023-07,6,102,0.0180754917597022,5643
user,2023-07,7,78,0.0138224348750664,5643
user,2023-07,8,139,0.0246322877901825,5643
user,2023-07,9,109,0.0193159666843877,5643
user,2023-07,10,168,0.0297713981924508,5643
user,2023-07,11,131,0.0232146021619705,5643
user,2023-07,12,114,0.0202020202020202,5643
user,2023-07,13,125,0.0221513379408116,5643
user,2023-07,14,147,0.0260499734183944,5643
user,2023-07,15,73,0.0129363813574339,5643
user,2023-07,16,100,0.0177210703526493,5643
user,2023-07,17,128,0.0226829700513911,5643
user,2023-07,18,107,0.0189615452773347,5643
user,2023-07,19,102,0.0180754917597022,5643
user,2023-07,20,102,0.0180754917597022,5643
user,2023-07,21,82,0.0145312776891724,5643
user,2023-07,22,143,0.0253411306042884,5643
user,2023-07,23,79,0.0139996455785929,5643
user,2023-07,24,109,0.0193159666843877,5643
user,2023-07,25,93,0.0164805954279638,5643
user,2023-07,26,125,0.0221513379408116,5643
user,2023-07,27,125,0.0221513379408116,5643
user,2023-07,28,118,0.0209108630161261,5643
user,2023-07,29,138,0.024455077086656,5643
user,2023-07,30,81,0.0143540669856459,5643
user,2023-07,31,86,0.0152401205032783,5643
user,2023-07,32,153,0.0271132376395534,5643
user,2023-07,33,95,0.0168350168350168,5643
user,2023-07,34,95,0.0168350168350168,5643
user,2023-07,35,91,0.0161261740209108,5643
user,2023-07,36,96,0.0170122275385433,5643
user,2023-07,37,65,0.011518695729222,5643
user,2023-07,38,160,0.0283537125642388,5643
user,2023-07,39,64,0.0113414850256955,5643
user,2023-07,40,77,0.0136452241715399,5643
user,2023-07,41,112,0.0198475987949672,5643
user,2023-07,42,115,0.0203792309055466,5643
user,2023-07,43,92,0.0163033847244373,5643
user,2023-07,44,113,0.0200248094984937,5643
user,2023-07,45,63,0.011164274322169,5643
user,2023-07,46,98,0.0173666489455963,5643
user,2023-07,47,115,0.0203792309055466,5643
user,2023-07,48,141,0.0249867091972355,5643
user,2023-07,49,112,0.0198475987949672,5643
user,2023-08,0,74,0.01543596161869,4794
user,2023-08,1,159,0.0331664580725907,4794
user,2023-08,2,162,0.0337922403003754,4794
user,2023-08,3,177,0.0369211514392991,4794
user,2023-08,4,107,0.022319566124322,4794
user,2023-08,5,63,0.0131414267834793,4794
user,2023-08,6,83,0.0173133083020442,4794
user,2023-08,7,57,0.0118898623279098,4794
user,2023-08,8,136,0.0283687943262411,4794
user,2023-08,9,89,0.0185648727576136,4794
user,2023-08,10,117,0.0244055068836045,4794
user,2023-08,11,111,0.023153942428035,4794
user,2023-08,12,70,0.014601585314977,4794
user,2023-08,13,79,0.0164789319983312,4794
user,2023-08,14,115,0.023988318731748,4794
user,2023-08,15,56,0.0116812682519816,4794
user,2023-08,16,90,0.0187734668335419,4794
user,2023-08,17,108,0.0225281602002503,4794
user,2023-08,18,97,0.0202336253650396,4794
user,2023-08,19,92,0.0191906549853984,4794
user,2023-08,20,90,0.0187734668335419,4794
user,2023-08,21,51,0.0106382978723404,4794
user,2023-08,22,145,0.0302461410095953,4794
user,2023-08,23,80,0.0166875260742594,4794
user,2023-08,24,119,0.0248226950354609,4794
user,2023-08,25,79,0.0164789319983312,4794
user,2023-08,26,109,0.0227367542761785,4794
user,2023-08,27,112,0.0233625365039632,4794
user,2023-08,28,118,0.0246141009595327,4794
user,2023-08,29,111,0.023153942428035,4794
user,2023-08,30,67,0.0139758030871923,4794
user,2023-08,31,77,0.0160617438464747,4794
user,2023-08,32,119,0.0248226950354609,4794
user,2023-08,33,61,0.0127242386316228,4794
user,2023-08,34,81,0.0168961201501877,4794
user,2023-08,35,87,0.0181476846057571,4794
user,2023-08,36,87,0.0181476846057571,4794
user,2023-08,37,73,0.0152273675427617,4794
user,2023-08,38,123,0.0256570713391739,4794
user,2023-08,39,64,0.0133500208594075,4794
user,2023-08,40,65,0.0135586149353358,4794
user,2023-08,41,89,0.0185648727576136,4794
user,2023-08,42,117,0.0244055068836045,4794
user,2023-08,43,78,0.016270337922403,4794
user,2023-08,44,94,0.0196078431372549,4794
user,2023-08,45,56,0.0116812682519816,4794
user,2023-08,46,92,0.0191906549853984,4794
user,2023-08,47,85,0.0177304964539007,4794
user,2023-08,48,103,0.021485189820609,4794
user,2023-08,49,120,0.0250312891113892,4794
user,2023-09,0,62,0.0153313550939663,4044
user,2023-09,1,124,0.0306627101879327,4044
user,2023-09,2,126,0.0311572700296735,4044
user,2023-09,3,147,0.0363501483679525,4044
user,2023-09,4,111,0.0274480712166172,4044
user,2023-09,5,58,0.0143422354104846,4044
user,2023-09,6,75,0.0185459940652818,4044
user,2023-09,7,69,0.0170623145400593,4044
user,2023-09,8,107,0.0264589515331355,4044
user,2023-09,9,82,0.0202769535113748,4044
user,2023-09,10,99,0.0244807121661721,4044
user,2023-09,11,87,0.021513353115727,4044
user,2023-09,12,60,0.0148367952522255,4044
user,2023-09,13,86,0.0212660731948565,4044
user,2023-09,14,97,0.0239861523244312,4044
user,2023-09,15,57,0.0140949554896142,4044
user,2023-09,16,64,0.0158259149357072,4044
user,2023-09,17,87,0.021513353115727,4044
user,2023-09,18,70,0.0173095944609297,4044
user,2023-09,19,79,0.0195351137487636,4044
user,2023-09,20,67,0.0165677546983184,4044
user,2023-09,21,47,0.0116221562809099,4044
user,2023-09,22,116,0.0286844708209693,4044
user,2023-09,23,56,0.0138476755687438,4044
user,2023-09,24,76,0.0187932739861523,4044
user,2023-09,25,67,0.0165677546983184,4044
user,2023-09,26,89,0.0220079129574678,4044
user,2023-09,27,89,0.0220079129574678,4044
user,2023-09,28,69,0.0170623145400593,4044
user,2023-09,29,95,0.0234915924826904,4044
user,2023-09,30,52,0.0128585558852621,4044
user,2023-09,31,73,0.018051434223541,4044
user,2023-09,32,105,0.0259643916913946,4044
user,2023-09,33,57,0.0140949554896142,4044
user,2023-09,34,68,0.0168150346191889,4044
user,2023-09,35,61,0.0150840751730959,4044
user,2023-09,36,95,0.0234915924826904,4044
user,2023-09,37,59,0.014589515331355,4044
user,2023-09,38,118,0.0291790306627101,4044
user,2023-09,39,66,0.016320474777448,4044
user,2023-09,40,61,0.0150840751730959,4044
user,2023-09,41,78,0.0192878338278931,4044
user,2023-09,42,94,0.0232443125618199,4044
user,2023-09,43,82,0.0202769535113748,4044
user,2023-09,44,85,0.0210187932739861,4044
user,2023-09,45,49,0.0121167161226508,4044
user,2023-09,46,59,0.014589515331355,4044
user,2023-09,47,84,0.0207715133531157,4044
user,2023-09,48,94,0.0232443125618199,4044
user,2023-09,49,86,0.0212660731948565,4044
user,2023-10,0,86,0.0192436786753188,4469
user,2023-10,1,137,0.030655627657194,4469
user,2023-10,2,145,0.0324457373014097,4469
user,2023-10,3,161,0.0360259565898411,4469
user,2023-10,4,116,0.0259565898411277,4469
user,2023-10,5,61,0.0136495860371447,4469
user,2023-10,6,69,0.0154396956813604,4469
user,2023-10,7,56,0.0125307675095099,4469
user,2023-10,8,110,0.0246140076079659,4469
user,2023-10,9,77,0.0172298053255761,4469
user,2023-10,10,135,0.03020810024614,4469
user,2023-10,11,109,0.024390243902439,4469
user,2023-10,12,61,0.0136495860371447,4469
user,2023-10,13,82,0.018348623853211,4469
user,2023-10,14,107,0.0239427164913851,4469
user,2023-10,15,61,0.0136495860371447,4469
user,2023-10,16,65,0.0145446408592526,4469
user,2023-10,17,88,0.0196912060863727,4469
user,2023-10,18,69,0.0154396956813604,4469
user,2023-10,19,79,0.0176773327366301,4469
user,2023-10,20,87,0.0194674423808458,4469
user,2023-10,21,75,0.0167822779145222,4469
user,2023-10,22,139,0.0311031550682479,4469
user,2023-10,23,72,0.0161109867979413,4469
user,2023-10,24,103,0.0230476616692772,4469
user,2023-10,25,75,0.0167822779145222,4469
user,2023-10,26,83,0.0185723875587379,4469
user,2023-10,27,107,0.0239427164913851,4469
user,2023-10,28,77,0.0172298053255761,4469
user,2023-10,29,106,0.0237189527858581,4469
user,2023-10,30,60,0.0134258223316178,4469
user,2023-10,31,98,0.0219288431416424,4469
user,2023-10,32,113,0.0252852987245468,4469
user,2023-10,33,77,0.0172298053255761,4469
user,2023-10,34,92,0.0205862609084806,4469
user,2023-10,35,71,0.0158872230924144,4469
user,2023-10,36,82,0.018348623853211,4469
user,2023-10,37,53,0.011859476392929,4469
user,2023-10,38,117,0.0261803535466547,4469
user,2023-10,39,84,0.0187961512642649,4469
user,2023-10,40,65,0.0145446408592526,4469
user,2023-10,41,80,0.017901096442157,4469
user,2023-10,42,90,0.0201387334974267,4469
user,2023-10,43,81,0.018124860147684,4469
user,2023-10,44,96,0.0214813157305885,4469
user,2023-10,45,83,0.0185723875587379,4469
user,2023-10,46,69,0.0154396956813604,4469
user,2023-10,47,83,0.0185723875587379,4469
user,2023-10,48,85,0.0190199149697919,4469
user,2023-10,49,92,0.0205862609084806,4469
user,2023-11,0,83,0.015378914211599,5397
user,2023-11,1,164,0.0303872521771354,5397
user,2023-11,2,159,0.0294608115619788,5397
user,2023-11,3,203,0.0376134889753566,5397
user,2023-11,4,114,0.0211228460255697,5397
user,2023-11,5,74,0.0137113211043172,5397
user,2023-11,6,112,0.0207522697795071,5397
user,2023-11,7,79,0.0146377617194737,5397
user,2023-11,8,126,0.0233463035019455,5397
user,2023-11,9,101,0.0187141004261626,5397
user,2023-11,10,109,0.0201964054104131,5397
user,2023-11,11,128,0.0237168797480081,5397
user,2023-11,12,109,0.0201964054104131,5397
user,2023-11,13,76,0.0140818973503798,5397
user,2023-11,14,138,0.0255697609783212,5397
user,2023-11,15,57,0.0105614230127848,5397
user,2023-11,16,112,0.0207522697795071,5397
user,2023-11,17,123,0.0227904391328515,5397
user,2023-11,18,89,0.0164906429497869,5397
user,2023-11,19,106,0.0196405410413192,5397
user,2023-11,20,87,0.0161200667037242,5397
user,2023-11,21,73,0.0135260329812859,5397
user,2023-11,22,143,0.0264962015934778,5397
user,2023-11,23,67,0.012414304243098,5397
user,2023-11,24,132,0.0244580322401334,5397
user,2023-11,25,99,0.0183435241801,5397
user,2023-11,26,131,0.024272744117102,5397
user,2023-11,27,129,0.0239021678710394,5397
user,2023-11,28,121,0.0224198628867889,5397
user,2023-11,29,111,0.0205669816564758,5397
user,2023-11,30,70,0.0129701686121919,5397
user,2023-11,31,90,0.0166759310728182,5397
user,2023-11,32,128,0.0237168797480081,5397
user,2023-11,33,78,0.0144524735964424,5397
user,2023-11,34,91,0.0168612191958495,5397
user,2023-11,35,96,0.0177876598110061,5397
user,2023-11,36,109,0.0201964054104131,5397
user,2023-11,37,79,0.0146377617194737,5397
user,2023-11,38,155,0.0287196590698536,5397
user,2023-11,39,94,0.0174170835649434,5397
user,2023-11,40,86,0.0159347785806929,5397
user,2023-11,41,119,0.0220492866407263,5397
user,2023-11,42,128,0.0237168797480081,5397
user,2023-11,43,95,0.0176023716879748,5397
user,2023-11,44,122,0.0226051510098202,5397
user,2023-11,45,60,0.0111172873818788,5397
user,2023-11,46,106,0.0196405410413192,5397
user,2023-11,47,93,0.0172317954419121,5397
user,2023-11,48,136,0.0251991847322586,5397
user,2023-11,49,107,0.0198258291643505,5397
user,2023-12,0,122,0.0177222545031958,6884
user,2023-12,1,199,0.0289076118535735,6884
user,2023-12,2,218,0.0316676350958744,6884
user,2023-12,3,256,0.0371876815804764,6884
user,2023-12,4,171,0.0248402091807088,6884
user,2023-12,5,88,0.0127832655432887,6884
user,2023-12,6,122,0.0177222545031958,6884
user,2023-12,7,97,0.0140906449738524,6884
user,2023-12,8,180,0.0261475886112725,6884
user,2023-12,9,111,0.0161243463102847,6884
user,2023-12,10,167,0.0242591516560139,6884
user,2023-12,11,165,0.0239686228936664,6884
user,2023-12,12,79,0.0114758861127251,6884
user,2023-12,13,125,0.018158047646717,6884
user,2023-12,14,172,0.0249854735618826,6884
user,2023-12,15,86,0.0124927367809413,6884
user,2023-12,16,112,0.0162696106914584,6884
user,2023-12,17,131,0.0190296339337594,6884
user,2023-12,18,135,0.0196106914584543,6884
user,2023-12,19,149,0.0216443927948866,6884
user,2023-12,20,128,0.0185938407902382,6884
user,2023-12,21,101,0.0146717024985473,6884
user,2023-12,22,206,0.0299244625217896,6884
user,2023-12,23,92,0.0133643230679837,6884
user,2023-12,24,179,0.0260023242300987,6884
user,2023-12,25,134,0.0194654270772806,6884
user,2023-12,26,144,0.020918070889018,6884
user,2023-12,27,150,0.0217896571760604,6884
user,2023-12,28,176,0.0255665310865775,6884
user,2023-12,29,138,0.0200464846019755,6884
user,2023-12,30,102,0.014816966879721,6884
user,2023-12,31,112,0.0162696106914584,6884
user,2023-12,32,186,0.0270191748983149,6884
user,2023-12,33,104,0.0151074956420685,6884
user,2023-12,34,131,0.0190296339337594,6884
user,2023-12,35,117,0.0169959325973271,6884
user,2023-12,36,139,0.0201917489831493,6884
user,2023-12,37,87,0.012638001162115,6884
user,2023-12,38,175,0.0254212667054038,6884
user,2023-12,39,104,0.0151074956420685,6884
user,2023-12,40,115,0.0167054038349796,6884
user,2023-12,41,133,0.0193201626961069,6884
user,2023-12,42,148,0.0214991284137129,6884
user,2023-12,43,103,0.0149622312608948,6884
user,2023-12,44,156,0.0226612434631028,6884
user,2023-12,45,104,0.0151074956420685,6884
user,2023-12,46,128,0.0185938407902382,6884
user,2023-12,47,150,0.0217896571760604,6884
user,2023-12,48,137,0.0199012202208018,6884
user,2023-12,49,120,0.0174317257408483,6884
user,2024-01,0,139,0.0220810166799046,6295
user,2024-01,1,170,0.0270055599682287,6295
user,2024-01,2,206,0.0327243844320889,6295
user,2024-01,3,217,0.0344718030182684,6295
user,2024-01,4,156,0.0247815726767275,6295
user,2024-01,5,73,0.0115965051628276,6295
user,2024-01,6,118,0.0187450357426528,6295
user,2024-01,7,106,0.0168387609213661,6295
user,2024-01,8,141,0.0223987291501191,6295
user,2024-01,9,126,0.0200158856235107,6295
user,2024-01,10,155,0.0246227164416203,6295
user,2024-01,11,163,0.0258935663224781,6295
user,2024-01,12,107,0.0169976171564733,6295
user,2024-01,13,112,0.0177918983320095,6295
user,2024-01,14,158,0.025099285146942,6295
user,2024-01,15,88,0.013979348689436,6295
user,2024-01,16,107,0.0169976171564733,6295
user,2024-01,17,123,0.019539316918189,6295
user,2024-01,18,129,0.0204924543288324,6295
user,2024-01,19,118,0.0187450357426528,6295
user,2024-01,20,102,0.0162033359809372,6295
user,2024-01,21,74,0.0117553613979348,6295
user,2024-01,22,184,0.0292295472597299,6295
user,2024-01,23,108,0.0171564733915806,6295
user,2024-01,24,143,0.0227164416203335,6295
user,2024-01,25,103,0.0163621922160444,6295
user,2024-01,26,125,0.0198570293884034,6295
user,2024-01,27,162,0.0257347100873709,6295
user,2024-01,28,130,0.0206513105639396,6295
user,2024-01,29,152,0.0241461477362986,6295
user,2024-01,30,80,0.0127084988085782,6295
user,2024-01,31,116,0.0184273232724384,6295
user,2024-01,32,134,0.0212867355043685,6295
user,2024-01,33,85,0.0135027799841143,6295
user,2024-01,34,105,0.0166799046862589,6295
user,2024-01,35,109,0.0173153296266878,6295
user,2024-01,36,126,0.0200158856235107,6295
user,2024-01,37,99,0.0157267672756155,6295
user,2024-01,38,193,0.0306592533756949,6295
user,2024-01,39,76,0.0120730738681493,6295
user,2024-01,40,87,0.0138204924543288,6295
user,2024-01,41,119,0.0189038919777601,6295
user,2024-01,42,127,0.0201747418586179,6295
user,2024-01,43,109,0.0173153296266878,6295
user,2024-01,44,145,0.023034154090548,6295
user,2024-01,45,81,0.0128673550436854,6295
user,2024-01,46,118,0.0187450357426528,6295
user,2024-01,47,137,0.0217633042096902,6295
user,2024-01,48,138,0.0219221604447974,6295
user,2024-01,49,116,0.0184273232724384,6295
user,2024-02,0,99,0.0189764232317423,5217
user,2024-02,1,162,0.0310523289246693,5217
user,2024-02,2,145,0.0277937511980065,5217
user,2024-02,3,191,0.0366110791642706,5217
user,2024-02,4,134,0.0256852597278129,5217
user,2024-02,5,72,0.0138010350776308,5217
user,2024-02,6,95,0.0182096990607628,5217
user,2024-02,7,72,0.0138010350776308,5217
user,2024-02,8,136,0.0260686218133026,5217
user,2024-02,9,109,0.0208932336591911,5217
user,2024-02,10,141,0.027027027027027,5217
user,2024-02,11,118,0.0226183630438949,5217
user,2024-02,12,99,0.0189764232317423,5217
user,2024-02,13,98,0.0187847421889975,5217
user,2024-02,14,137,0.0262603028560475,5217
user,2024-02,15,50,0.0095840521372436,5217
user,2024-02,16,99,0.0189764232317423,5217
user,2024-02,17,117,0.02242668200115,5217
user,2024-02,18,91,0.0174429748897834,5217
user,2024-02,19,98,0.0187847421889975,5217
user,2024-02,20,105,0.0201265094882116,5217
user,2024-02,21,65,0.0124592677784167,5217
user,2024-02,22,156,0.0299022426682001,5217
user,2024-02,23,76,0.0145677592486103,5217
user,2024-02,24,125,0.023960130343109,5217
user,2024-02,25,96,0.0184013801035077,5217
user,2024-02,26,113,0.0216599578301705,5217
user,2024-02,27,95,0.0182096990607628,5217
user,2024-02,28,109,0.0208932336591911,5217
user,2024-02,29,136,0.0260686218133026,5217
user,2024-02,30,63,0.0120759056929269,5217
user,2024-02,31,89,0.0170596128042936,5217
user,2024-02,32,123,0.0235767682576193,5217
user,2024-02,33,77,0.0147594402913551,5217
user,2024-02,34,100,0.0191681042744872,5217
user,2024-02,35,87,0.0166762507188039,5217
user,2024-02,36,96,0.0184013801035077,5217
user,2024-02,37,69,0.0132259919493962,5217
user,2024-02,38,140,0.0268353459842821,5217
user,2024-02,39,78,0.0149511213341,5217
user,2024-02,40,67,0.0128426298639064,5217
user,2024-02,41,94,0.018018018018018,5217
user,2024-02,42,97,0.0185930611462526,5217
user,2024-02,43,92,0.0176346559325282,5217
user,2024-02,44,120,0.0230017251293847,5217
user,2024-02,45,71,0.0136093540348859,5217
user,2024-02,46,81,0.0155261644623346,5217
user,2024-02,47,109,0.0208932336591911,5217
user,2024-02,48,111,0.0212765957446808,5217
user,2024-02,49,114,0.0218516388729154,5217
user,2024-03,0,117,0.0198036560595802,5908
user,2024-03,1,189,0.0319905213270142,5908
user,2024-03,2,179,0.0302979011509817,5908
user,2024-03,3,240,0.0406228842247799,5908
user,2024-03,4,150,0.0253893026404874,5908
user,2024-03,5,86,0.0145565335138794,5908
user,2024-03,6,109,0.0184495599187542,5908
user,2024-03,7,86,0.0145565335138794,5908
user,2024-03,8,136,0.0230196343940419,5908
user,2024-03,9,121,0.0204807041299932,5908
user,2024-03,10,158,0.0267433987813134,5908
user,2024-03,11,147,0.0248815165876777,5908
user,2024-03,12,73,0.0123561272850372,5908
user,2024-03,13,88,0.0148950575490859,5908
user,2024-03,14,149,0.0252200406228842,5908
user,2024-03,15,72,0.0121868652674339,5908
user,2024-03,16,90,0.0152335815842924,5908
user,2024-03,17,113,0.0191266079891672,5908
user,2024-03,18,137,0.0231888964116452,5908
user,2024-03,19,121,0.0204807041299932,5908
user,2024-03,20,114,0.0192958700067704,5908
user,2024-03,21,78,0.0132024373730534,5908
user,2024-03,22,165,0.0279282329045362,5908
user,2024-03,23,87,0.0147257955314827,5908
user,2024-03,24,140,0.0236966824644549,5908
user,2024-03,25,110,0.0186188219363574,5908
user,2024-03,26,137,0.0231888964116452,5908
user,2024-03,27,100,0.0169262017603249,5908
user,2024-03,28,119,0.0201421800947867,5908
user,2024-03,29,127,0.0214962762356127,5908
user,2024-03,30,91,0.0154028436018957,5908
user,2024-03,31,126,0.0213270142180094,5908
user,2024-03,32,143,0.0242044685172647,5908
user,2024-03,33,86,0.0145565335138794,5908
user,2024-03,34,106,0.0179417738659444,5908
user,2024-03,35,109,0.0184495599187542,5908
user,2024-03,36,96,0.0162491536899119,5908
user,2024-03,37,87,0.0147257955314827,5908
user,2024-03,38,147,0.0248815165876777,5908
user,2024-03,39,91,0.0154028436018957,5908
user,2024-03,40,80,0.0135409614082599,5908
user,2024-03,41,108,0.0182802979011509,5908
user,2024-03,42,119,0.0201421800947867,5908
user,2024-03,43,96,0.0162491536899119,5908
user,2024-03,44,148,0.0250507786052809,5908
user,2024-03,45,75,0.0126946513202437,5908
user,2024-03,46,111,0.0187880839539607,5908
user,2024-03,47,107,0.0181110358835477,5908
user,2024-03,48,108,0.0182802979011509,5908
user,2024-03,49,136,0.0230196343940419,5908
user,2024-04,0,93,0.0177990430622009,5225
user,2024-04,1,163,0.0311961722488038,5225
user,2024-04,2,142,0.0271770334928229,5225
user,2024-04,3,175,0.0334928229665071,5225
user,2024-04,4,130,0.0248803827751196,5225
user,2024-04,5,68,0.0130143540669856,5225
user,2024-04,6,99,0.0189473684210526,5225
user,2024-04,7,70,0.0133971291866028,5225
user,2024-04,8,131,0.0250717703349282,5225
user,2024-04,9,117,0.0223923444976076,5225
user,2024-04,10,122,0.0233492822966507,5225
user,2024-04,11,117,0.0223923444976076,5225
user,2024-04,12,90,0.0172248803827751,5225
user,2024-04,13,114,0.0218181818181818,5225
user,2024-04,14,133,0.0254545454545454,5225
user,2024-04,15,56,0.0107177033492822,5225
user,2024-04,16,98,0.018755980861244,5225
user,2024-04,17,114,0.0218181818181818,5225
user,2024-04,18,118,0.0225837320574162,5225
user,2024-04,19,104,0.0199043062200956,5225
user,2024-04,20,98,0.018755980861244,5225
user,2024-04,21,60,0.0114832535885167,5225
user,2024-04,22,136,0.0260287081339712,5225
user,2024-04,23,78,0.0149282296650717,5225
user,2024-04,24,98,0.018755980861244,5225
user,2024-04,25,96,0.0183732057416267,5225
user,2024-04,26,110,0.0210526315789473,5225
user,2024-04,27,109,0.0208612440191387,5225
user,2024-04,28,111,0.0212440191387559,5225
user,2024-04,29,135,0.0258373205741626,5225
user,2024-04,30,80,0.0153110047846889,5225
user,2024-04,31,96,0.0183732057416267,5225
user,2024-04,32,141,0.0269856459330143,5225
user,2024-04,33,78,0.0149282296650717,5225
user,2024-04,34,85,0.016267942583732,5225
user,2024-04,35,103,0.019712918660287,5225
user,2024-04,36,90,0.0172248803827751,5225
user,2024-04,37,71,0.0135885167464114,5225
user,2024-04,38,160,0.0306220095693779,5225
user,2024-04,39,79,0.0151196172248803,5225
user,2024-04,40,63,0.0120574162679425,5225
user,2024-04,41,95,0.0181818181818181,5225
user,2024-04,42,115,0.0220095693779904,5225
user,2024-04,43,87,0.0166507177033492,5225
user,2024-04,44,100,0.0191387559808612,5225
user,2024-04,45,60,0.0114832535885167,5225
user,2024-04,46,97,0.0185645933014354,5225
user,2024-04,47,99,0.0189473684210526,5225
user,2024-04,48,129,0.024688995215311,5225
user,2024-04,49,112,0.0214354066985645,5225
user,2024-05,0,89,0.0169265880562951,5258
user,2024-05,1,168,0.0319513122860403,5258
user,2024-05,2,168,0.0319513122860403,5258
user,2024-05,3,199,0.0378470901483453,5258
user,2024-05,4,118,0.0224419931532902,5258
user,2024-05,5,77,0.0146443514644351,5258
user,2024-05,6,94,0.0178775199695701,5258
user,2024-05,7,68,0.0129326740205401,5258
user,2024-05,8,139,0.0264359071890452,5258
user,2024-05,9,96,0.0182578927348801,5258
user,2024-05,10,131,0.0249144161278052,5258
user,2024-05,11,147,0.0279573982502852,5258
user,2024-05,12,78,0.0148345378470901,5258
user,2024-05,13,80,0.0152149106124001,5258
user,2024-05,14,142,0.0270064663370102,5258
user,2024-05,15,63,0.0119817421072651,5258
user,2024-05,16,94,0.0178775199695701,5258
user,2024-05,17,115,0.0218714340053252,5258
user,2024-05,18,98,0.0186382655001901,5258
user,2024-05,19,103,0.0195891974134651,5258
user,2024-05,20,79,0.0150247242297451,5258
user,2024-05,21,88,0.0167364016736401,5258
user,2024-05,22,180,0.0342335488779003,5258
user,2024-05,23,52,0.0098896918980601,5258
user,2024-05,24,122,0.0232027386839102,5258
user,2024-05,25,100,0.0190186382655001,5258
user,2024-05,26,113,0.0214910612400152,5258
user,2024-05,27,107,0.0203499429440852,5258
user,2024-05,28,97,0.0184480791175351,5258
user,2024-05,29,105,0.0199695701787752,5258
user,2024-05,30,72,0.0136934195511601,5258
user,2024-05,31,98,0.0186382655001901,5258
user,2024-05,32,129,0.0245340433624952,5258
user,2024-05,33,81,0.0154050969950551,5258
user,2024-05,34,98,0.0186382655001901,5258
user,2024-05,35,101,0.0192088246481551,5258
user,2024-05,36,89,0.0169265880562951,5258
user,2024-05,37,79,0.0150247242297451,5258
user,2024-05,38,141,0.0268162799543552,5258
user,2024-05,39,77,0.0146443514644351,5258
user,2024-05,40,78,0.0148345378470901,5258
user,2024-05,41,96,0.0182578927348801,5258
user,2024-05,42,107,0.0203499429440852,5258
user,2024-05,43,83,0.0157854697603651,5258
user,2024-05,44,100,0.0190186382655001,5258
user,2024-05,45,72,0.0136934195511601,5258
user,2024-05,46,91,0.0173069608216051,5258
user,2024-05,47,106,0.0201597565614302,5258
user,2024-05,48,137,0.0260555344237352,5258
user,2024-05,49,113,0.0214910612400152,5258
user,2024-06,0,109,0.0166412213740458,6550
user,2024-06,1,190,0.0290076335877862,6550
user,2024-06,2,188,0.0287022900763358,6550
user,2024-06,3,246,0.0375572519083969,6550
user,2024-06,4,134,0.0204580152671755,6550
user,2024-06,5,82,0.0125190839694656,6550
user,2024-06,6,125,0.0190839694656488,6550
user,2024-06,7,92,0.0140458015267175,6550
user,2024-06,8,163,0.0248854961832061,6550
user,2024-06,9,155,0.0236641221374045,6550
user,2024-06,10,181,0.0276335877862595,6550
user,2024-06,11,178,0.0271755725190839,6550
user,2024-06,12,93,0.0141984732824427,6550
user,2024-06,13,98,0.0149618320610687,6550
user,2024-06,14,170,0.0259541984732824,6550
user,2024-06,15,100,0.015267175572519,6550
user,2024-06,16,111,0.0169465648854961,6550
user,2024-06,17,147,0.022442748091603,6550
user,2024-06,18,125,0.0190839694656488,6550
user,2024-06,19,125,0.0190839694656488,6550
user,2024-06,20,110,0.0167938931297709,6550
user,2024-06,21,92,0.0140458015267175,6550
user,2024-06,22,191,0.0291603053435114,6550
user,2024-06,23,78,0.0119083969465648,6550
user,2024-06,24,139,0.0212213740458015,6550
user,2024-06,25,125,0.0190839694656488,6550
user,2024-06,26,162,0.0247328244274809,6550
user,2024-06,27,132,0.0201526717557251,6550
user,2024-06,28,138,0.0210687022900763,6550
user,2024-06,29,146,0.0222900763358778,6550
user,2024-06,30,80,0.0122137404580152,6550
user,2024-06,31,119,0.0181679389312977,6550
user,2024-06,32,151,0.0230534351145038,6550
user,2024-06,33,95,0.0145038167938931,6550
user,2024-06,34,113,0.0172519083969465,6550
user,2024-06,35,109,0.0166412213740458,6550
user,2024-06,36,120,0.0183206106870229,6550
user,2024-06,37,97,0.0148091603053435,6550
user,2024-06,38,174,0.0265648854961832,6550
user,2024-06,39,81,0.0123664122137404,6550
user,2024-06,40,90,0.0137404580152671,6550
user,2024-06,41,135,0.0206106870229007,6550
user,2024-06,42,139,0.0212213740458015,6550
user,2024-06,43,93,0.0141984732824427,6550
user,2024-06,44,163,0.0248854961832061,6550
user,2024-06,45,110,0.0167938931297709,6550
user,2024-06,46,118,0.0180152671755725,6550
user,2024-06,47,143,0.0218320610687022,6550
user,2024-06,48,156,0.0238167938931297,6550
user,2024-06,49,139,0.0212213740458015,6550
user,2024-07,0,114,0.0168141592920353,6780
user,2024-07,1,193,0.0284660766961651,6780
user,2024-07,2,194,0.0286135693215339,6780
user,2024-07,3,224,0.0330383480825958,6780
user,2024-07,4,154,0.0227138643067846,6780
user,2024-07,5,99,0.0146017699115044,6780
user,2024-07,6,109,0.0160766961651917,6780
user,2024-07,7,89,0.0131268436578171,6780
user,2024-07,8,177,0.0261061946902654,6780
user,2024-07,9,136,0.0200589970501474,6780
user,2024-07,10,180,0.0265486725663716,6780
user,2024-07,11,179,0.0264011799410029,6780
user,2024-07,12,109,0.0160766961651917,6780
user,2024-07,13,112,0.0165191740412979,6780
user,2024-07,14,179,0.0264011799410029,6780
user,2024-07,15,96,0.0141592920353982,6780
user,2024-07,16,123,0.0181415929203539,6780
user,2024-07,17,142,0.0209439528023598,6780
user,2024-07,18,131,0.0193215339233038,6780
user,2024-07,19,145,0.021386430678466,6780
user,2024-07,20,138,0.0203539823008849,6780
user,2024-07,21,84,0.0123893805309734,6780
user,2024-07,22,209,0.0308259587020648,6780
user,2024-07,23,89,0.0131268436578171,6780
user,2024-07,24,172,0.0253687315634218,6780
user,2024-07,25,118,0.0174041297935103,6780
user,2024-07,26,139,0.0205014749262536,6780
user,2024-07,27,157,0.0231563421828908,6780
user,2024-07,28,122,0.0179941002949852,6780
user,2024-07,29,160,0.023598820058997,6780
user,2024-07,30,91,0.0134218289085545,6780
user,2024-07,31,124,0.0182890855457227,6780
user,2024-07,32,186,0.027433628318584,6780
user,2024-07,33,104,0.015339233038348,6780
user,2024-07,34,132,0.0194690265486725,6780
user,2024-07,35,107,0.0157817109144542,6780
user,2024-07,36,118,0.0174041297935103,6780
user,2024-07,37,92,0.0135693215339233,6780
user,2024-07,38,186,0.027433628318584,6780
user,2024-07,39,84,0.0123893805309734,6780
user,2024-07,40,90,0.0132743362831858,6780
user,2024-07,41,141,0.0207964601769911,6780
user,2024-07,42,183,0.0269911504424778,6780
user,2024-07,43,111,0.0163716814159292,6780
user,2024-07,44,147,0.0216814159292035,6780
user,2024-07,45,97,0.0143067846607669,6780
user,2024-07,46,106,0.0156342182890855,6780
user,2024-07,47,130,0.0191740412979351,6780
user,2024-07,48,150,0.0221238938053097,6780
user,2024-07,49,128,0.0188790560471976,6780
