stakeholder,month,topic_id,absolute_impact,relative_impact,monthly_document_count
user,2015-06,37,1,1.0,1
user,2015-07,3,1,0.16666666666666666,6
user,2015-07,4,1,0.16666666666666666,6
user,2015-07,22,1,0.16666666666666666,6
user,2015-07,31,1,0.16666666666666666,6
user,2015-07,37,2,0.3333333333333333,6
user,2015-08,0,1,0.03225806451612903,31
user,2015-08,4,3,0.0967741935483871,31
user,2015-08,5,1,0.03225806451612903,31
user,2015-08,7,2,0.06451612903225806,31
user,2015-08,8,2,0.06451612903225806,31
user,2015-08,9,1,0.03225806451612903,31
user,2015-08,14,1,0.03225806451612903,31
user,2015-08,15,1,0.03225806451612903,31
user,2015-08,18,1,0.03225806451612903,31
user,2015-08,20,1,0.03225806451612903,31
user,2015-08,25,1,0.03225806451612903,31
user,2015-08,27,2,0.06451612903225806,31
user,2015-08,28,2,0.06451612903225806,31
user,2015-08,29,1,0.03225806451612903,31
user,2015-08,31,2,0.06451612903225806,31
user,2015-08,32,1,0.03225806451612903,31
user,2015-08,35,1,0.03225806451612903,31
user,2015-08,37,1,0.03225806451612903,31
user,2015-08,39,1,0.03225806451612903,31
user,2015-08,44,1,0.03225806451612903,31
user,2015-08,46,1,0.03225806451612903,31
user,2015-08,47,2,0.06451612903225806,31
user,2015-08,49,1,0.03225806451612903,31
user,2015-09,0,1,0.05263157894736842,19
user,2015-09,1,1,0.05263157894736842,19
user,2015-09,13,2,0.10526315789473684,19
user,2015-09,15,1,0.05263157894736842,19
user,2015-09,18,1,0.05263157894736842,19
user,2015-09,21,2,0.10526315789473684,19
user,2015-09,23,1,0.05263157894736842,19
user,2015-09,25,1,0.05263157894736842,19
user,2015-09,29,1,0.05263157894736842,19
user,2015-09,33,1,0.05263157894736842,19
user,2015-09,35,3,0.15789473684210525,19
user,2015-09,36,1,0.05263157894736842,19
user,2015-09,38,1,0.05263157894736842,19
user,2015-09,39,1,0.05263157894736842,19
user,2015-09,44,1,0.05263157894736842,19
user,2015-10,1,1,0.07692307692307693,13
user,2015-10,5,1,0.07692307692307693,13
user,2015-10,11,1,0.07692307692307693,13
user,2015-10,14,2,0.15384615384615385,13
user,2015-10,17,1,0.07692307692307693,13
user,2015-10,19,1,0.07692307692307693,13
user,2015-10,21,1,0.07692307692307693,13
user,2015-10,31,1,0.07692307692307693,13
user,2015-10,37,1,0.07692307692307693,13
user,2015-10,41,1,0.07692307692307693,13
user,2015-10,43,1,0.07692307692307693,13
user,2015-10,44,1,0.07692307692307693,13
user,2015-11,2,1,0.06666666666666667,15
user,2015-11,7,1,0.06666666666666667,15
user,2015-11,8,1,0.06666666666666667,15
user,2015-11,18,2,0.13333333333333333,15
user,2015-11,25,1,0.06666666666666667,15
user,2015-11,26,1,0.06666666666666667,15
user,2015-11,28,1,0.06666666666666667,15
user,2015-11,29,2,0.13333333333333333,15
user,2015-11,31,1,0.06666666666666667,15
user,2015-11,32,1,0.06666666666666667,15
user,2015-11,34,1,0.06666666666666667,15
user,2015-11,36,1,0.06666666666666667,15
user,2015-11,46,1,0.06666666666666667,15
user,2015-12,0,1,0.07692307692307693,13
user,2015-12,8,1,0.07692307692307693,13
user,2015-12,12,1,0.07692307692307693,13
user,2015-12,13,1,0.07692307692307693,13
user,2015-12,21,1,0.07692307692307693,13
user,2015-12,28,2,0.15384615384615385,13
user,2015-12,31,1,0.07692307692307693,13
user,2015-12,32,2,0.15384615384615385,13
user,2015-12,41,1,0.07692307692307693,13
user,2015-12,42,1,0.07692307692307693,13
user,2015-12,46,1,0.07692307692307693,13
user,2016-01,0,2,0.03571428571428571,56
user,2016-01,1,1,0.017857142857142856,56
user,2016-01,3,1,0.017857142857142856,56
user,2016-01,5,2,0.03571428571428571,56
user,2016-01,6,2,0.03571428571428571,56
user,2016-01,7,1,0.017857142857142856,56
user,2016-01,8,1,0.017857142857142856,56
user,2016-01,10,1,0.017857142857142856,56
user,2016-01,12,1,0.017857142857142856,56
user,2016-01,15,1,0.017857142857142856,56
user,2016-01,16,1,0.017857142857142856,56
user,2016-01,17,1,0.017857142857142856,56
user,2016-01,18,1,0.017857142857142856,56
user,2016-01,20,1,0.017857142857142856,56
user,2016-01,21,1,0.017857142857142856,56
user,2016-01,24,1,0.017857142857142856,56
user,2016-01,25,1,0.017857142857142856,56
user,2016-01,26,3,0.05357142857142857,56
user,2016-01,27,1,0.017857142857142856,56
user,2016-01,28,2,0.03571428571428571,56
user,2016-01,29,2,0.03571428571428571,56
user,2016-01,30,1,0.017857142857142856,56
user,2016-01,31,2,0.03571428571428571,56
user,2016-01,32,2,0.03571428571428571,56
user,2016-01,33,1,0.017857142857142856,56
user,2016-01,35,3,0.05357142857142857,56
user,2016-01,36,1,0.017857142857142856,56
user,2016-01,37,3,0.05357142857142857,56
user,2016-01,39,1,0.017857142857142856,56
user,2016-01,40,2,0.03571428571428571,56
user,2016-01,41,3,0.05357142857142857,56
user,2016-01,42,1,0.017857142857142856,56
user,2016-01,43,2,0.03571428571428571,56
user,2016-01,44,1,0.017857142857142856,56
user,2016-01,45,1,0.017857142857142856,56
user,2016-01,46,3,0.05357142857142857,56
user,2016-01,47,1,0.017857142857142856,56
user,2016-02,0,4,0.03278688524590164,122
user,2016-02,1,3,0.02459016393442623,122
user,2016-02,3,1,0.00819672131147541,122
user,2016-02,4,4,0.03278688524590164,122
user,2016-02,5,2,0.01639344262295082,122
user,2016-02,6,2,0.01639344262295082,122
user,2016-02,7,1,0.00819672131147541,122
user,2016-02,8,6,0.04918032786885246,122
user,2016-02,9,1,0.00819672131147541,122
user,2016-02,10,3,0.02459016393442623,122
user,2016-02,11,2,0.01639344262295082,122
user,2016-02,12,3,0.02459016393442623,122
user,2016-02,13,4,0.03278688524590164,122
user,2016-02,14,3,0.02459016393442623,122
user,2016-02,15,3,0.02459016393442623,122
user,2016-02,16,3,0.02459016393442623,122
user,2016-02,17,2,0.01639344262295082,122
user,2016-02,18,1,0.00819672131147541,122
user,2016-02,19,1,0.00819672131147541,122
user,2016-02,20,2,0.01639344262295082,122
user,2016-02,21,4,0.03278688524590164,122
user,2016-02,22,1,0.00819672131147541,122
user,2016-02,23,3,0.02459016393442623,122
user,2016-02,24,1,0.00819672131147541,122
user,2016-02,25,2,0.01639344262295082,122
user,2016-02,26,1,0.00819672131147541,122
user,2016-02,27,2,0.01639344262295082,122
user,2016-02,28,3,0.02459016393442623,122
user,2016-02,29,1,0.00819672131147541,122
user,2016-02,31,3,0.02459016393442623,122
user,2016-02,32,4,0.03278688524590164,122
user,2016-02,33,2,0.01639344262295082,122
user,2016-02,34,1,0.00819672131147541,122
user,2016-02,35,3,0.02459016393442623,122
user,2016-02,36,2,0.01639344262295082,122
user,2016-02,38,3,0.02459016393442623,122
user,2016-02,39,8,0.06557377049180328,122
user,2016-02,41,4,0.03278688524590164,122
user,2016-02,42,4,0.03278688524590164,122
user,2016-02,43,4,0.03278688524590164,122
user,2016-02,44,3,0.02459016393442623,122
user,2016-02,45,1,0.00819672131147541,122
user,2016-02,46,1,0.00819672131147541,122
user,2016-02,47,2,0.01639344262295082,122
user,2016-02,48,5,0.040983606557377046,122
user,2016-02,49,3,0.02459016393442623,122
user,2016-03,0,55,0.02832131822863028,1942
user,2016-03,1,26,0.013388259526261586,1942
user,2016-03,2,30,0.015447991761071062,1942
user,2016-03,3,46,0.02368692070030896,1942
user,2016-03,4,40,0.02059732234809475,1942
user,2016-03,5,42,0.021627188465499485,1942
user,2016-03,6,48,0.024716786817713696,1942
user,2016-03,7,38,0.01956745623069001,1942
user,2016-03,8,45,0.023171987641606592,1942
user,2016-03,9,39,0.02008238928939238,1942
user,2016-03,10,35,0.018022657054582905,1942
user,2016-03,11,35,0.018022657054582905,1942
user,2016-03,12,57,0.029351184346035016,1942
user,2016-03,13,32,0.016477857878475798,1942
user,2016-03,14,42,0.021627188465499485,1942
user,2016-03,15,38,0.01956745623069001,1942
user,2016-03,16,44,0.02265705458290422,1942
user,2016-03,17,44,0.02265705458290422,1942
user,2016-03,18,42,0.021627188465499485,1942
user,2016-03,19,31,0.01596292481977343,1942
user,2016-03,20,26,0.013388259526261586,1942
user,2016-03,21,30,0.015447991761071062,1942
user,2016-03,22,37,0.01905252317198764,1942
user,2016-03,23,39,0.02008238928939238,1942
user,2016-03,24,39,0.02008238928939238,1942
user,2016-03,25,55,0.02832131822863028,1942
user,2016-03,26,51,0.026261585993820804,1942
user,2016-03,27,40,0.02059732234809475,1942
user,2016-03,28,21,0.010813594232749742,1942
user,2016-03,29,30,0.015447991761071062,1942
user,2016-03,30,31,0.01596292481977343,1942
user,2016-03,31,34,0.017507723995880537,1942
user,2016-03,32,31,0.01596292481977343,1942
user,2016-03,33,28,0.014418125643666324,1942
user,2016-03,34,46,0.02368692070030896,1942
user,2016-03,35,58,0.029866117404737384,1942
user,2016-03,36,33,0.016992790937178166,1942
user,2016-03,37,38,0.01956745623069001,1942
user,2016-03,38,38,0.01956745623069001,1942
user,2016-03,39,43,0.022142121524201853,1942
user,2016-03,40,26,0.013388259526261586,1942
user,2016-03,41,41,0.021112255406797117,1942
user,2016-03,42,31,0.01596292481977343,1942
user,2016-03,43,30,0.015447991761071062,1942
user,2016-03,44,42,0.021627188465499485,1942
user,2016-03,45,39,0.02008238928939238,1942
user,2016-03,46,40,0.02059732234809475,1942
user,2016-03,47,55,0.02832131822863028,1942
user,2016-03,48,41,0.021112255406797117,1942
user,2016-03,49,40,0.02059732234809475,1942
user,2016-04,0,120,0.025559105431309903,4695
user,2016-04,1,78,0.016613418530351438,4695
user,2016-04,2,73,0.015548455804046858,4695
user,2016-04,3,105,0.022364217252396165,4695
user,2016-04,4,83,0.017678381256656016,4695
user,2016-04,5,79,0.016826411075612353,4695
user,2016-04,6,113,0.02406815761448349,4695
user,2016-04,7,116,0.02470713525026624,4695
user,2016-04,8,96,0.020447284345047924,4695
user,2016-04,9,79,0.016826411075612353,4695
user,2016-04,10,76,0.016187433439829604,4695
user,2016-04,11,67,0.014270500532481363,4695
user,2016-04,12,89,0.018956336528221512,4695
user,2016-04,13,114,0.02428115015974441,4695
user,2016-04,14,116,0.02470713525026624,4695
user,2016-04,15,80,0.01703940362087327,4695
user,2016-04,16,94,0.02002129925452609,4695
user,2016-04,17,83,0.017678381256656016,4695
user,2016-04,18,109,0.02321618743343983,4695
user,2016-04,19,70,0.014909478168264111,4695
user,2016-04,20,77,0.016400425985090523,4695
user,2016-04,21,101,0.021512247071352502,4695
user,2016-04,22,79,0.016826411075612353,4695
user,2016-04,23,94,0.02002129925452609,4695
user,2016-04,24,76,0.016187433439829604,4695
user,2016-04,25,128,0.02726304579339723,4695
user,2016-04,26,101,0.021512247071352502,4695
user,2016-04,27,107,0.022790202342918,4695
user,2016-04,28,71,0.015122470713525026,4695
user,2016-04,29,87,0.01853035143769968,4695
user,2016-04,30,95,0.02023429179978701,4695
user,2016-04,31,115,0.024494142705005325,4695
user,2016-04,32,83,0.017678381256656016,4695
user,2016-04,33,72,0.015335463258785943,4695
user,2016-04,34,128,0.02726304579339723,4695
user,2016-04,35,94,0.02002129925452609,4695
user,2016-04,36,95,0.02023429179978701,4695
user,2016-04,37,115,0.024494142705005325,4695
user,2016-04,38,122,0.025985090521831736,4695
user,2016-04,39,96,0.020447284345047924,4695
user,2016-04,40,100,0.021299254526091587,4695
user,2016-04,41,114,0.02428115015974441,4695
user,2016-04,42,100,0.021299254526091587,4695
user,2016-04,43,83,0.017678381256656016,4695
user,2016-04,44,86,0.018317358892438764,4695
user,2016-04,45,85,0.01810436634717785,4695
user,2016-04,46,99,0.021086261980830672,4695
user,2016-04,47,82,0.0174653887113951,4695
user,2016-04,48,102,0.021725239616613417,4695
user,2016-04,49,68,0.01448349307774228,4695
user,2016-05,0,98,0.02176326893182323,4503
user,2016-05,1,90,0.019986675549633577,4503
user,2016-05,2,69,0.015323117921385743,4503
user,2016-05,3,105,0.023317788141239172,4503
user,2016-05,4,82,0.018210082167443926,4503
user,2016-05,5,71,0.015767266266933155,4503
user,2016-05,6,93,0.020652898067954697,4503
user,2016-05,7,99,0.021985343104596936,4503
user,2016-05,8,107,0.023761936486786588,4503
user,2016-05,9,102,0.022651565622918056,4503
user,2016-05,10,73,0.01621141461248057,4503
user,2016-05,11,79,0.017543859649122806,4503
user,2016-05,12,86,0.019098378858538753,4503
user,2016-05,13,109,0.024206084832334,4503
user,2016-05,14,113,0.025094381523428824,4503
user,2016-05,15,99,0.021985343104596936,4503
user,2016-05,16,79,0.017543859649122806,4503
user,2016-05,17,80,0.017765933821896514,4503
user,2016-05,18,102,0.022651565622918056,4503
user,2016-05,19,59,0.01310237619364868,4503
user,2016-05,20,79,0.017543859649122806,4503
user,2016-05,21,93,0.020652898067954697,4503
user,2016-05,22,64,0.014212747057517211,4503
user,2016-05,23,93,0.020652898067954697,4503
user,2016-05,24,64,0.014212747057517211,4503
user,2016-05,25,106,0.02353986231401288,4503
user,2016-05,26,74,0.016433488785254274,4503
user,2016-05,27,120,0.02664890073284477,4503
user,2016-05,28,80,0.017765933821896514,4503
user,2016-05,29,102,0.022651565622918056,4503
user,2016-05,30,91,0.020208749722407285,4503
user,2016-05,31,97,0.021541194759049524,4503
user,2016-05,32,70,0.015545192094159449,4503
user,2016-05,33,88,0.019542527204086165,4503
user,2016-05,34,86,0.019098378858538753,4503
user,2016-05,35,111,0.02465023317788141,4503
user,2016-05,36,93,0.020652898067954697,4503
user,2016-05,37,100,0.02220741727737064,4503
user,2016-05,38,115,0.02553852986897624,4503
user,2016-05,39,80,0.017765933821896514,4503
user,2016-05,40,106,0.02353986231401288,4503
user,2016-05,41,115,0.02553852986897624,4503
user,2016-05,42,67,0.01487896957583833,4503
user,2016-05,43,78,0.017321785476349102,4503
user,2016-05,44,68,0.015101043748612037,4503
user,2016-05,45,107,0.023761936486786588,4503
user,2016-05,46,93,0.020652898067954697,4503
user,2016-05,47,85,0.018876304685765045,4503
user,2016-05,48,96,0.021319120586275817,4503
user,2016-05,49,87,0.019320453031312457,4503
user,2016-06,0,143,0.025122979620520028,5692
user,2016-06,1,98,0.017217146872803936,5692
user,2016-06,2,94,0.01651440618411806,5692
user,2016-06,3,136,0.023893183415319746,5692
user,2016-06,4,122,0.021433591004919185,5692
user,2016-06,5,92,0.016163035839775124,5692
user,2016-06,6,143,0.025122979620520028,5692
user,2016-06,7,155,0.027231201686577652,5692
user,2016-06,8,104,0.018271257905832748,5692
user,2016-06,9,111,0.01950105411103303,5692
user,2016-06,10,98,0.017217146872803936,5692
user,2016-06,11,84,0.014757554462403373,5692
user,2016-06,12,117,0.020555165144061843,5692
user,2016-06,13,106,0.018622628250175684,5692
user,2016-06,14,145,0.025474349964862964,5692
user,2016-06,15,125,0.02196064652143359,5692
user,2016-06,16,102,0.017919887561489812,5692
user,2016-06,17,116,0.020379479971890373,5692
user,2016-06,18,105,0.018446943078004218,5692
user,2016-06,19,73,0.012825017568517217,5692
user,2016-06,20,83,0.014581869290231905,5692
user,2016-06,21,120,0.02108222066057625,5692
user,2016-06,22,85,0.014933239634574842,5692
user,2016-06,23,130,0.022839072382290933,5692
user,2016-06,24,102,0.017919887561489812,5692
user,2016-06,25,121,0.021257905832747715,5692
user,2016-06,26,110,0.01932536893886156,5692
user,2016-06,27,146,0.025650035137034434,5692
user,2016-06,28,124,0.02178496134926212,5692
user,2016-06,29,112,0.019676739283204497,5692
user,2016-06,30,105,0.018446943078004218,5692
user,2016-06,31,152,0.026704146170063246,5692
user,2016-06,32,84,0.014757554462403373,5692
user,2016-06,33,103,0.01809557273366128,5692
user,2016-06,34,123,0.021609276177090655,5692
user,2016-06,35,130,0.022839072382290933,5692
user,2016-06,36,136,0.023893183415319746,5692
user,2016-06,37,113,0.019852424455375967,5692
user,2016-06,38,146,0.025650035137034434,5692
user,2016-06,39,84,0.014757554462403373,5692
user,2016-06,40,117,0.020555165144061843,5692
user,2016-06,41,149,0.02617709065354884,5692
user,2016-06,42,80,0.014054813773717497,5692
user,2016-06,43,104,0.018271257905832748,5692
user,2016-06,44,121,0.021257905832747715,5692
user,2016-06,45,108,0.018973998594518624,5692
user,2016-06,46,114,0.020028109627547436,5692
user,2016-06,47,110,0.01932536893886156,5692
user,2016-06,48,112,0.019676739283204497,5692
user,2016-06,49,99,0.017392832044975406,5692
user,2016-07,0,146,0.02608540289440772,5597
user,2016-07,1,95,0.016973378595676256,5597
user,2016-07,2,123,0.02197605860282294,5597
user,2016-07,3,109,0.019474718599249596,5597
user,2016-07,4,108,0.019296051456137216,5597
user,2016-07,5,97,0.01733071288190102,5597
user,2016-07,6,143,0.025549401465070575,5597
user,2016-07,7,140,0.025013400035733428,5597
user,2016-07,8,113,0.020189387171699123,5597
user,2016-07,9,105,0.018760050026800073,5597
user,2016-07,10,129,0.02304806146149723,5597
user,2016-07,11,89,0.015901375737001965,5597
user,2016-07,12,89,0.015901375737001965,5597
user,2016-07,13,112,0.020010720028586743,5597
user,2016-07,14,144,0.025728068608182955,5597
user,2016-07,15,103,0.01840271574057531,5597
user,2016-07,16,89,0.015901375737001965,5597
user,2016-07,17,100,0.017866714311238163,5597
user,2016-07,18,92,0.01643737716633911,5597
user,2016-07,19,88,0.015722708593889585,5597
user,2016-07,20,82,0.014650705735215293,5597
user,2016-07,21,112,0.020010720028586743,5597
user,2016-07,22,84,0.015008040021440057,5597
user,2016-07,23,111,0.01983205288547436,5597
user,2016-07,24,84,0.015008040021440057,5597
user,2016-07,25,135,0.02412006432017152,5597
user,2016-07,26,111,0.01983205288547436,5597
user,2016-07,27,142,0.02537073432195819,5597
user,2016-07,28,136,0.0242987314632839,5597
user,2016-07,29,116,0.02072538860103627,5597
user,2016-07,30,100,0.017866714311238163,5597
user,2016-07,31,146,0.02608540289440772,5597
user,2016-07,32,78,0.013936037162765768,5597
user,2016-07,33,104,0.01858138288368769,5597
user,2016-07,34,132,0.023584062890834374,5597
user,2016-07,35,121,0.021618724316598177,5597
user,2016-07,36,131,0.023405395747721994,5597
user,2016-07,37,115,0.020546721457923887,5597
user,2016-07,38,146,0.02608540289440772,5597
user,2016-07,39,87,0.015544041450777202,5597
user,2016-07,40,127,0.022690727175272467,5597
user,2016-07,41,144,0.025728068608182955,5597
user,2016-07,42,91,0.01625871002322673,5597
user,2016-07,43,105,0.018760050026800073,5597
user,2016-07,44,106,0.018938717169912453,5597
user,2016-07,45,135,0.02412006432017152,5597
user,2016-07,46,83,0.014829372878327675,5597
user,2016-07,47,124,0.022154725745935324,5597
user,2016-07,48,101,0.018045381454350546,5597
user,2016-07,49,94,0.016794711452563872,5597
user,2016-08,0,124,0.030753968253968252,4032
user,2016-08,1,68,0.016865079365079364,4032
user,2016-08,2,65,0.016121031746031748,4032
user,2016-08,3,100,0.0248015873015873,4032
user,2016-08,4,84,0.020833333333333332,4032
user,2016-08,5,65,0.016121031746031748,4032
user,2016-08,6,98,0.024305555555555556,4032
user,2016-08,7,95,0.023561507936507936,4032
user,2016-08,8,74,0.018353174603174604,4032
user,2016-08,9,74,0.018353174603174604,4032
user,2016-08,10,61,0.015128968253968254,4032
user,2016-08,11,40,0.00992063492063492,4032
user,2016-08,12,78,0.019345238095238096,4032
user,2016-08,13,76,0.018849206349206348,4032
user,2016-08,14,99,0.024553571428571428,4032
user,2016-08,15,106,0.02628968253968254,4032
user,2016-08,16,66,0.01636904761904762,4032
user,2016-08,17,72,0.017857142857142856,4032
user,2016-08,18,94,0.023313492063492064,4032
user,2016-08,19,47,0.011656746031746032,4032
user,2016-08,20,68,0.016865079365079364,4032
user,2016-08,21,87,0.021577380952380952,4032
user,2016-08,22,73,0.018105158730158732,4032
user,2016-08,23,78,0.019345238095238096,4032
user,2016-08,24,67,0.016617063492063492,4032
user,2016-08,25,95,0.023561507936507936,4032
user,2016-08,26,91,0.022569444444444444,4032
user,2016-08,27,103,0.02554563492063492,4032
user,2016-08,28,94,0.023313492063492064,4032
user,2016-08,29,118,0.029265873015873016,4032
user,2016-08,30,78,0.019345238095238096,4032
user,2016-08,31,93,0.023065476190476192,4032
user,2016-08,32,67,0.016617063492063492,4032
user,2016-08,33,56,0.013888888888888888,4032
user,2016-08,34,88,0.021825396825396824,4032
user,2016-08,35,81,0.020089285714285716,4032
user,2016-08,36,79,0.019593253968253968,4032
user,2016-08,37,70,0.017361111111111112,4032
user,2016-08,38,96,0.023809523809523808,4032
user,2016-08,39,77,0.019097222222222224,4032
user,2016-08,40,70,0.017361111111111112,4032
user,2016-08,41,107,0.026537698412698412,4032
user,2016-08,42,67,0.016617063492063492,4032
user,2016-08,43,66,0.01636904761904762,4032
user,2016-08,44,82,0.020337301587301588,4032
user,2016-08,45,92,0.022817460317460316,4032
user,2016-08,46,72,0.017857142857142856,4032
user,2016-08,47,88,0.021825396825396824,4032
user,2016-08,48,68,0.016865079365079364,4032
user,2016-08,49,75,0.018601190476190476,4032
user,2016-09,0,83,0.02302357836338419,3605
user,2016-09,1,56,0.015533980582524271,3605
user,2016-09,2,61,0.016920943134535366,3605
user,2016-09,3,79,0.021914008321775313,3605
user,2016-09,4,78,0.02163661581137309,3605
user,2016-09,5,57,0.01581137309292649,3605
user,2016-09,6,84,0.02330097087378641,3605
user,2016-09,7,88,0.024410540915395285,3605
user,2016-09,8,66,0.018307905686546465,3605
user,2016-09,9,86,0.023855755894590845,3605
user,2016-09,10,77,0.021359223300970873,3605
user,2016-09,11,60,0.016643550624133148,3605
user,2016-09,12,52,0.014424410540915394,3605
user,2016-09,13,82,0.02274618585298197,3605
user,2016-09,14,105,0.02912621359223301,3605
user,2016-09,15,84,0.02330097087378641,3605
user,2016-09,16,68,0.0188626907073509,3605
user,2016-09,17,73,0.020249653259361997,3605
user,2016-09,18,65,0.018030513176144243,3605
user,2016-09,19,45,0.012482662968099861,3605
user,2016-09,20,60,0.016643550624133148,3605
user,2016-09,21,54,0.014979195561719833,3605
user,2016-09,22,52,0.014424410540915394,3605
user,2016-09,23,80,0.022191400832177532,3605
user,2016-09,24,65,0.018030513176144243,3605
user,2016-09,25,79,0.021914008321775313,3605
user,2016-09,26,81,0.02246879334257975,3605
user,2016-09,27,82,0.02274618585298197,3605
user,2016-09,28,89,0.024687933425797504,3605
user,2016-09,29,85,0.023578363384188627,3605
user,2016-09,30,88,0.024410540915395285,3605
user,2016-09,31,96,0.02662968099861304,3605
user,2016-09,32,68,0.0188626907073509,3605
user,2016-09,33,65,0.018030513176144243,3605
user,2016-09,34,72,0.019972260748959778,3605
user,2016-09,35,68,0.0188626907073509,3605
user,2016-09,36,81,0.02246879334257975,3605
user,2016-09,37,60,0.016643550624133148,3605
user,2016-09,38,70,0.019417475728155338,3605
user,2016-09,39,80,0.022191400832177532,3605
user,2016-09,40,85,0.023578363384188627,3605
user,2016-09,41,105,0.02912621359223301,3605
user,2016-09,42,67,0.018585298196948683,3605
user,2016-09,43,53,0.014701803051317614,3605
user,2016-09,44,64,0.017753120665742025,3605
user,2016-09,45,80,0.022191400832177532,3605
user,2016-09,46,59,0.01636615811373093,3605
user,2016-09,47,64,0.017753120665742025,3605
user,2016-09,48,48,0.01331484049930652,3605
user,2016-09,49,56,0.015533980582524271,3605
user,2016-10,0,122,0.02339854238588416,5214
user,2016-10,1,85,0.016302263137706177,5214
user,2016-10,2,87,0.01668584579976985,5214
user,2016-10,3,119,0.022823168392788647,5214
user,2016-10,4,90,0.01726121979286536,5214
user,2016-10,5,85,0.016302263137706177,5214
user,2016-10,6,103,0.01975450709627925,5214
user,2016-10,7,108,0.020713463751438434,5214
user,2016-10,8,120,0.023014959723820484,5214
user,2016-10,9,98,0.018795550441120062,5214
user,2016-10,10,104,0.019946298427311087,5214
user,2016-10,11,84,0.01611047180667434,5214
user,2016-10,12,106,0.02032988108937476,5214
user,2016-10,13,101,0.019370924434215574,5214
user,2016-10,14,139,0.026658995013425394,5214
user,2016-10,15,128,0.02454929037207518,5214
user,2016-10,16,97,0.018603759110088224,5214
user,2016-10,17,89,0.017069428461833524,5214
user,2016-10,18,87,0.01668584579976985,5214
user,2016-10,19,84,0.01611047180667434,5214
user,2016-10,20,89,0.017069428461833524,5214
user,2016-10,21,107,0.020521672420406596,5214
user,2016-10,22,106,0.02032988108937476,5214
user,2016-10,23,113,0.02167242040659762,5214
user,2016-10,24,94,0.01802838511699271,5214
user,2016-10,25,111,0.021288837744533946,5214
user,2016-10,26,99,0.0189873417721519,5214
user,2016-10,27,131,0.025124664365170694,5214
user,2016-10,28,126,0.024165707710011506,5214
user,2016-10,29,123,0.023590333716915997,5214
user,2016-10,30,95,0.01822017644802455,5214
user,2016-10,31,141,0.02704257767548907,5214
user,2016-10,32,101,0.019370924434215574,5214
user,2016-10,33,81,0.015535097813578827,5214
user,2016-10,34,121,0.023206751054852322,5214
user,2016-10,35,100,0.019179133103183737,5214
user,2016-10,36,90,0.01726121979286536,5214
user,2016-10,37,90,0.01726121979286536,5214
user,2016-10,38,106,0.02032988108937476,5214
user,2016-10,39,84,0.01611047180667434,5214
user,2016-10,40,108,0.020713463751438434,5214
user,2016-10,41,151,0.02896049098580744,5214
user,2016-10,42,101,0.019370924434215574,5214
user,2016-10,43,82,0.015726889144610665,5214
user,2016-10,44,109,0.02090525508247027,5214
user,2016-10,45,88,0.016877637130801686,5214
user,2016-10,46,119,0.022823168392788647,5214
user,2016-10,47,127,0.024357499041043344,5214
user,2016-10,48,105,0.020138089758342925,5214
user,2016-10,49,80,0.01534330648254699,5214
user,2016-11,0,139,0.024002762907960627,5791
user,2016-11,1,78,0.013469176308064238,5791
user,2016-11,2,80,0.013814539803142808,5791
user,2016-11,3,141,0.0243481264030392,5791
user,2016-11,4,122,0.02106717319979278,5791
user,2016-11,5,101,0.017440856501467795,5791
user,2016-11,6,139,0.024002762907960627,5791
user,2016-11,7,159,0.02745639785874633,5791
user,2016-11,8,124,0.02141253669487135,5791
user,2016-11,9,114,0.019685719219478502,5791
user,2016-11,10,111,0.019167673976860644,5791
user,2016-11,11,91,0.015714039026074943,5791
user,2016-11,12,92,0.015886720773614228,5791
user,2016-11,13,116,0.020031082714557072,5791
user,2016-11,14,146,0.025211535140735625,5791
user,2016-11,15,149,0.02572958038335348,5791
user,2016-11,16,95,0.016404766016232083,5791
user,2016-11,17,95,0.016404766016232083,5791
user,2016-11,18,100,0.01726817475392851,5791
user,2016-11,19,78,0.013469176308064238,5791
user,2016-11,20,84,0.014505266793299948,5791
user,2016-11,21,108,0.01864962873424279,5791
user,2016-11,22,108,0.01864962873424279,5791
user,2016-11,23,109,0.018822310481782074,5791
user,2016-11,24,92,0.015886720773614228,5791
user,2016-11,25,140,0.024175444655499912,5791
user,2016-11,26,148,0.025556898635814194,5791
user,2016-11,27,138,0.023830081160421342,5791
user,2016-11,28,118,0.02037644620963564,5791
user,2016-11,29,121,0.020894491452253496,5791
user,2016-11,30,121,0.020894491452253496,5791
user,2016-11,31,155,0.02676567086858919,5791
user,2016-11,32,89,0.015368675530996374,5791
user,2016-11,33,97,0.016750129511310656,5791
user,2016-11,34,128,0.022103263685028494,5791
user,2016-11,35,111,0.019167673976860644,5791
user,2016-11,36,127,0.02193058193748921,5791
user,2016-11,37,124,0.02141253669487135,5791
user,2016-11,38,145,0.02503885339319634,5791
user,2016-11,39,101,0.017440856501467795,5791
user,2016-11,40,117,0.020203764462096357,5791
user,2016-11,41,160,0.027629079606285616,5791
user,2016-11,42,104,0.01795890174408565,5791
user,2016-11,43,119,0.020549127957174926,5791
user,2016-11,44,111,0.019167673976860644,5791
user,2016-11,45,113,0.019513037471939217,5791
user,2016-11,46,96,0.016577447763771368,5791
user,2016-11,47,124,0.02141253669487135,5791
user,2016-11,48,90,0.015541357278535659,5791
user,2016-11,49,123,0.021239854947332066,5791
user,2016-12,0,238,0.02364394993045897,10066
user,2016-12,1,142,0.01410689449632426,10066
user,2016-12,2,168,0.016689847009735744,10066
user,2016-12,3,216,0.0214583747268031,10066
user,2016-12,4,187,0.018577389231074905,10066
user,2016-12,5,180,0.017881978939002584,10066
user,2016-12,6,232,0.02304788396582555,10066
user,2016-12,7,262,0.026028213788992647,10066
user,2016-12,8,208,0.020663620107291874,10066
user,2016-12,9,171,0.016987879992052455,10066
user,2016-12,10,179,0.01778263461156368,10066
user,2016-12,11,138,0.013709517186568647,10066
user,2016-12,12,211,0.020961653089608585,10066
user,2016-12,13,198,0.01967017683290284,10066
user,2016-12,14,230,0.022849195310947746,10066
user,2016-12,15,224,0.022253129346314324,10066
user,2016-12,16,164,0.01629246969998013,10066
user,2016-12,17,186,0.018478044903636002,10066
user,2016-12,18,200,0.01986886548778065,10066
user,2016-12,19,138,0.013709517186568647,10066
user,2016-12,20,173,0.01718656864693026,10066
user,2016-12,21,213,0.02116034174448639,10066
user,2016-12,22,182,0.01808066759388039,10066
user,2016-12,23,189,0.018776077885952713,10066
user,2016-12,24,154,0.015299026425591099,10066
user,2016-12,25,255,0.025332803496920325,10066
user,2016-12,26,238,0.02364394993045897,10066
user,2016-12,27,260,0.025829525134114843,10066
user,2016-12,28,170,0.01688853566461355,10066
user,2016-12,29,198,0.01967017683290284,10066
user,2016-12,30,201,0.019968209815219552,10066
user,2016-12,31,234,0.023246572620703357,10066
user,2016-12,32,195,0.01937214385058613,10066
user,2016-12,33,170,0.01688853566461355,10066
user,2016-12,34,211,0.020961653089608585,10066
user,2016-12,35,242,0.024041327240214582,10066
user,2016-12,36,221,0.021955096363997617,10066
user,2016-12,37,195,0.01937214385058613,10066
user,2016-12,38,246,0.024438704549970196,10066
user,2016-12,39,229,0.022749850983508842,10066
user,2016-12,40,209,0.020762964434730777,10066
user,2016-12,41,279,0.027717067355454005,10066
user,2016-12,42,174,0.017285912974369162,10066
user,2016-12,43,178,0.017683290284124777,10066
user,2016-12,44,221,0.021955096363997617,10066
user,2016-12,45,179,0.01778263461156368,10066
user,2016-12,46,195,0.01937214385058613,10066
user,2016-12,47,230,0.022849195310947746,10066
user,2016-12,48,183,0.01818001192131929,10066
user,2016-12,49,170,0.01688853566461355,10066
user,2017-01,0,159,0.02113237639553429,7524
user,2017-01,1,116,0.01541733120680489,7524
user,2017-01,2,123,0.01634768740031898,7524
user,2017-01,3,181,0.024056353003721425,7524
user,2017-01,4,132,0.017543859649122806,7524
user,2017-01,5,140,0.018607123870281767,7524
user,2017-01,6,171,0.022727272727272728,7524
user,2017-01,7,189,0.025119617224880382,7524
user,2017-01,8,123,0.01634768740031898,7524
user,2017-01,9,142,0.018872939925571503,7524
user,2017-01,10,155,0.02060074428495481,7524
user,2017-01,11,126,0.01674641148325359,7524
user,2017-01,12,150,0.019936204146730464,7524
user,2017-01,13,196,0.026049973418394472,7524
user,2017-01,14,192,0.025518341307814992,7524
user,2017-01,15,150,0.019936204146730464,7524
user,2017-01,16,123,0.01634768740031898,7524
user,2017-01,17,141,0.018740031897926633,7524
user,2017-01,18,143,0.019005847953216373,7524
user,2017-01,19,130,0.017278043593833066,7524
user,2017-01,20,114,0.015151515151515152,7524
user,2017-01,21,152,0.020202020202020204,7524
user,2017-01,22,143,0.019005847953216373,7524
user,2017-01,23,129,0.0171451355661882,7524
user,2017-01,24,123,0.01634768740031898,7524
user,2017-01,25,170,0.022594364699627858,7524
user,2017-01,26,162,0.0215311004784689,7524
user,2017-01,27,160,0.02126528442317916,7524
user,2017-01,28,163,0.02166400850611377,7524
user,2017-01,29,174,0.023125996810207338,7524
user,2017-01,30,160,0.02126528442317916,7524
user,2017-01,31,170,0.022594364699627858,7524
user,2017-01,32,132,0.017543859649122806,7524
user,2017-01,33,128,0.01701222753854333,7524
user,2017-01,34,157,0.02086656034024455,7524
user,2017-01,35,181,0.024056353003721425,7524
user,2017-01,36,165,0.021929824561403508,7524
user,2017-01,37,147,0.019537480063795853,7524
user,2017-01,38,167,0.022195640616693248,7524
user,2017-01,39,157,0.02086656034024455,7524
user,2017-01,40,135,0.017942583732057416,7524
user,2017-01,41,185,0.024587985114300905,7524
user,2017-01,42,135,0.017942583732057416,7524
user,2017-01,43,128,0.01701222753854333,7524
user,2017-01,44,169,0.022461456671982988,7524
user,2017-01,45,143,0.019005847953216373,7524
user,2017-01,46,148,0.019670388091440724,7524
user,2017-01,47,172,0.022860180754917598,7524
user,2017-01,48,134,0.017809675704412546,7524
user,2017-01,49,139,0.018474215842636896,7524
user,2017-02,0,90,0.021013308428671492,4283
user,2017-02,1,74,0.017277609152463225,4283
user,2017-02,2,86,0.020079383609619427,4283
user,2017-02,3,92,0.021480270838197525,4283
user,2017-02,4,74,0.017277609152463225,4283
user,2017-02,5,68,0.015876721923885128,4283
user,2017-02,6,107,0.024982488909642775,4283
user,2017-02,7,106,0.02474900770487976,4283
user,2017-02,8,76,0.01774457156198926,4283
user,2017-02,9,95,0.022180714452486573,4283
user,2017-02,10,90,0.021013308428671492,4283
user,2017-02,11,73,0.01704412794770021,4283
user,2017-02,12,88,0.02054634601914546,4283
user,2017-02,13,81,0.018911977585804342,4283
user,2017-02,14,111,0.02591641372869484,4283
user,2017-02,15,87,0.020312864814382443,4283
user,2017-02,16,84,0.01961242120009339,4283
user,2017-02,17,72,0.016810646742937193,4283
user,2017-02,18,65,0.015176278309596078,4283
user,2017-02,19,59,0.013775391081017978,4283
user,2017-02,20,71,0.016577165538174177,4283
user,2017-02,21,89,0.020779827223908476,4283
user,2017-02,22,57,0.013308428671491944,4283
user,2017-02,23,82,0.01914545879056736,4283
user,2017-02,24,86,0.020079383609619427,4283
user,2017-02,25,92,0.021480270838197525,4283
user,2017-02,26,106,0.02474900770487976,4283
user,2017-02,27,95,0.022180714452486573,4283
user,2017-02,28,87,0.020312864814382443,4283
user,2017-02,29,98,0.022881158066775625,4283
user,2017-02,30,80,0.018678496381041326,4283
user,2017-02,31,82,0.01914545879056736,4283
user,2017-02,32,65,0.015176278309596078,4283
user,2017-02,33,66,0.015409759514359094,4283
user,2017-02,34,91,0.02124678963343451,4283
user,2017-02,35,107,0.024982488909642775,4283
user,2017-02,36,89,0.020779827223908476,4283
user,2017-02,37,78,0.018211533971515294,4283
user,2017-02,38,103,0.024048564090590707,4283
user,2017-02,39,90,0.021013308428671492,4283
user,2017-02,40,93,0.02171375204296054,4283
user,2017-02,41,104,0.024282045295353723,4283
user,2017-02,42,81,0.018911977585804342,4283
user,2017-02,43,78,0.018211533971515294,4283
user,2017-02,44,80,0.018678496381041326,4283
user,2017-02,45,75,0.01751109035722624,4283
user,2017-02,46,97,0.02264767686201261,4283
user,2017-02,47,109,0.025449451319168807,4283
user,2017-02,48,79,0.01844501517627831,4283
user,2017-02,49,95,0.022180714452486573,4283
user,2017-03,0,113,0.023679798826487845,4772
user,2017-03,1,74,0.01550712489522213,4772
user,2017-03,2,76,0.01592623637887678,4772
user,2017-03,3,88,0.018440905280804692,4772
user,2017-03,4,97,0.020326906957250628,4772
user,2017-03,5,80,0.016764459346186086,4772
user,2017-03,6,95,0.019907795473595977,4772
user,2017-03,7,138,0.028918692372170998,4772
user,2017-03,8,102,0.02137468566638726,4772
user,2017-03,9,90,0.018860016764459347,4772
user,2017-03,10,79,0.01655490360435876,4772
user,2017-03,11,79,0.01655490360435876,4772
user,2017-03,12,79,0.01655490360435876,4772
user,2017-03,13,92,0.019279128248113998,4772
user,2017-03,14,120,0.025146689019279127,4772
user,2017-03,15,102,0.02137468566638726,4772
user,2017-03,16,76,0.01592623637887678,4772
user,2017-03,17,79,0.01655490360435876,4772
user,2017-03,18,90,0.018860016764459347,4772
user,2017-03,19,58,0.012154233025984913,4772
user,2017-03,20,78,0.016345347862531435,4772
user,2017-03,21,86,0.01802179379715004,4772
user,2017-03,22,97,0.020326906957250628,4772
user,2017-03,23,79,0.01655490360435876,4772
user,2017-03,24,88,0.018440905280804692,4772
user,2017-03,25,124,0.025984911986588432,4772
user,2017-03,26,125,0.026194467728415757,4772
user,2017-03,27,115,0.024098910310142496,4772
user,2017-03,28,94,0.019698239731768652,4772
user,2017-03,29,94,0.019698239731768652,4772
user,2017-03,30,83,0.017393126571668065,4772
user,2017-03,31,101,0.021165129924559933,4772
user,2017-03,32,79,0.01655490360435876,4772
user,2017-03,33,70,0.014668901927912825,4772
user,2017-03,34,118,0.024727577535624476,4772
user,2017-03,35,111,0.023260687342833195,4772
user,2017-03,36,94,0.019698239731768652,4772
user,2017-03,37,88,0.018440905280804692,4772
user,2017-03,38,116,0.024308466051969825,4772
user,2017-03,39,86,0.01802179379715004,4772
user,2017-03,40,101,0.021165129924559933,4772
user,2017-03,41,101,0.021165129924559933,4772
user,2017-03,42,101,0.021165129924559933,4772
user,2017-03,43,91,0.019069572506286672,4772
user,2017-03,44,126,0.026404023470243086,4772
user,2017-03,45,99,0.020746018440905283,4772
user,2017-03,46,96,0.020117351215423303,4772
user,2017-03,47,103,0.021584241408214584,4772
user,2017-03,48,104,0.02179379715004191,4772
user,2017-03,49,117,0.02451802179379715,4772
user,2017-04,0,116,0.024555461473327687,4724
user,2017-04,1,72,0.015241320914479255,4724
user,2017-04,2,70,0.014817950889077053,4724
user,2017-04,3,92,0.01947502116850127,4724
user,2017-04,4,76,0.016088060965283656,4724
user,2017-04,5,74,0.015664690939881456,4724
user,2017-04,6,91,0.01926333615580017,4724
user,2017-04,7,128,0.027095681625740897,4724
user,2017-04,8,101,0.021380186282811176,4724
user,2017-04,9,75,0.015876375952582556,4724
user,2017-04,10,96,0.02032176121930567,4724
user,2017-04,11,70,0.014817950889077053,4724
user,2017-04,12,89,0.018839966130397966,4724
user,2017-04,13,94,0.01989839119390347,4724
user,2017-04,14,114,0.024132091447925486,4724
user,2017-04,15,109,0.02307366638441998,4724
user,2017-04,16,91,0.01926333615580017,4724
user,2017-04,17,75,0.015876375952582556,4724
user,2017-04,18,91,0.01926333615580017,4724
user,2017-04,19,83,0.017569856054191365,4724
user,2017-04,20,85,0.017993226079593565,4724
user,2017-04,21,98,0.020745131244707875,4724
user,2017-04,22,79,0.01672311600338696,4724
user,2017-04,23,93,0.01968670618120237,4724
user,2017-04,24,67,0.01418289585097375,4724
user,2017-04,25,96,0.02032176121930567,4724
user,2017-04,26,113,0.023920406435224386,4724
user,2017-04,27,122,0.02582557154953429,4724
user,2017-04,28,121,0.02561388653683319,4724
user,2017-04,29,84,0.017781541066892465,4724
user,2017-04,30,109,0.02307366638441998,4724
user,2017-04,31,132,0.0279424216765453,4724
user,2017-04,32,73,0.015453005927180356,4724
user,2017-04,33,92,0.01947502116850127,4724
user,2017-04,34,107,0.02265029635901778,4724
user,2017-04,35,98,0.020745131244707875,4724
user,2017-04,36,107,0.02265029635901778,4724
user,2017-04,37,99,0.020956816257408976,4724
user,2017-04,38,112,0.023708721422523286,4724
user,2017-04,39,104,0.02201524132091448,4724
user,2017-04,40,113,0.023920406435224386,4724
user,2017-04,41,114,0.024132091447925486,4724
user,2017-04,42,81,0.01714648602878916,4724
user,2017-04,43,81,0.01714648602878916,4724
user,2017-04,44,87,0.018416596104995766,4724
user,2017-04,45,83,0.017569856054191365,4724
user,2017-04,46,84,0.017781541066892465,4724
user,2017-04,47,103,0.02180355630821338,4724
user,2017-04,48,81,0.01714648602878916,4724
user,2017-04,49,99,0.020956816257408976,4724
user,2017-05,0,135,0.028089887640449437,4806
user,2017-05,1,95,0.01976695796920516,4806
user,2017-05,2,74,0.015397419891801914,4806
user,2017-05,3,101,0.021015397419891804,4806
user,2017-05,4,92,0.01914273824386184,4806
user,2017-05,5,81,0.016853932584269662,4806
user,2017-05,6,109,0.02267998335414066,4806
user,2017-05,7,124,0.025801081980857263,4806
user,2017-05,8,86,0.0178942987931752,4806
user,2017-05,9,96,0.019975031210986267,4806
user,2017-05,10,91,0.01893466500208073,4806
user,2017-05,11,57,0.011860174781523096,4806
user,2017-05,12,95,0.01976695796920516,4806
user,2017-05,13,88,0.018310445276737412,4806
user,2017-05,14,109,0.02267998335414066,4806
user,2017-05,15,104,0.021639617145235122,4806
user,2017-05,16,84,0.017478152309612985,4806
user,2017-05,17,82,0.01706200582605077,4806
user,2017-05,18,103,0.021431543903454017,4806
user,2017-05,19,77,0.016021639617145235,4806
user,2017-05,20,89,0.018518518518518517,4806
user,2017-05,21,103,0.021431543903454017,4806
user,2017-05,22,92,0.01914273824386184,4806
user,2017-05,23,97,0.020183104452767373,4806
user,2017-05,24,78,0.016229712858926344,4806
user,2017-05,25,107,0.022263836870578445,4806
user,2017-05,26,108,0.02247191011235955,4806
user,2017-05,27,132,0.02746566791510612,4806
user,2017-05,28,96,0.019975031210986267,4806
user,2017-05,29,109,0.02267998335414066,4806
user,2017-05,30,118,0.02455264253017062,4806
user,2017-05,31,87,0.018102372034956304,4806
user,2017-05,32,99,0.020599250936329586,4806
user,2017-05,33,68,0.014148980441115273,4806
user,2017-05,34,107,0.022263836870578445,4806
user,2017-05,35,116,0.024136496046608405,4806
user,2017-05,36,99,0.020599250936329586,4806
user,2017-05,37,96,0.019975031210986267,4806
user,2017-05,38,102,0.02122347066167291,4806
user,2017-05,39,96,0.019975031210986267,4806
user,2017-05,40,91,0.01893466500208073,4806
user,2017-05,41,123,0.025593008739076155,4806
user,2017-05,42,94,0.019558884727424054,4806
user,2017-05,43,84,0.017478152309612985,4806
user,2017-05,44,88,0.018310445276737412,4806
user,2017-05,45,93,0.019350811485642945,4806
user,2017-05,46,80,0.016645859342488557,4806
user,2017-05,47,92,0.01914273824386184,4806
user,2017-05,48,92,0.01914273824386184,4806
user,2017-05,49,87,0.018102372034956304,4806
user,2017-06,0,114,0.02483660130718954,4590
user,2017-06,1,75,0.016339869281045753,4590
user,2017-06,2,72,0.01568627450980392,4590
user,2017-06,3,95,0.020697167755991286,4590
user,2017-06,4,96,0.02091503267973856,4590
user,2017-06,5,71,0.015468409586056645,4590
user,2017-06,6,114,0.02483660130718954,4590
user,2017-06,7,97,0.02113289760348584,4590
user,2017-06,8,84,0.018300653594771243,4590
user,2017-06,9,85,0.018518518518518517,4590
user,2017-06,10,85,0.018518518518518517,4590
user,2017-06,11,79,0.01721132897603486,4590
user,2017-06,12,75,0.016339869281045753,4590
user,2017-06,13,77,0.016775599128540306,4590
user,2017-06,14,119,0.025925925925925925,4590
user,2017-06,15,108,0.023529411764705882,4590
user,2017-06,16,93,0.020261437908496733,4590
user,2017-06,17,85,0.018518518518518517,4590
user,2017-06,18,91,0.01982570806100218,4590
user,2017-06,19,63,0.013725490196078431,4590
user,2017-06,20,84,0.018300653594771243,4590
user,2017-06,21,95,0.020697167755991286,4590
user,2017-06,22,93,0.020261437908496733,4590
user,2017-06,23,98,0.021350762527233117,4590
user,2017-06,24,78,0.01699346405228758,4590
user,2017-06,25,91,0.01982570806100218,4590
user,2017-06,26,118,0.02570806100217865,4590
user,2017-06,27,114,0.02483660130718954,4590
user,2017-06,28,110,0.023965141612200435,4590
user,2017-06,29,89,0.019389978213507627,4590
user,2017-06,30,88,0.01917211328976035,4590
user,2017-06,31,100,0.02178649237472767,4590
user,2017-06,32,81,0.01764705882352941,4590
user,2017-06,33,62,0.013507625272331155,4590
user,2017-06,34,101,0.022004357298474945,4590
user,2017-06,35,108,0.023529411764705882,4590
user,2017-06,36,99,0.021568627450980392,4590
user,2017-06,37,93,0.020261437908496733,4590
user,2017-06,38,117,0.025490196078431372,4590
user,2017-06,39,90,0.0196078431372549,4590
user,2017-06,40,104,0.022657952069716776,4590
user,2017-06,41,111,0.024183006535947713,4590
user,2017-06,42,78,0.01699346405228758,4590
user,2017-06,43,89,0.019389978213507627,4590
user,2017-06,44,87,0.01895424836601307,4590
user,2017-06,45,88,0.01917211328976035,4590
user,2017-06,46,75,0.016339869281045753,4590
user,2017-06,47,89,0.019389978213507627,4590
user,2017-06,48,95,0.020697167755991286,4590
user,2017-06,49,87,0.01895424836601307,4590
user,2017-07,0,135,0.02650697035146279,5093
user,2017-07,1,77,0.01511879049676026,5093
user,2017-07,2,88,0.017278617710583154,5093
user,2017-07,3,112,0.02199096799528765,5093
user,2017-07,4,98,0.019242096995876694,5093
user,2017-07,5,113,0.022187315923817005,5093
user,2017-07,6,91,0.017867661496171215,5093
user,2017-07,7,135,0.02650697035146279,5093
user,2017-07,8,90,0.01767131356764186,5093
user,2017-07,9,121,0.023758099352051837,5093
user,2017-07,10,75,0.01472609463970155,5093
user,2017-07,11,91,0.017867661496171215,5093
user,2017-07,12,92,0.01806400942470057,5093
user,2017-07,13,104,0.02042018456705282,5093
user,2017-07,14,120,0.023561751423522483,5093
user,2017-07,15,126,0.024739838994698605,5093
user,2017-07,16,85,0.01668957392499509,5093
user,2017-07,17,101,0.019831140781464755,5093
user,2017-07,18,106,0.020812880424111526,5093
user,2017-07,19,80,0.015707834282348322,5093
user,2017-07,20,94,0.018456705281759276,5093
user,2017-07,21,99,0.019438444924406047,5093
user,2017-07,22,105,0.020616532495582172,5093
user,2017-07,23,109,0.021401924209699587,5093
user,2017-07,24,81,0.015904182210877676,5093
user,2017-07,25,114,0.022383663852346358,5093
user,2017-07,26,114,0.022383663852346358,5093
user,2017-07,27,122,0.02395444728058119,5093
user,2017-07,28,114,0.022383663852346358,5093
user,2017-07,29,103,0.020223836638523465,5093
user,2017-07,30,100,0.0196347928529354,5093
user,2017-07,31,113,0.022187315923817005,5093
user,2017-07,32,95,0.018653053210288633,5093
user,2017-07,33,74,0.014529746711172197,5093
user,2017-07,34,98,0.019242096995876694,5093
user,2017-07,35,122,0.02395444728058119,5093
user,2017-07,36,98,0.019242096995876694,5093
user,2017-07,37,91,0.017867661496171215,5093
user,2017-07,38,124,0.024347143137639898,5093
user,2017-07,39,104,0.02042018456705282,5093
user,2017-07,40,106,0.020812880424111526,5093
user,2017-07,41,133,0.026114274494404083,5093
user,2017-07,42,80,0.015707834282348322,5093
user,2017-07,43,95,0.018653053210288633,5093
user,2017-07,44,99,0.019438444924406047,5093
user,2017-07,45,82,0.01610053013940703,5093
user,2017-07,46,83,0.016296878067936383,5093
user,2017-07,47,99,0.019438444924406047,5093
user,2017-07,48,100,0.0196347928529354,5093
user,2017-07,49,102,0.020027488709994108,5093
user,2017-08,0,133,0.02631578947368421,5054
user,2017-08,1,81,0.016026909378709934,5054
user,2017-08,2,81,0.016026909378709934,5054
user,2017-08,3,99,0.01958844479620103,5054
user,2017-08,4,88,0.01741195092995647,5054
user,2017-08,5,85,0.016818361693707953,5054
user,2017-08,6,131,0.0259200633161852,5054
user,2017-08,7,142,0.02809655718242976,5054
user,2017-08,8,115,0.022754254056193114,5054
user,2017-08,9,87,0.017214087851206965,5054
user,2017-08,10,77,0.015235457063711912,5054
user,2017-08,11,73,0.01444400474871389,5054
user,2017-08,12,96,0.018994855559952513,5054
user,2017-08,13,126,0.024930747922437674,5054
user,2017-08,14,136,0.026909378709932725,5054
user,2017-08,15,110,0.02176493866244559,5054
user,2017-08,16,99,0.01958844479620103,5054
user,2017-08,17,85,0.016818361693707953,5054
user,2017-08,18,109,0.021567075583696083,5054
user,2017-08,19,80,0.015829046299960427,5054
user,2017-08,20,77,0.015235457063711912,5054
user,2017-08,21,104,0.020577760189948554,5054
user,2017-08,22,93,0.018401266323703997,5054
user,2017-08,23,114,0.022556390977443608,5054
user,2017-08,24,66,0.013058963197467353,5054
user,2017-08,25,107,0.021171349426197073,5054
user,2017-08,26,118,0.02334784329244163,5054
user,2017-08,27,128,0.025326474079936684,5054
user,2017-08,28,109,0.021567075583696083,5054
user,2017-08,29,100,0.019786307874950535,5054
user,2017-08,30,95,0.018796992481203006,5054
user,2017-08,31,123,0.02433715868618916,5054
user,2017-08,32,78,0.015433320142461416,5054
user,2017-08,33,80,0.015829046299960427,5054
user,2017-08,34,117,0.023149980213692124,5054
user,2017-08,35,109,0.021567075583696083,5054
user,2017-08,36,115,0.022754254056193114,5054
user,2017-08,37,97,0.01919271863870202,5054
user,2017-08,38,100,0.019786307874950535,5054
user,2017-08,39,103,0.02037989711119905,5054
user,2017-08,40,92,0.01820340324495449,5054
user,2017-08,41,121,0.023941432528690146,5054
user,2017-08,42,77,0.015235457063711912,5054
user,2017-08,43,90,0.01780767708745548,5054
user,2017-08,44,114,0.022556390977443608,5054
user,2017-08,45,102,0.020182034032449545,5054
user,2017-08,46,117,0.023149980213692124,5054
user,2017-08,47,102,0.020182034032449545,5054
user,2017-08,48,79,0.01563118322121092,5054
user,2017-08,49,94,0.018599129402453504,5054
user,2017-09,0,111,0.02377382737202827,4669
user,2017-09,1,69,0.014778325123152709,4669
user,2017-09,2,51,0.010923109873634611,4669
user,2017-09,3,108,0.02313129149710859,4669
user,2017-09,4,99,0.02120368387234954,4669
user,2017-09,5,84,0.017991004497751123,4669
user,2017-09,6,103,0.02206039837224245,4669
user,2017-09,7,115,0.024630541871921183,4669
user,2017-09,8,109,0.023345470122081817,4669
user,2017-09,9,97,0.020775326622403084,4669
user,2017-09,10,76,0.016277575497965303,4669
user,2017-09,11,61,0.013064896123366887,4669
user,2017-09,12,71,0.015206682373099165,4669
user,2017-09,13,89,0.01906189762261726,4669
user,2017-09,14,140,0.029985007496251874,4669
user,2017-09,15,87,0.018633540372670808,4669
user,2017-09,16,88,0.018847718997644036,4669
user,2017-09,17,76,0.016277575497965303,4669
user,2017-09,18,107,0.02291711287213536,4669
user,2017-09,19,54,0.011565645748554294,4669
user,2017-09,20,72,0.015420860998072392,4669
user,2017-09,21,100,0.021417862497322766,4669
user,2017-09,22,93,0.019918612122510174,4669
user,2017-09,23,112,0.0239880059970015,4669
user,2017-09,24,79,0.016920111372884985,4669
user,2017-09,25,100,0.021417862497322766,4669
user,2017-09,26,95,0.020346969372456628,4669
user,2017-09,27,114,0.024416363246947955,4669
user,2017-09,28,123,0.026343970871707003,4669
user,2017-09,29,80,0.017134289997858213,4669
user,2017-09,30,115,0.024630541871921183,4669
user,2017-09,31,112,0.0239880059970015,4669
user,2017-09,32,84,0.017991004497751123,4669
user,2017-09,33,73,0.01563503962304562,4669
user,2017-09,34,105,0.022488755622188907,4669
user,2017-09,35,108,0.02313129149710859,4669
user,2017-09,36,88,0.018847718997644036,4669
user,2017-09,37,85,0.01820518312272435,4669
user,2017-09,38,105,0.022488755622188907,4669
user,2017-09,39,96,0.020561147997429856,4669
user,2017-09,40,102,0.021846219747269222,4669
user,2017-09,41,101,0.021632041122295994,4669
user,2017-09,42,86,0.01841936174769758,4669
user,2017-09,43,82,0.01756264724780467,4669
user,2017-09,44,94,0.020132790747483403,4669
user,2017-09,45,83,0.017776825872777898,4669
user,2017-09,46,103,0.02206039837224245,4669
user,2017-09,47,111,0.02377382737202827,4669
user,2017-09,48,76,0.016277575497965303,4669
user,2017-09,49,97,0.020775326622403084,4669
user,2017-10,0,123,0.023943936149503603,5137
user,2017-10,1,92,0.017909285575238465,5137
user,2017-10,2,86,0.016741288689896827,5137
user,2017-10,3,115,0.02238660696904808,5137
user,2017-10,4,80,0.015573291804555188,5137
user,2017-10,5,82,0.015962624099669066,5137
user,2017-10,6,99,0.019271948608137045,5137
user,2017-10,7,104,0.020245279345921744,5137
user,2017-10,8,105,0.020439945493478683,5137
user,2017-10,9,98,0.019077282460580106,5137
user,2017-10,10,111,0.021607942378820324,5137
user,2017-10,11,88,0.017130620985010708,5137
user,2017-10,12,100,0.019466614755693983,5137
user,2017-10,13,115,0.02238660696904808,5137
user,2017-10,14,144,0.02803192524819934,5137
user,2017-10,15,114,0.022191940821491143,5137
user,2017-10,16,101,0.019661280903250925,5137
user,2017-10,17,89,0.017325287132567646,5137
user,2017-10,18,98,0.019077282460580106,5137
user,2017-10,19,76,0.014794627214327428,5137
user,2017-10,20,83,0.016157290247226008,5137
user,2017-10,21,114,0.022191940821491143,5137
user,2017-10,22,105,0.020439945493478683,5137
user,2017-10,23,119,0.023165271559275842,5137
user,2017-10,24,87,0.016935954837453766,5137
user,2017-10,25,114,0.022191940821491143,5137
user,2017-10,26,103,0.020050613198364806,5137
user,2017-10,27,131,0.02550126532995912,5137
user,2017-10,28,117,0.02277593926416196,5137
user,2017-10,29,108,0.021023943936149505,5137
user,2017-10,30,95,0.018493284017909284,5137
user,2017-10,31,100,0.019466614755693983,5137
user,2017-10,32,93,0.018103951722795407,5137
user,2017-10,33,79,0.015378625656998247,5137
user,2017-10,34,108,0.021023943936149505,5137
user,2017-10,35,127,0.02472260073973136,5137
user,2017-10,36,100,0.019466614755693983,5137
user,2017-10,37,110,0.021413276231263382,5137
user,2017-10,38,116,0.022581273116605023,5137
user,2017-10,39,83,0.016157290247226008,5137
user,2017-10,40,110,0.021413276231263382,5137
user,2017-10,41,133,0.025890597625072998,5137
user,2017-10,42,94,0.018298617870352345,5137
user,2017-10,43,99,0.019271948608137045,5137
user,2017-10,44,103,0.020050613198364806,5137
user,2017-10,45,91,0.017714619427681527,5137
user,2017-10,46,94,0.018298617870352345,5137
user,2017-10,47,106,0.020634611641035625,5137
user,2017-10,48,104,0.020245279345921744,5137
user,2017-10,49,91,0.017714619427681527,5137
user,2017-11,0,117,0.01970028624347533,5939
user,2017-11,1,130,0.021889206937194813,5939
user,2017-11,2,85,0.014312173766627379,5939
user,2017-11,3,128,0.021552449907391816,5939
user,2017-11,4,108,0.018184879609361847,5939
user,2017-11,5,99,0.01666947297524836,5939
user,2017-11,6,148,0.02492002020542179,5939
user,2017-11,7,142,0.023909749116012798,5939
user,2017-11,8,117,0.01970028624347533,5939
user,2017-11,9,104,0.01751136554975585,5939
user,2017-11,10,107,0.018016501094460347,5939
user,2017-11,11,105,0.01767974406465735,5939
user,2017-11,12,96,0.016164337430543862,5939
user,2017-11,13,127,0.02138407139249032,5939
user,2017-11,14,201,0.03384408149520121,5939
user,2017-11,15,140,0.0235729920862098,5939
user,2017-11,16,105,0.01767974406465735,5939
user,2017-11,17,96,0.016164337430543862,5939
user,2017-11,18,122,0.020542178817982825,5939
user,2017-11,19,92,0.015490823370937868,5939
user,2017-11,20,79,0.013301902677218386,5939
user,2017-11,21,115,0.019363529213672334,5939
user,2017-11,22,100,0.016837851490149856,5939
user,2017-11,23,120,0.020205421788179828,5939
user,2017-11,24,97,0.016332715945445362,5939
user,2017-11,25,131,0.022057585452096313,5939
user,2017-11,26,147,0.024751641690520288,5939
user,2017-11,27,145,0.02441488466071729,5939
user,2017-11,28,129,0.021720828422293316,5939
user,2017-11,29,118,0.01986866475837683,5939
user,2017-11,30,112,0.01885839366896784,5939
user,2017-11,31,145,0.02441488466071729,5939
user,2017-11,32,96,0.016164337430543862,5939
user,2017-11,33,106,0.01784812257955885,5939
user,2017-11,34,120,0.020205421788179828,5939
user,2017-11,35,137,0.023067856541505304,5939
user,2017-11,36,123,0.020710557332884325,5939
user,2017-11,37,116,0.019531907728573834,5939
user,2017-11,38,148,0.02492002020542179,5939
user,2017-11,39,125,0.021047314362687322,5939
user,2017-11,40,131,0.022057585452096313,5939
user,2017-11,41,151,0.025425155750126285,5939
user,2017-11,42,95,0.015995958915642365,5939
user,2017-11,43,109,0.018353258124263343,5939
user,2017-11,44,114,0.019195150698770837,5939
user,2017-11,45,91,0.01532244485603637,5939
user,2017-11,46,115,0.019363529213672334,5939
user,2017-11,47,119,0.020037043273278328,5939
user,2017-11,48,125,0.021047314362687322,5939
user,2017-11,49,111,0.01869001515406634,5939
user,2017-12,0,236,0.02323749507680189,10156
user,2017-12,1,155,0.015261914139424971,10156
user,2017-12,2,141,0.01388341866876723,10156
user,2017-12,3,244,0.024025206774320598,10156
user,2017-12,4,198,0.019495864513588028,10156
user,2017-12,5,142,0.013981882630957069,10156
user,2017-12,6,192,0.018905080740448995,10156
user,2017-12,7,275,0.027077589602205594,10156
user,2017-12,8,198,0.019495864513588028,10156
user,2017-12,9,182,0.01792044111855061,10156
user,2017-12,10,199,0.019594328475777866,10156
user,2017-12,11,163,0.01604962583694368,10156
user,2017-12,12,184,0.01811736904293029,10156
user,2017-12,13,209,0.020578968097676252,10156
user,2017-12,14,283,0.0278653012997243,10156
user,2017-12,15,236,0.02323749507680189,10156
user,2017-12,16,210,0.02067743205986609,10156
user,2017-12,17,170,0.016738873572272547,10156
user,2017-12,18,245,0.024123670736510436,10156
user,2017-12,19,148,0.0145726664040961,10156
user,2017-12,20,168,0.01654194564789287,10156
user,2017-12,21,199,0.019594328475777866,10156
user,2017-12,22,171,0.01683733753446239,10156
user,2017-12,23,165,0.016246553761323355,10156
user,2017-12,24,163,0.01604962583694368,10156
user,2017-12,25,201,0.019791256400157543,10156
user,2017-12,26,224,0.02205592753052383,10156
user,2017-12,27,246,0.024222134698700274,10156
user,2017-12,28,208,0.02048050413548641,10156
user,2017-12,29,200,0.019692792437967704,10156
user,2017-12,30,209,0.020578968097676252,10156
user,2017-12,31,298,0.02934226073257188,10156
user,2017-12,32,146,0.014375738479716424,10156
user,2017-12,33,180,0.017723513194170933,10156
user,2017-12,34,211,0.02077589602205593,10156
user,2017-12,35,257,0.025305238282788498,10156
user,2017-12,36,227,0.022351319417093344,10156
user,2017-12,37,230,0.02264671130366286,10156
user,2017-12,38,219,0.021563607719574635,10156
user,2017-12,39,165,0.016246553761323355,10156
user,2017-12,40,231,0.022745175265852697,10156
user,2017-12,41,293,0.028849940921622685,10156
user,2017-12,42,175,0.01723119338322174,10156
user,2017-12,43,187,0.018412760929499804,10156
user,2017-12,44,207,0.020382040173296572,10156
user,2017-12,45,208,0.02048050413548641,10156
user,2017-12,46,175,0.01723119338322174,10156
user,2017-12,47,193,0.019003544702638833,10156
user,2017-12,48,176,0.01732965734541158,10156
user,2017-12,49,214,0.021071287908625443,10156
user,2018-01,0,141,0.022017489069331667,6404
user,2018-01,1,106,0.01655215490318551,6404
user,2018-01,2,101,0.015771392879450345,6404
user,2018-01,3,143,0.022329793878825735,6404
user,2018-01,4,113,0.01764522173641474,6404
user,2018-01,5,116,0.01811367895065584,6404
user,2018-01,6,123,0.019206745783885072,6404
user,2018-01,7,175,0.027326670830730794,6404
user,2018-01,8,134,0.020924422236102434,6404
user,2018-01,9,119,0.01858213616489694,6404
user,2018-01,10,137,0.021392879450343537,6404
user,2018-01,11,109,0.017020612117426608,6404
user,2018-01,12,105,0.016396002498438474,6404
user,2018-01,13,133,0.020768269831355404,6404
user,2018-01,14,172,0.026858213616489695,6404
user,2018-01,15,134,0.020924422236102434,6404
user,2018-01,16,113,0.01764522173641474,6404
user,2018-01,17,105,0.016396002498438474,6404
user,2018-01,18,111,0.017332916926920676,6404
user,2018-01,19,89,0.013897564022485947,6404
user,2018-01,20,99,0.015459088069956278,6404
user,2018-01,21,110,0.017176764522173642,6404
user,2018-01,22,110,0.017176764522173642,6404
user,2018-01,23,120,0.018738288569643973,6404
user,2018-01,24,118,0.018425983760149905,6404
user,2018-01,25,133,0.020768269831355404,6404
user,2018-01,26,170,0.026545908806995627,6404
user,2018-01,27,139,0.0217051842598376,6404
user,2018-01,28,136,0.021236727045596503,6404
user,2018-01,29,143,0.022329793878825735,6404
user,2018-01,30,132,0.02061211742660837,6404
user,2018-01,31,151,0.023579013116801998,6404
user,2018-01,32,99,0.015459088069956278,6404
user,2018-01,33,105,0.016396002498438474,6404
user,2018-01,34,143,0.022329793878825735,6404
user,2018-01,35,151,0.023579013116801998,6404
user,2018-01,36,137,0.021392879450343537,6404
user,2018-01,37,118,0.018425983760149905,6404
user,2018-01,38,125,0.019519050593379137,6404
user,2018-01,39,145,0.0226420986883198,6404
user,2018-01,40,118,0.018425983760149905,6404
user,2018-01,41,197,0.03076202373516552,6404
user,2018-01,42,130,0.020299812617114305,6404
user,2018-01,43,111,0.017332916926920676,6404
user,2018-01,44,145,0.0226420986883198,6404
user,2018-01,45,123,0.019206745783885072,6404
user,2018-01,46,132,0.02061211742660837,6404
user,2018-01,47,118,0.018425983760149905,6404
user,2018-01,48,120,0.018738288569643973,6404
user,2018-01,49,147,0.022954403497813865,6404
user,2018-02,0,103,0.022391304347826088,4600
user,2018-02,1,80,0.017391304347826087,4600
user,2018-02,2,68,0.014782608695652174,4600
user,2018-02,3,89,0.01934782608695652,4600
user,2018-02,4,92,0.02,4600
user,2018-02,5,82,0.017826086956521738,4600
user,2018-02,6,97,0.02108695652173913,4600
user,2018-02,7,116,0.025217391304347827,4600
user,2018-02,8,77,0.016739130434782607,4600
user,2018-02,9,100,0.021739130434782608,4600
user,2018-02,10,78,0.016956521739130436,4600
user,2018-02,11,84,0.018260869565217393,4600
user,2018-02,12,82,0.017826086956521738,4600
user,2018-02,13,95,0.020652173913043477,4600
user,2018-02,14,120,0.02608695652173913,4600
user,2018-02,15,90,0.01956521739130435,4600
user,2018-02,16,93,0.020217391304347826,4600
user,2018-02,17,84,0.018260869565217393,4600
user,2018-02,18,93,0.020217391304347826,4600
user,2018-02,19,69,0.015,4600
user,2018-02,20,85,0.01847826086956522,4600
user,2018-02,21,97,0.02108695652173913,4600
user,2018-02,22,84,0.018260869565217393,4600
user,2018-02,23,69,0.015,4600
user,2018-02,24,68,0.014782608695652174,4600
user,2018-02,25,92,0.02,4600
user,2018-02,26,120,0.02608695652173913,4600
user,2018-02,27,124,0.026956521739130435,4600
user,2018-02,28,94,0.02043478260869565,4600
user,2018-02,29,93,0.020217391304347826,4600
user,2018-02,30,102,0.02217391304347826,4600
user,2018-02,31,105,0.02282608695652174,4600
user,2018-02,32,79,0.01717391304347826,4600
user,2018-02,33,87,0.01891304347826087,4600
user,2018-02,34,97,0.02108695652173913,4600
user,2018-02,35,72,0.01565217391304348,4600
user,2018-02,36,96,0.020869565217391306,4600
user,2018-02,37,87,0.01891304347826087,4600
user,2018-02,38,101,0.021956521739130434,4600
user,2018-02,39,88,0.019130434782608695,4600
user,2018-02,40,121,0.026304347826086958,4600
user,2018-02,41,128,0.02782608695652174,4600
user,2018-02,42,84,0.018260869565217393,4600
user,2018-02,43,85,0.01847826086956522,4600
user,2018-02,44,107,0.02326086956521739,4600
user,2018-02,45,83,0.018043478260869564,4600
user,2018-02,46,93,0.020217391304347826,4600
user,2018-02,47,100,0.021739130434782608,4600
user,2018-02,48,79,0.01717391304347826,4600
user,2018-02,49,88,0.019130434782608695,4600
user,2018-03,0,106,0.024994105163876443,4241
user,2018-03,1,68,0.01603395425607168,4241
user,2018-03,2,56,0.013204432916764914,4241
user,2018-03,3,82,0.01933506248526291,4241
user,2018-03,4,71,0.016741334590898372,4241
user,2018-03,5,87,0.020514029709974062,4241
user,2018-03,6,92,0.021692996934685217,4241
user,2018-03,7,114,0.02688045272341429,4241
user,2018-03,8,84,0.01980664937514737,4241
user,2018-03,9,94,0.022164583824569678,4241
user,2018-03,10,82,0.01933506248526291,4241
user,2018-03,11,62,0.014619193586418298,4241
user,2018-03,12,70,0.01650554114595614,4241
user,2018-03,13,101,0.02381513793916529,4241
user,2018-03,14,102,0.02405093138410752,4241
user,2018-03,15,84,0.01980664937514737,4241
user,2018-03,16,76,0.017920301815609527,4241
user,2018-03,17,73,0.017212921480782833,4241
user,2018-03,18,117,0.02758783305824098,4241
user,2018-03,19,57,0.013440226361707145,4241
user,2018-03,20,76,0.017920301815609527,4241
user,2018-03,21,89,0.020985616599858523,4241
user,2018-03,22,80,0.01886347559537845,4241
user,2018-03,23,76,0.017920301815609527,4241
user,2018-03,24,77,0.018156095260551758,4241
user,2018-03,25,97,0.02287196415939637,4241
user,2018-03,26,99,0.02334355104928083,4241
user,2018-03,27,85,0.0200424428200896,4241
user,2018-03,28,78,0.018391888705493988,4241
user,2018-03,29,82,0.01933506248526291,4241
user,2018-03,30,90,0.021221410044800753,4241
user,2018-03,31,116,0.02735203961329875,4241
user,2018-03,32,69,0.01626974770101391,4241
user,2018-03,33,53,0.012497052581938221,4241
user,2018-03,34,85,0.0200424428200896,4241
user,2018-03,35,79,0.01862768215043622,4241
user,2018-03,36,107,0.025229898608818673,4241
user,2018-03,37,77,0.018156095260551758,4241
user,2018-03,38,83,0.01957085593020514,4241
user,2018-03,39,91,0.021457203489742987,4241
user,2018-03,40,78,0.018391888705493988,4241
user,2018-03,41,133,0.031360528177316674,4241
user,2018-03,42,85,0.0200424428200896,4241
user,2018-03,43,62,0.014619193586418298,4241
user,2018-03,44,93,0.021928790379627448,4241
user,2018-03,45,79,0.01862768215043622,4241
user,2018-03,46,84,0.01980664937514737,4241
user,2018-03,47,93,0.021928790379627448,4241
user,2018-03,48,69,0.01626974770101391,4241
user,2018-03,49,98,0.0231077576043386,4241
user,2018-04,0,103,0.0184060042887777,5596
user,2018-04,1,88,0.015725518227305217,5596
user,2018-04,2,87,0.015546819156540386,5596
user,2018-04,3,135,0.024124374553252323,5596
user,2018-04,4,93,0.01661901358112938,5596
user,2018-04,5,90,0.016082916368834882,5596
user,2018-04,6,103,0.0184060042887777,5596
user,2018-04,7,137,0.024481772694781988,5596
user,2018-04,8,96,0.017155110793423873,5596
user,2018-04,9,112,0.020014295925661188,5596
user,2018-04,10,94,0.01679771265189421,5596
user,2018-04,11,81,0.014474624731951394,5596
user,2018-04,12,97,0.017333809864188705,5596
user,2018-04,13,136,0.024303073624017155,5596
user,2018-04,14,153,0.0273409578270193,5596
user,2018-04,15,117,0.020907791279485347,5596
user,2018-04,16,107,0.019120800571837026,5596
user,2018-04,17,106,0.018942101501072194,5596
user,2018-04,18,131,0.023409578270192993,5596
user,2018-04,19,85,0.015189421015010722,5596
user,2018-04,20,98,0.017512508934953538,5596
user,2018-04,21,95,0.01697641172265904,5596
user,2018-04,22,110,0.019656897784131523,5596
user,2018-04,23,115,0.02055039313795568,5596
user,2018-04,24,108,0.01929949964260186,5596
user,2018-04,25,103,0.0184060042887777,5596
user,2018-04,26,121,0.021622587562544676,5596
user,2018-04,27,146,0.026090064331665476,5596
user,2018-04,28,126,0.022516082916368835,5596
user,2018-04,29,133,0.023766976411722658,5596
user,2018-04,30,130,0.023230879199428164,5596
user,2018-04,31,152,0.027162258756254467,5596
user,2018-04,32,79,0.014117226590421729,5596
user,2018-04,33,95,0.01697641172265904,5596
user,2018-04,34,127,0.022694781987133667,5596
user,2018-04,35,129,0.023052180128663332,5596
user,2018-04,36,126,0.022516082916368835,5596
user,2018-04,37,123,0.021979985704074338,5596
user,2018-04,38,111,0.019835596854896356,5596
user,2018-04,39,90,0.016082916368834882,5596
user,2018-04,40,129,0.023052180128663332,5596
user,2018-04,41,166,0.029664045746962117,5596
user,2018-04,42,83,0.014832022873481059,5596
user,2018-04,43,97,0.017333809864188705,5596
user,2018-04,44,97,0.017333809864188705,5596
user,2018-04,45,116,0.020729092208720514,5596
user,2018-04,46,105,0.01876340243030736,5596
user,2018-04,47,122,0.021801286633309505,5596
user,2018-04,48,96,0.017155110793423873,5596
user,2018-04,49,117,0.020907791279485347,5596
user,2018-05,0,148,0.022073079791200597,6705
user,2018-05,1,99,0.01476510067114094,6705
user,2018-05,2,129,0.01923937360178971,6705
user,2018-05,3,145,0.02162565249813572,6705
user,2018-05,4,142,0.021178225205070844,6705
user,2018-05,5,129,0.01923937360178971,6705
user,2018-05,6,125,0.018642803877703208,6705
user,2018-05,7,159,0.02371364653243848,6705
user,2018-05,8,129,0.01923937360178971,6705
user,2018-05,9,126,0.01879194630872483,6705
user,2018-05,10,114,0.017002237136465325,6705
user,2018-05,11,114,0.017002237136465325,6705
user,2018-05,12,112,0.016703952274422073,6705
user,2018-05,13,143,0.021327367636092467,6705
user,2018-05,14,182,0.02714392244593587,6705
user,2018-05,15,150,0.02237136465324385,6705
user,2018-05,16,116,0.017300521998508577,6705
user,2018-05,17,124,0.018493661446681582,6705
user,2018-05,18,110,0.01640566741237882,6705
user,2018-05,19,97,0.014466815809097689,6705
user,2018-05,20,111,0.016554809843400447,6705
user,2018-05,21,112,0.016703952274422073,6705
user,2018-05,22,143,0.021327367636092467,6705
user,2018-05,23,134,0.019985085756897836,6705
user,2018-05,24,122,0.01819537658463833,6705
user,2018-05,25,127,0.018941088739746457,6705
user,2018-05,26,170,0.02535421327367636,6705
user,2018-05,27,141,0.021029082774049218,6705
user,2018-05,28,143,0.021327367636092467,6705
user,2018-05,29,132,0.019686800894854587,6705
user,2018-05,30,139,0.020730797912005966,6705
user,2018-05,31,188,0.028038777032065622,6705
user,2018-05,32,110,0.01640566741237882,6705
user,2018-05,33,106,0.01580909768829232,6705
user,2018-05,34,133,0.019835943325876213,6705
user,2018-05,35,144,0.021476510067114093,6705
user,2018-05,36,133,0.019835943325876213,6705
user,2018-05,37,146,0.021774794929157345,6705
user,2018-05,38,142,0.021178225205070844,6705
user,2018-05,39,128,0.019090231170768083,6705
user,2018-05,40,175,0.02609992542878449,6705
user,2018-05,41,160,0.023862788963460103,6705
user,2018-05,42,148,0.022073079791200597,6705
user,2018-05,43,112,0.016703952274422073,6705
user,2018-05,44,151,0.022520507084265475,6705
user,2018-05,45,129,0.01923937360178971,6705
user,2018-05,46,121,0.018046234153616704,6705
user,2018-05,47,142,0.021178225205070844,6705
user,2018-05,48,129,0.01923937360178971,6705
user,2018-05,49,141,0.021029082774049218,6705
user,2018-06,0,132,0.024313869957634925,5429
user,2018-06,1,85,0.01565665868484067,5429
user,2018-06,2,90,0.016577638607478358,5429
user,2018-06,3,109,0.020077362313501566,5429
user,2018-06,4,121,0.022287714127832012,5429
user,2018-06,5,98,0.018051206483698654,5429
user,2018-06,6,124,0.022840302081414625,5429
user,2018-06,7,150,0.027629397679130595,5429
user,2018-06,8,108,0.01989316632897403,5429
user,2018-06,9,124,0.022840302081414625,5429
user,2018-06,10,98,0.018051206483698654,5429
user,2018-06,11,75,0.013814698839565298,5429
user,2018-06,12,108,0.01989316632897403,5429
user,2018-06,13,123,0.022656106096887087,5429
user,2018-06,14,147,0.027076809725547983,5429
user,2018-06,15,98,0.018051206483698654,5429
user,2018-06,16,102,0.018787990421808804,5429
user,2018-06,17,106,0.019524774359918954,5429
user,2018-06,18,113,0.020814146251611716,5429
user,2018-06,19,76,0.013998894824092835,5429
user,2018-06,20,87,0.016025050653895746,5429
user,2018-06,21,95,0.017498618530116042,5429
user,2018-06,22,90,0.016577638607478358,5429
user,2018-06,23,100,0.01841959845275373,5429
user,2018-06,24,87,0.016025050653895746,5429
user,2018-06,25,118,0.0217351261742494,5429
user,2018-06,26,136,0.025050653895745074,5429
user,2018-06,27,122,0.02247191011235955,5429
user,2018-06,28,124,0.022840302081414625,5429
user,2018-06,29,83,0.015288266715785596,5429
user,2018-06,30,127,0.023392890034997237,5429
user,2018-06,31,146,0.026892613741020446,5429
user,2018-06,32,92,0.016946030576533433,5429
user,2018-06,33,80,0.014735678762202983,5429
user,2018-06,34,106,0.019524774359918954,5429
user,2018-06,35,128,0.023577086019524775,5429
user,2018-06,36,115,0.02118253822066679,5429
user,2018-06,37,92,0.016946030576533433,5429
user,2018-06,38,117,0.021550930189721863,5429
user,2018-06,39,99,0.01823540246822619,5429
user,2018-06,40,100,0.01841959845275373,5429
user,2018-06,41,137,0.02523484988027261,5429
user,2018-06,42,107,0.01970897034444649,5429
user,2018-06,43,89,0.01639344262295082,5429
user,2018-06,44,124,0.022840302081414625,5429
user,2018-06,45,105,0.019340578375391416,5429
user,2018-06,46,117,0.021550930189721863,5429
user,2018-06,47,122,0.02247191011235955,5429
user,2018-06,48,75,0.013814698839565298,5429
user,2018-06,49,122,0.02247191011235955,5429
user,2018-07,0,95,0.019824707846410685,4792
user,2018-07,1,76,0.015859766277128547,4792
user,2018-07,2,69,0.014398998330550918,4792
user,2018-07,3,91,0.018989983305509182,4792
user,2018-07,4,106,0.022120200333889815,4792
user,2018-07,5,89,0.01857262103505843,4792
user,2018-07,6,94,0.01961602671118531,4792
user,2018-07,7,118,0.024624373956594323,4792
user,2018-07,8,102,0.021285475792988316,4792
user,2018-07,9,103,0.02149415692821369,4792
user,2018-07,10,87,0.01815525876460768,4792
user,2018-07,11,69,0.014398998330550918,4792
user,2018-07,12,78,0.0162771285475793,4792
user,2018-07,13,100,0.020868113522537562,4792
user,2018-07,14,143,0.029841402337228713,4792
user,2018-07,15,117,0.024415692821368948,4792
user,2018-07,16,72,0.015025041736227046,4792
user,2018-07,17,90,0.018781302170283808,4792
user,2018-07,18,125,0.026085141903171953,4792
user,2018-07,19,74,0.015442404006677797,4792
user,2018-07,20,70,0.014607679465776294,4792
user,2018-07,21,106,0.022120200333889815,4792
user,2018-07,22,85,0.017737896494156927,4792
user,2018-07,23,93,0.019407345575959932,4792
user,2018-07,24,76,0.015859766277128547,4792
user,2018-07,25,82,0.017111853088480802,4792
user,2018-07,26,116,0.024207011686143573,4792
user,2018-07,27,104,0.021702838063439065,4792
user,2018-07,28,95,0.019824707846410685,4792
user,2018-07,29,95,0.019824707846410685,4792
user,2018-07,30,109,0.022746243739565943,4792
user,2018-07,31,122,0.025459098497495825,4792
user,2018-07,32,60,0.012520868113522538,4792
user,2018-07,33,86,0.017946577629382305,4792
user,2018-07,34,81,0.016903171953255424,4792
user,2018-07,35,108,0.022537562604340568,4792
user,2018-07,36,76,0.015859766277128547,4792
user,2018-07,37,94,0.01961602671118531,4792
user,2018-07,38,115,0.023998330550918198,4792
user,2018-07,39,98,0.020450751252086813,4792
user,2018-07,40,94,0.01961602671118531,4792
user,2018-07,41,146,0.03046744574290484,4792
user,2018-07,42,101,0.021076794657762937,4792
user,2018-07,43,91,0.018989983305509182,4792
user,2018-07,44,85,0.017737896494156927,4792
user,2018-07,45,98,0.020450751252086813,4792
user,2018-07,46,104,0.021702838063439065,4792
user,2018-07,47,114,0.02378964941569282,4792
user,2018-07,48,86,0.017946577629382305,4792
user,2018-07,49,104,0.021702838063439065,4792
user,2018-08,0,105,0.024700070571630206,4251
user,2018-08,1,74,0.017407668783815573,4251
user,2018-08,2,74,0.017407668783815573,4251
user,2018-08,3,105,0.024700070571630206,4251
user,2018-08,4,78,0.01834862385321101,4251
user,2018-08,5,71,0.016701952481768995,4251
user,2018-08,6,88,0.0207010115266996,4251
user,2018-08,7,95,0.022347682898141614,4251
user,2018-08,8,89,0.02093625029404846,4251
user,2018-08,9,76,0.01787814631851329,4251
user,2018-08,10,85,0.01999529522465302,4251
user,2018-08,11,62,0.014584803575629263,4251
user,2018-08,12,82,0.019289578922606444,4251
user,2018-08,13,89,0.02093625029404846,4251
user,2018-08,14,110,0.0258762644083745,4251
user,2018-08,15,90,0.02117148906139732,4251
user,2018-08,16,67,0.015760997412373558,4251
user,2018-08,17,83,0.019524817689955305,4251
user,2018-08,18,89,0.02093625029404846,4251
user,2018-08,19,56,0.013173370971536109,4251
user,2018-08,20,67,0.015760997412373558,4251
user,2018-08,21,79,0.018583862620559867,4251
user,2018-08,22,76,0.01787814631851329,4251
user,2018-08,23,73,0.017172430016466712,4251
user,2018-08,24,80,0.018819101387908727,4251
user,2018-08,25,96,0.022582921665490474,4251
user,2018-08,26,88,0.0207010115266996,4251
user,2018-08,27,86,0.020230533992001882,4251
user,2018-08,28,94,0.022112444130792754,4251
user,2018-08,29,90,0.02117148906139732,4251
user,2018-08,30,82,0.019289578922606444,4251
user,2018-08,31,109,0.02564102564102564,4251
user,2018-08,32,64,0.015055281110326982,4251
user,2018-08,33,83,0.019524817689955305,4251
user,2018-08,34,88,0.0207010115266996,4251
user,2018-08,35,99,0.02328863796753705,4251
user,2018-08,36,82,0.019289578922606444,4251
user,2018-08,37,74,0.017407668783815573,4251
user,2018-08,38,95,0.022347682898141614,4251
user,2018-08,39,99,0.02328863796753705,4251
user,2018-08,40,100,0.023523876734885908,4251
user,2018-08,41,105,0.024700070571630206,4251
user,2018-08,42,78,0.01834862385321101,4251
user,2018-08,43,72,0.016937191249117856,4251
user,2018-08,44,83,0.019524817689955305,4251
user,2018-08,45,109,0.02564102564102564,4251
user,2018-08,46,81,0.019054340155257588,4251
user,2018-08,47,74,0.017407668783815573,4251
user,2018-08,48,76,0.01787814631851329,4251
user,2018-08,49,101,0.02375911550223477,4251
user,2018-09,0,80,0.02163331530557058,3698
user,2018-09,1,61,0.016495402920497566,3698
user,2018-09,2,56,0.015143320713899405,3698
user,2018-09,3,86,0.023255813953488372,3698
user,2018-09,4,70,0.018929150892374257,3698
user,2018-09,5,66,0.017847485127095726,3698
user,2018-09,6,76,0.02055164954029205,3698
user,2018-09,7,100,0.02704164413196322,3698
user,2018-09,8,71,0.01919956733369389,3698
user,2018-09,9,73,0.019740400216333154,3698
user,2018-09,10,53,0.014332071389940509,3698
user,2018-09,11,64,0.017306652244456464,3698
user,2018-09,12,69,0.018658734451054624,3698
user,2018-09,13,67,0.01811790156841536,3698
user,2018-09,14,109,0.029475392103839912,3698
user,2018-09,15,84,0.022714981070849107,3698
user,2018-09,16,64,0.017306652244456464,3698
user,2018-09,17,70,0.018929150892374257,3698
user,2018-09,18,83,0.022444564629529474,3698
user,2018-09,19,48,0.012979989183342347,3698
user,2018-09,20,55,0.014872904272579772,3698
user,2018-09,21,71,0.01919956733369389,3698
user,2018-09,22,70,0.018929150892374257,3698
user,2018-09,23,71,0.01919956733369389,3698
user,2018-09,24,65,0.017577068685776097,3698
user,2018-09,25,79,0.021362898864250947,3698
user,2018-09,26,75,0.020281233098972416,3698
user,2018-09,27,86,0.023255813953488372,3698
user,2018-09,28,85,0.02298539751216874,3698
user,2018-09,29,74,0.020010816657652784,3698
user,2018-09,30,60,0.016224986479177934,3698
user,2018-09,31,100,0.02704164413196322,3698
user,2018-09,32,62,0.0167658193618172,3698
user,2018-09,33,65,0.017577068685776097,3698
user,2018-09,34,83,0.022444564629529474,3698
user,2018-09,35,92,0.024878312601406164,3698
user,2018-09,36,76,0.02055164954029205,3698
user,2018-09,37,73,0.019740400216333154,3698
user,2018-09,38,82,0.022174148188209845,3698
user,2018-09,39,80,0.02163331530557058,3698
user,2018-09,40,76,0.02055164954029205,3698
user,2018-09,41,112,0.03028664142779881,3698
user,2018-09,42,62,0.0167658193618172,3698
user,2018-09,43,73,0.019740400216333154,3698
user,2018-09,44,72,0.019469983775013522,3698
user,2018-09,45,66,0.017847485127095726,3698
user,2018-09,46,78,0.021092482422931314,3698
user,2018-09,47,72,0.019469983775013522,3698
user,2018-09,48,64,0.017306652244456464,3698
user,2018-09,49,69,0.018658734451054624,3698
user,2018-10,0,85,0.019971804511278196,4256
user,2018-10,1,72,0.016917293233082706,4256
user,2018-10,2,65,0.015272556390977443,4256
user,2018-10,3,93,0.021851503759398497,4256
user,2018-10,4,72,0.016917293233082706,4256
user,2018-10,5,89,0.020911654135338346,4256
user,2018-10,6,93,0.021851503759398497,4256
user,2018-10,7,122,0.028665413533834585,4256
user,2018-10,8,81,0.019031954887218046,4256
user,2018-10,9,66,0.01550751879699248,4256
user,2018-10,10,78,0.01832706766917293,4256
user,2018-10,11,58,0.01362781954887218,4256
user,2018-10,12,94,0.022086466165413533,4256
user,2018-10,13,70,0.01644736842105263,4256
user,2018-10,14,112,0.02631578947368421,4256
user,2018-10,15,105,0.024671052631578948,4256
user,2018-10,16,79,0.01856203007518797,4256
user,2018-10,17,72,0.016917293233082706,4256
user,2018-10,18,79,0.01856203007518797,4256
user,2018-10,19,65,0.015272556390977443,4256
user,2018-10,20,59,0.013862781954887217,4256
user,2018-10,21,91,0.02138157894736842,4256
user,2018-10,22,81,0.019031954887218046,4256
user,2018-10,23,98,0.023026315789473683,4256
user,2018-10,24,76,0.017857142857142856,4256
user,2018-10,25,103,0.024201127819548873,4256
user,2018-10,26,109,0.025610902255639098,4256
user,2018-10,27,103,0.024201127819548873,4256
user,2018-10,28,76,0.017857142857142856,4256
user,2018-10,29,89,0.020911654135338346,4256
user,2018-10,30,89,0.020911654135338346,4256
user,2018-10,31,99,0.023261278195488722,4256
user,2018-10,32,57,0.013392857142857142,4256
user,2018-10,33,84,0.019736842105263157,4256
user,2018-10,34,78,0.01832706766917293,4256
user,2018-10,35,112,0.02631578947368421,4256
user,2018-10,36,92,0.021616541353383457,4256
user,2018-10,37,84,0.019736842105263157,4256
user,2018-10,38,99,0.023261278195488722,4256
user,2018-10,39,97,0.022791353383458647,4256
user,2018-10,40,89,0.020911654135338346,4256
user,2018-10,41,121,0.02843045112781955,4256
user,2018-10,42,75,0.01762218045112782,4256
user,2018-10,43,70,0.01644736842105263,4256
user,2018-10,44,81,0.019031954887218046,4256
user,2018-10,45,75,0.01762218045112782,4256
user,2018-10,46,79,0.01856203007518797,4256
user,2018-10,47,90,0.021146616541353382,4256
user,2018-10,48,65,0.015272556390977443,4256
user,2018-10,49,85,0.019971804511278196,4256
user,2018-11,0,140,0.019715533023517813,7101
user,2018-11,1,105,0.014786649767638362,7101
user,2018-11,2,108,0.015209125475285171,7101
user,2018-11,3,178,0.02506689198704408,7101
user,2018-11,4,130,0.018307280664695114,7101
user,2018-11,5,139,0.019574707787635544,7101
user,2018-11,6,124,0.01746232924940149,7101
user,2018-11,7,185,0.026052668638219968,7101
user,2018-11,8,116,0.01633572736234333,7101
user,2018-11,9,163,0.022954513448810027,7101
user,2018-11,10,116,0.01633572736234333,7101
user,2018-11,11,105,0.014786649767638362,7101
user,2018-11,12,153,0.021546261089987327,7101
user,2018-11,13,160,0.022532037741163215,7101
user,2018-11,14,191,0.02689762005351359,7101
user,2018-11,15,162,0.022813688212927757,7101
user,2018-11,16,127,0.017884804957048302,7101
user,2018-11,17,124,0.01746232924940149,7101
user,2018-11,18,150,0.021123785382340516,7101
user,2018-11,19,106,0.01492747500352063,7101
user,2018-11,20,102,0.01436417405999155,7101
user,2018-11,21,154,0.021687086325869596,7101
user,2018-11,22,148,0.020842134910575974,7101
user,2018-11,23,161,0.022672862977045488,7101
user,2018-11,24,124,0.01746232924940149,7101
user,2018-11,25,153,0.021546261089987327,7101
user,2018-11,26,161,0.022672862977045488,7101
user,2018-11,27,130,0.018307280664695114,7101
user,2018-11,28,165,0.02323616392057457,7101
user,2018-11,29,125,0.017603154485283764,7101
user,2018-11,30,158,0.022250387269398677,7101
user,2018-11,31,219,0.030840726658217153,7101
user,2018-11,32,118,0.016617377834107872,7101
user,2018-11,33,105,0.014786649767638362,7101
user,2018-11,34,116,0.01633572736234333,7101
user,2018-11,35,162,0.022813688212927757,7101
user,2018-11,36,147,0.020701309674693705,7101
user,2018-11,37,133,0.018729756372341925,7101
user,2018-11,38,182,0.02563019293057316,7101
user,2018-11,39,136,0.019152232079988733,7101
user,2018-11,40,150,0.021123785382340516,7101
user,2018-11,41,238,0.03351640613998028,7101
user,2018-11,42,108,0.015209125475285171,7101
user,2018-11,43,113,0.015913251654696522,7101
user,2018-11,44,122,0.017180678777636953,7101
user,2018-11,45,149,0.020982960146458247,7101
user,2018-11,46,136,0.019152232079988733,7101
user,2018-11,47,151,0.021264610618222785,7101
user,2018-11,48,112,0.015772426418814253,7101
user,2018-11,49,141,0.019856358259400086,7101
user,2018-12,0,147,0.02336300063572791,6292
user,2018-12,1,83,0.013191354100445009,6292
user,2018-12,2,113,0.01795931341385887,6292
user,2018-12,3,134,0.02129688493324857,6292
user,2018-12,4,109,0.017323585505403687,6292
user,2018-12,5,120,0.019071837253655435,6292
user,2018-12,6,124,0.019707565162110616,6292
user,2018-12,7,156,0.024793388429752067,6292
user,2018-12,8,119,0.01891290527654164,6292
user,2018-12,9,134,0.02129688493324857,6292
user,2018-12,10,118,0.018753973299427844,6292
user,2018-12,11,98,0.015575333757151939,6292
user,2018-12,12,109,0.017323585505403687,6292
user,2018-12,13,140,0.02225047679593134,6292
user,2018-12,14,148,0.023521932612841703,6292
user,2018-12,15,125,0.019866497139224414,6292
user,2018-12,16,124,0.019707565162110616,6292
user,2018-12,17,102,0.01621106166560712,6292
user,2018-12,18,115,0.01827717736808646,6292
user,2018-12,19,76,0.012078830260648443,6292
user,2018-12,20,111,0.017641449459631278,6292
user,2018-12,21,143,0.022727272727272728,6292
user,2018-12,22,129,0.020502225047679592,6292
user,2018-12,23,129,0.020502225047679592,6292
user,2018-12,24,113,0.01795931341385887,6292
user,2018-12,25,129,0.020502225047679592,6292
user,2018-12,26,160,0.02542911633820725,6292
user,2018-12,27,148,0.023521932612841703,6292
user,2018-12,28,145,0.02304513668150032,6292
user,2018-12,29,118,0.018753973299427844,6292
user,2018-12,30,129,0.020502225047679592,6292
user,2018-12,31,170,0.0270184361093452,6292
user,2018-12,32,99,0.015734265734265736,6292
user,2018-12,33,89,0.014144945963127781,6292
user,2018-12,34,129,0.020502225047679592,6292
user,2018-12,35,164,0.026064844246662427,6292
user,2018-12,36,132,0.02097902097902098,6292
user,2018-12,37,111,0.017641449459631278,6292
user,2018-12,38,132,0.02097902097902098,6292
user,2018-12,39,117,0.01859504132231405,6292
user,2018-12,40,108,0.017164653528289893,6292
user,2018-12,41,200,0.03178639542275906,6292
user,2018-12,42,134,0.02129688493324857,6292
user,2018-12,43,116,0.018436109345200253,6292
user,2018-12,44,111,0.017641449459631278,6292
user,2018-12,45,107,0.017005721551176096,6292
user,2018-12,46,132,0.02097902097902098,6292
user,2018-12,47,130,0.02066115702479339,6292
user,2018-12,48,123,0.019548633184996823,6292
user,2018-12,49,140,0.02225047679593134,6292
user,2019-01,0,131,0.023002633889376647,5695
user,2019-01,1,104,0.018261633011413522,5695
user,2019-01,2,84,0.014749780509218612,5695
user,2019-01,3,148,0.025987708516242318,5695
user,2019-01,4,113,0.019841966637401228,5695
user,2019-01,5,88,0.015452151009657595,5695
user,2019-01,6,123,0.02159789288849868,5695
user,2019-01,7,130,0.0228270412642669,5695
user,2019-01,8,120,0.021071115013169446,5695
user,2019-01,9,110,0.019315188762071993,5695
user,2019-01,10,103,0.018086040386303775,5695
user,2019-01,11,87,0.01527655838454785,5695
user,2019-01,12,108,0.0189640035118525,5695
user,2019-01,13,92,0.016154521510096578,5695
user,2019-01,14,140,0.024582967515364356,5695
user,2019-01,15,136,0.023880597014925373,5695
user,2019-01,16,117,0.02054433713784021,5695
user,2019-01,17,96,0.016856892010535557,5695
user,2019-01,18,126,0.02212467076382792,5695
user,2019-01,19,60,0.010535557506584723,5695
user,2019-01,20,93,0.01633011413520632,5695
user,2019-01,21,107,0.018788410886742758,5695
user,2019-01,22,105,0.018437225636523266,5695
user,2019-01,23,119,0.020895522388059702,5695
user,2019-01,24,106,0.01861281826163301,5695
user,2019-01,25,121,0.021246707638279193,5695
user,2019-01,26,126,0.02212467076382792,5695
user,2019-01,27,112,0.019666374012291484,5695
user,2019-01,28,132,0.02317822651448639,5695
user,2019-01,29,131,0.023002633889376647,5695
user,2019-01,30,119,0.020895522388059702,5695
user,2019-01,31,140,0.024582967515364356,5695
user,2019-01,32,104,0.018261633011413522,5695
user,2019-01,33,97,0.017032484635645304,5695
user,2019-01,34,115,0.02019315188762072,5695
user,2019-01,35,157,0.027568042142230027,5695
user,2019-01,36,114,0.020017559262510976,5695
user,2019-01,37,93,0.01633011413520632,5695
user,2019-01,38,124,0.02177348551360843,5695
user,2019-01,39,98,0.017208077260755048,5695
user,2019-01,40,125,0.021949078138718173,5695
user,2019-01,41,162,0.028446005267778754,5695
user,2019-01,42,101,0.017734855136084283,5695
user,2019-01,43,116,0.020368744512730467,5695
user,2019-01,44,124,0.02177348551360843,5695
user,2019-01,45,101,0.017734855136084283,5695
user,2019-01,46,112,0.019666374012291484,5695
user,2019-01,47,117,0.02054433713784021,5695
user,2019-01,48,98,0.017208077260755048,5695
user,2019-01,49,110,0.019315188762071993,5695
user,2019-02,0,84,0.020066889632107024,4186
user,2019-02,1,67,0.016005733397037744,4186
user,2019-02,2,72,0.017200191113234592,4186
user,2019-02,3,116,0.02771141901576684,4186
user,2019-02,4,81,0.019350215002388916,4186
user,2019-02,5,61,0.014572384137601528,4186
user,2019-02,6,74,0.017677974199713332,4186
user,2019-02,7,98,0.023411371237458192,4186
user,2019-02,8,77,0.01839464882943144,4186
user,2019-02,9,78,0.018633540372670808,4186
user,2019-02,10,100,0.023889154323936932,4186
user,2019-02,11,59,0.01409460105112279,4186
user,2019-02,12,84,0.020066889632107024,4186
user,2019-02,13,100,0.023889154323936932,4186
user,2019-02,14,126,0.030100334448160536,4186
user,2019-02,15,66,0.015766841853798376,4186
user,2019-02,16,96,0.022933588150979456,4186
user,2019-02,17,64,0.015289058767319636,4186
user,2019-02,18,98,0.023411371237458192,4186
user,2019-02,19,65,0.015527950310559006,4186
user,2019-02,20,78,0.018633540372670808,4186
user,2019-02,21,75,0.0179168657429527,4186
user,2019-02,22,60,0.01433349259436216,4186
user,2019-02,23,90,0.02150023889154324,4186
user,2019-02,24,82,0.019589106545628284,4186
user,2019-02,25,83,0.019827998088867656,4186
user,2019-02,26,99,0.023650262780697564,4186
user,2019-02,27,91,0.021739130434782608,4186
user,2019-02,28,91,0.021739130434782608,4186
user,2019-02,29,72,0.017200191113234592,4186
user,2019-02,30,110,0.026278069756330624,4186
user,2019-02,31,103,0.02460582895365504,4186
user,2019-02,32,68,0.016244624940277116,4186
user,2019-02,33,72,0.017200191113234592,4186
user,2019-02,34,70,0.016722408026755852,4186
user,2019-02,35,80,0.019111323459149548,4186
user,2019-02,36,88,0.0210224558050645,4186
user,2019-02,37,72,0.017200191113234592,4186
user,2019-02,38,72,0.017200191113234592,4186
user,2019-02,39,81,0.019350215002388916,4186
user,2019-02,40,97,0.023172479694218824,4186
user,2019-02,41,110,0.026278069756330624,4186
user,2019-02,42,78,0.018633540372670808,4186
user,2019-02,43,73,0.01743908265647396,4186
user,2019-02,44,91,0.021739130434782608,4186
user,2019-02,45,103,0.02460582895365504,4186
user,2019-02,46,86,0.020544672718585764,4186
user,2019-02,47,81,0.019350215002388916,4186
user,2019-02,48,76,0.018155757286192068,4186
user,2019-02,49,88,0.0210224558050645,4186
user,2019-03,0,92,0.019230769230769232,4784
user,2019-03,1,84,0.017558528428093644,4784
user,2019-03,2,80,0.016722408026755852,4784
user,2019-03,3,222,0.04640468227424749,4784
user,2019-03,4,94,0.019648829431438128,4784
user,2019-03,5,99,0.020693979933110368,4784
user,2019-03,6,85,0.017767558528428092,4784
user,2019-03,7,121,0.025292642140468228,4784
user,2019-03,8,101,0.021112040133779264,4784
user,2019-03,9,93,0.01943979933110368,4784
user,2019-03,10,85,0.017767558528428092,4784
user,2019-03,11,64,0.013377926421404682,4784
user,2019-03,12,78,0.016304347826086956,4784
user,2019-03,13,129,0.026964882943143812,4784
user,2019-03,14,125,0.02612876254180602,4784
user,2019-03,15,114,0.023829431438127092,4784
user,2019-03,16,75,0.015677257525083612,4784
user,2019-03,17,84,0.017558528428093644,4784
user,2019-03,18,79,0.016513377926421404,4784
user,2019-03,19,61,0.012750836120401338,4784
user,2019-03,20,76,0.01588628762541806,4784
user,2019-03,21,79,0.016513377926421404,4784
user,2019-03,22,96,0.020066889632107024,4784
user,2019-03,23,102,0.021321070234113712,4784
user,2019-03,24,78,0.016304347826086956,4784
user,2019-03,25,92,0.019230769230769232,4784
user,2019-03,26,90,0.018812709030100336,4784
user,2019-03,27,111,0.023202341137123744,4784
user,2019-03,28,97,0.020275919732441472,4784
user,2019-03,29,81,0.0169314381270903,4784
user,2019-03,30,142,0.02968227424749164,4784
user,2019-03,31,131,0.027382943143812708,4784
user,2019-03,32,68,0.014214046822742474,4784
user,2019-03,33,67,0.014005016722408026,4784
user,2019-03,34,98,0.02048494983277592,4784
user,2019-03,35,108,0.0225752508361204,4784
user,2019-03,36,85,0.017767558528428092,4784
user,2019-03,37,92,0.019230769230769232,4784
user,2019-03,38,113,0.023620401337792644,4784
user,2019-03,39,85,0.017767558528428092,4784
user,2019-03,40,94,0.019648829431438128,4784
user,2019-03,41,107,0.022366220735785952,4784
user,2019-03,42,80,0.016722408026755852,4784
user,2019-03,43,85,0.017767558528428092,4784
user,2019-03,44,105,0.021948160535117056,4784
user,2019-03,45,88,0.01839464882943144,4784
user,2019-03,46,99,0.020693979933110368,4784
user,2019-03,47,97,0.020275919732441472,4784
user,2019-03,48,81,0.0169314381270903,4784
user,2019-03,49,92,0.019230769230769232,4784
user,2019-04,0,88,0.02130234809973372,4131
user,2019-04,1,78,0.01888162672476398,4131
user,2019-04,2,75,0.01815541031227306,4131
user,2019-04,3,101,0.024449285887194385,4131
user,2019-04,4,86,0.020818203824739773,4131
user,2019-04,5,66,0.01597676107480029,4131
user,2019-04,6,70,0.016945049624788187,4131
user,2019-04,7,101,0.024449285887194385,4131
user,2019-04,8,84,0.020334059549745823,4131
user,2019-04,9,98,0.02372306947470346,4131
user,2019-04,10,82,0.019849915274751877,4131
user,2019-04,11,57,0.013798111837327523,4131
user,2019-04,12,80,0.019365770999757927,4131
user,2019-04,13,102,0.024691358024691357,4131
user,2019-04,14,88,0.02130234809973372,4131
user,2019-04,15,94,0.022754780924715567,4131
user,2019-04,16,86,0.020818203824739773,4131
user,2019-04,17,72,0.017429193899782137,4131
user,2019-04,18,91,0.02202856451222464,4131
user,2019-04,19,46,0.011135318324860808,4131
user,2019-04,20,74,0.017913338174776083,4131
user,2019-04,21,74,0.017913338174776083,4131
user,2019-04,22,63,0.015250544662309368,4131
user,2019-04,23,80,0.019365770999757927,4131
user,2019-04,24,91,0.02202856451222464,4131
user,2019-04,25,90,0.02178649237472767,4131
user,2019-04,26,95,0.02299685306221254,4131
user,2019-04,27,73,0.01767126603727911,4131
user,2019-04,28,98,0.02372306947470346,4131
user,2019-04,29,74,0.017913338174776083,4131
user,2019-04,30,88,0.02130234809973372,4131
user,2019-04,31,92,0.022270636649721617,4131
user,2019-04,32,80,0.019365770999757927,4131
user,2019-04,33,66,0.01597676107480029,4131
user,2019-04,34,92,0.022270636649721617,4131
user,2019-04,35,95,0.02299685306221254,4131
user,2019-04,36,99,0.023965141612200435,4131
user,2019-04,37,64,0.015492616799806342,4131
user,2019-04,38,95,0.02299685306221254,4131
user,2019-04,39,66,0.01597676107480029,4131
user,2019-04,40,74,0.017913338174776083,4131
user,2019-04,41,147,0.03558460421205519,4131
user,2019-04,42,80,0.019365770999757927,4131
user,2019-04,43,69,0.01670297748729121,4131
user,2019-04,44,80,0.019365770999757927,4131
user,2019-04,45,73,0.01767126603727911,4131
user,2019-04,46,98,0.02372306947470346,4131
user,2019-04,47,76,0.01839748244977003,4131
user,2019-04,48,57,0.013798111837327523,4131
user,2019-04,49,83,0.020091987412248852,4131
user,2019-05,0,123,0.02186277995023107,5626
user,2019-05,1,86,0.015286171347316033,5626
user,2019-05,2,74,0.013153217205830075,5626
user,2019-05,3,137,0.024351226448631354,5626
user,2019-05,4,102,0.018130110202630643,5626
user,2019-05,5,119,0.021151795236402416,5626
user,2019-05,6,119,0.021151795236402416,5626
user,2019-05,7,118,0.020974049057945254,5626
user,2019-05,8,115,0.020440810522573766,5626
user,2019-05,9,117,0.020796302879488093,5626
user,2019-05,10,94,0.01670814077497334,5626
user,2019-05,11,86,0.015286171347316033,5626
user,2019-05,12,106,0.018841094916459297,5626
user,2019-05,13,124,0.022040526128688235,5626
user,2019-05,14,137,0.024351226448631354,5626
user,2019-05,15,123,0.02186277995023107,5626
user,2019-05,16,107,0.019018841094916458,5626
user,2019-05,17,94,0.01670814077497334,5626
user,2019-05,18,107,0.019018841094916458,5626
user,2019-05,19,79,0.01404194809811589,5626
user,2019-05,20,103,0.018307856381087808,5626
user,2019-05,21,114,0.0202630643441166,5626
user,2019-05,22,101,0.01795236402417348,5626
user,2019-05,23,94,0.01670814077497334,5626
user,2019-05,24,96,0.017063633131887666,5626
user,2019-05,25,121,0.021507287593316743,5626
user,2019-05,26,147,0.026128688233202985,5626
user,2019-05,27,119,0.021151795236402416,5626
user,2019-05,28,134,0.023817987913259866,5626
user,2019-05,29,105,0.01866334873800213,5626
user,2019-05,30,110,0.01955207963028795,5626
user,2019-05,31,139,0.02470671880554568,5626
user,2019-05,32,109,0.019374333451830785,5626
user,2019-05,33,93,0.016530394596516174,5626
user,2019-05,34,118,0.020974049057945254,5626
user,2019-05,35,130,0.023107003199431212,5626
user,2019-05,36,140,0.024884464984002843,5626
user,2019-05,37,88,0.015641663704230358,5626
user,2019-05,38,136,0.024173480270174193,5626
user,2019-05,39,103,0.018307856381087808,5626
user,2019-05,40,104,0.01848560255954497,5626
user,2019-05,41,137,0.024351226448631354,5626
user,2019-05,42,115,0.020440810522573766,5626
user,2019-05,43,104,0.01848560255954497,5626
user,2019-05,44,123,0.02186277995023107,5626
user,2019-05,45,105,0.01866334873800213,5626
user,2019-05,46,112,0.019907571987202274,5626
user,2019-05,47,124,0.022040526128688235,5626
user,2019-05,48,122,0.021685033771773908,5626
user,2019-05,49,113,0.02008531816565944,5626
user,2019-06,0,244,0.024534942182001005,9945
user,2019-06,1,173,0.01739567621920563,9945
user,2019-06,2,139,0.013976872800402213,9945
user,2019-06,3,199,0.02001005530417295,9945
user,2019-06,4,217,0.021820010055304172,9945
user,2019-06,5,196,0.019708396178984414,9945
user,2019-06,6,220,0.02212166918049271,9945
user,2019-06,7,230,0.023127199597787834,9945
user,2019-06,8,213,0.021417797888386124,9945
user,2019-06,9,200,0.020110608345902465,9945
user,2019-06,10,192,0.019306184012066366,9945
user,2019-06,11,168,0.01689291101055807,9945
user,2019-06,12,175,0.017596782302664656,9945
user,2019-06,13,239,0.024032176973353445,9945
user,2019-06,14,261,0.026244343891402715,9945
user,2019-06,15,223,0.022423328305681247,9945
user,2019-06,16,166,0.016691804927099044,9945
user,2019-06,17,159,0.015987933634992457,9945
user,2019-06,18,213,0.021417797888386124,9945
user,2019-06,19,119,0.011965811965811967,9945
user,2019-06,20,158,0.015887380593262945,9945
user,2019-06,21,181,0.01820010055304173,9945
user,2019-06,22,203,0.020412267471091,9945
user,2019-06,23,209,0.021015585721468076,9945
user,2019-06,24,167,0.016792357968828556,9945
user,2019-06,25,185,0.01860231271995978,9945
user,2019-06,26,246,0.02473604826546003,9945
user,2019-06,27,198,0.019909502262443438,9945
user,2019-06,28,202,0.02031171442936149,9945
user,2019-06,29,195,0.0196078431372549,9945
user,2019-06,30,205,0.020613373554550025,9945
user,2019-06,31,201,0.020211161387631977,9945
user,2019-06,32,161,0.016189039718451485,9945
user,2019-06,33,153,0.015384615384615385,9945
user,2019-06,34,198,0.019909502262443438,9945
user,2019-06,35,256,0.025741578682755152,9945
user,2019-06,36,226,0.022724987430869783,9945
user,2019-06,37,191,0.019205630970336854,9945
user,2019-06,38,216,0.02171945701357466,9945
user,2019-06,39,209,0.021015585721468076,9945
user,2019-06,40,226,0.022724987430869783,9945
user,2019-06,41,248,0.024937154348919056,9945
user,2019-06,42,187,0.018803418803418803,9945
user,2019-06,43,156,0.01568627450980392,9945
user,2019-06,44,213,0.021417797888386124,9945
user,2019-06,45,178,0.01789844142785319,9945
user,2019-06,46,234,0.023529411764705882,9945
user,2019-06,47,213,0.021417797888386124,9945
user,2019-06,48,177,0.01779788838612368,9945
user,2019-06,49,207,0.02081447963800905,9945
user,2019-07,0,225,0.021985538401407073,10234
user,2019-07,1,173,0.016904436193081882,10234
user,2019-07,2,155,0.015145593120969318,10234
user,2019-07,3,271,0.026480359585694745,10234
user,2019-07,4,227,0.022180965409419582,10234
user,2019-07,5,199,0.01944498729724448,10234
user,2019-07,6,197,0.01924956028923197,10234
user,2019-07,7,261,0.025503224545632208,10234
user,2019-07,8,192,0.018760992769200704,10234
user,2019-07,9,199,0.01944498729724448,10234
user,2019-07,10,197,0.01924956028923197,10234
user,2019-07,11,152,0.014852452608950557,10234
user,2019-07,12,190,0.018565565761188195,10234
user,2019-07,13,241,0.023548954465507133,10234
user,2019-07,14,259,0.0253077975376197,10234
user,2019-07,15,234,0.022864959937463358,10234
user,2019-07,16,187,0.018272425249169437,10234
user,2019-07,17,185,0.018076998241156928,10234
user,2019-07,18,210,0.02051983584131327,10234
user,2019-07,19,152,0.014852452608950557,10234
user,2019-07,20,162,0.015829587649013092,10234
user,2019-07,21,189,0.018467852257181942,10234
user,2019-07,22,200,0.019542700801250732,10234
user,2019-07,23,222,0.021692397889388315,10234
user,2019-07,24,195,0.019054133281219465,10234
user,2019-07,25,200,0.019542700801250732,10234
user,2019-07,26,234,0.022864959937463358,10234
user,2019-07,27,199,0.01944498729724448,10234
user,2019-07,28,213,0.02081297635333203,10234
user,2019-07,29,190,0.018565565761188195,10234
user,2019-07,30,195,0.019054133281219465,10234
user,2019-07,31,225,0.021985538401407073,10234
user,2019-07,32,136,0.013289036544850499,10234
user,2019-07,33,140,0.013679890560875513,10234
user,2019-07,34,226,0.02208325190541333,10234
user,2019-07,35,230,0.022474105921438343,10234
user,2019-07,36,211,0.020617549345319522,10234
user,2019-07,37,198,0.019347273793238227,10234
user,2019-07,38,241,0.023548954465507133,10234
user,2019-07,39,193,0.018858706273206956,10234
user,2019-07,40,206,0.020128981825288255,10234
user,2019-07,41,284,0.02775063513777604,10234
user,2019-07,42,201,0.019640414305256988,10234
user,2019-07,43,187,0.018272425249169437,10234
user,2019-07,44,217,0.021203830369357045,10234
user,2019-07,45,203,0.019835841313269494,10234
user,2019-07,46,222,0.021692397889388315,10234
user,2019-07,47,213,0.02081297635333203,10234
user,2019-07,48,169,0.016513582177056868,10234
user,2019-07,49,227,0.022180965409419582,10234
user,2019-08,0,120,0.022213994816734542,5402
user,2019-08,1,93,0.01721584598296927,5402
user,2019-08,2,83,0.015364679748241392,5402
user,2019-08,3,126,0.02332469455757127,5402
user,2019-08,4,107,0.019807478711588302,5402
user,2019-08,5,89,0.01647537948907812,5402
user,2019-08,6,107,0.019807478711588302,5402
user,2019-08,7,124,0.022954461310625694,5402
user,2019-08,8,114,0.021103295075897817,5402
user,2019-08,9,104,0.019252128841169936,5402
user,2019-08,10,96,0.017771195853387635,5402
user,2019-08,11,88,0.01629026286560533,5402
user,2019-08,12,111,0.02054794520547945,5402
user,2019-08,13,111,0.02054794520547945,5402
user,2019-08,14,151,0.027952610144390967,5402
user,2019-08,15,127,0.023509811181044057,5402
user,2019-08,16,115,0.021288411699370603,5402
user,2019-08,17,77,0.014253980007404665,5402
user,2019-08,18,100,0.018511662347278787,5402
user,2019-08,19,75,0.013883746760459089,5402
user,2019-08,20,92,0.017030729359496483,5402
user,2019-08,21,102,0.01888189559422436,5402
user,2019-08,22,92,0.017030729359496483,5402
user,2019-08,23,101,0.018696778970751574,5402
user,2019-08,24,99,0.018326545723805997,5402
user,2019-08,25,127,0.023509811181044057,5402
user,2019-08,26,133,0.024620510921880785,5402
user,2019-08,27,110,0.020362828582006665,5402
user,2019-08,28,135,0.02499074416882636,5402
user,2019-08,29,91,0.016845612736023696,5402
user,2019-08,30,121,0.02239911144020733,5402
user,2019-08,31,116,0.021473528322843393,5402
user,2019-08,32,111,0.02054794520547945,5402
user,2019-08,33,88,0.01629026286560533,5402
user,2019-08,34,104,0.019252128841169936,5402
user,2019-08,35,154,0.02850796001480933,5402
user,2019-08,36,106,0.019622362088115512,5402
user,2019-08,37,91,0.016845612736023696,5402
user,2019-08,38,113,0.020918178452425027,5402
user,2019-08,39,112,0.02073306182895224,5402
user,2019-08,40,121,0.02239911144020733,5402
user,2019-08,41,120,0.022213994816734542,5402
user,2019-08,42,83,0.015364679748241392,5402
user,2019-08,43,90,0.016660496112550906,5402
user,2019-08,44,136,0.025175860792299148,5402
user,2019-08,45,114,0.021103295075897817,5402
user,2019-08,46,124,0.022954461310625694,5402
user,2019-08,47,125,0.02313957793409848,5402
user,2019-08,48,87,0.016105146242132544,5402
user,2019-08,49,86,0.015920029618659754,5402
user,2019-09,0,123,0.02176991150442478,5650
user,2019-09,1,79,0.013982300884955752,5650
user,2019-09,2,110,0.019469026548672566,5650
user,2019-09,3,125,0.022123893805309734,5650
user,2019-09,4,119,0.021061946902654866,5650
user,2019-09,5,105,0.018584070796460177,5650
user,2019-09,6,119,0.021061946902654866,5650
user,2019-09,7,106,0.018761061946902656,5650
user,2019-09,8,148,0.026194690265486726,5650
user,2019-09,9,100,0.017699115044247787,5650
user,2019-09,10,100,0.017699115044247787,5650
user,2019-09,11,95,0.016814159292035398,5650
user,2019-09,12,109,0.019292035398230087,5650
user,2019-09,13,103,0.01823008849557522,5650
user,2019-09,14,170,0.03008849557522124,5650
user,2019-09,15,139,0.024601769911504423,5650
user,2019-09,16,108,0.01911504424778761,5650
user,2019-09,17,104,0.018407079646017697,5650
user,2019-09,18,112,0.01982300884955752,5650
user,2019-09,19,70,0.012389380530973451,5650
user,2019-09,20,80,0.01415929203539823,5650
user,2019-09,21,124,0.021946902654867255,5650
user,2019-09,22,105,0.018584070796460177,5650
user,2019-09,23,104,0.018407079646017697,5650
user,2019-09,24,108,0.01911504424778761,5650
user,2019-09,25,131,0.023185840707964603,5650
user,2019-09,26,131,0.023185840707964603,5650
user,2019-09,27,123,0.02176991150442478,5650
user,2019-09,28,102,0.018053097345132742,5650
user,2019-09,29,117,0.02070796460176991,5650
user,2019-09,30,110,0.019469026548672566,5650
user,2019-09,31,102,0.018053097345132742,5650
user,2019-09,32,109,0.019292035398230087,5650
user,2019-09,33,76,0.013451327433628318,5650
user,2019-09,34,115,0.020353982300884955,5650
user,2019-09,35,126,0.022300884955752213,5650
user,2019-09,36,106,0.018761061946902656,5650
user,2019-09,37,86,0.015221238938053097,5650
user,2019-09,38,153,0.027079646017699115,5650
user,2019-09,39,113,0.02,5650
user,2019-09,40,95,0.016814159292035398,5650
user,2019-09,41,129,0.022831858407079644,5650
user,2019-09,42,110,0.019469026548672566,5650
user,2019-09,43,110,0.019469026548672566,5650
user,2019-09,44,146,0.02584070796460177,5650
user,2019-09,45,106,0.018761061946902656,5650
user,2019-09,46,118,0.02088495575221239,5650
user,2019-09,47,128,0.02265486725663717,5650
user,2019-09,48,124,0.021946902654867255,5650
user,2019-09,49,119,0.021061946902654866,5650
user,2019-10,0,162,0.022131147540983605,7320
user,2019-10,1,105,0.014344262295081968,7320
user,2019-10,2,105,0.014344262295081968,7320
user,2019-10,3,156,0.021311475409836064,7320
user,2019-10,4,153,0.020901639344262295,7320
user,2019-10,5,125,0.01707650273224044,7320
user,2019-10,6,183,0.025,7320
user,2019-10,7,146,0.01994535519125683,7320
user,2019-10,8,171,0.02336065573770492,7320
user,2019-10,9,121,0.016530054644808743,7320
user,2019-10,10,127,0.017349726775956285,7320
user,2019-10,11,134,0.01830601092896175,7320
user,2019-10,12,149,0.0203551912568306,7320
user,2019-10,13,166,0.0226775956284153,7320
user,2019-10,14,195,0.02663934426229508,7320
user,2019-10,15,151,0.02062841530054645,7320
user,2019-10,16,126,0.01721311475409836,7320
user,2019-10,17,114,0.01557377049180328,7320
user,2019-10,18,176,0.024043715846994537,7320
user,2019-10,19,125,0.01707650273224044,7320
user,2019-10,20,124,0.016939890710382512,7320
user,2019-10,21,158,0.021584699453551914,7320
user,2019-10,22,137,0.018715846994535518,7320
user,2019-10,23,136,0.018579234972677595,7320
user,2019-10,24,134,0.01830601092896175,7320
user,2019-10,25,161,0.021994535519125682,7320
user,2019-10,26,192,0.02622950819672131,7320
user,2019-10,27,168,0.022950819672131147,7320
user,2019-10,28,154,0.02103825136612022,7320
user,2019-10,29,150,0.020491803278688523,7320
user,2019-10,30,152,0.020765027322404372,7320
user,2019-10,31,148,0.020218579234972677,7320
user,2019-10,32,125,0.01707650273224044,7320
user,2019-10,33,113,0.015437158469945355,7320
user,2019-10,34,157,0.02144808743169399,7320
user,2019-10,35,178,0.024316939890710383,7320
user,2019-10,36,118,0.01612021857923497,7320
user,2019-10,37,163,0.02226775956284153,7320
user,2019-10,38,164,0.022404371584699455,7320
user,2019-10,39,158,0.021584699453551914,7320
user,2019-10,40,115,0.015710382513661202,7320
user,2019-10,41,146,0.01994535519125683,7320
user,2019-10,42,151,0.02062841530054645,7320
user,2019-10,43,128,0.017486338797814208,7320
user,2019-10,44,178,0.024316939890710383,7320
user,2019-10,45,134,0.01830601092896175,7320
user,2019-10,46,146,0.01994535519125683,7320
user,2019-10,47,152,0.020765027322404372,7320
user,2019-10,48,140,0.01912568306010929,7320
user,2019-10,49,150,0.020491803278688523,7320
user,2019-11,0,297,0.02343010413379615,12676
user,2019-11,1,188,0.014831177027453455,12676
user,2019-11,2,184,0.01451562006942253,12676
user,2019-11,3,291,0.022956768696749764,12676
user,2019-11,4,289,0.0227989902177343,12676
user,2019-11,5,246,0.01940675291890186,12676
user,2019-11,6,237,0.01869674976333228,12676
user,2019-11,7,327,0.025796781319028083,12676
user,2019-11,8,251,0.01980119911644052,12676
user,2019-11,9,252,0.019880088355948247,12676
user,2019-11,10,235,0.018538971284316818,12676
user,2019-11,11,212,0.016724518775639,12676
user,2019-11,12,246,0.01940675291890186,12676
user,2019-11,13,293,0.023114547175765224,12676
user,2019-11,14,320,0.025244556642473968,12676
user,2019-11,15,264,0.02082675923004102,12676
user,2019-11,16,229,0.01806563584727043,12676
user,2019-11,17,210,0.01656674029662354,12676
user,2019-11,18,241,0.019012306721363205,12676
user,2019-11,19,184,0.01451562006942253,12676
user,2019-11,20,207,0.016330072578100346,12676
user,2019-11,21,226,0.01782896812874724,12676
user,2019-11,22,235,0.018538971284316818,12676
user,2019-11,23,256,0.020195645313979174,12676
user,2019-11,24,237,0.01869674976333228,12676
user,2019-11,25,247,0.019485642158409592,12676
user,2019-11,26,289,0.0227989902177343,12676
user,2019-11,27,262,0.02066898075102556,12676
user,2019-11,28,275,0.021694540864626063,12676
user,2019-11,29,241,0.019012306721363205,12676
user,2019-11,30,271,0.02137898390659514,12676
user,2019-11,31,273,0.021536762385610603,12676
user,2019-11,32,211,0.016645629536131273,12676
user,2019-11,33,215,0.016961186494162197,12676
user,2019-11,34,272,0.02145787314610287,12676
user,2019-11,35,319,0.025165667402966236,12676
user,2019-11,36,251,0.01980119911644052,12676
user,2019-11,37,234,0.01846008204480909,12676
user,2019-11,38,286,0.02256232249921111,12676
user,2019-11,39,251,0.01980119911644052,12676
user,2019-11,40,256,0.020195645313979174,12676
user,2019-11,41,290,0.022877879457242033,12676
user,2019-11,42,223,0.017592300410224044,12676
user,2019-11,43,216,0.01704007573366993,12676
user,2019-11,44,279,0.02201009782265699,12676
user,2019-11,45,258,0.020353423792994634,12676
user,2019-11,46,307,0.024218996528873462,12676
user,2019-11,47,234,0.01846008204480909,12676
user,2019-11,48,289,0.0227989902177343,12676
user,2019-11,49,270,0.021300094667087408,12676
user,2019-12,0,383,0.019551789269487977,19589
user,2019-12,1,299,0.01526366838531829,19589
user,2019-12,2,358,0.018275562815866047,19589
user,2019-12,3,466,0.023788861095512787,19589
user,2019-12,4,423,0.021593751595283067,19589
user,2019-12,5,405,0.020674868548675278,19589
user,2019-12,6,416,0.021236408188268927,19589
user,2019-12,7,460,0.023482566746643525,19589
user,2019-12,8,327,0.01669304201337485,19589
user,2019-12,9,379,0.01934759303690847,19589
user,2019-12,10,359,0.018326611874010926,19589
user,2019-12,11,307,0.015672060850477308,19589
user,2019-12,12,352,0.017969268466996785,19589
user,2019-12,13,419,0.02138955536270356,19589
user,2019-12,14,498,0.025422430956148857,19589
user,2019-12,15,456,0.023278370514064017,19589
user,2019-12,16,389,0.019858083618357242,19589
user,2019-12,17,314,0.01602940425749145,19589
user,2019-12,18,399,0.020368574199806012,19589
user,2019-12,19,306,0.015621011792332431,19589
user,2019-12,20,336,0.01715248353667875,19589
user,2019-12,21,373,0.019041298688039207,19589
user,2019-12,22,333,0.016999336362244117,19589
user,2019-12,23,392,0.02001123079279187,19589
user,2019-12,24,355,0.018122415641431414,19589
user,2019-12,25,413,0.021083261013834294,19589
user,2019-12,26,481,0.024554596967685947,19589
user,2019-12,27,424,0.021644800653427946,19589
user,2019-12,28,426,0.0217468987697177,19589
user,2019-12,29,370,0.018888151513604574,19589
user,2019-12,30,456,0.023278370514064017,19589
user,2019-12,31,404,0.0206238194905304,19589
user,2019-12,32,309,0.015774158966767062,19589
user,2019-12,33,237,0.012098626780335903,19589
user,2019-12,34,377,0.019245494920618715,19589
user,2019-12,35,496,0.025320332839859103,19589
user,2019-12,36,435,0.022206340293021595,19589
user,2019-12,37,350,0.01786717035070703,19589
user,2019-12,38,394,0.020113328909081626,19589
user,2019-12,39,411,0.02098116289754454,19589
user,2019-12,40,421,0.021491653478993313,19589
user,2019-12,41,477,0.02435040073510644,19589
user,2019-12,42,367,0.01873500433916994,19589
user,2019-12,43,365,0.018632906222880188,19589
user,2019-12,44,449,0.022921027107049876,19589
user,2019-12,45,355,0.018122415641431414,19589
user,2019-12,46,455,0.023227321455919138,19589
user,2019-12,47,407,0.020776966664965032,19589
user,2019-12,48,423,0.021593751595283067,19589
user,2019-12,49,383,0.019551789269487977,19589
user,2020-01,0,370,0.024622346443069144,15027
user,2020-01,1,230,0.015305782924070007,15027
user,2020-01,2,255,0.016969454981034138,15027
user,2020-01,3,327,0.021760830505090836,15027
user,2020-01,4,303,0.02016370533040527,15027
user,2020-01,5,264,0.017568376921541225,15027
user,2020-01,6,324,0.021561189858255142,15027
user,2020-01,7,324,0.021561189858255142,15027
user,2020-01,8,315,0.020962267917748054,15027
user,2020-01,9,261,0.01736873627470553,15027
user,2020-01,10,290,0.01929859586078392,15027
user,2020-01,11,258,0.017169095627869835,15027
user,2020-01,12,329,0.021893924269647966,15027
user,2020-01,13,321,0.021361549211419445,15027
user,2020-01,14,378,0.025154721501297665,15027
user,2020-01,15,282,0.0187662208025554,15027
user,2020-01,16,281,0.018699673920276834,15027
user,2020-01,17,403,0.026818393558261794,15027
user,2020-01,18,308,0.020496439741798097,15027
user,2020-01,19,228,0.015172689159512876,15027
user,2020-01,20,296,0.019697877154455312,15027
user,2020-01,21,278,0.01850003327344114,15027
user,2020-01,22,266,0.017701470686098356,15027
user,2020-01,23,286,0.01903240833166966,15027
user,2020-01,24,231,0.015372329806348572,15027
user,2020-01,25,343,0.02282558062154788,15027
user,2020-01,26,321,0.021361549211419445,15027
user,2020-01,27,278,0.01850003327344114,15027
user,2020-01,28,330,0.021960471151926533,15027
user,2020-01,29,280,0.01863312703799827,15027
user,2020-01,30,285,0.018965861449391094,15027
user,2020-01,31,307,0.02042989285951953,15027
user,2020-01,32,209,0.013908298396220138,15027
user,2020-01,33,229,0.015239236041791442,15027
user,2020-01,34,304,0.020230252212683836,15027
user,2020-01,35,401,0.026685299793704664,15027
user,2020-01,36,288,0.01916550209622679,15027
user,2020-01,37,246,0.01637053304052705,15027
user,2020-01,38,333,0.02216011179876223,15027
user,2020-01,39,308,0.020496439741798097,15027
user,2020-01,40,264,0.017568376921541225,15027
user,2020-01,41,408,0.02715112796965462,15027
user,2020-01,42,283,0.018832767684833964,15027
user,2020-01,43,309,0.020562986624076664,15027
user,2020-01,44,377,0.025088174619019098,15027
user,2020-01,45,243,0.016170892393691357,15027
user,2020-01,46,344,0.022892127503826444,15027
user,2020-01,47,342,0.022759033739269314,15027
user,2020-01,48,307,0.02042989285951953,15027
user,2020-01,49,280,0.01863312703799827,15027
user,2020-02,0,261,0.02633969118982743,9909
user,2020-02,1,158,0.015945100413765265,9909
user,2020-02,2,187,0.018871732768190534,9909
user,2020-02,3,194,0.019578161267534564,9909
user,2020-02,4,212,0.021394691694419214,9909
user,2020-02,5,185,0.01866989605409224,9909
user,2020-02,6,192,0.01937632455343627,9909
user,2020-02,7,226,0.022807548693107277,9909
user,2020-02,8,211,0.021293773337370068,9909
user,2020-02,9,217,0.021899283479664952,9909
user,2020-02,10,167,0.01685336562720759,9909
user,2020-02,11,171,0.01725703905540418,9909
user,2020-02,12,211,0.021293773337370068,9909
user,2020-02,13,197,0.019880916338682005,9909
user,2020-02,14,250,0.02522958926228681,9909
user,2020-02,15,211,0.021293773337370068,9909
user,2020-02,16,190,0.019174487839337975,9909
user,2020-02,17,153,0.015440508628519528,9909
user,2020-02,18,198,0.019981834695731154,9909
user,2020-02,19,131,0.013220304773438288,9909
user,2020-02,20,166,0.01675244727015844,9909
user,2020-02,21,193,0.01947724291048542,9909
user,2020-02,22,186,0.018770814411141385,9909
user,2020-02,23,194,0.019578161267534564,9909
user,2020-02,24,166,0.01675244727015844,9909
user,2020-02,25,241,0.024321324048844486,9909
user,2020-02,26,218,0.022000201836714098,9909
user,2020-02,27,193,0.01947724291048542,9909
user,2020-02,28,193,0.01947724291048542,9909
user,2020-02,29,191,0.019275406196387124,9909
user,2020-02,30,206,0.020789181552124333,9909
user,2020-02,31,186,0.018770814411141385,9909
user,2020-02,32,168,0.016954283984256736,9909
user,2020-02,33,155,0.01564234534261782,9909
user,2020-02,34,185,0.01866989605409224,9909
user,2020-02,35,246,0.02482591583409022,9909
user,2020-02,36,214,0.02159652840851751,9909
user,2020-02,37,149,0.015036835200322939,9909
user,2020-02,38,208,0.020991018266222627,9909
user,2020-02,39,220,0.022202038550812393,9909
user,2020-02,40,194,0.019578161267534564,9909
user,2020-02,41,219,0.022101120193763247,9909
user,2020-02,42,198,0.019981834695731154,9909
user,2020-02,43,204,0.020587344838026038,9909
user,2020-02,44,276,0.02785346654556464,9909
user,2020-02,45,153,0.015440508628519528,9909
user,2020-02,46,224,0.022605711979008982,9909
user,2020-02,47,246,0.02482591583409022,9909
user,2020-02,48,196,0.01977999798163286,9909
user,2020-02,49,199,0.0200827530527803,9909
user,2020-03,0,488,0.021359478268481637,22847
user,2020-03,1,306,0.013393443340482338,22847
user,2020-03,2,398,0.017420230227163304,22847
user,2020-03,3,659,0.028844049546986474,22847
user,2020-03,4,466,0.02039655096949271,22847
user,2020-03,5,430,0.018820851752965377,22847
user,2020-03,6,393,0.01720138311375673,22847
user,2020-03,7,524,0.02293517748500897,22847
user,2020-03,8,388,0.016982536000350157,22847
user,2020-03,9,428,0.01873331290760275,22847
user,2020-03,10,503,0.02201601960870136,22847
user,2020-03,11,347,0.015187989670416248,22847
user,2020-03,12,353,0.015450606206504135,22847
user,2020-03,13,561,0.02455464612421762,22847
user,2020-03,14,585,0.025605112268569177,22847
user,2020-03,15,442,0.019346084825141156,22847
user,2020-03,16,447,0.01956493193854773,22847
user,2020-03,17,363,0.015888300433317286,22847
user,2020-03,18,417,0.018251849258108285,22847
user,2020-03,19,334,0.014618987175559154,22847
user,2020-03,20,408,0.01785792445397645,22847
user,2020-03,21,440,0.019258545979778528,22847
user,2020-03,22,388,0.016982536000350157,22847
user,2020-03,23,486,0.02127193942311901,22847
user,2020-03,24,418,0.0182956186807896,22847
user,2020-03,25,481,0.021053092309712435,22847
user,2020-03,26,569,0.02490480150566814,22847
user,2020-03,27,457,0.02000262616536088,22847
user,2020-03,28,472,0.0206591675055806,22847
user,2020-03,29,479,0.020965553464349806,22847
user,2020-03,30,491,0.021490786536525582,22847
user,2020-03,31,561,0.02455464612421762,22847
user,2020-03,32,327,0.01431260121678995,22847
user,2020-03,33,357,0.015625683897229396,22847
user,2020-03,34,421,0.018426926948833546,22847
user,2020-03,35,570,0.024948570928349456,22847
user,2020-03,36,517,0.02262879152623977,22847
user,2020-03,37,477,0.020878014618987174,22847
user,2020-03,38,457,0.02000262616536088,22847
user,2020-03,39,407,0.01781415503129514,22847
user,2020-03,40,558,0.024423337856173677,22847
user,2020-03,41,587,0.02569265111393181,22847
user,2020-03,42,471,0.020615398082899288,22847
user,2020-03,43,424,0.01855823521687749,22847
user,2020-03,44,509,0.02227863614478925,22847
user,2020-03,45,384,0.016807458309624896,22847
user,2020-03,46,517,0.02262879152623977,22847
user,2020-03,47,458,0.020046395588042193,22847
user,2020-03,48,388,0.016982536000350157,22847
user,2020-03,49,536,0.02346041055718475,22847
user,2020-04,0,350,0.019667340975500113,17796
user,2020-04,1,284,0.015958642391548664,17796
user,2020-04,2,346,0.01944257136435154,17796
user,2020-04,3,490,0.027534277365700157,17796
user,2020-04,4,401,0.022533153517644414,17796
user,2020-04,5,332,0.018655877725331536,17796
user,2020-04,6,360,0.020229265003371546,17796
user,2020-04,7,434,0.02438750280962014,17796
user,2020-04,8,330,0.018543492919757248,17796
user,2020-04,9,350,0.019667340975500113,17796
user,2020-04,10,370,0.020791189031242975,17796
user,2020-04,11,244,0.013710946280062936,17796
user,2020-04,12,340,0.01910541694762868,17796
user,2020-04,13,437,0.02455608001798157,17796
user,2020-04,14,469,0.02635423690717015,17796
user,2020-04,15,346,0.01944257136435154,17796
user,2020-04,16,316,0.017756799280737243,17796
user,2020-04,17,271,0.0152281411553158,17796
user,2020-04,18,328,0.018431108114182963,17796
user,2020-04,19,228,0.012811867835468645,17796
user,2020-04,20,315,0.017700606877950102,17796
user,2020-04,21,329,0.018487300516970107,17796
user,2020-04,22,323,0.018150146100247247,17796
user,2020-04,23,369,0.02073499662845583,17796
user,2020-04,24,311,0.01747583726680153,17796
user,2020-04,25,364,0.020454034614520118,17796
user,2020-04,26,445,0.025005619240278713,17796
user,2020-04,27,385,0.021634075073050124,17796
user,2020-04,28,400,0.02247696111485727,17796
user,2020-04,29,344,0.019330186558777253,17796
user,2020-04,30,365,0.02051022701730726,17796
user,2020-04,31,419,0.02354461676781299,17796
user,2020-04,32,248,0.013935715891211509,17796
user,2020-04,33,301,0.016913913238930097,17796
user,2020-04,34,367,0.020622611822881547,17796
user,2020-04,35,460,0.025848505282085862,17796
user,2020-04,36,393,0.02208361429534727,17796
user,2020-04,37,352,0.019779725781074398,17796
user,2020-04,38,395,0.022195999100921557,17796
user,2020-04,39,326,0.018318723308608675,17796
user,2020-04,40,369,0.02073499662845583,17796
user,2020-04,41,456,0.02562373567093729,17796
user,2020-04,42,326,0.018318723308608675,17796
user,2020-04,43,321,0.01803776129467296,17796
user,2020-04,44,379,0.021296920656327264,17796
user,2020-04,45,312,0.01753202966958867,17796
user,2020-04,46,349,0.01961114857271297,17796
user,2020-04,47,355,0.01994830298943583,17796
user,2020-04,48,324,0.01820633850303439,17796
user,2020-04,49,368,0.02067880422566869,17796
user,2020-05,0,329,0.023498321548460824,14001
user,2020-05,1,210,0.014998928647953718,14001
user,2020-05,2,278,0.019855724591100635,14001
user,2020-05,3,323,0.02306978072994786,14001
user,2020-05,4,318,0.02271266338118706,14001
user,2020-05,5,274,0.019570030712091995,14001
user,2020-05,6,295,0.021069923576887365,14001
user,2020-05,7,304,0.02171273480465681,14001
user,2020-05,8,271,0.019355760302835513,14001
user,2020-05,9,253,0.018070137847296622,14001
user,2020-05,10,285,0.02035568887936576,14001
user,2020-05,11,199,0.01421327048067995,14001
user,2020-05,12,280,0.019998571530604956,14001
user,2020-05,13,326,0.023284051139204343,14001
user,2020-05,14,352,0.025141061352760518,14001
user,2020-05,15,287,0.02049853581887008,14001
user,2020-05,16,257,0.018355831726305265,14001
user,2020-05,17,228,0.016284551103492608,14001
user,2020-05,18,283,0.020212841939861437,14001
user,2020-05,19,211,0.015070352117705878,14001
user,2020-05,20,242,0.017284479680022856,14001
user,2020-05,21,265,0.01892721948432255,14001
user,2020-05,22,256,0.018284408256553104,14001
user,2020-05,23,271,0.019355760302835513,14001
user,2020-05,24,254,0.018141561317048784,14001
user,2020-05,25,310,0.022141275623169775,14001
user,2020-05,26,328,0.023426898078708663,14001
user,2020-05,27,277,0.019784301121348474,14001
user,2020-05,28,279,0.019927148060852797,14001
user,2020-05,29,261,0.018641525605313906,14001
user,2020-05,30,308,0.02199842868366545,14001
user,2020-05,31,273,0.019498607242339833,14001
user,2020-05,32,226,0.016141704163988288,14001
user,2020-05,33,249,0.017784443968287978,14001
user,2020-05,34,297,0.021212770516391685,14001
user,2020-05,35,375,0.02678380115706021,14001
user,2020-05,36,289,0.0206413827583744,14001
user,2020-05,37,245,0.017498750089279338,14001
user,2020-05,38,288,0.020569959288622243,14001
user,2020-05,39,293,0.020927076637383045,14001
user,2020-05,40,253,0.018070137847296622,14001
user,2020-05,41,322,0.0229983572601957,14001
user,2020-05,42,249,0.017784443968287978,14001
user,2020-05,43,254,0.018141561317048784,14001
user,2020-05,44,370,0.026426683808299406,14001
user,2020-05,45,250,0.01785586743804014,14001
user,2020-05,46,309,0.022069852153417613,14001
user,2020-05,47,303,0.02164131133490465,14001
user,2020-05,48,287,0.02049853581887008,14001
user,2020-05,49,255,0.018212984786800942,14001
user,2020-06,0,300,0.023459493274945262,12788
user,2020-06,1,234,0.018298404754457303,12788
user,2020-06,2,233,0.018220206443540818,12788
user,2020-06,3,280,0.021895527056615578,12788
user,2020-06,4,301,0.023537691585861744,12788
user,2020-06,5,255,0.019940569283703472,12788
user,2020-06,6,268,0.020957147325617768,12788
user,2020-06,7,298,0.023303096653112292,12788
user,2020-06,8,266,0.020800750703784798,12788
user,2020-06,9,240,0.01876759461995621,12788
user,2020-06,10,238,0.01861119799812324,12788
user,2020-06,11,210,0.016421645292461682,12788
user,2020-06,12,261,0.020409759149202376,12788
user,2020-06,13,287,0.022442915233030967,12788
user,2020-06,14,306,0.023928683140444166,12788
user,2020-06,15,284,0.022208320300281515,12788
user,2020-06,16,238,0.01861119799812324,12788
user,2020-06,17,207,0.01618705035971223,12788
user,2020-06,18,248,0.019393181107288084,12788
user,2020-06,19,202,0.01579605880512981,12788
user,2020-06,20,256,0.020018767594619957,12788
user,2020-06,21,202,0.01579605880512981,12788
user,2020-06,22,245,0.01915858617453863,12788
user,2020-06,23,232,0.018142008132624336,12788
user,2020-06,24,215,0.016812636847044104,12788
user,2020-06,25,283,0.02213012198936503,12788
user,2020-06,26,304,0.0237722865186112,12788
user,2020-06,27,239,0.018689396309039725,12788
user,2020-06,28,270,0.021113543947450734,12788
user,2020-06,29,265,0.020722552392868313,12788
user,2020-06,30,244,0.019080387863622147,12788
user,2020-06,31,252,0.01970597435095402,12788
user,2020-06,32,166,0.012980919612136379,12788
user,2020-06,33,170,0.013293712855802315,12788
user,2020-06,34,252,0.01970597435095402,12788
user,2020-06,35,348,0.027213012198936504,12788
user,2020-06,36,247,0.0193149827963716,12788
user,2020-06,37,242,0.018923991241789177,12788
user,2020-06,38,287,0.022442915233030967,12788
user,2020-06,39,265,0.020722552392868313,12788
user,2020-06,40,241,0.01884579293087269,12788
user,2020-06,41,336,0.026274632467938694,12788
user,2020-06,42,220,0.017203628401626526,12788
user,2020-06,43,231,0.01806380982170785,12788
user,2020-06,44,306,0.023928683140444166,12788
user,2020-06,45,192,0.015014075695964968,12788
user,2020-06,46,317,0.02478886456052549,12788
user,2020-06,47,295,0.02306850172036284,12788
user,2020-06,48,248,0.019393181107288084,12788
user,2020-06,49,262,0.02048795746011886,12788
user,2020-07,0,342,0.02320531958203284,14738
user,2020-07,1,231,0.015673768489618673,14738
user,2020-07,2,279,0.018930655448500474,14738
user,2020-07,3,326,0.022119690595738907,14738
user,2020-07,4,342,0.02320531958203284,14738
user,2020-07,5,261,0.017709322838919798,14738
user,2020-07,6,313,0.021237617044375084,14738
user,2020-07,7,352,0.02388383769846655,14738
user,2020-07,8,314,0.021305468856018455,14738
user,2020-07,9,282,0.019134210883430588,14738
user,2020-07,10,270,0.018319989143710136,14738
user,2020-07,11,212,0.014384584068394626,14738
user,2020-07,12,267,0.018116433708780025,14738
user,2020-07,13,329,0.022323246030669017,14738
user,2020-07,14,385,0.02612294748269779,14738
user,2020-07,15,281,0.019066359071787217,14738
user,2020-07,16,283,0.01920206269507396,14738
user,2020-07,17,250,0.01696295291084272,14738
user,2020-07,18,264,0.01791287827384991,14738
user,2020-07,19,211,0.014316732256751256,14738
user,2020-07,20,254,0.017234360157416202,14738
user,2020-07,21,261,0.017709322838919798,14738
user,2020-07,22,275,0.018659248201926992,14738
user,2020-07,23,265,0.017980730085493283,14738
user,2020-07,24,265,0.017980730085493283,14738
user,2020-07,25,335,0.022730356900529245,14738
user,2020-07,26,389,0.02639435472927127,14738
user,2020-07,27,318,0.02157687610259194,14738
user,2020-07,28,352,0.02388383769846655,14738
user,2020-07,29,277,0.018794951825213735,14738
user,2020-07,30,336,0.022798208712172616,14738
user,2020-07,31,265,0.017980730085493283,14738
user,2020-07,32,230,0.015605916677975302,14738
user,2020-07,33,225,0.015266657619758447,14738
user,2020-07,34,317,0.02150902429094857,14738
user,2020-07,35,369,0.025037318496403855,14738
user,2020-07,36,269,0.018252137332066765,14738
user,2020-07,37,267,0.018116433708780025,14738
user,2020-07,38,326,0.022119690595738907,14738
user,2020-07,39,268,0.018184285520423397,14738
user,2020-07,40,287,0.01947346994164744,14738
user,2020-07,41,349,0.023680282263536436,14738
user,2020-07,42,282,0.019134210883430588,14738
user,2020-07,43,281,0.019066359071787217,14738
user,2020-07,44,385,0.02612294748269779,14738
user,2020-07,45,257,0.017437915592346316,14738
user,2020-07,46,314,0.021305468856018455,14738
user,2020-07,47,300,0.020355543493011264,14738
user,2020-07,48,289,0.019609173564934183,14738
user,2020-07,49,337,0.022866060523815984,14738
user,2020-08,0,283,0.02289088408962226,12363
user,2020-08,1,220,0.01779503356790423,12363
user,2020-08,2,250,0.020221629054436627,12363
user,2020-08,3,319,0.025802798673461132,12363
user,2020-08,4,300,0.02426595486532395,12363
user,2020-08,5,213,0.017228827954380004,12363
user,2020-08,6,247,0.019978969505783387,12363
user,2020-08,7,308,0.024913046995065923,12363
user,2020-08,8,273,0.022082018927444796,12363
user,2020-08,9,233,0.018846558278734934,12363
user,2020-08,10,211,0.017067054921944512,12363
user,2020-08,11,212,0.01714794143816226,12363
user,2020-08,12,249,0.02014074253821888,12363
user,2020-08,13,276,0.022324678476098033,12363
user,2020-08,14,328,0.026530777319420853,12363
user,2020-08,15,251,0.02030251557065437,12363
user,2020-08,16,225,0.01819946614899296,12363
user,2020-08,17,193,0.015611097630025075,12363
user,2020-08,18,261,0.021111380732831836,12363
user,2020-08,19,157,0.0126991830461862,12363
user,2020-08,20,225,0.01819946614899296,12363
user,2020-08,21,225,0.01819946614899296,12363
user,2020-08,22,236,0.019089217827388174,12363
user,2020-08,23,230,0.018603898730081694,12363
user,2020-08,24,200,0.0161773032435493,12363
user,2020-08,25,262,0.021192267249049584,12363
user,2020-08,26,313,0.025317479576154656,12363
user,2020-08,27,237,0.019170104343605922,12363
user,2020-08,28,250,0.020221629054436627,12363
user,2020-08,29,232,0.01876567176251719,12363
user,2020-08,30,271,0.0219202458950093,12363
user,2020-08,31,269,0.02175847286257381,12363
user,2020-08,32,205,0.01658173582463803,12363
user,2020-08,33,175,0.014155140338105637,12363
user,2020-08,34,283,0.02289088408962226,12363
user,2020-08,35,321,0.025964571705896628,12363
user,2020-08,36,227,0.018361239181428457,12363
user,2020-08,37,209,0.01690528188950902,12363
user,2020-08,38,257,0.02078783466796085,12363
user,2020-08,39,267,0.021596699830138316,12363
user,2020-08,40,221,0.017875920084121977,12363
user,2020-08,41,266,0.02151581331392057,12363
user,2020-08,42,241,0.019493650408476906,12363
user,2020-08,43,242,0.019574536924694654,12363
user,2020-08,44,279,0.022567338024751273,12363
user,2020-08,45,191,0.015449324597589582,12363
user,2020-08,46,298,0.02410418183288846,12363
user,2020-08,47,242,0.019574536924694654,12363
user,2020-08,48,219,0.017714147051686484,12363
user,2020-08,49,261,0.021111380732831836,12363
user,2020-09,0,221,0.023265606905990104,9499
user,2020-09,1,155,0.01631750710601116,9499
user,2020-09,2,153,0.01610695862722392,9499
user,2020-09,3,233,0.02452889777871355,9499
user,2020-09,4,187,0.01968628276660701,9499
user,2020-09,5,169,0.017791346457521843,9499
user,2020-09,6,200,0.021054847878724078,9499
user,2020-09,7,199,0.020949573639330456,9499
user,2020-09,8,203,0.021370670596904937,9499
user,2020-09,9,187,0.01968628276660701,9499
user,2020-09,10,173,0.018212443415096327,9499
user,2020-09,11,142,0.014948941993894094,9499
user,2020-09,12,173,0.018212443415096327,9499
user,2020-09,13,204,0.02147594483629856,9499
user,2020-09,14,251,0.026423834087798716,9499
user,2020-09,15,212,0.02231813875144752,9499
user,2020-09,16,235,0.02473944625750079,9499
user,2020-09,17,168,0.017686072218128224,9499
user,2020-09,18,178,0.018738814612064426,9499
user,2020-09,19,135,0.014212022318138751,9499
user,2020-09,20,152,0.016001684387830298,9499
user,2020-09,21,152,0.016001684387830298,9499
user,2020-09,22,154,0.016212232866617538,9499
user,2020-09,23,179,0.01884408885145805,9499
user,2020-09,24,189,0.01989683124539425,9499
user,2020-09,25,224,0.023581429624170966,9499
user,2020-09,26,261,0.02747657648173492,9499
user,2020-09,27,197,0.020739025160543215,9499
user,2020-09,28,228,0.024002526581745447,9499
user,2020-09,29,169,0.017791346457521843,9499
user,2020-09,30,174,0.018317717654489946,9499
user,2020-09,31,207,0.021791767554479417,9499
user,2020-09,32,148,0.015580587430255817,9499
user,2020-09,33,148,0.015580587430255817,9499
user,2020-09,34,208,0.02189704179387304,9499
user,2020-09,35,253,0.026634382566585957,9499
user,2020-09,36,199,0.020949573639330456,9499
user,2020-09,37,159,0.01673860406358564,9499
user,2020-09,38,198,0.020844299399936834,9499
user,2020-09,39,182,0.01915991156963891,9499
user,2020-09,40,173,0.018212443415096327,9499
user,2020-09,41,247,0.026002737130224236,9499
user,2020-09,42,173,0.018212443415096327,9499
user,2020-09,43,193,0.020317928202968735,9499
user,2020-09,44,201,0.021160122118117696,9499
user,2020-09,45,158,0.01663332982419202,9499
user,2020-09,46,217,0.022844509948415623,9499
user,2020-09,47,187,0.01968628276660701,9499
user,2020-09,48,195,0.020528476681755975,9499
user,2020-09,49,196,0.020633750921149593,9499
user,2020-10,0,341,0.0242721901914727,14049
user,2020-10,1,220,0.015659477542885613,14049
user,2020-10,2,252,0.017937219730941704,14049
user,2020-10,3,310,0.022065627446793367,14049
user,2020-10,4,297,0.02114029468289558,14049
user,2020-10,5,242,0.017225425297174177,14049
user,2020-10,6,283,0.02014378247562104,14049
user,2020-10,7,300,0.021353833013025837,14049
user,2020-10,8,297,0.02114029468289558,14049
user,2020-10,9,275,0.019574346928607017,14049
user,2020-10,10,268,0.01907609082496975,14049
user,2020-10,11,255,0.018150758061071963,14049
user,2020-10,12,293,0.02085557690938857,14049
user,2020-10,13,296,0.021069115239518828,14049
user,2020-10,14,372,0.02647875293615204,14049
user,2020-10,15,268,0.01907609082496975,14049
user,2020-10,16,280,0.019930244145490782,14049
user,2020-10,17,260,0.018506655277955725,14049
user,2020-10,18,290,0.02064203857925831,14049
user,2020-10,19,189,0.013452914798206279,14049
user,2020-10,20,270,0.019218449711723255,14049
user,2020-10,21,255,0.018150758061071963,14049
user,2020-10,22,243,0.01729660474055093,14049
user,2020-10,23,242,0.017225425297174177,14049
user,2020-10,24,244,0.017367784183927683,14049
user,2020-10,25,316,0.022492704107053882,14049
user,2020-10,26,336,0.02391629297458894,14049
user,2020-10,27,266,0.018933731938216243,14049
user,2020-10,28,328,0.023346857427574915,14049
user,2020-10,29,281,0.020001423588867535,14049
user,2020-10,30,294,0.02092675635276532,14049
user,2020-10,31,260,0.018506655277955725,14049
user,2020-10,32,214,0.015232400882625098,14049
user,2020-10,33,218,0.015517118656132109,14049
user,2020-10,34,332,0.023631575201081927,14049
user,2020-10,35,326,0.023204498540821412,14049
user,2020-10,36,267,0.019004911381592996,14049
user,2020-10,37,273,0.01943198804185351,14049
user,2020-10,38,302,0.021496191899779343,14049
user,2020-10,39,292,0.020784397466011816,14049
user,2020-10,40,276,0.01964552637198377,14049
user,2020-10,41,300,0.021353833013025837,14049
user,2020-10,42,270,0.019218449711723255,14049
user,2020-10,43,263,0.018720193608085984,14049
user,2020-10,44,360,0.025624599615631006,14049
user,2020-10,45,252,0.017937219730941704,14049
user,2020-10,46,329,0.023418036870951668,14049
user,2020-10,47,294,0.02092675635276532,14049
user,2020-10,48,291,0.020713218022635062,14049
user,2020-10,49,267,0.019004911381592996,14049
user,2020-11,0,316,0.018972142170989432,16656
user,2020-11,1,244,0.014649375600384247,16656
user,2020-11,2,310,0.018611911623439,16656
user,2020-11,3,457,0.027437560038424593,16656
user,2020-11,4,373,0.02239433237271854,16656
user,2020-11,5,313,0.018792026897214216,16656
user,2020-11,6,335,0.02011287223823247,16656
user,2020-11,7,378,0.022694524495677233,16656
user,2020-11,8,346,0.020773294908741594,16656
user,2020-11,9,311,0.01867195004803074,16656
user,2020-11,10,324,0.019452449567723344,16656
user,2020-11,11,263,0.015790105667627282,16656
user,2020-11,12,321,0.01927233429394813,16656
user,2020-11,13,397,0.02383525456292027,16656
user,2020-11,14,436,0.02617675312199808,16656
user,2020-11,15,326,0.01957252641690682,16656
user,2020-11,16,280,0.01681075888568684,16656
user,2020-11,17,283,0.016990874159462054,16656
user,2020-11,18,322,0.019332372718539867,16656
user,2020-11,19,243,0.014589337175792506,16656
user,2020-11,20,317,0.01903218059558117,16656
user,2020-11,21,322,0.019332372718539867,16656
user,2020-11,22,303,0.01819164265129683,16656
user,2020-11,23,345,0.020713256484149855,16656
user,2020-11,24,264,0.01585014409221902,16656
user,2020-11,25,353,0.021193563880883767,16656
user,2020-11,26,417,0.025036023054755042,16656
user,2020-11,27,298,0.017891450528338137,16656
user,2020-11,28,360,0.021613832853025938,16656
user,2020-11,29,320,0.01921229586935639,16656
user,2020-11,30,355,0.021313640730067245,16656
user,2020-11,31,325,0.019512487992315083,16656
user,2020-11,32,232,0.013928914505283382,16656
user,2020-11,33,253,0.015189721421709894,16656
user,2020-11,34,327,0.01963256484149856,16656
user,2020-11,35,427,0.02563640730067243,16656
user,2020-11,36,344,0.020653218059558116,16656
user,2020-11,37,331,0.019872718539865514,16656
user,2020-11,38,358,0.02149375600384246,16656
user,2020-11,39,312,0.018731988472622477,16656
user,2020-11,40,384,0.023054755043227664,16656
user,2020-11,41,419,0.02515609990393852,16656
user,2020-11,42,329,0.019752641690682037,16656
user,2020-11,43,343,0.020593179634966378,16656
user,2020-11,44,384,0.023054755043227664,16656
user,2020-11,45,309,0.01855187319884726,16656
user,2020-11,46,363,0.021793948126801153,16656
user,2020-11,47,331,0.019872718539865514,16656
user,2020-11,48,312,0.018731988472622477,16656
user,2020-11,49,341,0.0204731027857829,16656
user,2020-12,0,386,0.022725934648219016,16985
user,2020-12,1,300,0.01766264350897851,16985
user,2020-12,2,320,0.018840153076243746,16985
user,2020-12,3,369,0.021725051516043568,16985
user,2020-12,4,376,0.0221371798645864,16985
user,2020-12,5,306,0.01801589637915808,16985
user,2020-12,6,340,0.020017662643508977,16985
user,2020-12,7,386,0.022725934648219016,16985
user,2020-12,8,334,0.019664409773329408,16985
user,2020-12,9,351,0.020665292905504857,16985
user,2020-12,10,318,0.01872240211951722,16985
user,2020-12,11,245,0.014424492198999116,16985
user,2020-12,12,308,0.018133647335884604,16985
user,2020-12,13,399,0.02349131586694142,16985
user,2020-12,14,450,0.026493965263467766,16985
user,2020-12,15,305,0.017957020900794818,16985
user,2020-12,16,329,0.0193700323815131,16985
user,2020-12,17,281,0.016544009420076538,16985
user,2020-12,18,343,0.020194289078598764,16985
user,2020-12,19,221,0.013011480718280836,16985
user,2020-12,20,326,0.019193405946423315,16985
user,2020-12,21,350,0.020606417427141595,16985
user,2020-12,22,341,0.02007653812187224,16985
user,2020-12,23,333,0.019605534294966146,16985
user,2020-12,24,292,0.017191639682072418,16985
user,2020-12,25,371,0.021842802472770092,16985
user,2020-12,26,384,0.022608183691492492,16985
user,2020-12,27,321,0.018899028554607008,16985
user,2020-12,28,398,0.023432440388578158,16985
user,2020-12,29,348,0.02048866647041507,16985
user,2020-12,30,324,0.01907565498969679,16985
user,2020-12,31,352,0.02072416838386812,16985
user,2020-12,32,263,0.015484250809537827,16985
user,2020-12,33,274,0.016131881071533707,16985
user,2020-12,34,355,0.020900794818957905,16985
user,2020-12,35,473,0.027848101265822784,16985
user,2020-12,36,314,0.018486900206064173,16985
user,2020-12,37,291,0.017132764203709155,16985
user,2020-12,38,383,0.02254930821312923,16985
user,2020-12,39,351,0.020665292905504857,16985
user,2020-12,40,318,0.01872240211951722,16985
user,2020-12,41,424,0.024963202826022962,16985
user,2020-12,42,332,0.019546658816602884,16985
user,2020-12,43,326,0.019193405946423315,16985
user,2020-12,44,413,0.024315572564027083,16985
user,2020-12,45,271,0.01595525463644392,16985
user,2020-12,46,382,0.02249043273476597,16985
user,2020-12,47,311,0.01831027377097439,16985
user,2020-12,48,319,0.018781277597880484,16985
user,2020-12,49,378,0.022254930821312923,16985
user,2021-01,0,472,0.023507146770257482,20079
user,2021-01,1,348,0.01733154041535933,20079
user,2021-01,2,380,0.018925245281139497,20079
user,2021-01,3,455,0.022660491060311767,20079
user,2021-01,4,493,0.02455301558842572,20079
user,2021-01,5,371,0.018477015787638825,20079
user,2021-01,6,407,0.020269933761641518,20079
user,2021-01,7,471,0.023457343493201853,20079
user,2021-01,8,400,0.019921310822252104,20079
user,2021-01,9,414,0.020618556701030927,20079
user,2021-01,10,322,0.016036655211912942,20079
user,2021-01,11,304,0.0151401962249116,20079
user,2021-01,12,403,0.020070720653418996,20079
user,2021-01,13,476,0.023706359878480004,20079
user,2021-01,14,558,0.027790228597041687,20079
user,2021-01,15,377,0.01877583544997261,20079
user,2021-01,16,341,0.01698291747596992,20079
user,2021-01,17,366,0.018227999402360674,20079
user,2021-01,18,413,0.020568753423975298,20079
user,2021-01,19,295,0.014691966731410927,20079
user,2021-01,20,381,0.01897504855819513,20079
user,2021-01,21,359,0.017879376462971264,20079
user,2021-01,22,424,0.02111658947158723,20079
user,2021-01,23,422,0.02101698291747597,20079
user,2021-01,24,376,0.01872603217291698,20079
user,2021-01,25,396,0.019722097714029583,20079
user,2021-01,26,493,0.02455301558842572,20079
user,2021-01,27,386,0.01922406494347328,20079
user,2021-01,28,469,0.02335773693909059,20079
user,2021-01,29,380,0.018925245281139497,20079
user,2021-01,30,438,0.021813835350366056,20079
user,2021-01,31,329,0.016385278151302356,20079
user,2021-01,32,290,0.014442950346132775,20079
user,2021-01,33,302,0.015040589670800339,20079
user,2021-01,34,407,0.020269933761641518,20079
user,2021-01,35,509,0.0253498680213158,20079
user,2021-01,36,393,0.01957268788286269,20079
user,2021-01,37,352,0.01753075352358185,20079
user,2021-01,38,411,0.020469146869864036,20079
user,2021-01,39,410,0.020419343592808406,20079
user,2021-01,40,392,0.01952288460580706,20079
user,2021-01,41,423,0.0210667861945316,20079
user,2021-01,42,373,0.018576622341750088,20079
user,2021-01,43,411,0.020469146869864036,20079
user,2021-01,44,494,0.02460281886548135,20079
user,2021-01,45,333,0.016584491259524877,20079
user,2021-01,46,481,0.023955376263758155,20079
user,2021-01,47,416,0.02071816325514219,20079
user,2021-01,48,371,0.018477015787638825,20079
user,2021-01,49,392,0.01952288460580706,20079
user,2021-02,0,477,0.025895765472312704,18420
user,2021-02,1,334,0.018132464712269272,18420
user,2021-02,2,331,0.01796959826275787,18420
user,2021-02,3,415,0.02252985884907709,18420
user,2021-02,4,421,0.022855591748099893,18420
user,2021-02,5,356,0.019326818675352877,18420
user,2021-02,6,366,0.01986970684039088,18420
user,2021-02,7,419,0.02274701411509229,18420
user,2021-02,8,380,0.02062975027144408,18420
user,2021-02,9,359,0.01948968512486428,18420
user,2021-02,10,361,0.019598262757871878,18420
user,2021-02,11,324,0.01758957654723127,18420
user,2021-02,12,347,0.018838219326818676,18420
user,2021-02,13,407,0.022095548317046687,18420
user,2021-02,14,526,0.028555917480998914,18420
user,2021-02,15,337,0.018295331161780674,18420
user,2021-02,16,356,0.019326818675352877,18420
user,2021-02,17,305,0.016558089033659067,18420
user,2021-02,18,377,0.020466883821932683,18420
user,2021-02,19,245,0.013300760043431054,18420
user,2021-02,20,323,0.01753528773072747,18420
user,2021-02,21,340,0.018458197611292075,18420
user,2021-02,22,357,0.01938110749185668,18420
user,2021-02,23,317,0.01720955483170467,18420
user,2021-02,24,291,0.015798045602605865,18420
user,2021-02,25,397,0.021552660152008685,18420
user,2021-02,26,459,0.0249185667752443,18420
user,2021-02,27,310,0.016829533116178068,18420
user,2021-02,28,381,0.020684039087947883,18420
user,2021-02,29,328,0.017806731813246473,18420
user,2021-02,30,389,0.021118349619978286,18420
user,2021-02,31,304,0.016503800217155265,18420
user,2021-02,32,267,0.014495114006514659,18420
user,2021-02,33,289,0.01568946796959826,18420
user,2021-02,34,420,0.02280130293159609,18420
user,2021-02,35,516,0.028013029315960912,18420
user,2021-02,36,341,0.018512486427795873,18420
user,2021-02,37,346,0.018783930510314874,18420
user,2021-02,38,382,0.020738327904451685,18420
user,2021-02,39,414,0.02247557003257329,18420
user,2021-02,40,340,0.018458197611292075,18420
user,2021-02,41,354,0.019218241042345277,18420
user,2021-02,42,379,0.020575461454940283,18420
user,2021-02,43,348,0.018892508143322474,18420
user,2021-02,44,466,0.0252985884907709,18420
user,2021-02,45,305,0.016558089033659067,18420
user,2021-02,46,433,0.023507057546145495,18420
user,2021-02,47,420,0.02280130293159609,18420
user,2021-02,48,387,0.021009771986970686,18420
user,2021-02,49,374,0.020304017372421282,18420
user,2021-03,0,360,0.01989389920424403,18096
user,2021-03,1,325,0.017959770114942528,18096
user,2021-03,2,361,0.019949160035366932,18096
user,2021-03,3,398,0.021993810786914234,18096
user,2021-03,4,380,0.020999115826702032,18096
user,2021-03,5,330,0.01823607427055703,18096
user,2021-03,6,393,0.021717506631299736,18096
user,2021-03,7,416,0.022988505747126436,18096
user,2021-03,8,375,0.020722811671087533,18096
user,2021-03,9,351,0.01939655172413793,18096
user,2021-03,10,308,0.017020335985853226,18096
user,2021-03,11,255,0.014091511936339523,18096
user,2021-03,12,336,0.01856763925729443,18096
user,2021-03,13,406,0.022435897435897436,18096
user,2021-03,14,541,0.029896109637488948,18096
user,2021-03,15,316,0.017462422634836428,18096
user,2021-03,16,326,0.01801503094606543,18096
user,2021-03,17,312,0.017241379310344827,18096
user,2021-03,18,375,0.020722811671087533,18096
user,2021-03,19,259,0.014312555260831123,18096
user,2021-03,20,362,0.020004420866489833,18096
user,2021-03,21,362,0.020004420866489833,18096
user,2021-03,22,353,0.01950707338638373,18096
user,2021-03,23,348,0.019230769230769232,18096
user,2021-03,24,317,0.01751768346595933,18096
user,2021-03,25,404,0.022325375773651637,18096
user,2021-03,26,437,0.02414898320070734,18096
user,2021-03,27,318,0.017572944297082227,18096
user,2021-03,28,369,0.020391246684350134,18096
user,2021-03,29,371,0.020501768346595933,18096
user,2021-03,30,418,0.02309902740937224,18096
user,2021-03,31,339,0.01873342175066313,18096
user,2021-03,32,287,0.015859858532272324,18096
user,2021-03,33,254,0.014036251105216623,18096
user,2021-03,34,444,0.02453580901856764,18096
user,2021-03,35,478,0.02641467727674624,18096
user,2021-03,36,331,0.01829133510167993,18096
user,2021-03,37,306,0.016909814323607428,18096
user,2021-03,38,393,0.021717506631299736,18096
user,2021-03,39,372,0.020557029177718834,18096
user,2021-03,40,314,0.017351900972590626,18096
user,2021-03,41,367,0.02028072502210433,18096
user,2021-03,42,372,0.020557029177718834,18096
user,2021-03,43,355,0.019617595048629533,18096
user,2021-03,44,447,0.02470159151193634,18096
user,2021-03,45,343,0.01895446507515473,18096
user,2021-03,46,380,0.020999115826702032,18096
user,2021-03,47,402,0.022214854111405835,18096
user,2021-03,48,361,0.019949160035366932,18096
user,2021-03,49,369,0.020391246684350134,18096
user,2021-04,0,397,0.024343880304145204,16308
user,2021-04,1,300,0.01839587932303164,16308
user,2021-04,2,293,0.01796664213882757,16308
user,2021-04,3,387,0.023730684326710817,16308
user,2021-04,4,387,0.023730684326710817,16308
user,2021-04,5,283,0.01735344616139318,16308
user,2021-04,6,349,0.02140053961246014,16308
user,2021-04,7,390,0.023914643119941133,16308
user,2021-04,8,367,0.022504292371842042,16308
user,2021-04,9,337,0.020664704439538877,16308
user,2021-04,10,291,0.01784400294334069,16308
user,2021-04,11,267,0.016372332597498162,16308
user,2021-04,12,288,0.017660044150110375,16308
user,2021-04,13,385,0.02360804513122394,16308
user,2021-04,14,455,0.027900416973264654,16308
user,2021-04,15,279,0.017108167770419427,16308
user,2021-04,16,303,0.018579838116261956,16308
user,2021-04,17,237,0.014532744665194997,16308
user,2021-04,18,294,0.018027961736571008,16308
user,2021-04,19,206,0.012631837135148394,16308
user,2021-04,20,315,0.019315673289183224,16308
user,2021-04,21,340,0.020848663232769193,16308
user,2021-04,22,329,0.020174147657591367,16308
user,2021-04,23,312,0.01913171449595291,16308
user,2021-04,24,262,0.016065734608780965,16308
user,2021-04,25,338,0.020726024037282315,16308
user,2021-04,26,395,0.024221241108658326,16308
user,2021-04,27,297,0.018211920529801324,16308
user,2021-04,28,366,0.022442972774098603,16308
user,2021-04,29,357,0.02189109639440765,16308
user,2021-04,30,355,0.021768457198920774,16308
user,2021-04,31,297,0.018211920529801324,16308
user,2021-04,32,268,0.0164336521952416,16308
user,2021-04,33,253,0.015513858229090018,16308
user,2021-04,34,357,0.02189109639440765,16308
user,2021-04,35,401,0.02458915869511896,16308
user,2021-04,36,327,0.02005150846210449,16308
user,2021-04,37,278,0.017046848172675988,16308
user,2021-04,38,364,0.022320333578611726,16308
user,2021-04,39,330,0.020235467255334805,16308
user,2021-04,40,318,0.01949963208241354,16308
user,2021-04,41,344,0.021093941623742948,16308
user,2021-04,42,308,0.01888643610497915,16308
user,2021-04,43,304,0.018641157714005395,16308
user,2021-04,44,380,0.023301447142506745,16308
user,2021-04,45,234,0.01434878587196468,16308
user,2021-04,46,403,0.024711797890605836,16308
user,2021-04,47,312,0.01913171449595291,16308
user,2021-04,48,292,0.01790532254108413,16308
user,2021-04,49,377,0.02311748834927643,16308
user,2021-05,0,392,0.02451225612806403,15992
user,2021-05,1,293,0.01832166083041521,15992
user,2021-05,2,338,0.021135567783891945,15992
user,2021-05,3,369,0.023074037018509255,15992
user,2021-05,4,328,0.02051025512756378,15992
user,2021-05,5,294,0.018384192096048024,15992
user,2021-05,6,346,0.021635817908954476,15992
user,2021-05,7,369,0.023074037018509255,15992
user,2021-05,8,350,0.021885942971485745,15992
user,2021-05,9,287,0.01794647323661831,15992
user,2021-05,10,278,0.01738369184592296,15992
user,2021-05,11,285,0.017821410705352675,15992
user,2021-05,12,290,0.01813406703351676,15992
user,2021-05,13,378,0.0236368184092046,15992
user,2021-05,14,458,0.028639319659829916,15992
user,2021-05,15,284,0.01775887943971986,15992
user,2021-05,16,302,0.018884442221110555,15992
user,2021-05,17,269,0.016820910455227614,15992
user,2021-05,18,295,0.01844672336168084,15992
user,2021-05,19,211,0.013194097048524263,15992
user,2021-05,20,295,0.01844672336168084,15992
user,2021-05,21,342,0.02138569284642321,15992
user,2021-05,22,360,0.022511255627813906,15992
user,2021-05,23,299,0.018696848424212105,15992
user,2021-05,24,250,0.015632816408204103,15992
user,2021-05,25,334,0.02088544272136068,15992
user,2021-05,26,389,0.02432466233116558,15992
user,2021-05,27,289,0.018071535767883944,15992
user,2021-05,28,327,0.020447723861930965,15992
user,2021-05,29,269,0.016820910455227614,15992
user,2021-05,30,332,0.02076038019009505,15992
user,2021-05,31,272,0.017008504252126064,15992
user,2021-05,32,255,0.015945472736368184,15992
user,2021-05,33,255,0.015945472736368184,15992
user,2021-05,34,374,0.023386693346673336,15992
user,2021-05,35,422,0.026388194097048526,15992
user,2021-05,36,284,0.01775887943971986,15992
user,2021-05,37,269,0.016820910455227614,15992
user,2021-05,38,350,0.021885942971485745,15992
user,2021-05,39,343,0.02144822411205603,15992
user,2021-05,40,285,0.017821410705352675,15992
user,2021-05,41,341,0.021323161580790395,15992
user,2021-05,42,315,0.01969734867433717,15992
user,2021-05,43,310,0.019384692346173085,15992
user,2021-05,44,414,0.025887943971985992,15992
user,2021-05,45,258,0.016133066533266634,15992
user,2021-05,46,366,0.022886443221610805,15992
user,2021-05,47,340,0.02126063031515758,15992
user,2021-05,48,311,0.019447223611805904,15992
user,2021-05,49,326,0.02038519259629815,15992
user,2021-06,0,334,0.02386907739584078,13993
user,2021-06,1,239,0.017079968555706426,13993
user,2021-06,2,269,0.019223897663117273,13993
user,2021-06,3,300,0.021439291074108482,13993
user,2021-06,4,327,0.023368827270778245,13993
user,2021-06,5,244,0.017437290073608232,13993
user,2021-06,6,293,0.020939040949045952,13993
user,2021-06,7,306,0.021868076895590654,13993
user,2021-06,8,313,0.022368327020653184,13993
user,2021-06,9,281,0.020081469306081613,13993
user,2021-06,10,243,0.017365825770027873,13993
user,2021-06,11,246,0.017580218680768957,13993
user,2021-06,12,254,0.01815193310941185,13993
user,2021-06,13,336,0.0240120060030015,13993
user,2021-06,14,397,0.02837132852140356,13993
user,2021-06,15,251,0.017937540198670766,13993
user,2021-06,16,268,0.01915243335953691,13993
user,2021-06,17,228,0.016293861216322446,13993
user,2021-06,18,292,0.02086757664546559,13993
user,2021-06,19,187,0.01336382476952762,13993
user,2021-06,20,257,0.018366326020152934,13993
user,2021-06,21,242,0.01729436146644751,13993
user,2021-06,22,302,0.021582219681269207,13993
user,2021-06,23,262,0.018723647538054743,13993
user,2021-06,24,236,0.01686557564496534,13993
user,2021-06,25,314,0.022439791324233547,13993
user,2021-06,26,384,0.02744229257485886,13993
user,2021-06,27,231,0.016508254127063533,13993
user,2021-06,28,281,0.020081469306081613,13993
user,2021-06,29,257,0.018366326020152934,13993
user,2021-06,30,283,0.020224397913242334,13993
user,2021-06,31,253,0.018080468805831487,13993
user,2021-06,32,199,0.01422139641249196,13993
user,2021-06,33,213,0.015221896662617022,13993
user,2021-06,34,302,0.021582219681269207,13993
user,2021-06,35,344,0.024583720431644394,13993
user,2021-06,36,261,0.01865218323447438,13993
user,2021-06,37,241,0.017222897162867148,13993
user,2021-06,38,246,0.017580218680768957,13993
user,2021-06,39,272,0.019438290573858357,13993
user,2021-06,40,281,0.020081469306081613,13993
user,2021-06,41,280,0.02001000500250125,13993
user,2021-06,42,278,0.01986707639534053,13993
user,2021-06,43,296,0.021153433859787036,13993
user,2021-06,44,349,0.024941041949546203,13993
user,2021-06,45,256,0.01829486171657257,13993
user,2021-06,46,324,0.02315443436003716,13993
user,2021-06,47,348,0.02486957764596584,13993
user,2021-06,48,300,0.021439291074108482,13993
user,2021-06,49,293,0.020939040949045952,13993
user,2021-07,0,379,0.024354196118750802,15562
user,2021-07,1,279,0.017928286852589643,15562
user,2021-07,2,306,0.019663282354453155,15562
user,2021-07,3,321,0.02062716874437733,15562
user,2021-07,4,333,0.021398277856316667,15562
user,2021-07,5,256,0.016450327721372573,15562
user,2021-07,6,296,0.01902069142783704,15562
user,2021-07,7,336,0.021591055134301505,15562
user,2021-07,8,350,0.022490682431564067,15562
user,2021-07,9,282,0.018121064130574478,15562
user,2021-07,10,297,0.01908495052049865,15562
user,2021-07,11,264,0.016964400462665466,15562
user,2021-07,12,302,0.01940624598380671,15562
user,2021-07,13,342,0.021976609690271175,15562
user,2021-07,14,472,0.030330291736280685,15562
user,2021-07,15,291,0.01869939596452898,15562
user,2021-07,16,280,0.017992545945251254,15562
user,2021-07,17,275,0.017671250481943197,15562
user,2021-07,18,318,0.020434391466392494,15562
user,2021-07,19,230,0.014779591312170673,15562
user,2021-07,20,289,0.01857087777920576,15562
user,2021-07,21,298,0.019149209613160263,15562
user,2021-07,22,332,0.021334018763655056,15562
user,2021-07,23,272,0.01747847320395836,15562
user,2021-07,24,253,0.01625755044338774,15562
user,2021-07,25,346,0.02223364606091762,15562
user,2021-07,26,375,0.024097159748104356,15562
user,2021-07,27,309,0.01985605963243799,15562
user,2021-07,28,372,0.02390438247011952,15562
user,2021-07,29,320,0.020562909651715717,15562
user,2021-07,30,319,0.020498650559054105,15562
user,2021-07,31,257,0.016514586814034185,15562
user,2021-07,32,221,0.014201259478216167,15562
user,2021-07,33,231,0.014843850404832284,15562
user,2021-07,34,350,0.022490682431564067,15562
user,2021-07,35,430,0.027631409844492996,15562
user,2021-07,36,267,0.0171571777406503,15562
user,2021-07,37,302,0.01940624598380671,15562
user,2021-07,38,341,0.021912350597609563,15562
user,2021-07,39,306,0.019663282354453155,15562
user,2021-07,40,278,0.01786402775992803,15562
user,2021-07,41,336,0.021591055134301505,15562
user,2021-07,42,303,0.01947050507646832,15562
user,2021-07,43,304,0.019534764169129932,15562
user,2021-07,44,408,0.02621770980593754,15562
user,2021-07,45,261,0.01677162318468063,15562
user,2021-07,46,323,0.02075568692970055,15562
user,2021-07,47,363,0.023326050636165017,15562
user,2021-07,48,272,0.01747847320395836,15562
user,2021-07,49,315,0.02024161418840766,15562
user,2021-08,0,143,0.019762299613045882,7236
user,2021-08,1,143,0.019762299613045882,7236
user,2021-08,2,138,0.019071310116086235,7236
user,2021-08,3,169,0.023355444997236043,7236
user,2021-08,4,142,0.019624101713653953,7236
user,2021-08,5,137,0.018933112216694307,7236
user,2021-08,6,138,0.019071310116086235,7236
user,2021-08,7,193,0.026672194582642344,7236
user,2021-08,8,130,0.017965726920950803,7236
user,2021-08,9,155,0.021420674405749032,7236
user,2021-08,10,152,0.021006080707573246,7236
user,2021-08,11,106,0.014648977335544499,7236
user,2021-08,12,112,0.015478164731896076,7236
user,2021-08,13,180,0.024875621890547265,7236
user,2021-08,14,221,0.030541735765616362,7236
user,2021-08,15,165,0.022802653399668325,7236
user,2021-08,16,140,0.019347705914870093,7236
user,2021-08,17,132,0.01824212271973466,7236
user,2021-08,18,116,0.016030956329463792,7236
user,2021-08,19,104,0.014372581536760642,7236
user,2021-08,20,140,0.019347705914870093,7236
user,2021-08,21,108,0.014925373134328358,7236
user,2021-08,22,162,0.022388059701492536,7236
user,2021-08,23,151,0.020867882808181314,7236
user,2021-08,24,163,0.022526257600884468,7236
user,2021-08,25,115,0.015892758430071863,7236
user,2021-08,26,201,0.027777777777777776,7236
user,2021-08,27,132,0.01824212271973466,7236
user,2021-08,28,191,0.026395798783858487,7236
user,2021-08,29,143,0.019762299613045882,7236
user,2021-08,30,179,0.024737423991155333,7236
user,2021-08,31,154,0.021282476506357104,7236
user,2021-08,32,109,0.015063571033720288,7236
user,2021-08,33,113,0.015616362631288004,7236
user,2021-08,34,140,0.019347705914870093,7236
user,2021-08,35,175,0.02418463239358762,7236
user,2021-08,36,138,0.019071310116086235,7236
user,2021-08,37,142,0.019624101713653953,7236
user,2021-08,38,133,0.01838032061912659,7236
user,2021-08,39,106,0.014648977335544499,7236
user,2021-08,40,180,0.024875621890547265,7236
user,2021-08,41,180,0.024875621890547265,7236
user,2021-08,42,140,0.019347705914870093,7236
user,2021-08,43,107,0.01478717523493643,7236
user,2021-08,44,114,0.015754560530679935,7236
user,2021-08,45,162,0.022388059701492536,7236
user,2021-08,46,141,0.019485903814262025,7236
user,2021-08,47,120,0.01658374792703151,7236
user,2021-08,48,127,0.017551133222775014,7236
user,2021-08,49,154,0.021282476506357104,7236
user,2021-09,0,106,0.017405582922824302,6090
user,2021-09,1,125,0.020525451559934318,6090
user,2021-09,2,105,0.017241379310344827,6090
user,2021-09,3,157,0.025779967159277505,6090
user,2021-09,4,169,0.0277504105090312,6090
user,2021-09,5,106,0.017405582922824302,6090
user,2021-09,6,98,0.016091954022988506,6090
user,2021-09,7,174,0.02857142857142857,6090
user,2021-09,8,122,0.020032840722495896,6090
user,2021-09,9,117,0.01921182266009852,6090
user,2021-09,10,108,0.017733990147783252,6090
user,2021-09,11,99,0.01625615763546798,6090
user,2021-09,12,83,0.013628899835796387,6090
user,2021-09,13,152,0.02495894909688013,6090
user,2021-09,14,173,0.028407224958949095,6090
user,2021-09,15,119,0.01954022988505747,6090
user,2021-09,16,123,0.02019704433497537,6090
user,2021-09,17,131,0.021510673234811165,6090
user,2021-09,18,123,0.02019704433497537,6090
user,2021-09,19,80,0.013136288998357963,6090
user,2021-09,20,103,0.016912972085385877,6090
user,2021-09,21,102,0.016748768472906402,6090
user,2021-09,22,120,0.019704433497536946,6090
user,2021-09,23,109,0.017898193760262728,6090
user,2021-09,24,121,0.01986863711001642,6090
user,2021-09,25,88,0.01444991789819376,6090
user,2021-09,26,146,0.023973727422003283,6090
user,2021-09,27,103,0.016912972085385877,6090
user,2021-09,28,165,0.027093596059113302,6090
user,2021-09,29,135,0.022167487684729065,6090
user,2021-09,30,133,0.021839080459770115,6090
user,2021-09,31,118,0.019376026272577996,6090
user,2021-09,32,97,0.01592775041050903,6090
user,2021-09,33,78,0.012807881773399015,6090
user,2021-09,34,114,0.0187192118226601,6090
user,2021-09,35,147,0.02413793103448276,6090
user,2021-09,36,125,0.020525451559934318,6090
user,2021-09,37,150,0.024630541871921183,6090
user,2021-09,38,117,0.01921182266009852,6090
user,2021-09,39,111,0.018226600985221674,6090
user,2021-09,40,134,0.02200328407224959,6090
user,2021-09,41,204,0.033497536945812804,6090
user,2021-09,42,111,0.018226600985221674,6090
user,2021-09,43,107,0.017569786535303777,6090
user,2021-09,44,119,0.01954022988505747,6090
user,2021-09,45,102,0.016748768472906402,6090
user,2021-09,46,117,0.01921182266009852,6090
user,2021-09,47,103,0.016912972085385877,6090
user,2021-09,48,100,0.016420361247947456,6090
user,2021-09,49,141,0.02315270935960591,6090
user,2021-10,0,122,0.020445785151667506,5967
user,2021-10,1,112,0.0187699011228423,5967
user,2021-10,2,123,0.020613373554550025,5967
user,2021-10,3,148,0.02480308362661304,5967
user,2021-10,4,120,0.020110608345902465,5967
user,2021-10,5,107,0.017931959108429697,5967
user,2021-10,6,114,0.019105077928607342,5967
user,2021-10,7,144,0.024132730015082957,5967
user,2021-10,8,105,0.017596782302664656,5967
user,2021-10,9,123,0.020613373554550025,5967
user,2021-10,10,123,0.020613373554550025,5967
user,2021-10,11,107,0.017931959108429697,5967
user,2021-10,12,87,0.014580191050779286,5967
user,2021-10,13,132,0.02212166918049271,5967
user,2021-10,14,172,0.02882520529579353,5967
user,2021-10,15,141,0.023629964806435394,5967
user,2021-10,16,114,0.019105077928607342,5967
user,2021-10,17,115,0.01927266633148986,5967
user,2021-10,18,113,0.01893748952572482,5967
user,2021-10,19,90,0.015082956259426848,5967
user,2021-10,20,111,0.01860231271995978,5967
user,2021-10,21,97,0.01625607507960449,5967
user,2021-10,22,147,0.024635495223730517,5967
user,2021-10,23,127,0.021283727166080107,5967
user,2021-10,24,104,0.017429193899782137,5967
user,2021-10,25,85,0.014245014245014245,5967
user,2021-10,26,169,0.02832244008714597,5967
user,2021-10,27,108,0.01809954751131222,5967
user,2021-10,28,168,0.02815485168426345,5967
user,2021-10,29,110,0.01843472431707726,5967
user,2021-10,30,150,0.02513826043237808,5967
user,2021-10,31,119,0.019943019943019943,5967
user,2021-10,32,86,0.014412602647896766,5967
user,2021-10,33,77,0.012904307021954081,5967
user,2021-10,34,98,0.01642366348248701,5967
user,2021-10,35,153,0.02564102564102564,5967
user,2021-10,36,109,0.018267135914194738,5967
user,2021-10,37,109,0.018267135914194738,5967
user,2021-10,38,122,0.020445785151667506,5967
user,2021-10,39,100,0.01675884028825205,5967
user,2021-10,40,160,0.026814144461203285,5967
user,2021-10,41,144,0.024132730015082957,5967
user,2021-10,42,111,0.01860231271995978,5967
user,2021-10,43,113,0.01893748952572482,5967
user,2021-10,44,113,0.01893748952572482,5967
user,2021-10,45,123,0.020613373554550025,5967
user,2021-10,46,114,0.019105077928607342,5967
user,2021-10,47,103,0.017261605496899615,5967
user,2021-10,48,99,0.016591251885369532,5967
user,2021-10,49,126,0.021116138763197588,5967
user,2021-11,0,167,0.02174762338846204,7679
user,2021-11,1,130,0.01692928766766506,7679
user,2021-11,2,117,0.015236358900898554,7679
user,2021-11,3,200,0.026045057950253938,7679
user,2021-11,4,159,0.020705821070451883,7679
user,2021-11,5,126,0.016408386508659983,7679
user,2021-11,6,165,0.0214871728089595,7679
user,2021-11,7,222,0.028910014324781873,7679
user,2021-11,8,131,0.01705951295741633,7679
user,2021-11,9,179,0.023310326865477276,7679
user,2021-11,10,159,0.020705821070451883,7679
user,2021-11,11,125,0.016278161218908713,7679
user,2021-11,12,102,0.01328297955462951,7679
user,2021-11,13,156,0.020315145201198072,7679
user,2021-11,14,223,0.029040239614533142,7679
user,2021-11,15,151,0.019664018752441725,7679
user,2021-11,16,155,0.020184919911446803,7679
user,2021-11,17,126,0.016408386508659983,7679
user,2021-11,18,138,0.017971089985675218,7679
user,2021-11,19,100,0.013022528975126969,7679
user,2021-11,20,152,0.019794244042192995,7679
user,2021-11,21,124,0.016147935929157444,7679
user,2021-11,22,169,0.02200807396796458,7679
user,2021-11,23,170,0.02213829925771585,7679
user,2021-11,24,156,0.020315145201198072,7679
user,2021-11,25,112,0.014585232452142206,7679
user,2021-11,26,200,0.026045057950253938,7679
user,2021-11,27,135,0.01758041411642141,7679
user,2021-11,28,208,0.027086860268264096,7679
user,2021-11,29,150,0.019533793462690456,7679
user,2021-11,30,162,0.02109649693970569,7679
user,2021-11,31,161,0.020966271649954422,7679
user,2021-11,32,120,0.015627034770152363,7679
user,2021-11,33,131,0.01705951295741633,7679
user,2021-11,34,150,0.019533793462690456,7679
user,2021-11,35,185,0.024091678603984895,7679
user,2021-11,36,178,0.023180101575726007,7679
user,2021-11,37,139,0.018101315275426487,7679
user,2021-11,38,155,0.020184919911446803,7679
user,2021-11,39,118,0.015366584190649825,7679
user,2021-11,40,205,0.026696184399010288,7679
user,2021-11,41,215,0.027998437296522984,7679
user,2021-11,42,151,0.019664018752441725,7679
user,2021-11,43,119,0.015496809480401094,7679
user,2021-11,44,148,0.019273342883187914,7679
user,2021-11,45,133,0.01731996353691887,7679
user,2021-11,46,175,0.022789425706472195,7679
user,2021-11,47,127,0.016538611798411252,7679
user,2021-11,48,135,0.01758041411642141,7679
user,2021-11,49,165,0.0214871728089595,7679
user,2021-12,0,175,0.0197650779308787,8854
user,2021-12,1,188,0.02123334086288683,8854
user,2021-12,2,160,0.01807092839394624,8854
user,2021-12,3,198,0.022362773887508472,8854
user,2021-12,4,195,0.022023943980121977,8854
user,2021-12,5,169,0.019087418116105714,8854
user,2021-12,6,193,0.02179805737519765,8854
user,2021-12,7,249,0.028122882313078836,8854
user,2021-12,8,155,0.017506211881635418,8854
user,2021-12,9,209,0.023605150214592276,8854
user,2021-12,10,165,0.01863564490625706,8854
user,2021-12,11,156,0.017619155184097582,8854
user,2021-12,12,130,0.01468262932008132,8854
user,2021-12,13,181,0.020442737745651682,8854
user,2021-12,14,264,0.029817031850011295,8854
user,2021-12,15,188,0.02123334086288683,8854
user,2021-12,16,174,0.019652134628416536,8854
user,2021-12,17,149,0.016828552066862436,8854
user,2021-12,18,186,0.021007454257962504,8854
user,2021-12,19,113,0.012762593178224532,8854
user,2021-12,20,161,0.018183871696408404,8854
user,2021-12,21,140,0.01581206234470296,8854
user,2021-12,22,206,0.02326632030720578,8854
user,2021-12,23,165,0.01863564490625706,8854
user,2021-12,24,148,0.016715608764400272,8854
user,2021-12,25,133,0.015021459227467811,8854
user,2021-12,26,210,0.02371809351705444,8854
user,2021-12,27,144,0.016263835554551614,8854
user,2021-12,28,210,0.02371809351705444,8854
user,2021-12,29,202,0.022814547097357127,8854
user,2021-12,30,196,0.02213688728258414,8854
user,2021-12,31,192,0.021685114072735486,8854
user,2021-12,32,149,0.016828552066862436,8854
user,2021-12,33,123,0.01389202620284617,8854
user,2021-12,34,162,0.018296814998870568,8854
user,2021-12,35,229,0.025864016263835554,8854
user,2021-12,36,206,0.02326632030720578,8854
user,2021-12,37,184,0.020781567653038176,8854
user,2021-12,38,168,0.01897447481364355,8854
user,2021-12,39,134,0.015134402529929975,8854
user,2021-12,40,217,0.024508696634289586,8854
user,2021-12,41,271,0.03060763496724644,8854
user,2021-12,42,164,0.018522701603794895,8854
user,2021-12,43,154,0.017393268579173254,8854
user,2021-12,44,164,0.018522701603794895,8854
user,2021-12,45,152,0.017167381974248927,8854
user,2021-12,46,209,0.023605150214592276,8854
user,2021-12,47,142,0.016037948949627286,8854
user,2021-12,48,139,0.015699119042240795,8854
user,2021-12,49,183,0.02066862435057601,8854
user,2022-01,0,737,0.0256454868118867,28738
user,2022-01,1,498,0.01732897209269956,28738
user,2022-01,2,557,0.01938200292295915,28738
user,2022-01,3,617,0.021469830885934998,28738
user,2022-01,4,616,0.021435033753218733,28738
user,2022-01,5,471,0.01638944950936043,28738
user,2022-01,6,606,0.021087062426056093,28738
user,2022-01,7,568,0.019764771382838053,28738
user,2022-01,8,639,0.02223536780569281,28738
user,2022-01,9,553,0.01924281439209409,28738
user,2022-01,10,507,0.01764214628714594,28738
user,2022-01,11,540,0.018790451666782657,28738
user,2022-01,12,548,0.01906882872851277,28738
user,2022-01,13,622,0.02164381654951632,28738
user,2022-01,14,841,0.029264388614378176,28738
user,2022-01,15,516,0.01795532048159232,28738
user,2022-01,16,548,0.01906882872851277,28738
user,2022-01,17,476,0.01656343517294175,28738
user,2022-01,18,558,0.019416800055675414,28738
user,2022-01,19,385,0.01339689609576171,28738
user,2022-01,20,558,0.019416800055675414,28738
user,2022-01,21,569,0.019799568515554318,28738
user,2022-01,22,613,0.021330642355069943,28738
user,2022-01,23,469,0.0163198552439279,28738
user,2022-01,24,422,0.014684390006263483,28738
user,2022-01,25,665,0.02314009325631568,28738
user,2022-01,26,663,0.02307049899088315,28738
user,2022-01,27,544,0.018929640197647715,28738
user,2022-01,28,597,0.020773888231609715,28738
user,2022-01,29,601,0.020913076762474773,28738
user,2022-01,30,587,0.020425916904447075,28738
user,2022-01,31,473,0.01645904377479296,28738
user,2022-01,32,406,0.014127635882803257,28738
user,2022-01,33,449,0.015623912589602617,28738
user,2022-01,34,667,0.023209687521748207,28738
user,2022-01,35,821,0.028568445960052893,28738
user,2022-01,36,566,0.019695177117405527,28738
user,2022-01,37,511,0.017781334818010995,28738
user,2022-01,38,562,0.01955598858654047,28738
user,2022-01,39,661,0.023000904725450622,28738
user,2022-01,40,495,0.017224580694550767,28738
user,2022-01,41,601,0.020913076762474773,28738
user,2022-01,42,567,0.01972997425012179,28738
user,2022-01,43,538,0.018720857401350127,28738
user,2022-01,44,810,0.028185677500173985,28738
user,2022-01,45,440,0.015310738395156238,28738
user,2022-01,46,679,0.02362725311434338,28738
user,2022-01,47,613,0.021330642355069943,28738
user,2022-01,48,561,0.019521191453824204,28738
user,2022-01,49,627,0.02181780221309764,28738
user,2022-02,0,494,0.02576808721506442,19171
user,2022-02,1,334,0.017422148036096187,19171
user,2022-02,2,361,0.018830525272547076,19171
user,2022-02,3,371,0.019352146471232592,19171
user,2022-02,4,474,0.02472484481769339,19171
user,2022-02,5,329,0.01716133743675343,19171
user,2022-02,6,456,0.023785926660059464,19171
user,2022-02,7,338,0.017630796515570393,19171
user,2022-02,8,455,0.023733764540190914,19171
user,2022-02,9,362,0.018882687392415626,19171
user,2022-02,10,332,0.017317823796359082,19171
user,2022-02,11,354,0.018465390433467215,19171
user,2022-02,12,384,0.02003025402952376,19171
user,2022-02,13,420,0.021908090344791614,19171
user,2022-02,14,564,0.029419435605863024,19171
user,2022-02,15,362,0.018882687392415626,19171
user,2022-02,16,361,0.018830525272547076,19171
user,2022-02,17,331,0.017265661676490532,19171
user,2022-02,18,388,0.020238902508997965,19171
user,2022-02,19,283,0.014761879922800062,19171
user,2022-02,20,369,0.019247822231495487,19171
user,2022-02,21,365,0.01903917375202128,19171
user,2022-02,22,396,0.020656199467946376,19171
user,2022-02,23,320,0.016691878357936465,19171
user,2022-02,24,274,0.014292420843983099,19171
user,2022-02,25,452,0.02357727818058526,19171
user,2022-02,26,470,0.024516196338219186,19171
user,2022-02,27,341,0.017787282875176048,19171
user,2022-02,28,398,0.02076052370768348,19171
user,2022-02,29,382,0.019925929789786658,19171
user,2022-02,30,380,0.019821605550049554,19171
user,2022-02,31,330,0.01721349955662198,19171
user,2022-02,32,318,0.016587554118199364,19171
user,2022-02,33,309,0.0161180950393824,19171
user,2022-02,34,425,0.02216890094413437,19171
user,2022-02,35,535,0.02790673412967503,19171
user,2022-02,36,366,0.019091335871889832,19171
user,2022-02,37,327,0.017057013197016326,19171
user,2022-02,38,396,0.020656199467946376,19171
user,2022-02,39,387,0.020186740389129414,19171
user,2022-02,40,326,0.017004851077147776,19171
user,2022-02,41,382,0.019925929789786658,19171
user,2022-02,42,335,0.017474310155964737,19171
user,2022-02,43,386,0.020134578269260864,19171
user,2022-02,44,518,0.027019978091909654,19171
user,2022-02,45,313,0.016326743518856605,19171
user,2022-02,46,403,0.021021334307026237,19171
user,2022-02,47,446,0.023264305461373952,19171
user,2022-02,48,373,0.019456470710969693,19171
user,2022-02,49,396,0.020656199467946376,19171
user,2022-03,0,394,0.024235713846343113,16257
user,2022-03,1,289,0.01777695761825675,16257
user,2022-03,2,299,0.01839207725902688,16257
user,2022-03,3,317,0.019499292612413115,16257
user,2022-03,4,374,0.023005474564802855,16257
user,2022-03,5,282,0.01734637386971766,16257
user,2022-03,6,378,0.023251522421110907,16257
user,2022-03,7,328,0.020175924217260256,16257
user,2022-03,8,392,0.024112689918189087,16257
user,2022-03,9,286,0.017592421726025712,16257
user,2022-03,10,280,0.017223349941563635,16257
user,2022-03,11,326,0.02005290028910623,16257
user,2022-03,12,311,0.019130220827951037,16257
user,2022-03,13,362,0.022267330995878697,16257
user,2022-03,14,463,0.028480039367657008,16257
user,2022-03,15,276,0.016977302085255584,16257
user,2022-03,16,272,0.01673125422894753,16257
user,2022-03,17,312,0.01919173279202805,16257
user,2022-03,18,295,0.018146029402718828,16257
user,2022-03,19,202,0.012425416743556622,16257
user,2022-03,20,320,0.019683828504644153,16257
user,2022-03,21,337,0.020729531893953376,16257
user,2022-03,22,341,0.020975579750261427,16257
user,2022-03,23,305,0.01876114904348896,16257
user,2022-03,24,259,0.01593159869594636,16257
user,2022-03,25,371,0.022820938672571817,16257
user,2022-03,26,422,0.025958048840499477,16257
user,2022-03,27,291,0.017899981546410777,16257
user,2022-03,28,362,0.022267330995878697,16257
user,2022-03,29,330,0.020298948145414282,16257
user,2022-03,30,334,0.020544996001722333,16257
user,2022-03,31,273,0.016792766193024545,16257
user,2022-03,32,281,0.017284861905640648,16257
user,2022-03,33,234,0.014393799594021038,16257
user,2022-03,34,393,0.0241742018822661,16257
user,2022-03,35,457,0.02811096758319493,16257
user,2022-03,36,280,0.017223349941563635,16257
user,2022-03,37,292,0.01796149351048779,16257
user,2022-03,38,349,0.02146767546287753,16257
user,2022-03,39,351,0.021590699391031556,16257
user,2022-03,40,288,0.017715445654179738,16257
user,2022-03,41,311,0.019130220827951037,16257
user,2022-03,42,291,0.017899981546410777,16257
user,2022-03,43,299,0.01839207725902688,16257
user,2022-03,44,435,0.026757704373500647,16257
user,2022-03,45,251,0.015439502983330258,16257
user,2022-03,46,387,0.023805130097804023,16257
user,2022-03,47,353,0.02171372331918558,16257
user,2022-03,48,317,0.019499292612413115,16257
user,2022-03,49,305,0.01876114904348896,16257
user,2022-04,0,360,0.02301201738685758,15644
user,2022-04,1,273,0.01745077985170033,15644
user,2022-04,2,294,0.01879314753260036,15644
user,2022-04,3,303,0.019368447967271798,15644
user,2022-04,4,365,0.023331628739452825,15644
user,2022-04,5,272,0.017386857581181282,15644
user,2022-04,6,373,0.023843006903605215,15644
user,2022-04,7,323,0.020646893377652773,15644
user,2022-04,8,370,0.02365124009204807,15644
user,2022-04,9,310,0.019815903860905138,15644
user,2022-04,10,295,0.01885706980311941,15644
user,2022-04,11,301,0.0192406034262337,15644
user,2022-04,12,313,0.020007670672462285,15644
user,2022-04,13,358,0.022884172845819485,15644
user,2022-04,14,485,0.031002301201738684,15644
user,2022-04,15,282,0.018026080286371773,15644
user,2022-04,16,291,0.018601380721043212,15644
user,2022-04,17,270,0.017259013040143188,15644
user,2022-04,18,287,0.018345691638967015,15644
user,2022-04,19,185,0.011825620046024036,15644
user,2022-04,20,301,0.0192406034262337,15644
user,2022-04,21,263,0.016811557146509844,15644
user,2022-04,22,353,0.02256456149322424,15644
user,2022-04,23,274,0.01751470212221938,15644
user,2022-04,24,237,0.015149578113014574,15644
user,2022-04,25,365,0.023331628739452825,15644
user,2022-04,26,395,0.025249296855024292,15644
user,2022-04,27,252,0.016108412170800307,15644
user,2022-04,28,334,0.02135003835336231,15644
user,2022-04,29,325,0.02077473791869087,15644
user,2022-04,30,339,0.021669649705957555,15644
user,2022-04,31,253,0.016172334441319356,15644
user,2022-04,32,259,0.016555868064433647,15644
user,2022-04,33,208,0.013295832267962158,15644
user,2022-04,34,383,0.024482229608795706,15644
user,2022-04,35,436,0.02787010994630529,15644
user,2022-04,36,284,0.018153924827409868,15644
user,2022-04,37,267,0.01706724622858604,15644
user,2022-04,38,318,0.02032728202505753,15644
user,2022-04,39,342,0.021861416517514703,15644
user,2022-04,40,262,0.016747634875990795,15644
user,2022-04,41,331,0.021158271541805166,15644
user,2022-04,42,299,0.0191127588851956,15644
user,2022-04,43,310,0.019815903860905138,15644
user,2022-04,44,387,0.0247379186908719,15644
user,2022-04,45,236,0.015085655842495525,15644
user,2022-04,46,398,0.025441063666581436,15644
user,2022-04,47,350,0.022372794681667092,15644
user,2022-04,48,273,0.01745077985170033,15644
user,2022-04,49,300,0.01917668115571465,15644
user,2022-05,0,575,0.026404004224640676,21777
user,2022-05,1,382,0.01754144280663085,21777
user,2022-05,2,429,0.019699683151949303,21777
user,2022-05,3,448,0.020572163291546125,21777
user,2022-05,4,472,0.021674243467878954,21777
user,2022-05,5,359,0.016485282637645222,21777
user,2022-05,6,450,0.02066400330624053,21777
user,2022-05,7,435,0.01997520319603251,21777
user,2022-05,8,463,0.021260963401754145,21777
user,2022-05,9,387,0.017771042843366856,21777
user,2022-05,10,419,0.019240483078477293,21777
user,2022-05,11,422,0.019378243100518895,21777
user,2022-05,12,444,0.020388483262157323,21777
user,2022-05,13,502,0.02305184368829499,21777
user,2022-05,14,641,0.029434724709555955,21777
user,2022-05,15,347,0.015934242549478807,21777
user,2022-05,16,394,0.018092482894797264,21777
user,2022-05,17,408,0.01873536299765808,21777
user,2022-05,18,428,0.019653763144602102,21777
user,2022-05,19,360,0.016531202644992422,21777
user,2022-05,20,450,0.02066400330624053,21777
user,2022-05,21,412,0.018919043027046886,21777
user,2022-05,22,486,0.022317123570739773,21777
user,2022-05,23,355,0.016301602608256416,21777
user,2022-05,24,360,0.016531202644992422,21777
user,2022-05,25,526,0.024153923864627818,21777
user,2022-05,26,546,0.02507232401157184,21777
user,2022-05,27,402,0.018459842953574872,21777
user,2022-05,28,443,0.020342563254810122,21777
user,2022-05,29,426,0.0195619231299077,21777
user,2022-05,30,423,0.019424163107866096,21777
user,2022-05,31,337,0.015475042476006796,21777
user,2022-05,32,324,0.014878082380493181,21777
user,2022-05,33,340,0.0156128024980484,21777
user,2022-05,34,489,0.022454883592781374,21777
user,2022-05,35,588,0.02700096432015429,21777
user,2022-05,36,351,0.016117922578867613,21777
user,2022-05,37,348,0.015980162556826008,21777
user,2022-05,38,452,0.02075584332093493,21777
user,2022-05,39,519,0.02383248381319741,21777
user,2022-05,40,337,0.015475042476006796,21777
user,2022-05,41,400,0.01836800293888047,21777
user,2022-05,42,382,0.01754144280663085,21777
user,2022-05,43,438,0.020112963218074115,21777
user,2022-05,44,591,0.027138724342195896,21777
user,2022-05,45,312,0.014327042292326767,21777
user,2022-05,46,550,0.025256004040960647,21777
user,2022-05,47,505,0.023189603710336595,21777
user,2022-05,48,471,0.021628323460531753,21777
user,2022-05,49,449,0.02061808329889333,21777
user,2022-06,0,128,0.020447284345047924,6260
user,2022-06,1,167,0.026677316293929713,6260
user,2022-06,2,162,0.02587859424920128,6260
user,2022-06,3,192,0.030670926517571886,6260
user,2022-06,4,121,0.019329073482428114,6260
user,2022-06,5,75,0.011980830670926517,6260
user,2022-06,6,108,0.017252396166134186,6260
user,2022-06,7,130,0.020766773162939296,6260
user,2022-06,8,141,0.02252396166134185,6260
user,2022-06,9,112,0.017891373801916934,6260
user,2022-06,10,162,0.02587859424920128,6260
user,2022-06,11,129,0.02060702875399361,6260
user,2022-06,12,102,0.016293929712460065,6260
user,2022-06,13,120,0.019169329073482427,6260
user,2022-06,14,188,0.030031948881789138,6260
user,2022-06,15,108,0.017252396166134186,6260
user,2022-06,16,100,0.01597444089456869,6260
user,2022-06,17,126,0.020127795527156548,6260
user,2022-06,18,96,0.015335463258785943,6260
user,2022-06,19,116,0.01853035143769968,6260
user,2022-06,20,111,0.017731629392971245,6260
user,2022-06,21,85,0.013578274760383386,6260
user,2022-06,22,184,0.02939297124600639,6260
user,2022-06,23,99,0.015814696485623003,6260
user,2022-06,24,130,0.020766773162939296,6260
user,2022-06,25,97,0.015495207667731629,6260
user,2022-06,26,145,0.0231629392971246,6260
user,2022-06,27,140,0.022364217252396165,6260
user,2022-06,28,148,0.023642172523961662,6260
user,2022-06,29,132,0.021086261980830672,6260
user,2022-06,30,102,0.016293929712460065,6260
user,2022-06,31,123,0.01964856230031949,6260
user,2022-06,32,143,0.022843450479233227,6260
user,2022-06,33,108,0.017252396166134186,6260
user,2022-06,34,139,0.02220447284345048,6260
user,2022-06,35,124,0.019808306709265176,6260
user,2022-06,36,130,0.020766773162939296,6260
user,2022-06,37,98,0.015654952076677317,6260
user,2022-06,38,150,0.023961661341853034,6260
user,2022-06,39,85,0.013578274760383386,6260
user,2022-06,40,95,0.015175718849840255,6260
user,2022-06,41,138,0.022044728434504793,6260
user,2022-06,42,126,0.020127795527156548,6260
user,2022-06,43,108,0.017252396166134186,6260
user,2022-06,44,144,0.023003194888178913,6260
user,2022-06,45,98,0.015654952076677317,6260
user,2022-06,46,103,0.01645367412140575,6260
user,2022-06,47,133,0.02124600638977636,6260
user,2022-06,48,130,0.020766773162939296,6260
user,2022-06,49,129,0.02060702875399361,6260
user,2022-07,0,120,0.015278838808250574,7854
user,2022-07,1,245,0.031194295900178252,7854
user,2022-07,2,261,0.033231474407944994,7854
user,2022-07,3,290,0.03692386045327222,7854
user,2022-07,4,191,0.024318818436465495,7854
user,2022-07,5,112,0.0142602495543672,7854
user,2022-07,6,142,0.018079959256429846,7854
user,2022-07,7,125,0.01591545709192768,7854
user,2022-07,8,170,0.021645021645021644,7854
user,2022-07,9,146,0.01858925388337153,7854
user,2022-07,10,195,0.02482811306340718,7854
user,2022-07,11,198,0.025210084033613446,7854
user,2022-07,12,115,0.014642220524573465,7854
user,2022-07,13,142,0.018079959256429846,7854
user,2022-07,14,202,0.025719378660555132,7854
user,2022-07,15,92,0.011713776419658773,7854
user,2022-07,16,126,0.016042780748663103,7854
user,2022-07,17,172,0.021899668958492487,7854
user,2022-07,18,107,0.013623631270690094,7854
user,2022-07,19,183,0.023300229182582125,7854
user,2022-07,20,151,0.019225872167048637,7854
user,2022-07,21,100,0.012732365673542145,7854
user,2022-07,22,225,0.028647822765469823,7854
user,2022-07,23,124,0.01578813343519226,7854
user,2022-07,24,162,0.020626432391138275,7854
user,2022-07,25,146,0.01858925388337153,7854
user,2022-07,26,190,0.024191494779730073,7854
user,2022-07,27,174,0.02215431627196333,7854
user,2022-07,28,185,0.023554876496052965,7854
user,2022-07,29,200,0.02546473134708429,7854
user,2022-07,30,131,0.016679399032340208,7854
user,2022-07,31,139,0.01769798828622358,7854
user,2022-07,32,197,0.025082760376878024,7854
user,2022-07,33,124,0.01578813343519226,7854
user,2022-07,34,144,0.01833460656990069,7854
user,2022-07,35,126,0.016042780748663103,7854
user,2022-07,36,154,0.0196078431372549,7854
user,2022-07,37,97,0.01235039470333588,7854
user,2022-07,38,203,0.025846702317290554,7854
user,2022-07,39,96,0.012223071046600458,7854
user,2022-07,40,110,0.014005602240896359,7854
user,2022-07,41,147,0.01871657754010695,7854
user,2022-07,42,176,0.022408963585434174,7854
user,2022-07,43,126,0.016042780748663103,7854
user,2022-07,44,152,0.01935319582378406,7854
user,2022-07,45,105,0.013368983957219251,7854
user,2022-07,46,151,0.019225872167048637,7854
user,2022-07,47,158,0.020117137764196588,7854
user,2022-07,48,188,0.02393684746625923,7854
user,2022-07,49,139,0.01769798828622358,7854
user,2022-08,0,280,0.02332167249708479,12006
user,2022-08,1,237,0.019740129935032484,12006
user,2022-08,2,270,0.022488755622188907,12006
user,2022-08,3,342,0.02848575712143928,12006
user,2022-08,4,270,0.022488755622188907,12006
user,2022-08,5,176,0.014659336998167584,12006
user,2022-08,6,269,0.02240546393469932,12006
user,2022-08,7,218,0.0181575878727303,12006
user,2022-08,8,302,0.025154089621855738,12006
user,2022-08,9,229,0.019073796435115774,12006
user,2022-08,10,248,0.020656338497417957,12006
user,2022-08,11,266,0.022155588872230552,12006
user,2022-08,12,201,0.016741629185407298,12006
user,2022-08,13,218,0.0181575878727303,12006
user,2022-08,14,313,0.02607029818424121,12006
user,2022-08,15,148,0.012327169748459104,12006
user,2022-08,16,201,0.016741629185407298,12006
user,2022-08,17,227,0.0189072130601366,12006
user,2022-08,18,250,0.020822921872397135,12006
user,2022-08,19,217,0.018074296185240712,12006
user,2022-08,20,204,0.01699150424787606,12006
user,2022-08,21,205,0.01707479593536565,12006
user,2022-08,22,284,0.023654839247043147,12006
user,2022-08,23,181,0.015075795435615526,12006
user,2022-08,24,232,0.01932367149758454,12006
user,2022-08,25,280,0.02332167249708479,12006
user,2022-08,26,270,0.022488755622188907,12006
user,2022-08,27,263,0.021905713809761786,12006
user,2022-08,28,239,0.01990671331001166,12006
user,2022-08,29,251,0.020906213559886724,12006
user,2022-08,30,186,0.015492253873063468,12006
user,2022-08,31,224,0.018657337997667833,12006
user,2022-08,32,249,0.020739630184907546,12006
user,2022-08,33,182,0.015159087123105115,12006
user,2022-08,34,261,0.021739130434782608,12006
user,2022-08,35,261,0.021739130434782608,12006
user,2022-08,36,192,0.015992003998001,12006
user,2022-08,37,178,0.01482592037314676,12006
user,2022-08,38,296,0.02465433949691821,12006
user,2022-08,39,213,0.01774112943528236,12006
user,2022-08,40,160,0.013326669998334166,12006
user,2022-08,41,210,0.017491254372813594,12006
user,2022-08,42,246,0.02048975512243878,12006
user,2022-08,43,263,0.021905713809761786,12006
user,2022-08,44,322,0.02681992337164751,12006
user,2022-08,45,184,0.01532567049808429,12006
user,2022-08,46,275,0.022905214059636848,12006
user,2022-08,47,299,0.02490421455938697,12006
user,2022-08,48,281,0.02340496418457438,12006
user,2022-08,49,233,0.01940696318507413,12006
user,2022-09,0,369,0.02572324851864761,14345
user,2022-09,1,326,0.022725688393168353,14345
user,2022-09,2,337,0.0234925060996863,14345
user,2022-09,3,414,0.028860230045311956,14345
user,2022-09,4,333,0.02321366329731614,14345
user,2022-09,5,206,0.014360404322063437,14345
user,2022-09,6,298,0.020773788776577203,14345
user,2022-09,7,226,0.015754618333914255,14345
user,2022-09,8,355,0.02474729871035204,14345
user,2022-09,9,270,0.018821889159986057,14345
user,2022-09,10,352,0.024538166608574417,14345
user,2022-09,11,297,0.020704078075984664,14345
user,2022-09,12,256,0.017845939351690484,14345
user,2022-09,13,299,0.020843499477169746,14345
user,2022-09,14,343,0.023910770303241548,14345
user,2022-09,15,182,0.012687347507842454,14345
user,2022-09,16,248,0.017288253746950158,14345
user,2022-09,17,312,0.021749738584872776,14345
user,2022-09,18,291,0.020285813872429417,14345
user,2022-09,19,235,0.016382014639247124,14345
user,2022-09,20,298,0.020773788776577203,14345
user,2022-09,21,280,0.01951899616591147,14345
user,2022-09,22,356,0.02481700941094458,14345
user,2022-09,23,206,0.014360404322063437,14345
user,2022-09,24,270,0.018821889159986057,14345
user,2022-09,25,298,0.020773788776577203,14345
user,2022-09,26,324,0.02258626699198327,14345
user,2022-09,27,300,0.020913210177762286,14345
user,2022-09,28,308,0.021470895782502615,14345
user,2022-09,29,308,0.021470895782502615,14345
user,2022-09,30,218,0.015196932729173928,14345
user,2022-09,31,247,0.017218543046357615,14345
user,2022-09,32,293,0.0204252352736145,14345
user,2022-09,33,194,0.013523875914952944,14345
user,2022-09,34,294,0.020494945974207042,14345
user,2022-09,35,323,0.022516556291390728,14345
user,2022-09,36,259,0.018055071453468106,14345
user,2022-09,37,203,0.014151272220285813,14345
user,2022-09,38,335,0.02335308469850122,14345
user,2022-09,39,282,0.019658417567096548,14345
user,2022-09,40,188,0.013105611711397699,14345
user,2022-09,41,252,0.01756709654932032,14345
user,2022-09,42,290,0.020216103171836877,14345
user,2022-09,43,282,0.019658417567096548,14345
user,2022-09,44,371,0.025862669919832694,14345
user,2022-09,45,191,0.013314743813175323,14345
user,2022-09,46,285,0.019867549668874173,14345
user,2022-09,47,334,0.02328337399790868,14345
user,2022-09,48,321,0.022377134890205645,14345
user,2022-09,49,286,0.019937260369466712,14345
user,2022-10,0,390,0.02492490573272832,15647
user,2022-10,1,360,0.023007605291749215,15647
user,2022-10,2,461,0.029462516776378858,15647
user,2022-10,3,457,0.029206876717581647,15647
user,2022-10,4,332,0.021218124880168724,15647
user,2022-10,5,205,0.013101553013357192,15647
user,2022-10,6,306,0.019556464497986835,15647
user,2022-10,7,268,0.017127883939413308,15647
user,2022-10,8,438,0.02799258643829488,15647
user,2022-10,9,281,0.01795871413050425,15647
user,2022-10,10,311,0.01987601457148335,15647
user,2022-10,11,359,0.022943695277049914,15647
user,2022-10,12,270,0.017255703968811913,15647
user,2022-10,13,332,0.021218124880168724,15647
user,2022-10,14,369,0.023582795424042947,15647
user,2022-10,15,198,0.01265418291046207,15647
user,2022-10,16,262,0.016744423851217487,15647
user,2022-10,17,311,0.01987601457148335,15647
user,2022-10,18,323,0.020642934747874993,15647
user,2022-10,19,248,0.01584968364542724,15647
user,2022-10,20,277,0.017703074071707035,15647
user,2022-10,21,263,0.016808333865916788,15647
user,2022-10,22,416,0.026586566114910205,15647
user,2022-10,23,247,0.015785773630727935,15647
user,2022-10,24,303,0.019364734453888924,15647
user,2022-10,25,319,0.020387294689077778,15647
user,2022-10,26,351,0.022432415159455488,15647
user,2022-10,27,312,0.019939924586182656,15647
user,2022-10,28,306,0.019556464497986835,15647
user,2022-10,29,310,0.019812104556784046,15647
user,2022-10,30,267,0.017063973924714003,15647
user,2022-10,31,304,0.01942864446858823,15647
user,2022-10,32,368,0.023518885409343646,15647
user,2022-10,33,241,0.015402313542532116,15647
user,2022-10,34,325,0.0207707547772736,15647
user,2022-10,35,360,0.023007605291749215,15647
user,2022-10,36,283,0.018086534159902856,15647
user,2022-10,37,217,0.013868473189748834,15647
user,2022-10,38,380,0.024285805585735284,15647
user,2022-10,39,293,0.018725634306895892,15647
user,2022-10,40,196,0.012526362881063463,15647
user,2022-10,41,252,0.01610532370422445,15647
user,2022-10,42,329,0.021026394836070814,15647
user,2022-10,43,295,0.018853454336294498,15647
user,2022-10,44,409,0.026139196012015083,15647
user,2022-10,45,263,0.016808333865916788,15647
user,2022-10,46,290,0.01853390426279798,15647
user,2022-10,47,346,0.02211286508595897,15647
user,2022-10,48,356,0.022751965232952004,15647
user,2022-10,49,288,0.018406084233399372,15647
user,2022-11,0,405,0.024118627918056218,16792
user,2022-11,1,360,0.021438780371605525,16792
user,2022-11,2,438,0.026083849452120056,16792
user,2022-11,3,441,0.02626250595521677,16792
user,2022-11,4,378,0.022510719390185802,16792
user,2022-11,5,233,0.013875655073844688,16792
user,2022-11,6,335,0.01994997617913292,16792
user,2022-11,7,266,0.01584087660790853,16792
user,2022-11,8,417,0.02483325393044307,16792
user,2022-11,9,239,0.014232968080038114,16792
user,2022-11,10,368,0.02191519771319676,16792
user,2022-11,11,396,0.02358265840876608,16792
user,2022-11,12,323,0.01923535016674607,16792
user,2022-11,13,341,0.020307289185326347,16792
user,2022-11,14,436,0.025964745116722247,16792
user,2022-11,15,255,0.01518580276322058,16792
user,2022-11,16,292,0.017389232968080037,16792
user,2022-11,17,371,0.022093854216293472,16792
user,2022-11,18,341,0.020307289185326347,16792
user,2022-11,19,272,0.016198189614101955,16792
user,2022-11,20,311,0.01852072415435922,16792
user,2022-11,21,287,0.017091472129585516,16792
user,2022-11,22,383,0.022808480228680324,16792
user,2022-11,23,273,0.016257741781800856,16792
user,2022-11,24,298,0.017746545974273463,16792
user,2022-11,25,372,0.022153406383992377,16792
user,2022-11,26,368,0.02191519771319676,16792
user,2022-11,27,357,0.021260123868508812,16792
user,2022-11,28,342,0.02036684135302525,16792
user,2022-11,29,328,0.01953311100524059,16792
user,2022-11,30,290,0.01727012863268223,16792
user,2022-11,31,305,0.018163411148165793,16792
user,2022-11,32,330,0.0196522153406384,16792
user,2022-11,33,248,0.014768937589328252,16792
user,2022-11,34,377,0.022451167222486898,16792
user,2022-11,35,427,0.025428775607432112,16792
user,2022-11,36,283,0.0168532634587899,16792
user,2022-11,37,243,0.01447117675083373,16792
user,2022-11,38,403,0.02399952358265841,16792
user,2022-11,39,318,0.01893758932825155,16792
user,2022-11,40,203,0.012089090042877561,16792
user,2022-11,41,301,0.017925202477370176,16792
user,2022-11,42,355,0.021141019533111004,16792
user,2022-11,43,363,0.021617436874702238,16792
user,2022-11,44,432,0.02572653644592663,16792
user,2022-11,45,259,0.015424011434016198,16792
user,2022-11,46,379,0.022570271557884707,16792
user,2022-11,47,355,0.021141019533111004,16792
user,2022-11,48,378,0.022510719390185802,16792
user,2022-11,49,317,0.018878037160552644,16792
user,2022-12,0,480,0.0239389556630592,20051
user,2022-12,1,386,0.01925091017904344,20051
user,2022-12,2,430,0.0214453144481572,20051
user,2022-12,3,510,0.0254351403920004,20051
user,2022-12,4,431,0.021495187272455238,20051
user,2022-12,5,305,0.0152112114109022,20051
user,2022-12,6,405,0.0201984938407062,20051
user,2022-12,7,323,0.01610892224826692,20051
user,2022-12,8,527,0.02628297840506708,20051
user,2022-12,9,345,0.0172061243828238,20051
user,2022-12,10,351,0.01750536132861204,20051
user,2022-12,11,465,0.023190863298588597,20051
user,2022-12,12,419,0.02089671338087876,20051
user,2022-12,13,429,0.02139544162385916,20051
user,2022-12,14,557,0.02777916313400828,20051
user,2022-12,15,279,0.013914517979153159,20051
user,2022-12,16,330,0.0164580320183532,20051
user,2022-12,17,382,0.01905141888185128,20051
user,2022-12,18,400,0.019949129719216,20051
user,2022-12,19,330,0.0164580320183532,20051
user,2022-12,20,402,0.02004887536781208,20051
user,2022-12,21,344,0.017156251558525758,20051
user,2022-12,22,457,0.02279188070420428,20051
user,2022-12,23,325,0.016208667896863,20051
user,2022-12,24,353,0.01760510697720812,20051
user,2022-12,25,508,0.025335394743404318,20051
user,2022-12,26,449,0.02239289810981996,20051
user,2022-12,27,431,0.021495187272455238,20051
user,2022-12,28,361,0.01800408957159244,20051
user,2022-12,29,435,0.0216946785696474,20051
user,2022-12,30,255,0.0127175701960002,20051
user,2022-12,31,311,0.015510448356690439,20051
user,2022-12,32,371,0.018502817814572838,20051
user,2022-12,33,308,0.015360829883796319,20051
user,2022-12,34,475,0.023689591541568997,20051
user,2022-12,35,498,0.024836666500423918,20051
user,2022-12,36,381,0.019001546057553238,20051
user,2022-12,37,271,0.013515535384768839,20051
user,2022-12,38,460,0.0229414991770984,20051
user,2022-12,39,444,0.02214353398832976,20051
user,2022-12,40,297,0.01481222881651788,20051
user,2022-12,41,335,0.0167073961398434,20051
user,2022-12,42,456,0.02274200787990624,20051
user,2022-12,43,372,0.01855269063887088,20051
user,2022-12,44,567,0.02827789137698868,20051
user,2022-12,45,288,0.01436337339783552,20051
user,2022-12,46,463,0.02309111764999252,20051
user,2022-12,47,506,0.02523564909480824,20051
user,2022-12,48,452,0.02254251658271408,20051
user,2022-12,49,392,0.01955014712483168,20051
user,2023-01,0,140,0.019185966835685898,7297
user,2023-01,1,204,0.027956694531999452,7297
user,2023-01,2,191,0.02617514046868576,7297
user,2023-01,3,234,0.03206797313964643,7297
user,2023-01,4,186,0.025489927367411264,7297
user,2023-01,5,107,0.014663560367274222,7297
user,2023-01,6,116,0.015896943949568317,7297
user,2023-01,7,103,0.014115389886254626,7297
user,2023-01,8,171,0.023434288063587775,7297
user,2023-01,9,129,0.017678498012882005,7297
user,2023-01,10,184,0.025215842126901467,7297
user,2023-01,11,162,0.022200904481293682,7297
user,2023-01,12,129,0.017678498012882005,7297
user,2023-01,13,152,0.02083047827874469,7297
user,2023-01,14,184,0.025215842126901467,7297
user,2023-01,15,78,0.010689324379882143,7297
user,2023-01,16,115,0.015759901329313417,7297
user,2023-01,17,174,0.023845415924352475,7297
user,2023-01,18,139,0.019048924215430998,7297
user,2023-01,19,116,0.015896943949568317,7297
user,2023-01,20,144,0.019734137316705494,7297
user,2023-01,21,102,0.013978347265999726,7297
user,2023-01,22,218,0.02987529121556804,7297
user,2023-01,23,83,0.01137453748115664,7297
user,2023-01,24,175,0.02398245854460737,7297
user,2023-01,25,153,0.02096752089899959,7297
user,2023-01,26,152,0.02083047827874469,7297
user,2023-01,27,172,0.023571330683842675,7297
user,2023-01,28,158,0.021652734000274086,7297
user,2023-01,29,175,0.02398245854460737,7297
user,2023-01,30,106,0.014526517747019322,7297
user,2023-01,31,128,0.017541455392627105,7297
user,2023-01,32,207,0.02836782239276415,7297
user,2023-01,33,125,0.01713032753186241,7297
user,2023-01,34,171,0.023434288063587775,7297
user,2023-01,35,120,0.016445114430587913,7297
user,2023-01,36,117,0.016033986569823216,7297
user,2023-01,37,102,0.013978347265999726,7297
user,2023-01,38,202,0.027682609291489652,7297
user,2023-01,39,112,0.015348773468548719,7297
user,2023-01,40,96,0.01315609154447033,7297
user,2023-01,41,166,0.02274907496231328,7297
user,2023-01,42,164,0.022474989721803482,7297
user,2023-01,43,108,0.014800602987529122,7297
user,2023-01,44,159,0.021789776620528986,7297
user,2023-01,45,92,0.012607921063450734,7297
user,2023-01,46,109,0.01493764560778402,7297
user,2023-01,47,150,0.02055639303823489,7297
user,2023-01,48,142,0.019460052076195698,7297
user,2023-01,49,175,0.02398245854460737,7297
user,2023-02,0,86,0.015696294944332907,5479
user,2023-02,1,166,0.030297499543712355,5479
user,2023-02,2,162,0.029567439313743383,5479
user,2023-02,3,192,0.03504289103851068,5479
user,2023-02,4,132,0.02409198758897609,5479
user,2023-02,5,82,0.014966234714363934,5479
user,2023-02,6,104,0.018981565979193284,5479
user,2023-02,7,77,0.01405365942690272,5479
user,2023-02,8,129,0.02354444241649936,5479
user,2023-02,9,96,0.01752144551925534,5479
user,2023-02,10,113,0.02062420149662347,5479
user,2023-02,11,120,0.021901806899069173,5479
user,2023-02,12,83,0.015148749771856177,5479
user,2023-02,13,107,0.01952911115167001,5479
user,2023-02,14,147,0.026829713451359736,5479
user,2023-02,15,54,0.009855813104581128,5479
user,2023-02,16,93,0.01697390034677861,5479
user,2023-02,17,120,0.021901806899069173,5479
user,2023-02,18,124,0.022631867129038145,5479
user,2023-02,19,96,0.01752144551925534,5479
user,2023-02,20,100,0.018251505749224312,5479
user,2023-02,21,87,0.01587881000182515,5479
user,2023-02,22,153,0.027924803796313197,5479
user,2023-02,23,83,0.015148749771856177,5479
user,2023-02,24,132,0.02409198758897609,5479
user,2023-02,25,95,0.017338930461763095,5479
user,2023-02,26,110,0.020076656324146742,5479
user,2023-02,27,113,0.02062420149662347,5479
user,2023-02,28,117,0.021354261726592445,5479
user,2023-02,29,127,0.023179412301514875,5479
user,2023-02,30,79,0.014418689541887205,5479
user,2023-02,31,94,0.01715641540427085,5479
user,2023-02,32,135,0.02463953276145282,5479
user,2023-02,33,83,0.015148749771856177,5479
user,2023-02,34,99,0.018068990691732068,5479
user,2023-02,35,93,0.01697390034677861,5479
user,2023-02,36,98,0.017886475634239826,5479
user,2023-02,37,78,0.014236174484394962,5479
user,2023-02,38,129,0.02354444241649936,5479
user,2023-02,39,89,0.016243840116809637,5479
user,2023-02,40,95,0.017338930461763095,5479
user,2023-02,41,96,0.01752144551925534,5479
user,2023-02,42,121,0.022084321956561417,5479
user,2023-02,43,110,0.020076656324146742,5479
user,2023-02,44,137,0.025004562876437306,5479
user,2023-02,45,78,0.014236174484394962,5479
user,2023-02,46,105,0.019164081036685526,5479
user,2023-02,47,127,0.023179412301514875,5479
user,2023-02,48,122,0.02226683701405366,5479
user,2023-02,49,111,0.020259171381638984,5479
user,2023-03,0,132,0.017732401934443847,7444
user,2023-03,1,217,0.029150994089199356,7444
user,2023-03,2,203,0.027270284793121977,7444
user,2023-03,3,279,0.03747984954325631,7444
user,2023-03,4,178,0.023911875335840944,7444
user,2023-03,5,94,0.01262761955937668,7444
user,2023-03,6,126,0.0169263836646964,7444
user,2023-03,7,99,0.013299301450832886,7444
user,2023-03,8,174,0.02337452982267598,7444
user,2023-03,9,155,0.020822138635142397,7444
user,2023-03,10,200,0.026867275658248254,7444
user,2023-03,11,182,0.02444922084900591,7444
user,2023-03,12,106,0.014239656098871574,7444
user,2023-03,13,130,0.017463729177861365,7444
user,2023-03,14,171,0.02297152068780226,7444
user,2023-03,15,74,0.009940891993551854,7444
user,2023-03,16,117,0.015717356260075227,7444
user,2023-03,17,155,0.020822138635142397,7444
user,2023-03,18,160,0.021493820526598602,7444
user,2023-03,19,132,0.017732401934443847,7444
user,2023-03,20,125,0.016792047286405157,7444
user,2023-03,21,90,0.012090274046211715,7444
user,2023-03,22,212,0.028479312197743148,7444
user,2023-03,23,89,0.011955937667920472,7444
user,2023-03,24,137,0.018404083825900055,7444
user,2023-03,25,117,0.015717356260075227,7444
user,2023-03,26,157,0.02109081139172488,7444
user,2023-03,27,158,0.02122514777001612,7444
user,2023-03,28,144,0.01934443847393874,7444
user,2023-03,29,166,0.02229983879634605,7444
user,2023-03,30,105,0.014105319720580333,7444
user,2023-03,31,125,0.016792047286405157,7444
user,2023-03,32,192,0.025792584631918324,7444
user,2023-03,33,114,0.015314347125201504,7444
user,2023-03,34,162,0.021762493283181087,7444
user,2023-03,35,133,0.017866738312735088,7444
user,2023-03,36,150,0.02015045674368619,7444
user,2023-03,37,105,0.014105319720580333,7444
user,2023-03,38,208,0.027941966684578184,7444
user,2023-03,39,89,0.011955937667920472,7444
user,2023-03,40,93,0.012493283181085437,7444
user,2023-03,41,130,0.017463729177861365,7444
user,2023-03,42,171,0.02297152068780226,7444
user,2023-03,43,137,0.018404083825900055,7444
user,2023-03,44,365,0.04903277807630306,7444
user,2023-03,45,100,0.013433637829124127,7444
user,2023-03,46,130,0.017463729177861365,7444
user,2023-03,47,137,0.018404083825900055,7444
user,2023-03,48,160,0.021493820526598602,7444
user,2023-03,49,159,0.02135948414830736,7444
user,2023-04,0,128,0.017388941719875015,7361
user,2023-04,1,232,0.03151745686727347,7361
user,2023-04,2,241,0.03274011683195218,7361
user,2023-04,3,265,0.03600054340442874,7361
user,2023-04,4,186,0.025268305936693384,7361
user,2023-04,5,100,0.013585110718652357,7361
user,2023-04,6,125,0.016981388398315447,7361
user,2023-04,7,89,0.012090748539600597,7361
user,2023-04,8,163,0.02214373047140334,7361
user,2023-04,9,150,0.020377666077978536,7361
user,2023-04,10,168,0.022822986007335958,7361
user,2023-04,11,174,0.023638092650455102,7361
user,2023-04,12,121,0.01643798396956935,7361
user,2023-04,13,129,0.01752479282706154,7361
user,2023-04,14,177,0.02404564597201467,7361
user,2023-04,15,86,0.011683195218041027,7361
user,2023-04,16,121,0.01643798396956935,7361
user,2023-04,17,156,0.021192772721097677,7361
user,2023-04,18,134,0.01820404836299416,7361
user,2023-04,19,148,0.020105963863605487,7361
user,2023-04,20,114,0.015487026219263686,7361
user,2023-04,21,101,0.01372096182583888,7361
user,2023-04,22,230,0.031245754652900422,7361
user,2023-04,23,99,0.013449259611465833,7361
user,2023-04,24,163,0.02214373047140334,7361
user,2023-04,25,119,0.016166281755196306,7361
user,2023-04,26,138,0.01874745279174025,7361
user,2023-04,27,175,0.023773943757641625,7361
user,2023-04,28,148,0.020105963863605487,7361
user,2023-04,29,156,0.021192772721097677,7361
user,2023-04,30,118,0.016030430648009783,7361
user,2023-04,31,147,0.019970112756418964,7361
user,2023-04,32,182,0.02472490150794729,7361
user,2023-04,33,126,0.01711723950550197,7361
user,2023-04,34,145,0.019698410542045918,7361
user,2023-04,35,131,0.017796495041434587,7361
user,2023-04,36,148,0.020105963863605487,7361
user,2023-04,37,95,0.01290585518271974,7361
user,2023-04,38,194,0.026355114794185574,7361
user,2023-04,39,111,0.015079472897704116,7361
user,2023-04,40,108,0.014671919576144546,7361
user,2023-04,41,153,0.020785219399538105,7361
user,2023-04,42,168,0.022822986007335958,7361
user,2023-04,43,109,0.014807770683331068,7361
user,2023-04,44,235,0.031925010188833036,7361
user,2023-04,45,91,0.012362450753973644,7361
user,2023-04,46,119,0.016166281755196306,7361
user,2023-04,47,141,0.019155006113299823,7361
user,2023-04,48,154,0.02092107050672463,7361
user,2023-04,49,150,0.020377666077978536,7361
user,2023-05,0,102,0.018385003604902667,5548
user,2023-05,1,160,0.02883922134102379,5548
user,2023-05,2,173,0.031182408074981974,5548
user,2023-05,3,205,0.03695025234318673,5548
user,2023-05,4,133,0.023972602739726026,5548
user,2023-05,5,68,0.012256669069935111,5548
user,2023-05,6,106,0.01910598413842826,5548
user,2023-05,7,76,0.0136986301369863,5548
user,2023-05,8,144,0.02595529920692141,5548
user,2023-05,9,93,0.01676279740447008,5548
user,2023-05,10,120,0.021629416005767843,5548
user,2023-05,11,133,0.023972602739726026,5548
user,2023-05,12,82,0.014780100937274693,5548
user,2023-05,13,106,0.01910598413842826,5548
user,2023-05,14,148,0.026676279740447006,5548
user,2023-05,15,67,0.012076423936553712,5548
user,2023-05,16,103,0.018565248738284065,5548
user,2023-05,17,129,0.02325162220620043,5548
user,2023-05,18,104,0.018745493871665464,5548
user,2023-05,19,93,0.01676279740447008,5548
user,2023-05,20,96,0.017303532804614274,5548
user,2023-05,21,72,0.012977649603460706,5548
user,2023-05,22,168,0.03028118240807498,5548
user,2023-05,23,72,0.012977649603460706,5548
user,2023-05,24,103,0.018565248738284065,5548
user,2023-05,25,87,0.015681326604181686,5548
user,2023-05,26,130,0.02343186733958183,5548
user,2023-05,27,115,0.02072819033886085,5548
user,2023-05,28,108,0.01946647440519106,5548
user,2023-05,29,128,0.023071377072819033,5548
user,2023-05,30,82,0.014780100937274693,5548
user,2023-05,31,123,0.02217015140591204,5548
user,2023-05,32,144,0.02595529920692141,5548
user,2023-05,33,78,0.014059120403749098,5548
user,2023-05,34,107,0.01928622927180966,5548
user,2023-05,35,98,0.017664023071377072,5548
user,2023-05,36,115,0.02072819033886085,5548
user,2023-05,37,77,0.0138788752703677,5548
user,2023-05,38,137,0.02469358327325162,5548
user,2023-05,39,93,0.01676279740447008,5548
user,2023-05,40,83,0.014960346070656091,5548
user,2023-05,41,108,0.01946647440519106,5548
user,2023-05,42,127,0.022891131939437634,5548
user,2023-05,43,80,0.014419610670511895,5548
user,2023-05,44,107,0.01928622927180966,5548
user,2023-05,45,91,0.01640230713770728,5548
user,2023-05,46,91,0.01640230713770728,5548
user,2023-05,47,113,0.020367700072098052,5548
user,2023-05,48,139,0.025054073540014418,5548
user,2023-05,49,131,0.02361211247296323,5548
user,2023-06,0,92,0.016757741347905284,5490
user,2023-06,1,169,0.030783242258652095,5490
user,2023-06,2,150,0.0273224043715847,5490
user,2023-06,3,238,0.043351548269581056,5490
user,2023-06,4,134,0.024408014571948997,5490
user,2023-06,5,72,0.013114754098360656,5490
user,2023-06,6,120,0.02185792349726776,5490
user,2023-06,7,85,0.015482695810564663,5490
user,2023-06,8,161,0.029326047358834244,5490
user,2023-06,9,108,0.019672131147540985,5490
user,2023-06,10,131,0.023861566484517305,5490
user,2023-06,11,142,0.025865209471766848,5490
user,2023-06,12,86,0.015664845173041893,5490
user,2023-06,13,97,0.01766848816029144,5490
user,2023-06,14,121,0.02204007285974499,5490
user,2023-06,15,51,0.009289617486338797,5490
user,2023-06,16,76,0.013843351548269581,5490
user,2023-06,17,124,0.022586520947176687,5490
user,2023-06,18,114,0.020765027322404372,5490
user,2023-06,19,114,0.020765027322404372,5490
user,2023-06,20,98,0.01785063752276867,5490
user,2023-06,21,82,0.01493624772313297,5490
user,2023-06,22,152,0.027686703096539162,5490
user,2023-06,23,59,0.010746812386156648,5490
user,2023-06,24,118,0.021493624772313296,5490
user,2023-06,25,100,0.018214936247723135,5490
user,2023-06,26,123,0.022404371584699455,5490
user,2023-06,27,124,0.022586520947176687,5490
user,2023-06,28,119,0.021675774134790528,5490
user,2023-06,29,125,0.022768670309653915,5490
user,2023-06,30,80,0.014571948998178506,5490
user,2023-06,31,80,0.014571948998178506,5490
user,2023-06,32,142,0.025865209471766848,5490
user,2023-06,33,66,0.012021857923497269,5490
user,2023-06,34,94,0.017122040072859744,5490
user,2023-06,35,92,0.016757741347905284,5490
user,2023-06,36,113,0.02058287795992714,5490
user,2023-06,37,70,0.012750455373406194,5490
user,2023-06,38,134,0.024408014571948997,5490
user,2023-06,39,82,0.01493624772313297,5490
user,2023-06,40,90,0.01639344262295082,5490
user,2023-06,41,119,0.021675774134790528,5490
user,2023-06,42,108,0.019672131147540985,5490
user,2023-06,43,93,0.016939890710382512,5490
user,2023-06,44,104,0.01894353369763206,5490
user,2023-06,45,62,0.011293260473588343,5490
user,2023-06,46,93,0.016939890710382512,5490
user,2023-06,47,120,0.02185792349726776,5490
user,2023-06,48,151,0.02750455373406193,5490
user,2023-06,49,112,0.02040072859744991,5490
user,2023-07,0,110,0.01949317738791423,5643
user,2023-07,1,173,0.03065745171008329,5643
user,2023-07,2,164,0.029062555378344852,5643
user,2023-07,3,214,0.037923090554669504,5643
user,2023-07,4,136,0.02410065567960305,5643
user,2023-07,5,85,0.015062909799751905,5643
user,2023-07,6,102,0.018075491759702286,5643
user,2023-07,7,78,0.013822434875066455,5643
user,2023-07,8,139,0.024632287790182526,5643
user,2023-07,9,109,0.019315966684387738,5643
user,2023-07,10,168,0.029771398192450824,5643
user,2023-07,11,131,0.023214602161970584,5643
user,2023-07,12,114,0.020202020202020204,5643
user,2023-07,13,125,0.022151337940811627,5643
user,2023-07,14,147,0.026049973418394472,5643
user,2023-07,15,73,0.012936381357433989,5643
user,2023-07,16,100,0.0177210703526493,5643
user,2023-07,17,128,0.022682970051391103,5643
user,2023-07,18,107,0.018961545277334752,5643
user,2023-07,19,102,0.018075491759702286,5643
user,2023-07,20,102,0.018075491759702286,5643
user,2023-07,21,82,0.014531277689172426,5643
user,2023-07,22,143,0.025341130604288498,5643
user,2023-07,23,79,0.013999645578592948,5643
user,2023-07,24,109,0.019315966684387738,5643
user,2023-07,25,93,0.01648059542796385,5643
user,2023-07,26,125,0.022151337940811627,5643
user,2023-07,27,125,0.022151337940811627,5643
user,2023-07,28,118,0.020910863016126175,5643
user,2023-07,29,138,0.024455077086656035,5643
user,2023-07,30,81,0.014354066985645933,5643
user,2023-07,31,86,0.015240120503278397,5643
user,2023-07,32,153,0.02711323763955343,5643
user,2023-07,33,95,0.016835016835016835,5643
user,2023-07,34,95,0.016835016835016835,5643
user,2023-07,35,91,0.016126174020910863,5643
user,2023-07,36,96,0.01701222753854333,5643
user,2023-07,37,65,0.011518695729222045,5643
user,2023-07,38,160,0.02835371256423888,5643
user,2023-07,39,64,0.011341485025695552,5643
user,2023-07,40,77,0.01364522417153996,5643
user,2023-07,41,112,0.019847598794967215,5643
user,2023-07,42,115,0.020379230905546695,5643
user,2023-07,43,92,0.016303384724437354,5643
user,2023-07,44,113,0.02002480949849371,5643
user,2023-07,45,63,0.011164274322169059,5643
user,2023-07,46,98,0.017366648945596315,5643
user,2023-07,47,115,0.020379230905546695,5643
user,2023-07,48,141,0.024986709197235512,5643
user,2023-07,49,112,0.019847598794967215,5643
user,2023-08,0,74,0.01543596161869003,4794
user,2023-08,1,159,0.03316645807259074,4794
user,2023-08,2,162,0.03379224030037547,4794
user,2023-08,3,177,0.036921151439299124,4794
user,2023-08,4,107,0.02231956612432207,4794
user,2023-08,5,63,0.013141426783479349,4794
user,2023-08,6,83,0.017313308302044222,4794
user,2023-08,7,57,0.011889862327909888,4794
user,2023-08,8,136,0.028368794326241134,4794
user,2023-08,9,89,0.018564872757613683,4794
user,2023-08,10,117,0.024405506883604506,4794
user,2023-08,11,111,0.023153942428035045,4794
user,2023-08,12,70,0.014601585314977055,4794
user,2023-08,13,79,0.016478931998331246,4794
user,2023-08,14,115,0.023988318731748018,4794
user,2023-08,15,56,0.011681268251981644,4794
user,2023-08,16,90,0.01877346683354193,4794
user,2023-08,17,108,0.02252816020025031,4794
user,2023-08,18,97,0.020233625365039632,4794
user,2023-08,19,92,0.019190654985398414,4794
user,2023-08,20,90,0.01877346683354193,4794
user,2023-08,21,51,0.010638297872340425,4794
user,2023-08,22,145,0.03024614100959533,4794
user,2023-08,23,80,0.016687526074259492,4794
user,2023-08,24,119,0.024822695035460994,4794
user,2023-08,25,79,0.016478931998331246,4794
user,2023-08,26,109,0.022736754276178557,4794
user,2023-08,27,112,0.023362536503963287,4794
user,2023-08,28,118,0.024614100959532748,4794
user,2023-08,29,111,0.023153942428035045,4794
user,2023-08,30,67,0.013975803087192323,4794
user,2023-08,31,77,0.01606174384647476,4794
user,2023-08,32,119,0.024822695035460994,4794
user,2023-08,33,61,0.012724238631622862,4794
user,2023-08,34,81,0.016896120150187734,4794
user,2023-08,35,87,0.018147684605757195,4794
user,2023-08,36,87,0.018147684605757195,4794
user,2023-08,37,73,0.015227367542761786,4794
user,2023-08,38,123,0.025657071339173967,4794
user,2023-08,39,64,0.013350020859407593,4794
user,2023-08,40,65,0.013558614935335837,4794
user,2023-08,41,89,0.018564872757613683,4794
user,2023-08,42,117,0.024405506883604506,4794
user,2023-08,43,78,0.016270337922403004,4794
user,2023-08,44,94,0.0196078431372549,4794
user,2023-08,45,56,0.011681268251981644,4794
user,2023-08,46,92,0.019190654985398414,4794
user,2023-08,47,85,0.01773049645390071,4794
user,2023-08,48,103,0.021485189820609096,4794
user,2023-08,49,120,0.025031289111389236,4794
user,2023-09,0,62,0.01533135509396637,4044
user,2023-09,1,124,0.03066271018793274,4044
user,2023-09,2,126,0.03115727002967359,4044
user,2023-09,3,147,0.03635014836795252,4044
user,2023-09,4,111,0.02744807121661721,4044
user,2023-09,5,58,0.014342235410484669,4044
user,2023-09,6,75,0.018545994065281898,4044
user,2023-09,7,69,0.017062314540059347,4044
user,2023-09,8,107,0.02645895153313551,4044
user,2023-09,9,82,0.020276953511374877,4044
user,2023-09,10,99,0.024480712166172106,4044
user,2023-09,11,87,0.021513353115727003,4044
user,2023-09,12,60,0.01483679525222552,4044
user,2023-09,13,86,0.02126607319485658,4044
user,2023-09,14,97,0.023986152324431256,4044
user,2023-09,15,57,0.014094955489614243,4044
user,2023-09,16,64,0.01582591493570722,4044
user,2023-09,17,87,0.021513353115727003,4044
user,2023-09,18,70,0.01730959446092977,4044
user,2023-09,19,79,0.0195351137487636,4044
user,2023-09,20,67,0.016567754698318497,4044
user,2023-09,21,47,0.01162215628090999,4044
user,2023-09,22,116,0.028684470820969338,4044
user,2023-09,23,56,0.013847675568743818,4044
user,2023-09,24,76,0.018793273986152326,4044
user,2023-09,25,67,0.016567754698318497,4044
user,2023-09,26,89,0.022007912957467853,4044
user,2023-09,27,89,0.022007912957467853,4044
user,2023-09,28,69,0.017062314540059347,4044
user,2023-09,29,95,0.023491592482690407,4044
user,2023-09,30,52,0.012858555885262116,4044
user,2023-09,31,73,0.01805143422354105,4044
user,2023-09,32,105,0.02596439169139466,4044
user,2023-09,33,57,0.014094955489614243,4044
user,2023-09,34,68,0.016815034619188922,4044
user,2023-09,35,61,0.015084075173095944,4044
user,2023-09,36,95,0.023491592482690407,4044
user,2023-09,37,59,0.014589515331355093,4044
user,2023-09,38,118,0.029179030662710187,4044
user,2023-09,39,66,0.016320474777448073,4044
user,2023-09,40,61,0.015084075173095944,4044
user,2023-09,41,78,0.019287833827893175,4044
user,2023-09,42,94,0.02324431256181998,4044
user,2023-09,43,82,0.020276953511374877,4044
user,2023-09,44,85,0.02101879327398615,4044
user,2023-09,45,49,0.01211671612265084,4044
user,2023-09,46,59,0.014589515331355093,4044
user,2023-09,47,84,0.020771513353115726,4044
user,2023-09,48,94,0.02324431256181998,4044
user,2023-09,49,86,0.02126607319485658,4044
user,2023-10,0,86,0.019243678675318864,4469
user,2023-10,1,137,0.030655627657194002,4469
user,2023-10,2,145,0.03244573730140971,4469
user,2023-10,3,161,0.036025956589841125,4469
user,2023-10,4,116,0.02595658984112777,4469
user,2023-10,5,61,0.013649586037144775,4469
user,2023-10,6,69,0.015439695681360483,4469
user,2023-10,7,56,0.012530767509509957,4469
user,2023-10,8,110,0.024614007607965987,4469
user,2023-10,9,77,0.017229805325576192,4469
user,2023-10,10,135,0.030208100246140075,4469
user,2023-10,11,109,0.024390243902439025,4469
user,2023-10,12,61,0.013649586037144775,4469
user,2023-10,13,82,0.01834862385321101,4469
user,2023-10,14,107,0.0239427164913851,4469
user,2023-10,15,61,0.013649586037144775,4469
user,2023-10,16,65,0.014544640859252628,4469
user,2023-10,17,88,0.01969120608637279,4469
user,2023-10,18,69,0.015439695681360483,4469
user,2023-10,19,79,0.01767733273663012,4469
user,2023-10,20,87,0.019467442380845825,4469
user,2023-10,21,75,0.016782277914522265,4469
user,2023-10,22,139,0.03110315506824793,4469
user,2023-10,23,72,0.016110986797941373,4469
user,2023-10,24,103,0.023047661669277242,4469
user,2023-10,25,75,0.016782277914522265,4469
user,2023-10,26,83,0.018572387558737972,4469
user,2023-10,27,107,0.0239427164913851,4469
user,2023-10,28,77,0.017229805325576192,4469
user,2023-10,29,106,0.023718952785858134,4469
user,2023-10,30,60,0.013425822331617812,4469
user,2023-10,31,98,0.021928843141642427,4469
user,2023-10,32,113,0.02528529872454688,4469
user,2023-10,33,77,0.017229805325576192,4469
user,2023-10,34,92,0.020586260908480643,4469
user,2023-10,35,71,0.015887223092414412,4469
user,2023-10,36,82,0.01834862385321101,4469
user,2023-10,37,53,0.011859476392929067,4469
user,2023-10,38,117,0.026180353546654732,4469
user,2023-10,39,84,0.018796151264264937,4469
user,2023-10,40,65,0.014544640859252628,4469
user,2023-10,41,80,0.017901096442157084,4469
user,2023-10,42,90,0.020138733497426717,4469
user,2023-10,43,81,0.018124860147684045,4469
user,2023-10,44,96,0.0214813157305885,4469
user,2023-10,45,83,0.018572387558737972,4469
user,2023-10,46,69,0.015439695681360483,4469
user,2023-10,47,83,0.018572387558737972,4469
user,2023-10,48,85,0.0190199149697919,4469
user,2023-10,49,92,0.020586260908480643,4469
user,2023-11,0,83,0.015378914211599036,5397
user,2023-11,1,164,0.030387252177135445,5397
user,2023-11,2,159,0.029460811561978877,5397
user,2023-11,3,203,0.03761348897535668,5397
user,2023-11,4,114,0.021122846025569762,5397
user,2023-11,5,74,0.013711321104317213,5397
user,2023-11,6,112,0.020752269779507133,5397
user,2023-11,7,79,0.014637761719473782,5397
user,2023-11,8,126,0.023346303501945526,5397
user,2023-11,9,101,0.018714100426162682,5397
user,2023-11,10,109,0.020196405410413194,5397
user,2023-11,11,128,0.02371687974800815,5397
user,2023-11,12,109,0.020196405410413194,5397
user,2023-11,13,76,0.014081897350379841,5397
user,2023-11,14,138,0.02556976097832129,5397
user,2023-11,15,57,0.010561423012784881,5397
user,2023-11,16,112,0.020752269779507133,5397
user,2023-11,17,123,0.022790439132851583,5397
user,2023-11,18,89,0.01649064294978692,5397
user,2023-11,19,106,0.01964054104131925,5397
user,2023-11,20,87,0.016120066703724293,5397
user,2023-11,21,73,0.0135260329812859,5397
user,2023-11,22,143,0.026496201593477858,5397
user,2023-11,23,67,0.012414304243098017,5397
user,2023-11,24,132,0.024458032240133407,5397
user,2023-11,25,99,0.018343524180100056,5397
user,2023-11,26,131,0.024272744117102094,5397
user,2023-11,27,129,0.023902167871039465,5397
user,2023-11,28,121,0.022419862886788957,5397
user,2023-11,29,111,0.02056698165647582,5397
user,2023-11,30,70,0.01297016861219196,5397
user,2023-11,31,90,0.016675931072818232,5397
user,2023-11,32,128,0.02371687974800815,5397
user,2023-11,33,78,0.014452473596442469,5397
user,2023-11,34,91,0.016861219195849545,5397
user,2023-11,35,96,0.017787659811006114,5397
user,2023-11,36,109,0.020196405410413194,5397
user,2023-11,37,79,0.014637761719473782,5397
user,2023-11,38,155,0.02871965906985362,5397
user,2023-11,39,94,0.017417083564943488,5397
user,2023-11,40,86,0.015934778580692976,5397
user,2023-11,41,119,0.02204928664072633,5397
user,2023-11,42,128,0.02371687974800815,5397
user,2023-11,43,95,0.0176023716879748,5397
user,2023-11,44,122,0.02260515100982027,5397
user,2023-11,45,60,0.011117287381878822,5397
user,2023-11,46,106,0.01964054104131925,5397
user,2023-11,47,93,0.017231795441912175,5397
user,2023-11,48,136,0.025199184732258663,5397
user,2023-11,49,107,0.019825829164350564,5397
user,2023-12,0,122,0.017722254503195815,6884
user,2023-12,1,199,0.028907611853573503,6884
user,2023-12,2,218,0.03166763509587449,6884
user,2023-12,3,256,0.037187681580476466,6884
user,2023-12,4,171,0.02484020918070889,6884
user,2023-12,5,88,0.012783265543288786,6884
user,2023-12,6,122,0.017722254503195815,6884
user,2023-12,7,97,0.014090644973852411,6884
user,2023-12,8,180,0.026147588611272515,6884
user,2023-12,9,111,0.01612434631028472,6884
user,2023-12,10,167,0.024259151656013944,6884
user,2023-12,11,165,0.023968622893666473,6884
user,2023-12,12,79,0.01147588611272516,6884
user,2023-12,13,125,0.018158047646717024,6884
user,2023-12,14,172,0.024985473561882625,6884
user,2023-12,15,86,0.012492736780941312,6884
user,2023-12,16,112,0.016269610691458453,6884
user,2023-12,17,131,0.019029633933759442,6884
user,2023-12,18,135,0.01961069145845439,6884
user,2023-12,19,149,0.021644392794886693,6884
user,2023-12,20,128,0.018593840790238233,6884
user,2023-12,21,101,0.014671702498547356,6884
user,2023-12,22,206,0.029924462521789656,6884
user,2023-12,23,92,0.01336432306798373,6884
user,2023-12,24,179,0.02600232423009878,6884
user,2023-12,25,134,0.01946542707728065,6884
user,2023-12,26,144,0.020918070889018012,6884
user,2023-12,27,150,0.02178965717606043,6884
user,2023-12,28,176,0.02556653108657757,6884
user,2023-12,29,138,0.020046484601975594,6884
user,2023-12,30,102,0.014816966879721092,6884
user,2023-12,31,112,0.016269610691458453,6884
user,2023-12,32,186,0.027019174898314933,6884
user,2023-12,33,104,0.015107495642068565,6884
user,2023-12,34,131,0.019029633933759442,6884
user,2023-12,35,117,0.016995932597327134,6884
user,2023-12,36,139,0.02019174898314933,6884
user,2023-12,37,87,0.01263800116211505,6884
user,2023-12,38,175,0.025421266705403834,6884
user,2023-12,39,104,0.015107495642068565,6884
user,2023-12,40,115,0.016705403834979662,6884
user,2023-12,41,133,0.019320162696106914,6884
user,2023-12,42,148,0.02149912841371296,6884
user,2023-12,43,103,0.014962231260894828,6884
user,2023-12,44,156,0.02266124346310285,6884
user,2023-12,45,104,0.015107495642068565,6884
user,2023-12,46,128,0.018593840790238233,6884
user,2023-12,47,150,0.02178965717606043,6884
user,2023-12,48,137,0.01990122022080186,6884
user,2023-12,49,120,0.017431725740848343,6884
user,2024-01,0,139,0.022081016679904687,6295
user,2024-01,1,170,0.027005559968228753,6295
user,2024-01,2,206,0.03272438443208896,6295
user,2024-01,3,217,0.034471803018268465,6295
user,2024-01,4,156,0.02478157267672756,6295
user,2024-01,5,73,0.01159650516282764,6295
user,2024-01,6,118,0.018745035742652898,6295
user,2024-01,7,106,0.016838760921366165,6295
user,2024-01,8,141,0.022398729150119142,6295
user,2024-01,9,126,0.020015885623510723,6295
user,2024-01,10,155,0.024622716441620333,6295
user,2024-01,11,163,0.02589356632247816,6295
user,2024-01,12,107,0.016997617156473393,6295
user,2024-01,13,112,0.01779189833200953,6295
user,2024-01,14,158,0.025099285146942017,6295
user,2024-01,15,88,0.013979348689436061,6295
user,2024-01,16,107,0.016997617156473393,6295
user,2024-01,17,123,0.01953931691818904,6295
user,2024-01,18,129,0.020492454328832406,6295
user,2024-01,19,118,0.018745035742652898,6295
user,2024-01,20,102,0.01620333598093725,6295
user,2024-01,21,74,0.01175536139793487,6295
user,2024-01,22,184,0.029229547259729944,6295
user,2024-01,23,108,0.01715647339158062,6295
user,2024-01,24,143,0.022716441620333597,6295
user,2024-01,25,103,0.01636219221604448,6295
user,2024-01,26,125,0.019857029388403495,6295
user,2024-01,27,162,0.02573471008737093,6295
user,2024-01,28,130,0.020651310563939634,6295
user,2024-01,29,152,0.02414614773629865,6295
user,2024-01,30,80,0.012708498808578236,6295
user,2024-01,31,116,0.018427323272438442,6295
user,2024-01,32,134,0.021286735504368548,6295
user,2024-01,33,85,0.013502779984114376,6295
user,2024-01,34,105,0.016679904686258934,6295
user,2024-01,35,109,0.01731532962668785,6295
user,2024-01,36,126,0.020015885623510723,6295
user,2024-01,37,99,0.015726767275615568,6295
user,2024-01,38,193,0.030659253375694997,6295
user,2024-01,39,76,0.012073073868149325,6295
user,2024-01,40,87,0.013820492454328832,6295
user,2024-01,41,119,0.018903891977760125,6295
user,2024-01,42,127,0.02017474185861795,6295
user,2024-01,43,109,0.01731532962668785,6295
user,2024-01,44,145,0.023034154090548053,6295
user,2024-01,45,81,0.012867355043685465,6295
user,2024-01,46,118,0.018745035742652898,6295
user,2024-01,47,137,0.02176330420969023,6295
user,2024-01,48,138,0.02192216044479746,6295
user,2024-01,49,116,0.018427323272438442,6295
user,2024-02,0,99,0.01897642323174238,5217
user,2024-02,1,162,0.03105232892466935,5217
user,2024-02,2,145,0.027793751198006516,5217
user,2024-02,3,191,0.03661107916427065,5217
user,2024-02,4,134,0.02568525972781292,5217
user,2024-02,5,72,0.013801035077630822,5217
user,2024-02,6,95,0.01820969906076289,5217
user,2024-02,7,72,0.013801035077630822,5217
user,2024-02,8,136,0.026068621813302665,5217
user,2024-02,9,109,0.020893233659191105,5217
user,2024-02,10,141,0.02702702702702703,5217
user,2024-02,11,118,0.02261836304389496,5217
user,2024-02,12,99,0.01897642323174238,5217
user,2024-02,13,98,0.01878474218899751,5217
user,2024-02,14,137,0.026260302856047538,5217
user,2024-02,15,50,0.009584052137243627,5217
user,2024-02,16,99,0.01897642323174238,5217
user,2024-02,17,117,0.022426682001150087,5217
user,2024-02,18,91,0.0174429748897834,5217
user,2024-02,19,98,0.01878474218899751,5217
user,2024-02,20,105,0.020126509488211614,5217
user,2024-02,21,65,0.012459267778416714,5217
user,2024-02,22,156,0.029902242668200116,5217
user,2024-02,23,76,0.014567759248610312,5217
user,2024-02,24,125,0.023960130343109065,5217
user,2024-02,25,96,0.018401380103507763,5217
user,2024-02,26,113,0.021659957830170596,5217
user,2024-02,27,95,0.01820969906076289,5217
user,2024-02,28,109,0.020893233659191105,5217
user,2024-02,29,136,0.026068621813302665,5217
user,2024-02,30,63,0.012075905692926969,5217
user,2024-02,31,89,0.017059612804293654,5217
user,2024-02,32,123,0.023576768257619323,5217
user,2024-02,33,77,0.014759440291355185,5217
user,2024-02,34,100,0.019168104274487254,5217
user,2024-02,35,87,0.01667625071880391,5217
user,2024-02,36,96,0.018401380103507763,5217
user,2024-02,37,69,0.013225991949396205,5217
user,2024-02,38,140,0.026835345984282156,5217
user,2024-02,39,78,0.014951121334100058,5217
user,2024-02,40,67,0.01284262986390646,5217
user,2024-02,41,94,0.018018018018018018,5217
user,2024-02,42,97,0.018593061146252636,5217
user,2024-02,43,92,0.017634655932528272,5217
user,2024-02,44,120,0.023001725129384705,5217
user,2024-02,45,71,0.01360935403488595,5217
user,2024-02,46,81,0.015526164462334674,5217
user,2024-02,47,109,0.020893233659191105,5217
user,2024-02,48,111,0.02127659574468085,5217
user,2024-02,49,114,0.02185163887291547,5217
user,2024-03,0,117,0.01980365605958023,5908
user,2024-03,1,189,0.031990521327014215,5908
user,2024-03,2,179,0.03029790115098172,5908
user,2024-03,3,240,0.040622884224779957,5908
user,2024-03,4,150,0.025389302640487475,5908
user,2024-03,5,86,0.014556533513879486,5908
user,2024-03,6,109,0.018449559918754233,5908
user,2024-03,7,86,0.014556533513879486,5908
user,2024-03,8,136,0.023019634394041977,5908
user,2024-03,9,121,0.02048070412999323,5908
user,2024-03,10,158,0.026743398781313474,5908
user,2024-03,11,147,0.024881516587677725,5908
user,2024-03,12,73,0.012356127285037238,5908
user,2024-03,13,88,0.014895057549085985,5908
user,2024-03,14,149,0.025220040622884226,5908
user,2024-03,15,72,0.012186865267433988,5908
user,2024-03,16,90,0.015233581584292485,5908
user,2024-03,17,113,0.01912660798916723,5908
user,2024-03,18,137,0.023188896411645225,5908
user,2024-03,19,121,0.02048070412999323,5908
user,2024-03,20,114,0.01929587000677048,5908
user,2024-03,21,78,0.013202437373053487,5908
user,2024-03,22,165,0.02792823290453622,5908
user,2024-03,23,87,0.014725795531482734,5908
user,2024-03,24,140,0.023696682464454975,5908
user,2024-03,25,110,0.018618821936357482,5908
user,2024-03,26,137,0.023188896411645225,5908
user,2024-03,27,100,0.016926201760324982,5908
user,2024-03,28,119,0.02014218009478673,5908
user,2024-03,29,127,0.02149627623561273,5908
user,2024-03,30,91,0.015402843601895734,5908
user,2024-03,31,126,0.02132701421800948,5908
user,2024-03,32,143,0.024204468517264727,5908
user,2024-03,33,86,0.014556533513879486,5908
user,2024-03,34,106,0.01794177386594448,5908
user,2024-03,35,109,0.018449559918754233,5908
user,2024-03,36,96,0.016249153689911984,5908
user,2024-03,37,87,0.014725795531482734,5908
user,2024-03,38,147,0.024881516587677725,5908
user,2024-03,39,91,0.015402843601895734,5908
user,2024-03,40,80,0.013540961408259987,5908
user,2024-03,41,108,0.01828029790115098,5908
user,2024-03,42,119,0.02014218009478673,5908
user,2024-03,43,96,0.016249153689911984,5908
user,2024-03,44,148,0.025050778605280974,5908
user,2024-03,45,75,0.012694651320243737,5908
user,2024-03,46,111,0.01878808395396073,5908
user,2024-03,47,107,0.018111035883547733,5908
user,2024-03,48,108,0.01828029790115098,5908
user,2024-03,49,136,0.023019634394041977,5908
user,2024-04,0,93,0.017799043062200957,5225
user,2024-04,1,163,0.03119617224880383,5225
user,2024-04,2,142,0.027177033492822966,5225
user,2024-04,3,175,0.03349282296650718,5225
user,2024-04,4,130,0.024880382775119617,5225
user,2024-04,5,68,0.013014354066985647,5225
user,2024-04,6,99,0.018947368421052633,5225
user,2024-04,7,70,0.013397129186602871,5225
user,2024-04,8,131,0.02507177033492823,5225
user,2024-04,9,117,0.022392344497607655,5225
user,2024-04,10,122,0.023349282296650717,5225
user,2024-04,11,117,0.022392344497607655,5225
user,2024-04,12,90,0.01722488038277512,5225
user,2024-04,13,114,0.02181818181818182,5225
user,2024-04,14,133,0.025454545454545455,5225
user,2024-04,15,56,0.010717703349282296,5225
user,2024-04,16,98,0.01875598086124402,5225
user,2024-04,17,114,0.02181818181818182,5225
user,2024-04,18,118,0.02258373205741627,5225
user,2024-04,19,104,0.019904306220095695,5225
user,2024-04,20,98,0.01875598086124402,5225
user,2024-04,21,60,0.011483253588516746,5225
user,2024-04,22,136,0.026028708133971293,5225
user,2024-04,23,78,0.01492822966507177,5225
user,2024-04,24,98,0.01875598086124402,5225
user,2024-04,25,96,0.018373205741626795,5225
user,2024-04,26,110,0.021052631578947368,5225
user,2024-04,27,109,0.020861244019138758,5225
user,2024-04,28,111,0.021244019138755982,5225
user,2024-04,29,135,0.02583732057416268,5225
user,2024-04,30,80,0.015311004784688996,5225
user,2024-04,31,96,0.018373205741626795,5225
user,2024-04,32,141,0.026985645933014352,5225
user,2024-04,33,78,0.01492822966507177,5225
user,2024-04,34,85,0.016267942583732056,5225
user,2024-04,35,103,0.01971291866028708,5225
user,2024-04,36,90,0.01722488038277512,5225
user,2024-04,37,71,0.013588516746411483,5225
user,2024-04,38,160,0.03062200956937799,5225
user,2024-04,39,79,0.015119617224880384,5225
user,2024-04,40,63,0.012057416267942584,5225
user,2024-04,41,95,0.01818181818181818,5225
user,2024-04,42,115,0.02200956937799043,5225
user,2024-04,43,87,0.016650717703349284,5225
user,2024-04,44,100,0.019138755980861243,5225
user,2024-04,45,60,0.011483253588516746,5225
user,2024-04,46,97,0.018564593301435405,5225
user,2024-04,47,99,0.018947368421052633,5225
user,2024-04,48,129,0.024688995215311003,5225
user,2024-04,49,112,0.021435406698564592,5225
user,2024-05,0,89,0.01692658805629517,5258
user,2024-05,1,168,0.03195131228604032,5258
user,2024-05,2,168,0.03195131228604032,5258
user,2024-05,3,199,0.03784709014834538,5258
user,2024-05,4,118,0.022441993153290225,5258
user,2024-05,5,77,0.014644351464435146,5258
user,2024-05,6,94,0.01787751996957018,5258
user,2024-05,7,68,0.012932674020540129,5258
user,2024-05,8,139,0.026435907189045264,5258
user,2024-05,9,96,0.018257892734880182,5258
user,2024-05,10,131,0.02491441612780525,5258
user,2024-05,11,147,0.02795739825028528,5258
user,2024-05,12,78,0.014834537847090148,5258
user,2024-05,13,80,0.015214910612400151,5258
user,2024-05,14,142,0.02700646633701027,5258
user,2024-05,15,63,0.01198174210726512,5258
user,2024-05,16,94,0.01787751996957018,5258
user,2024-05,17,115,0.021871434005325218,5258
user,2024-05,18,98,0.018638265500190185,5258
user,2024-05,19,103,0.019589197413465195,5258
user,2024-05,20,79,0.01502472422974515,5258
user,2024-05,21,88,0.016736401673640166,5258
user,2024-05,22,180,0.034233548877900345,5258
user,2024-05,23,52,0.0098896918980601,5258
user,2024-05,24,122,0.02320273868391023,5258
user,2024-05,25,100,0.01901863826550019,5258
user,2024-05,26,113,0.021491061240015215,5258
user,2024-05,27,107,0.020349942944085205,5258
user,2024-05,28,97,0.018448079117535186,5258
user,2024-05,29,105,0.0199695701787752,5258
user,2024-05,30,72,0.013693419551160137,5258
user,2024-05,31,98,0.018638265500190185,5258
user,2024-05,32,129,0.024534043362495244,5258
user,2024-05,33,81,0.015405096995055155,5258
user,2024-05,34,98,0.018638265500190185,5258
user,2024-05,35,101,0.019208824648155192,5258
user,2024-05,36,89,0.01692658805629517,5258
user,2024-05,37,79,0.01502472422974515,5258
user,2024-05,38,141,0.026816279954355267,5258
user,2024-05,39,77,0.014644351464435146,5258
user,2024-05,40,78,0.014834537847090148,5258
user,2024-05,41,96,0.018257892734880182,5258
user,2024-05,42,107,0.020349942944085205,5258
user,2024-05,43,83,0.015785469760365156,5258
user,2024-05,44,100,0.01901863826550019,5258
user,2024-05,45,72,0.013693419551160137,5258
user,2024-05,46,91,0.017306960821605172,5258
user,2024-05,47,106,0.020159756561430202,5258
user,2024-05,48,137,0.02605553442373526,5258
user,2024-05,49,113,0.021491061240015215,5258
user,2024-06,0,109,0.016641221374045802,6550
user,2024-06,1,190,0.02900763358778626,6550
user,2024-06,2,188,0.028702290076335877,6550
user,2024-06,3,246,0.03755725190839695,6550
user,2024-06,4,134,0.020458015267175573,6550
user,2024-06,5,82,0.012519083969465649,6550
user,2024-06,6,125,0.019083969465648856,6550
user,2024-06,7,92,0.014045801526717557,6550
user,2024-06,8,163,0.024885496183206107,6550
user,2024-06,9,155,0.02366412213740458,6550
user,2024-06,10,181,0.02763358778625954,6550
user,2024-06,11,178,0.02717557251908397,6550
user,2024-06,12,93,0.014198473282442748,6550
user,2024-06,13,98,0.014961832061068702,6550
user,2024-06,14,170,0.025954198473282442,6550
user,2024-06,15,100,0.015267175572519083,6550
user,2024-06,16,111,0.016946564885496184,6550
user,2024-06,17,147,0.022442748091603053,6550
user,2024-06,18,125,0.019083969465648856,6550
user,2024-06,19,125,0.019083969465648856,6550
user,2024-06,20,110,0.016793893129770993,6550
user,2024-06,21,92,0.014045801526717557,6550
user,2024-06,22,191,0.02916030534351145,6550
user,2024-06,23,78,0.011908396946564885,6550
user,2024-06,24,139,0.021221374045801527,6550
user,2024-06,25,125,0.019083969465648856,6550
user,2024-06,26,162,0.024732824427480916,6550
user,2024-06,27,132,0.02015267175572519,6550
user,2024-06,28,138,0.021068702290076336,6550
user,2024-06,29,146,0.022290076335877863,6550
user,2024-06,30,80,0.012213740458015267,6550
user,2024-06,31,119,0.01816793893129771,6550
user,2024-06,32,151,0.023053435114503817,6550
user,2024-06,33,95,0.01450381679389313,6550
user,2024-06,34,113,0.017251908396946566,6550
user,2024-06,35,109,0.016641221374045802,6550
user,2024-06,36,120,0.0183206106870229,6550
user,2024-06,37,97,0.014809160305343511,6550
user,2024-06,38,174,0.026564885496183206,6550
user,2024-06,39,81,0.012366412213740458,6550
user,2024-06,40,90,0.013740458015267175,6550
user,2024-06,41,135,0.020610687022900764,6550
user,2024-06,42,139,0.021221374045801527,6550
user,2024-06,43,93,0.014198473282442748,6550
user,2024-06,44,163,0.024885496183206107,6550
user,2024-06,45,110,0.016793893129770993,6550
user,2024-06,46,118,0.01801526717557252,6550
user,2024-06,47,143,0.02183206106870229,6550
user,2024-06,48,156,0.02381679389312977,6550
user,2024-06,49,139,0.021221374045801527,6550
user,2024-07,0,114,0.016814159292035398,6780
user,2024-07,1,193,0.02846607669616519,6780
user,2024-07,2,194,0.028613569321533923,6780
user,2024-07,3,224,0.03303834808259587,6780
user,2024-07,4,154,0.02271386430678466,6780
user,2024-07,5,99,0.014601769911504425,6780
user,2024-07,6,109,0.01607669616519174,6780
user,2024-07,7,89,0.013126843657817109,6780
user,2024-07,8,177,0.026106194690265486,6780
user,2024-07,9,136,0.020058997050147492,6780
user,2024-07,10,180,0.02654867256637168,6780
user,2024-07,11,179,0.02640117994100295,6780
user,2024-07,12,109,0.01607669616519174,6780
user,2024-07,13,112,0.016519174041297935,6780
user,2024-07,14,179,0.02640117994100295,6780
user,2024-07,15,96,0.01415929203539823,6780
user,2024-07,16,123,0.018141592920353982,6780
user,2024-07,17,142,0.02094395280235988,6780
user,2024-07,18,131,0.019321533923303835,6780
user,2024-07,19,145,0.021386430678466076,6780
user,2024-07,20,138,0.020353982300884955,6780
user,2024-07,21,84,0.012389380530973451,6780
user,2024-07,22,209,0.030825958702064896,6780
user,2024-07,23,89,0.013126843657817109,6780
user,2024-07,24,172,0.02536873156342183,6780
user,2024-07,25,118,0.017404129793510324,6780
user,2024-07,26,139,0.020501474926253687,6780
user,2024-07,27,157,0.023156342182890855,6780
user,2024-07,28,122,0.01799410029498525,6780
user,2024-07,29,160,0.02359882005899705,6780
user,2024-07,30,91,0.013421828908554572,6780
user,2024-07,31,124,0.018289085545722714,6780
user,2024-07,32,186,0.02743362831858407,6780
user,2024-07,33,104,0.015339233038348082,6780
user,2024-07,34,132,0.019469026548672566,6780
user,2024-07,35,107,0.015781710914454277,6780
user,2024-07,36,118,0.017404129793510324,6780
user,2024-07,37,92,0.013569321533923304,6780
user,2024-07,38,186,0.02743362831858407,6780
user,2024-07,39,84,0.012389380530973451,6780
user,2024-07,40,90,0.01327433628318584,6780
user,2024-07,41,141,0.02079646017699115,6780
user,2024-07,42,183,0.026991150442477876,6780
user,2024-07,43,111,0.016371681415929203,6780
user,2024-07,44,147,0.02168141592920354,6780
user,2024-07,45,97,0.014306784660766961,6780
user,2024-07,46,106,0.015634218289085546,6780
user,2024-07,47,130,0.019174041297935103,6780
user,2024-07,48,150,0.022123893805309734,6780
user,2024-07,49,128,0.01887905604719764,6780
user,2024-08,0,100,0.019256691700365876,5193
user,2024-08,1,139,0.026766801463508568,5193
user,2024-08,2,144,0.02772963604852686,5193
user,2024-08,3,188,0.03620258039668785,5193
user,2024-08,4,136,0.026189100712497592,5193
user,2024-08,5,68,0.013094550356248796,5193
user,2024-08,6,82,0.01579048719430002,5193
user,2024-08,7,71,0.013672251107259772,5193
user,2024-08,8,127,0.024455998459464664,5193
user,2024-08,9,114,0.0219526285384171,5193
user,2024-08,10,144,0.02772963604852686,5193
user,2024-08,11,132,0.025418833044482957,5193
user,2024-08,12,79,0.015212786443289043,5193
user,2024-08,13,101,0.019449258617369534,5193
user,2024-08,14,130,0.02503369921047564,5193
user,2024-08,15,64,0.012324282688234161,5193
user,2024-08,16,75,0.014442518775274409,5193
user,2024-08,17,102,0.019641825534373193,5193
user,2024-08,18,95,0.018293857115347582,5193
user,2024-08,19,115,0.02214519545542076,5193
user,2024-08,20,90,0.01733102253032929,5193
user,2024-08,21,63,0.012131715771230503,5193
user,2024-08,22,157,0.030233005969574428,5193
user,2024-08,23,89,0.01713845561332563,5193
user,2024-08,24,144,0.02772963604852686,5193
user,2024-08,25,85,0.016368187945310995,5193
user,2024-08,26,124,0.023878297708453688,5193
user,2024-08,27,121,0.02330059695744271,5193
user,2024-08,28,92,0.017716156364336606,5193
user,2024-08,29,124,0.023878297708453688,5193
user,2024-08,30,65,0.01251684960523782,5193
user,2024-08,31,85,0.016368187945310995,5193
user,2024-08,32,139,0.026766801463508568,5193
user,2024-08,33,73,0.01405738494126709,5193
user,2024-08,34,97,0.0186789909493549,5193
user,2024-08,35,92,0.017716156364336606,5193
user,2024-08,36,87,0.016753321779318313,5193
user,2024-08,37,63,0.012131715771230503,5193
user,2024-08,38,164,0.03158097438860004,5193
user,2024-08,39,75,0.014442518775274409,5193
user,2024-08,40,68,0.013094550356248796,5193
user,2024-08,41,101,0.019449258617369534,5193
user,2024-08,42,116,0.02233776237242442,5193
user,2024-08,43,90,0.01733102253032929,5193
user,2024-08,44,113,0.021760061621413442,5193
user,2024-08,45,66,0.012709416522241479,5193
user,2024-08,46,104,0.02002695936838051,5193
user,2024-08,47,102,0.019641825534373193,5193
user,2024-08,48,104,0.02002695936838051,5193
user,2024-08,49,94,0.018101290198343924,5193
user,2024-09,0,63,0.015532544378698224,4056
user,2024-09,1,141,0.03476331360946745,4056
user,2024-09,2,138,0.034023668639053255,4056
user,2024-09,3,152,0.03747534516765286,4056
user,2024-09,4,95,0.02342209072978304,4056
user,2024-09,5,54,0.013313609467455622,4056
user,2024-09,6,67,0.016518737672583828,4056
user,2024-09,7,49,0.012080867850098619,4056
user,2024-09,8,78,0.019230769230769232,4056
user,2024-09,9,83,0.020463510848126233,4056
user,2024-09,10,104,0.02564102564102564,4056
user,2024-09,11,102,0.02514792899408284,4056
user,2024-09,12,48,0.011834319526627219,4056
user,2024-09,13,93,0.022928994082840236,4056
user,2024-09,14,111,0.027366863905325445,4056
user,2024-09,15,49,0.012080867850098619,4056
user,2024-09,16,53,0.013067061143984222,4056
user,2024-09,17,86,0.021203155818540435,4056
user,2024-09,18,81,0.019970414201183433,4056
user,2024-09,19,80,0.01972386587771203,4056
user,2024-09,20,67,0.016518737672583828,4056
user,2024-09,21,45,0.011094674556213017,4056
user,2024-09,22,116,0.028599605522682446,4056
user,2024-09,23,65,0.016025641025641024,4056
user,2024-09,24,114,0.028106508875739646,4056
user,2024-09,25,87,0.021449704142011833,4056
user,2024-09,26,78,0.019230769230769232,4056
user,2024-09,27,93,0.022928994082840236,4056
user,2024-09,28,88,0.021696252465483234,4056
user,2024-09,29,98,0.024161735700197237,4056
user,2024-09,30,49,0.012080867850098619,4056
user,2024-09,31,92,0.022682445759368838,4056
user,2024-09,32,110,0.027120315581854043,4056
user,2024-09,33,59,0.014546351084812623,4056
user,2024-09,34,71,0.017504930966469427,4056
user,2024-09,35,75,0.01849112426035503,4056
user,2024-09,36,74,0.01824457593688363,4056
user,2024-09,37,55,0.013560157790927022,4056
user,2024-09,38,83,0.020463510848126233,4056
user,2024-09,39,55,0.013560157790927022,4056
user,2024-09,40,64,0.015779092702169626,4056
user,2024-09,41,65,0.016025641025641024,4056
user,2024-09,42,108,0.026627218934911243,4056
user,2024-09,43,59,0.014546351084812623,4056
user,2024-09,44,81,0.019970414201183433,4056
user,2024-09,45,57,0.014053254437869823,4056
user,2024-09,46,58,0.014299802761341223,4056
user,2024-09,47,106,0.026134122287968443,4056
user,2024-09,48,82,0.02021696252465483,4056
user,2024-09,49,75,0.01849112426035503,4056
user,2024-10,0,64,0.016833245660178853,3802
user,2024-10,1,116,0.03051025775907417,3802
user,2024-10,2,102,0.026827985270910047,3802
user,2024-10,3,154,0.04050499736980537,3802
user,2024-10,4,90,0.02367175170962651,3802
user,2024-10,5,54,0.014203051025775907,3802
user,2024-10,6,61,0.01604418726985797,3802
user,2024-10,7,49,0.012887953708574434,3802
user,2024-10,8,81,0.021304576538663862,3802
user,2024-10,9,81,0.021304576538663862,3802
user,2024-10,10,93,0.024460810099947397,3802
user,2024-10,11,82,0.021567596002104155,3802
user,2024-10,12,71,0.018674381904260916,3802
user,2024-10,13,81,0.021304576538663862,3802
user,2024-10,14,96,0.02524986849026828,3802
user,2024-10,15,53,0.013940031562335612,3802
user,2024-10,16,64,0.016833245660178853,3802
user,2024-10,17,79,0.020778537611783273,3802
user,2024-10,18,70,0.01841136244082062,3802
user,2024-10,19,77,0.020252498684902684,3802
user,2024-10,20,68,0.01788532351394003,3802
user,2024-10,21,41,0.010783798001052078,3802
user,2024-10,22,111,0.0291951604418727,3802
user,2024-10,23,58,0.015255128879537085,3802
user,2024-10,24,92,0.0241977906365071,3802
user,2024-10,25,73,0.019200420831141506,3802
user,2024-10,26,86,0.022619673855865333,3802
user,2024-10,27,72,0.01893740136770121,3802
user,2024-10,28,68,0.01788532351394003,3802
user,2024-10,29,87,0.02288269331930563,3802
user,2024-10,30,61,0.01604418726985797,3802
user,2024-10,31,60,0.015781167806417674,3802
user,2024-10,32,90,0.02367175170962651,3802
user,2024-10,33,55,0.014466070489216202,3802
user,2024-10,34,62,0.016307206733298264,3802
user,2024-10,35,64,0.016833245660178853,3802
user,2024-10,36,74,0.0194634402945818,3802
user,2024-10,37,53,0.013940031562335612,3802
user,2024-10,38,105,0.027617043661230932,3802
user,2024-10,39,47,0.012361914781693845,3802
user,2024-10,40,50,0.013150973172014729,3802
user,2024-10,41,67,0.017622304050499738,3802
user,2024-10,42,83,0.02183061546554445,3802
user,2024-10,43,67,0.017622304050499738,3802
user,2024-10,44,86,0.022619673855865333,3802
user,2024-10,45,58,0.015255128879537085,3802
user,2024-10,46,84,0.022093634928984744,3802
user,2024-10,47,80,0.021041557075223566,3802
user,2024-10,48,91,0.023934771173066808,3802
user,2024-10,49,91,0.023934771173066808,3802
user,2024-11,0,92,0.015229266677702366,6041
user,2024-11,1,191,0.031617281906969046,6041
user,2024-11,2,179,0.029630855818573085,6041
user,2024-11,3,237,0.03923191524582023,6041
user,2024-11,4,154,0.02549246813441483,6041
user,2024-11,5,86,0.014236053633504386,6041
user,2024-11,6,93,0.015394802185068697,6041
user,2024-11,7,82,0.013573911604039066,6041
user,2024-11,8,158,0.02615461016388015,6041
user,2024-11,9,117,0.01936765436186062,6041
user,2024-11,10,162,0.026816752193345474,6041
user,2024-11,11,134,0.02218175798708823,6041
user,2024-11,12,89,0.014732660155603377,6041
user,2024-11,13,102,0.016884621751365667,6041
user,2024-11,14,157,0.025989074656513823,6041
user,2024-11,15,67,0.011090878993544115,6041
user,2024-11,16,98,0.016222479721900347,6041
user,2024-11,17,115,0.019036583347127958,6041
user,2024-11,18,88,0.014567124648237046,6041
user,2024-11,19,125,0.02069193842079126,6041
user,2024-11,20,105,0.01738122827346466,6041
user,2024-11,21,63,0.010428736964078795,6041
user,2024-11,22,170,0.028141036252276114,6041
user,2024-11,23,74,0.012249627545108426,6041
user,2024-11,24,132,0.02185068697235557,6041
user,2024-11,25,123,0.0203608674060586,6041
user,2024-11,26,157,0.025989074656513823,6041
user,2024-11,27,144,0.023837113060751532,6041
user,2024-11,28,151,0.02499586161231584,6041
user,2024-11,29,147,0.02433371958285052,6041
user,2024-11,30,75,0.012415163052474755,6041
user,2024-11,31,123,0.0203608674060586,6041
user,2024-11,32,137,0.02267836450918722,6041
user,2024-11,33,80,0.013242840589306406,6041
user,2024-11,34,127,0.02102300943552392,6041
user,2024-11,35,100,0.01655355073663301,6041
user,2024-11,36,131,0.02168515146498924,6041
user,2024-11,37,75,0.012415163052474755,6041
user,2024-11,38,173,0.028637642774375104,6041
user,2024-11,39,67,0.011090878993544115,6041
user,2024-11,40,109,0.01804337030292998,6041
user,2024-11,41,117,0.01936765436186062,6041
user,2024-11,42,146,0.02416818407548419,6041
user,2024-11,43,96,0.015891408707167688,6041
user,2024-11,44,120,0.01986426088395961,6041
user,2024-11,45,83,0.013739447111405397,6041
user,2024-11,46,98,0.016222479721900347,6041
user,2024-11,47,109,0.01804337030292998,6041
user,2024-11,48,156,0.025823539149147492,6041
user,2024-11,49,127,0.02102300943552392,6041
user,2024-12,0,122,0.017039106145251396,7160
user,2024-12,1,239,0.033379888268156424,7160
user,2024-12,2,199,0.027793296089385473,7160
user,2024-12,3,247,0.03449720670391061,7160
user,2024-12,4,192,0.026815642458100558,7160
user,2024-12,5,113,0.015782122905027934,7160
user,2024-12,6,143,0.019972067039106145,7160
user,2024-12,7,100,0.013966480446927373,7160
user,2024-12,8,194,0.027094972067039105,7160
user,2024-12,9,142,0.01983240223463687,7160
user,2024-12,10,163,0.02276536312849162,7160
user,2024-12,11,163,0.02276536312849162,7160
user,2024-12,12,125,0.017458100558659217,7160
user,2024-12,13,116,0.016201117318435754,7160
user,2024-12,14,163,0.02276536312849162,7160
user,2024-12,15,78,0.010893854748603353,7160
user,2024-12,16,107,0.01494413407821229,7160
user,2024-12,17,159,0.022206703910614526,7160
user,2024-12,18,134,0.018715083798882683,7160
user,2024-12,19,146,0.020391061452513966,7160
user,2024-12,20,118,0.0164804469273743,7160
user,2024-12,21,115,0.01606145251396648,7160
user,2024-12,22,218,0.030446927374301675,7160
user,2024-12,23,98,0.013687150837988826,7160
user,2024-12,24,161,0.022486033519553073,7160
user,2024-12,25,134,0.018715083798882683,7160
user,2024-12,26,170,0.023743016759776536,7160
user,2024-12,27,179,0.025,7160
user,2024-12,28,158,0.022067039106145252,7160
user,2024-12,29,159,0.022206703910614526,7160
user,2024-12,30,83,0.01159217877094972,7160
user,2024-12,31,124,0.017318435754189943,7160
user,2024-12,32,186,0.025977653631284917,7160
user,2024-12,33,103,0.014385474860335196,7160
user,2024-12,34,141,0.019692737430167598,7160
user,2024-12,35,100,0.013966480446927373,7160
user,2024-12,36,128,0.017877094972067038,7160
user,2024-12,37,103,0.014385474860335196,7160
user,2024-12,38,198,0.0276536312849162,7160
user,2024-12,39,91,0.012709497206703911,7160
user,2024-12,40,103,0.014385474860335196,7160
user,2024-12,41,133,0.01857541899441341,7160
user,2024-12,42,169,0.023603351955307262,7160
user,2024-12,43,115,0.01606145251396648,7160
user,2024-12,44,152,0.021229050279329607,7160
user,2024-12,45,94,0.013128491620111732,7160
user,2024-12,46,123,0.01717877094972067,7160
user,2024-12,47,129,0.01801675977653631,7160
user,2024-12,48,181,0.02527932960893855,7160
user,2024-12,49,149,0.020810055865921787,7160
user,2025-01,0,75,0.01580278128950695,4746
user,2025-01,1,159,0.03350189633375474,4746
user,2025-01,2,138,0.029077117572692796,4746
user,2025-01,3,175,0.03687315634218289,4746
user,2025-01,4,115,0.02423093131057733,4746
user,2025-01,5,64,0.0134850400337126,4746
user,2025-01,6,89,0.018752633796881586,4746
user,2025-01,7,61,0.012852928782132322,4746
user,2025-01,8,122,0.025705857564264644,4746
user,2025-01,9,112,0.02359882005899705,4746
user,2025-01,10,122,0.025705857564264644,4746
user,2025-01,11,111,0.02338811630847029,4746
user,2025-01,12,61,0.012852928782132322,4746
user,2025-01,13,71,0.014959966287399916,4746
user,2025-01,14,124,0.026127265065318164,4746
user,2025-01,15,49,0.01032448377581121,4746
user,2025-01,16,91,0.019174041297935103,4746
user,2025-01,17,98,0.02064896755162242,4746
user,2025-01,18,85,0.017909818794774546,4746
user,2025-01,19,101,0.021281078803202697,4746
user,2025-01,20,88,0.018541930046354824,4746
user,2025-01,21,81,0.01706700379266751,4746
user,2025-01,22,141,0.02970922882427307,4746
user,2025-01,23,56,0.011799410029498525,4746
user,2025-01,24,111,0.02338811630847029,4746
user,2025-01,25,82,0.017277707543194267,4746
user,2025-01,26,101,0.021281078803202697,4746
user,2025-01,27,104,0.021913190054782976,4746
user,2025-01,28,101,0.021281078803202697,4746
user,2025-01,29,111,0.02338811630847029,4746
user,2025-01,30,55,0.011588706278971767,4746
user,2025-01,31,71,0.014959966287399916,4746
user,2025-01,32,127,0.02675937631689844,4746
user,2025-01,33,64,0.0134850400337126,4746
user,2025-01,34,92,0.01938474504846186,4746
user,2025-01,35,89,0.018752633796881586,4746
user,2025-01,36,86,0.018120522545301308,4746
user,2025-01,37,60,0.012642225031605562,4746
user,2025-01,38,155,0.0326590813316477,4746
user,2025-01,39,57,0.012010113780025285,4746
user,2025-01,40,63,0.01327433628318584,4746
user,2025-01,41,88,0.018541930046354824,4746
user,2025-01,42,118,0.024863042562157607,4746
user,2025-01,43,85,0.017909818794774546,4746
user,2025-01,44,98,0.02064896755162242,4746
user,2025-01,45,66,0.01390644753476612,4746
user,2025-01,46,83,0.01748841129372103,4746
user,2025-01,47,89,0.018752633796881586,4746
user,2025-01,48,108,0.022756005056890013,4746
user,2025-01,49,93,0.019595448798988623,4746
developer,2013-02,0,1,0.1111111111111111,9
developer,2013-02,6,1,0.1111111111111111,9
developer,2013-02,15,1,0.1111111111111111,9
developer,2013-02,20,1,0.1111111111111111,9
developer,2013-02,21,1,0.1111111111111111,9
developer,2013-02,25,2,0.2222222222222222,9
developer,2013-02,29,1,0.1111111111111111,9
developer,2013-02,34,1,0.1111111111111111,9
developer,2013-03,0,12,0.02494802494802495,481
developer,2013-03,1,11,0.02286902286902287,481
developer,2013-03,2,13,0.02702702702702703,481
developer,2013-03,3,10,0.02079002079002079,481
developer,2013-03,4,12,0.02494802494802495,481
developer,2013-03,5,6,0.012474012474012475,481
developer,2013-03,6,10,0.02079002079002079,481
developer,2013-03,7,18,0.037422037422037424,481
developer,2013-03,8,12,0.02494802494802495,481
developer,2013-03,9,15,0.031185031185031187,481
developer,2013-03,10,5,0.010395010395010396,481
developer,2013-03,11,18,0.037422037422037424,481
developer,2013-03,12,15,0.031185031185031187,481
developer,2013-03,13,11,0.02286902286902287,481
developer,2013-03,14,16,0.033264033264033266,481
developer,2013-03,15,10,0.02079002079002079,481
developer,2013-03,16,5,0.010395010395010396,481
developer,2013-03,17,16,0.033264033264033266,481
developer,2013-03,18,4,0.008316008316008316,481
developer,2013-03,19,7,0.014553014553014554,481
developer,2013-03,20,9,0.018711018711018712,481
developer,2013-03,21,9,0.018711018711018712,481
developer,2013-03,22,18,0.037422037422037424,481
developer,2013-03,23,10,0.02079002079002079,481
developer,2013-03,24,16,0.033264033264033266,481
developer,2013-03,25,17,0.035343035343035345,481
developer,2013-03,26,21,0.04365904365904366,481
developer,2013-03,27,14,0.029106029106029108,481
developer,2013-03,28,13,0.02702702702702703,481
developer,2013-03,29,12,0.02494802494802495,481
developer,2013-03,30,12,0.02494802494802495,481
developer,2013-03,31,10,0.02079002079002079,481
developer,2013-03,32,10,0.02079002079002079,481
developer,2013-03,33,9,0.018711018711018712,481
developer,2013-03,34,6,0.012474012474012475,481
developer,2013-03,35,15,0.031185031185031187,481
developer,2013-03,36,14,0.029106029106029108,481
developer,2013-03,37,10,0.02079002079002079,481
developer,2013-03,38,18,0.037422037422037424,481
developer,2013-03,39,12,0.02494802494802495,481
developer,2013-04,0,139,0.026481234520861117,5249
developer,2013-04,1,137,0.026100209563726422,5249
developer,2013-04,2,109,0.020765860163840733,5249
developer,2013-04,3,100,0.019051247856734618,5249
developer,2013-04,4,95,0.018098685463897885,5249
developer,2013-04,5,89,0.016955610592493807,5249
developer,2013-04,6,165,0.031434558963612115,5249
developer,2013-04,7,118,0.022480472470946845,5249
developer,2013-04,8,104,0.019813297771004,5249
developer,2013-04,9,127,0.02419508477805296,5249
developer,2013-04,10,89,0.016955610592493807,5249
developer,2013-04,11,145,0.027624309392265192,5249
developer,2013-04,12,141,0.02686225947799581,5249
developer,2013-04,13,122,0.023242522385216232,5249
developer,2013-04,14,127,0.02419508477805296,5249
developer,2013-04,15,132,0.025147647170889693,5249
developer,2013-04,16,131,0.024957134692322348,5249
developer,2013-04,17,113,0.021527910078110116,5249
developer,2013-04,18,154,0.029338921699371308,5249
developer,2013-04,19,102,0.01943227281386931,5249
developer,2013-04,20,152,0.028957896742236616,5249
developer,2013-04,21,126,0.024004572299485615,5249
developer,2013-04,22,177,0.03372070870642027,5249
developer,2013-04,23,148,0.028195846827967233,5249
developer,2013-04,24,137,0.026100209563726422,5249
developer,2013-04,25,125,0.02381405982091827,5249
developer,2013-04,26,186,0.03543532101352639,5249
developer,2013-04,27,171,0.0325776338350162,5249
developer,2013-04,28,146,0.027814821870832538,5249
developer,2013-04,29,118,0.022480472470946845,5249
developer,2013-04,30,105,0.020003810249571347,5249
developer,2013-04,31,117,0.0222899599923795,5249
developer,2013-04,32,152,0.028957896742236616,5249
developer,2013-04,33,94,0.01790817298533054,5249
developer,2013-04,34,119,0.022670984949514195,5249
developer,2013-04,35,140,0.026671746999428463,5249
developer,2013-04,36,152,0.028957896742236616,5249
developer,2013-04,37,135,0.02571918460659173,5249
developer,2013-04,38,166,0.031625071442179464,5249
developer,2013-04,39,144,0.027433796913697846,5249
developer,2013-05,0,155,0.024768296580377117,6258
developer,2013-05,1,146,0.023330137424097154,6258
developer,2013-05,2,123,0.019654841802492808,6258
developer,2013-05,3,125,0.019974432726110578,6258
developer,2013-05,4,109,0.017417705337168424,6258
developer,2013-05,5,112,0.017897091722595078,6258
developer,2013-05,6,241,0.038510706295941194,6258
developer,2013-05,7,111,0.017737296260786194,6258
developer,2013-05,8,125,0.019974432726110578,6258
developer,2013-05,9,160,0.02556727388942154,6258
developer,2013-05,10,97,0.015500159795461809,6258
developer,2013-05,11,142,0.022690955576861616,6258
developer,2013-05,12,198,0.031639501438159155,6258
developer,2013-05,13,218,0.03483541067433685,6258
developer,2013-05,14,166,0.02652604666027485,6258
developer,2013-05,15,179,0.02860338766379035,6258
developer,2013-05,16,183,0.029242569511025888,6258
developer,2013-05,17,172,0.027484819431128155,6258
developer,2013-05,18,188,0.03004154682007031,6258
developer,2013-05,19,154,0.024608501118568233,6258
developer,2013-05,20,160,0.02556727388942154,6258
developer,2013-05,21,112,0.017897091722595078,6258
developer,2013-05,22,236,0.03771172898689677,6258
developer,2013-05,23,205,0.03275806967082135,6258
developer,2013-05,24,164,0.02620645573665708,6258
developer,2013-05,25,115,0.018376478108021732,6258
developer,2013-05,26,188,0.03004154682007031,6258
developer,2013-05,27,192,0.030680728667305847,6258
developer,2013-05,28,162,0.02588686481303931,6258
developer,2013-05,29,125,0.019974432726110578,6258
developer,2013-05,30,133,0.021252796420581657,6258
developer,2013-05,31,139,0.022211569191434962,6258
developer,2013-05,32,174,0.027804410354745925,6258
developer,2013-05,33,107,0.017098114413550657,6258
developer,2013-05,34,119,0.01901565995525727,6258
developer,2013-05,35,111,0.017737296260786194,6258
developer,2013-05,36,166,0.02652604666027485,6258
developer,2013-05,37,175,0.02796420581655481,6258
developer,2013-05,38,194,0.031000319590923617,6258
developer,2013-05,39,177,0.02828379674017258,6258
developer,2013-06,0,281,0.02837237479806139,9904
developer,2013-06,1,233,0.023525848142164782,9904
developer,2013-06,2,188,0.018982229402261713,9904
developer,2013-06,3,198,0.019991922455573505,9904
developer,2013-06,4,180,0.018174474959612278,9904
developer,2013-06,5,185,0.018679321486268174,9904
developer,2013-06,6,334,0.033723747980613894,9904
developer,2013-06,7,198,0.019991922455573505,9904
developer,2013-06,8,185,0.018679321486268174,9904
developer,2013-06,9,234,0.023626817447495962,9904
developer,2013-06,10,188,0.018982229402261713,9904
developer,2013-06,11,265,0.02675686591276252,9904
developer,2013-06,12,256,0.025848142164781908,9904
developer,2013-06,13,349,0.03523828756058158,9904
developer,2013-06,14,259,0.026151050080775444,9904
developer,2013-06,15,252,0.02544426494345719,9904
developer,2013-06,16,270,0.027261712439418415,9904
developer,2013-06,17,256,0.025848142164781908,9904
developer,2013-06,18,281,0.02837237479806139,9904
developer,2013-06,19,261,0.026352988691437804,9904
developer,2013-06,20,255,0.025747172859450728,9904
developer,2013-06,21,215,0.021708400646203555,9904
developer,2013-06,22,344,0.034733441033925685,9904
developer,2013-06,23,290,0.029281098546042002,9904
developer,2013-06,24,244,0.024636510500807753,9904
developer,2013-06,25,199,0.020092891760904685,9904
developer,2013-06,26,308,0.031098546042003232,9904
developer,2013-06,27,303,0.030593699515347333,9904
developer,2013-06,28,176,0.017770597738287562,9904
developer,2013-06,29,200,0.020193861066235864,9904
developer,2013-06,30,292,0.02948303715670436,9904
developer,2013-06,31,255,0.025747172859450728,9904
developer,2013-06,32,267,0.02695880452342488,9904
developer,2013-06,33,137,0.013832794830371567,9904
developer,2013-06,34,230,0.023222940226171242,9904
developer,2013-06,35,214,0.021607431340872375,9904
developer,2013-06,36,242,0.024434571890145397,9904
developer,2013-06,37,306,0.030896607431340872,9904
developer,2013-06,38,289,0.029180129240710825,9904
developer,2013-06,39,285,0.028776252019386106,9904
developer,2013-07,0,267,0.026448736998514116,10095
developer,2013-07,1,250,0.024764735017335313,10095
developer,2013-07,2,227,0.022486379395740465,10095
developer,2013-07,3,233,0.023080733036156514,10095
developer,2013-07,4,240,0.0237741456166419,10095
developer,2013-07,5,212,0.02100049529470035,10095
developer,2013-07,6,280,0.02773650321941555,10095
developer,2013-07,7,276,0.027340267459138187,10095
developer,2013-07,8,162,0.016047548291233282,10095
developer,2013-07,9,221,0.021892025755324417,10095
developer,2013-07,10,237,0.023476968796433878,10095
developer,2013-07,11,280,0.02773650321941555,10095
developer,2013-07,12,225,0.022288261515601784,10095
developer,2013-07,13,283,0.028033680039623577,10095
developer,2013-07,14,207,0.02050520059435364,10095
developer,2013-07,15,225,0.022288261515601784,10095
developer,2013-07,16,284,0.028132738979692918,10095
developer,2013-07,17,305,0.030212976721149084,10095
developer,2013-07,18,277,0.027439326399207528,10095
developer,2013-07,19,224,0.022189202575532443,10095
developer,2013-07,20,213,0.02109955423476969,10095
developer,2013-07,21,216,0.021396731054977712,10095
developer,2013-07,22,352,0.034868746904408124,10095
developer,2013-07,23,208,0.02060425953442298,10095
developer,2013-07,24,255,0.02526002971768202,10095
developer,2013-07,25,240,0.0237741456166419,10095
developer,2013-07,26,317,0.03140168400198118,10095
developer,2013-07,27,286,0.0283308568598316,10095
developer,2013-07,28,215,0.02129767211490837,10095
developer,2013-07,29,237,0.023476968796433878,10095
developer,2013-07,30,255,0.02526002971768202,10095
developer,2013-07,31,295,0.02922238732045567,10095
developer,2013-07,32,391,0.03873204556711243,10095
developer,2013-07,33,196,0.019415552253590887,10095
developer,2013-07,34,220,0.021792966815255076,10095
developer,2013-07,35,188,0.018623080733036156,10095
developer,2013-07,36,292,0.02892521050024765,10095
developer,2013-07,37,160,0.0158494304110946,10095
developer,2013-07,38,285,0.02823179791976226,10095
developer,2013-07,39,359,0.03556215948489351,10095
developer,2013-08,0,208,0.027867095391211148,7464
developer,2013-08,1,171,0.022909967845659164,7464
developer,2013-08,2,159,0.02130225080385852,7464
developer,2013-08,3,193,0.025857449088960344,7464
developer,2013-08,4,154,0.020632368703108254,7464
developer,2013-08,5,133,0.01781886387995713,7464
developer,2013-08,6,208,0.027867095391211148,7464
developer,2013-08,7,197,0.02639335476956056,7464
developer,2013-08,8,125,0.0167470525187567,7464
developer,2013-08,9,162,0.021704180064308683,7464
developer,2013-08,10,149,0.019962486602357984,7464
developer,2013-08,11,260,0.03483386923901393,7464
developer,2013-08,12,152,0.020364415862808145,7464
developer,2013-08,13,198,0.02652733118971061,7464
developer,2013-08,14,164,0.02197213290460879,7464
developer,2013-08,15,146,0.019560557341907824,7464
developer,2013-08,16,159,0.02130225080385852,7464
developer,2013-08,17,251,0.03362808145766345,7464
developer,2013-08,18,226,0.030278670953912113,7464
developer,2013-08,19,154,0.020632368703108254,7464
developer,2013-08,20,152,0.020364415862808145,7464
developer,2013-08,21,149,0.019962486602357984,7464
developer,2013-08,22,263,0.035235798499464094,7464
developer,2013-08,23,181,0.0242497320471597,7464
developer,2013-08,24,145,0.01942658092175777,7464
developer,2013-08,25,183,0.02451768488745981,7464
developer,2013-08,26,250,0.0334941050375134,7464
developer,2013-08,27,262,0.03510182207931404,7464
developer,2013-08,28,181,0.0242497320471597,7464
developer,2013-08,29,179,0.023981779206859594,7464
developer,2013-08,30,159,0.02130225080385852,7464
developer,2013-08,31,220,0.02947481243301179,7464
developer,2013-08,32,304,0.04072883172561629,7464
developer,2013-08,33,164,0.02197213290460879,7464
developer,2013-08,34,136,0.01822079314040729,7464
developer,2013-08,35,123,0.01647909967845659,7464
developer,2013-08,36,254,0.03403001071811361,7464
developer,2013-08,37,100,0.01339764201500536,7464
developer,2013-08,38,204,0.027331189710610933,7464
developer,2013-08,39,286,0.03831725616291533,7464
developer,2013-09,0,146,0.02608540289440772,5597
developer,2013-09,1,114,0.020368054314811507,5597
developer,2013-09,2,111,0.01983205288547436,5597
developer,2013-09,3,132,0.023584062890834374,5597
developer,2013-09,4,135,0.02412006432017152,5597
developer,2013-09,5,116,0.02072538860103627,5597
developer,2013-09,6,127,0.022690727175272467,5597
developer,2013-09,7,149,0.026621404323744862,5597
developer,2013-09,8,105,0.018760050026800073,5597
developer,2013-09,9,120,0.021440057173485797,5597
developer,2013-09,10,101,0.018045381454350546,5597
developer,2013-09,11,186,0.033232088618902984,5597
developer,2013-09,12,138,0.024656065749508665,5597
developer,2013-09,13,167,0.029837412899767733,5597
developer,2013-09,14,117,0.02090405574414865,5597
developer,2013-09,15,128,0.022869394318384847,5597
developer,2013-09,16,146,0.02608540289440772,5597
developer,2013-09,17,158,0.0282294086117563,5597
developer,2013-09,18,149,0.026621404323744862,5597
developer,2013-09,19,128,0.022869394318384847,5597
developer,2013-09,20,121,0.021618724316598177,5597
developer,2013-09,21,130,0.02322672860460961,5597
developer,2013-09,22,182,0.03251742004645346,5597
developer,2013-09,23,106,0.018938717169912453,5597
developer,2013-09,24,150,0.026800071466857246,5597
developer,2013-09,25,141,0.02519206717884581,5597
developer,2013-09,26,186,0.033232088618902984,5597
developer,2013-09,27,182,0.03251742004645346,5597
developer,2013-09,28,137,0.024477398606396285,5597
developer,2013-09,29,120,0.021440057173485797,5597
developer,2013-09,30,123,0.02197605860282294,5597
developer,2013-09,31,152,0.02715740575308201,5597
developer,2013-09,32,261,0.046632124352331605,5597
developer,2013-09,33,140,0.025013400035733428,5597
developer,2013-09,34,86,0.01536537430766482,5597
developer,2013-09,35,115,0.020546721457923887,5597
developer,2013-09,36,159,0.02840807575486868,5597
developer,2013-09,37,93,0.016616044309451492,5597
developer,2013-09,38,135,0.02412006432017152,5597
developer,2013-09,39,205,0.036626764338038235,5597
developer,2013-10,0,155,0.025632545063667935,6047
developer,2013-10,1,143,0.02364808996196461,6047
developer,2013-10,2,134,0.022159748635687117,6047
developer,2013-10,3,261,0.04316189846204729,6047
developer,2013-10,4,152,0.025136431288242105,6047
developer,2013-10,5,98,0.016206383330577147,6047
developer,2013-10,6,158,0.026128658839093766,6047
developer,2013-10,7,123,0.020340664792459072,6047
developer,2013-10,8,164,0.027120886389945427,6047
developer,2013-10,9,156,0.025797916322143212,6047
developer,2013-10,10,74,0.012237473127170499,6047
developer,2013-10,11,169,0.02794774268232181,6047
developer,2013-10,12,135,0.022325119894162394,6047
developer,2013-10,13,147,0.02430957499586572,6047
developer,2013-10,14,109,0.018025467173805192,6047
developer,2013-10,15,198,0.03274350917810485,6047
developer,2013-10,16,96,0.015875640813626593,6047
developer,2013-10,17,132,0.021829006118736564,6047
developer,2013-10,18,129,0.021332892343310733,6047
developer,2013-10,19,188,0.031089796593352075,6047
developer,2013-10,20,118,0.019513808500082684,6047
developer,2013-10,21,155,0.025632545063667935,6047
developer,2013-10,22,188,0.031089796593352075,6047
developer,2013-10,23,156,0.025797916322143212,6047
developer,2013-10,24,280,0.04630395237307756,6047
developer,2013-10,25,103,0.01703323962295353,6047
developer,2013-10,26,238,0.03935835951711592,6047
developer,2013-10,27,165,0.027286257648420704,6047
developer,2013-10,28,152,0.025136431288242105,6047
developer,2013-10,29,97,0.01604101207210187,6047
developer,2013-10,30,100,0.0165371258475277,6047
developer,2013-10,31,130,0.02149826360178601,6047
developer,2013-10,32,206,0.03406647924590706,6047
developer,2013-10,33,151,0.024971060029766828,6047
developer,2013-10,34,98,0.016206383330577147,6047
developer,2013-10,35,105,0.017363982139904085,6047
developer,2013-10,36,131,0.021663634860261287,6047
developer,2013-10,37,129,0.021332892343310733,6047
developer,2013-10,38,213,0.035224078055234,6047
developer,2013-10,39,211,0.03489333553828344,6047
developer,2013-11,0,111,0.020805998125585753,5335
developer,2013-11,1,118,0.02211808809746954,5335
developer,2013-11,2,123,0.023055295220243674,5335
developer,2013-11,3,181,0.03392689784442362,5335
developer,2013-11,4,132,0.024742268041237112,5335
developer,2013-11,5,70,0.013120899718837863,5335
developer,2013-11,6,134,0.025117150890346766,5335
developer,2013-11,7,101,0.01893158388003749,5335
developer,2013-11,8,118,0.02211808809746954,5335
developer,2013-11,9,141,0.026429240862230554,5335
developer,2013-11,10,78,0.014620431115276476,5335
developer,2013-11,11,146,0.027366447985004688,5335
developer,2013-11,12,145,0.02717900656044986,5335
developer,2013-11,13,139,0.0260543580131209,5335
developer,2013-11,14,111,0.020805998125585753,5335
developer,2013-11,15,143,0.026804123711340205,5335
developer,2013-11,16,89,0.016682286785379568,5335
developer,2013-11,17,145,0.02717900656044986,5335
developer,2013-11,18,123,0.023055295220243674,5335
developer,2013-11,19,136,0.02549203373945642,5335
developer,2013-11,20,112,0.02099343955014058,5335
developer,2013-11,21,127,0.02380506091846298,5335
developer,2013-11,22,161,0.030178069353327085,5335
developer,2013-11,23,128,0.023992502343017807,5335
developer,2013-11,24,259,0.04854732895970009,5335
developer,2013-11,25,114,0.021368322399250236,5335
developer,2013-11,26,191,0.035801312089971886,5335
developer,2013-11,27,148,0.027741330834114338,5335
developer,2013-11,28,99,0.018556701030927835,5335
developer,2013-11,29,120,0.022492970946579195,5335
developer,2013-11,30,89,0.016682286785379568,5335
developer,2013-11,31,116,0.021743205248359886,5335
developer,2013-11,32,282,0.05285848172446111,5335
developer,2013-11,33,141,0.026429240862230554,5335
developer,2013-11,34,99,0.018556701030927835,5335
developer,2013-11,35,102,0.019119025304592314,5335
developer,2013-11,36,113,0.021180880974695407,5335
developer,2013-11,37,97,0.01818181818181818,5335
developer,2013-11,38,156,0.02924086223055295,5335
developer,2013-11,39,197,0.036925960637300845,5335
developer,2013-12,0,70,0.018523418893887273,3779
developer,2013-12,1,98,0.02593278645144218,3779
developer,2013-12,2,74,0.019581899973537972,3779
developer,2013-12,3,91,0.024080444562053452,3779
developer,2013-12,4,93,0.024609685101878803,3779
developer,2013-12,5,95,0.025138925641704155,3779
developer,2013-12,6,110,0.029108229690394283,3779
developer,2013-12,7,72,0.01905265943371262,3779
developer,2013-12,8,89,0.023551204022228104,3779
developer,2013-12,9,74,0.019581899973537972,3779
developer,2013-12,10,86,0.022757343212490077,3779
developer,2013-12,11,110,0.029108229690394283,3779
developer,2013-12,12,110,0.029108229690394283,3779
developer,2013-12,13,106,0.028049748610743584,3779
developer,2013-12,14,81,0.0214342418629267,3779
developer,2013-12,15,114,0.030166710770044985,3779
developer,2013-12,16,60,0.01587721619476052,3779
developer,2013-12,17,97,0.025668166181529506,3779
developer,2013-12,18,83,0.02196348240275205,3779
developer,2013-12,19,113,0.02990209050013231,3779
developer,2013-12,20,70,0.018523418893887273,3779
developer,2013-12,21,99,0.026197406721354857,3779
developer,2013-12,22,108,0.028578989150568935,3779
developer,2013-12,23,138,0.036517597247949195,3779
developer,2013-12,24,124,0.032812913469171735,3779
developer,2013-12,25,92,0.024345064831966128,3779
developer,2013-12,26,136,0.03598835670812384,3779
developer,2013-12,27,117,0.030960571579783012,3779
developer,2013-12,28,107,0.02831436888065626,3779
developer,2013-12,29,77,0.020375760783276,3779
developer,2013-12,30,91,0.024080444562053452,3779
developer,2013-12,31,88,0.02328658375231543,3779
developer,2013-12,32,102,0.02699126753109288,3779
developer,2013-12,33,60,0.01587721619476052,3779
developer,2013-12,34,59,0.015612595924847844,3779
developer,2013-12,35,91,0.024080444562053452,3779
developer,2013-12,36,92,0.024345064831966128,3779
developer,2013-12,37,68,0.01799417835406192,3779
developer,2013-12,38,113,0.02990209050013231,3779
developer,2013-12,39,121,0.032019052659433715,3779
developer,2014-01,0,126,0.019858156028368795,6345
developer,2014-01,1,170,0.026792750197005517,6345
developer,2014-01,2,100,0.015760441292356184,6345
developer,2014-01,3,121,0.019070133963750985,6345
developer,2014-01,4,144,0.02269503546099291,6345
developer,2014-01,5,164,0.025847123719464144,6345
developer,2014-01,6,151,0.02379826635145784,6345
developer,2014-01,7,141,0.022222222222222223,6345
developer,2014-01,8,94,0.014814814814814815,6345
developer,2014-01,9,129,0.02033096926713948,6345
developer,2014-01,10,179,0.028211189913317572,6345
developer,2014-01,11,283,0.04460204885736801,6345
developer,2014-01,12,137,0.021591804570527975,6345
developer,2014-01,13,181,0.028526398739164696,6345
developer,2014-01,14,196,0.030890464933018124,6345
developer,2014-01,15,178,0.02805358550039401,6345
developer,2014-01,16,134,0.02111899133175729,6345
developer,2014-01,17,163,0.025689519306540582,6345
developer,2014-01,18,126,0.019858156028368795,6345
developer,2014-01,19,188,0.02962962962962963,6345
developer,2014-01,20,134,0.02111899133175729,6345
developer,2014-01,21,145,0.022852639873916468,6345
developer,2014-01,22,168,0.026477541371158392,6345
developer,2014-01,23,238,0.03750985027580772,6345
developer,2014-01,24,228,0.03593380614657211,6345
developer,2014-01,25,153,0.024113475177304965,6345
developer,2014-01,26,208,0.032781717888100866,6345
developer,2014-01,27,173,0.027265563435776203,6345
developer,2014-01,28,183,0.02884160756501182,6345
developer,2014-01,29,170,0.026792750197005517,6345
developer,2014-01,30,162,0.02553191489361702,6345
developer,2014-01,31,134,0.02111899133175729,6345
developer,2014-01,32,131,0.020646178092986602,6345
developer,2014-01,33,106,0.016706067769897557,6345
developer,2014-01,34,95,0.014972419227738377,6345
developer,2014-01,35,127,0.020015760441292357,6345
developer,2014-01,36,170,0.026792750197005517,6345
developer,2014-01,37,142,0.022379826635145785,6345
developer,2014-01,38,222,0.034988179669030735,6345
developer,2014-01,39,151,0.02379826635145784,6345
developer,2014-02,0,117,0.025942350332594236,4510
developer,2014-02,1,118,0.02616407982261641,4510
developer,2014-02,2,94,0.020842572062084258,4510
developer,2014-02,3,80,0.017738359201773836,4510
developer,2014-02,4,82,0.01818181818181818,4510
developer,2014-02,5,96,0.021286031042128603,4510
developer,2014-02,6,80,0.017738359201773836,4510
developer,2014-02,7,86,0.019068736141906874,4510
developer,2014-02,8,66,0.014634146341463415,4510
developer,2014-02,9,80,0.017738359201773836,4510
developer,2014-02,10,86,0.019068736141906874,4510
developer,2014-02,11,188,0.041685144124168516,4510
developer,2014-02,12,116,0.025720620842572064,4510
developer,2014-02,13,108,0.02394678492239468,4510
developer,2014-02,14,119,0.02638580931263858,4510
developer,2014-02,15,126,0.027937915742793792,4510
developer,2014-02,16,84,0.01862527716186253,4510
developer,2014-02,17,141,0.03126385809312639,4510
developer,2014-02,18,94,0.020842572062084258,4510
developer,2014-02,19,96,0.021286031042128603,4510
developer,2014-02,20,113,0.025055432372505543,4510
developer,2014-02,21,126,0.027937915742793792,4510
developer,2014-02,22,124,0.027494456762749447,4510
developer,2014-02,23,169,0.03747228381374723,4510
developer,2014-02,24,148,0.032815964523281595,4510
developer,2014-02,25,109,0.024168514412416853,4510
developer,2014-02,26,139,0.03082039911308204,4510
developer,2014-02,27,117,0.025942350332594236,4510
developer,2014-02,28,131,0.029046563192904655,4510
developer,2014-02,29,135,0.02993348115299335,4510
developer,2014-02,30,155,0.03436807095343681,4510
developer,2014-02,31,98,0.021729490022172948,4510
developer,2014-02,32,106,0.02350332594235033,4510
developer,2014-02,33,78,0.01729490022172949,4510
developer,2014-02,34,65,0.014412416851441241,4510
developer,2014-02,35,106,0.02350332594235033,4510
developer,2014-02,36,162,0.03592017738359202,4510
developer,2014-02,37,94,0.020842572062084258,4510
developer,2014-02,38,171,0.037915742793791576,4510
developer,2014-02,39,107,0.023725055432372504,4510
developer,2014-03,0,237,0.022712026832774318,10435
developer,2014-03,1,223,0.021370388116914232,10435
developer,2014-03,2,374,0.03584091998083373,10435
developer,2014-03,3,264,0.02529947292764734,10435
developer,2014-03,4,170,0.01629132726401533,10435
developer,2014-03,5,252,0.024149496885481552,10435
developer,2014-03,6,273,0.02616195495927168,10435
developer,2014-03,7,340,0.03258265452803066,10435
developer,2014-03,8,223,0.021370388116914232,10435
developer,2014-03,9,347,0.033253473885960706,10435
developer,2014-03,10,197,0.018878773358888358,10435
developer,2014-03,11,252,0.024149496885481552,10435
developer,2014-03,12,406,0.0389075227599425,10435
developer,2014-03,13,310,0.029707714422616195,10435
developer,2014-03,14,331,0.031720172496406324,10435
developer,2014-03,15,190,0.01820795400095831,10435
developer,2014-03,16,153,0.014662194537613799,10435
developer,2014-03,17,316,0.03028270244369909,10435
developer,2014-03,18,156,0.014949688548155246,10435
developer,2014-03,19,178,0.017057977958792526,10435
developer,2014-03,20,367,0.03517010062290369,10435
developer,2014-03,21,235,0.022520364159080018,10435
developer,2014-03,22,269,0.025778629611883087,10435
developer,2014-03,23,381,0.036511739338763775,10435
developer,2014-03,24,211,0.020220412074748444,10435
developer,2014-03,25,273,0.02616195495927168,10435
developer,2014-03,26,424,0.040632486823191184,10435
developer,2014-03,27,161,0.015428845232390992,10435
developer,2014-03,28,253,0.0242453282223287,10435
developer,2014-03,29,186,0.017824628653569718,10435
developer,2014-03,30,185,0.01772879731672257,10435
developer,2014-03,31,309,0.029611883085769047,10435
developer,2014-03,32,354,0.03392429324389075,10435
developer,2014-03,33,214,0.02050790608528989,10435
developer,2014-03,34,186,0.017824628653569718,10435
developer,2014-03,35,146,0.013991375179683756,10435
developer,2014-03,36,433,0.041494968854815524,10435
developer,2014-03,37,163,0.01562050790608529,10435
developer,2014-03,38,284,0.02721609966459032,10435
developer,2014-03,39,209,0.020028749401054143,10435
developer,2014-04,0,168,0.024925816023738872,6740
developer,2014-04,1,170,0.025222551928783383,6740
developer,2014-04,2,220,0.032640949554896145,6740
developer,2014-04,3,103,0.015281899109792284,6740
developer,2014-04,4,99,0.014688427299703264,6740
developer,2014-04,5,151,0.022403560830860533,6740
developer,2014-04,6,199,0.029525222551928784,6740
developer,2014-04,7,222,0.032937685459940656,6740
developer,2014-04,8,146,0.02166172106824926,6740
developer,2014-04,9,158,0.02344213649851632,6740
developer,2014-04,10,146,0.02166172106824926,6740
developer,2014-04,11,239,0.03545994065281899,6740
developer,2014-04,12,220,0.032640949554896145,6740
developer,2014-04,13,196,0.029080118694362018,6740
developer,2014-04,14,163,0.024183976261127598,6740
developer,2014-04,15,172,0.025519287833827894,6740
developer,2014-04,16,149,0.022106824925816025,6740
developer,2014-04,17,154,0.0228486646884273,6740
developer,2014-04,18,105,0.015578635014836795,6740
developer,2014-04,19,134,0.019881305637982197,6740
developer,2014-04,20,231,0.03427299703264095,6740
developer,2014-04,21,200,0.02967359050445104,6740
developer,2014-04,22,161,0.023887240356083087,6740
developer,2014-04,23,262,0.03887240356083086,6740
developer,2014-04,24,174,0.025816023738872405,6740
developer,2014-04,25,132,0.019584569732937686,6740
developer,2014-04,26,244,0.03620178041543027,6740
developer,2014-04,27,150,0.02225519287833828,6740
developer,2014-04,28,137,0.020326409495548963,6740
developer,2014-04,29,117,0.017359050445103857,6740
developer,2014-04,30,133,0.01973293768545994,6740
developer,2014-04,31,171,0.02537091988130564,6740
developer,2014-04,32,203,0.030118694362017803,6740
developer,2014-04,33,166,0.02462908011869436,6740
developer,2014-04,34,152,0.022551928783382788,6740
developer,2014-04,35,138,0.020474777448071215,6740
developer,2014-04,36,232,0.034421364985163204,6740
developer,2014-04,37,101,0.014985163204747775,6740
developer,2014-04,38,159,0.023590504451038576,6740
developer,2014-04,39,163,0.024183976261127598,6740
developer,2014-05,0,156,0.027248908296943233,5725
developer,2014-05,1,123,0.02148471615720524,5725
developer,2014-05,2,156,0.027248908296943233,5725
developer,2014-05,3,66,0.011528384279475983,5725
developer,2014-05,4,79,0.013799126637554586,5725
developer,2014-05,5,125,0.021834061135371178,5725
developer,2014-05,6,110,0.01921397379912664,5725
developer,2014-05,7,144,0.025152838427947598,5725
developer,2014-05,8,145,0.025327510917030567,5725
developer,2014-05,9,109,0.01903930131004367,5725
developer,2014-05,10,134,0.023406113537117905,5725
developer,2014-05,11,239,0.041746724890829694,5725
developer,2014-05,12,146,0.025502183406113536,5725
developer,2014-05,13,140,0.02445414847161572,5725
developer,2014-05,14,79,0.013799126637554586,5725
developer,2014-05,15,207,0.03615720524017467,5725
developer,2014-05,16,135,0.023580786026200874,5725
developer,2014-05,17,140,0.02445414847161572,5725
developer,2014-05,18,84,0.014672489082969432,5725
developer,2014-05,19,137,0.023930131004366813,5725
developer,2014-05,20,161,0.02812227074235808,5725
developer,2014-05,21,135,0.023580786026200874,5725
developer,2014-05,22,94,0.016419213973799127,5725
developer,2014-05,23,304,0.053100436681222704,5725
developer,2014-05,24,161,0.02812227074235808,5725
developer,2014-05,25,119,0.020786026200873362,5725
developer,2014-05,26,154,0.026899563318777294,5725
developer,2014-05,27,158,0.02759825327510917,5725
developer,2014-05,28,127,0.022183406113537116,5725
developer,2014-05,29,90,0.01572052401746725,5725
developer,2014-05,30,109,0.01903930131004367,5725
developer,2014-05,31,132,0.023056768558951966,5725
developer,2014-05,32,162,0.02829694323144105,5725
developer,2014-05,33,223,0.038951965065502185,5725
developer,2014-05,34,137,0.023930131004366813,5725
developer,2014-05,35,206,0.0359825327510917,5725
developer,2014-05,36,203,0.03545851528384279,5725
developer,2014-05,37,91,0.01589519650655022,5725
developer,2014-05,38,123,0.02148471615720524,5725
developer,2014-05,39,182,0.03179039301310044,5725
developer,2014-06,0,175,0.024424284717376135,7165
developer,2014-06,1,135,0.01884159106769016,7165
developer,2014-06,2,180,0.02512212142358688,7165
developer,2014-06,3,107,0.014933705512909979,7165
developer,2014-06,4,108,0.015073272854152128,7165
developer,2014-06,5,160,0.022330774598743892,7165
developer,2014-06,6,184,0.02568039078855548,7165
developer,2014-06,7,156,0.021772505233775295,7165
developer,2014-06,8,138,0.019260293091416608,7165
developer,2014-06,9,117,0.016329378925331473,7165
developer,2014-06,10,156,0.021772505233775295,7165
developer,2014-06,11,280,0.039078855547801813,7165
developer,2014-06,12,170,0.02372644801116539,7165
developer,2014-06,13,183,0.02554082344731333,7165
developer,2014-06,14,91,0.01270062805303559,7165
developer,2014-06,15,305,0.04256803907885555,7165
developer,2014-06,16,210,0.02930914166085136,7165
developer,2014-06,17,128,0.017864619678995115,7165
developer,2014-06,18,153,0.021353803210048847,7165
developer,2014-06,19,160,0.022330774598743892,7165
developer,2014-06,20,192,0.026796929518492673,7165
developer,2014-06,21,175,0.024424284717376135,7165
developer,2014-06,22,156,0.021772505233775295,7165
developer,2014-06,23,345,0.04815073272854152,7165
developer,2014-06,24,186,0.025959525471039777,7165
developer,2014-06,25,184,0.02568039078855548,7165
developer,2014-06,26,152,0.021214235868806698,7165
developer,2014-06,27,208,0.02903000697836706,7165
developer,2014-06,28,165,0.023028611304954642,7165
developer,2014-06,29,119,0.016608513607815772,7165
developer,2014-06,30,118,0.016468946266573622,7165
developer,2014-06,31,204,0.028471737613398464,7165
developer,2014-06,32,175,0.024424284717376135,7165
developer,2014-06,33,294,0.0410327983251919,7165
developer,2014-06,34,168,0.02344731332868109,7165
developer,2014-06,35,215,0.030006978367062107,7165
developer,2014-06,36,231,0.032240055826936495,7165
developer,2014-06,37,88,0.012281926029309142,7165
developer,2014-06,38,250,0.034891835310537335,7165
developer,2014-06,39,244,0.03405443126308444,7165
developer,2014-07,0,581,0.026122926127422327,22241
developer,2014-07,1,451,0.020277865203902703,22241
developer,2014-07,2,572,0.025718268063486354,22241
developer,2014-07,3,455,0.02045771323231869,22241
developer,2014-07,4,602,0.02706712827660627,22241
developer,2014-07,5,523,0.023515129715390496,22241
developer,2014-07,6,824,0.03704869385369363,22241
developer,2014-07,7,399,0.01793984083449485,22241
developer,2014-07,8,593,0.026662470212670295,22241
developer,2014-07,9,513,0.023065509644350522,22241
developer,2014-07,10,637,0.028640798525246168,22241
developer,2014-07,11,952,0.04280383076300526,22241
developer,2014-07,12,480,0.02158176340991862,22241
developer,2014-07,13,352,0.015826626500606986,22241
developer,2014-07,14,354,0.01591655051481498,22241
developer,2014-07,15,553,0.024863989928510407,22241
developer,2014-07,16,805,0.03619441571871768,22241
developer,2014-07,17,524,0.023560091722494493,22241
developer,2014-07,18,565,0.025403534013758375,22241
developer,2014-07,19,441,0.019828245132862733,22241
developer,2014-07,20,602,0.02706712827660627,22241
developer,2014-07,21,501,0.022525965559102558,22241
developer,2014-07,22,639,0.028730722539454162,22241
developer,2014-07,23,523,0.023515129715390496,22241
developer,2014-07,24,535,0.02405467380063846,22241
developer,2014-07,25,397,0.017849916820286856,22241
developer,2014-07,26,516,0.023200395665662517,22241
developer,2014-07,27,641,0.028820646553662156,22241
developer,2014-07,28,628,0.02823614046131019,22241
developer,2014-07,29,627,0.028191178454206194,22241
developer,2014-07,30,476,0.02140191538150263,22241
developer,2014-07,31,490,0.02203138348095859,22241
developer,2014-07,32,407,0.01829953689132683,22241
developer,2014-07,33,713,0.03205791106514995,22241
developer,2014-07,34,425,0.019108853019198777,22241
developer,2014-07,35,618,0.02778652039027022,22241
developer,2014-07,36,454,0.020412751225214694,22241
developer,2014-07,37,442,0.01987320713996673,22241
developer,2014-07,38,804,0.03614945371161369,22241
developer,2014-07,39,627,0.028191178454206194,22241
developer,2014-08,0,584,0.026555110949436158,21992
developer,2014-08,1,569,0.025873044743543107,21992
developer,2014-08,2,549,0.024963623135685703,21992
developer,2014-08,3,432,0.019643506729719897,21992
developer,2014-08,4,631,0.028692251727901054,21992
developer,2014-08,5,561,0.025509276100400144,21992
developer,2014-08,6,618,0.028101127682793742,21992
developer,2014-08,7,525,0.02387231720625682,21992
developer,2014-08,8,558,0.025372862859221534,21992
developer,2014-08,9,502,0.022826482357220807,21992
developer,2014-08,10,547,0.024872680974899964,21992
developer,2014-08,11,757,0.03442160785740269,21992
developer,2014-08,12,496,0.022553655874863587,21992
developer,2014-08,13,482,0.021917060749363403,21992
developer,2014-08,14,416,0.018915969443433975,21992
developer,2014-08,15,566,0.025736631502364497,21992
developer,2014-08,16,613,0.027873772280829393,21992
developer,2014-08,17,597,0.02714623499454347,21992
developer,2014-08,18,615,0.02796471444161513,21992
developer,2014-08,19,388,0.01764277919243361,21992
developer,2014-08,20,567,0.025782102582757368,21992
developer,2014-08,21,435,0.019779919970898507,21992
developer,2014-08,22,535,0.024327028010185523,21992
developer,2014-08,23,460,0.02091669698072026,21992
developer,2014-08,24,684,0.031102218988723174,21992
developer,2014-08,25,534,0.024281556929792652,21992
developer,2014-08,26,593,0.02696435067297199,21992
developer,2014-08,27,773,0.035149145143688616,21992
developer,2014-08,28,440,0.02000727537286286,21992
developer,2014-08,29,669,0.03042015278283012,21992
developer,2014-08,30,530,0.02409967260822117,21992
developer,2014-08,31,454,0.02064387049836304,21992
developer,2014-08,32,458,0.02082575481993452,21992
developer,2014-08,33,721,0.03278464896325937,21992
developer,2014-08,34,405,0.018415787559112405,21992
developer,2014-08,35,501,0.022781011276827936,21992
developer,2014-08,36,639,0.029056020371044017,21992
developer,2014-08,37,407,0.018506729719898144,21992
developer,2014-08,38,550,0.025009094216078574,21992
developer,2014-08,39,631,0.028692251727901054,21992
developer,2014-09,0,299,0.01964262252003679,15222
developer,2014-09,1,407,0.026737616607541717,15222
developer,2014-09,2,432,0.02837997635001971,15222
developer,2014-09,3,324,0.02128498226251478,15222
developer,2014-09,4,321,0.021087899093417423,15222
developer,2014-09,5,421,0.02765733806332939,15222
developer,2014-09,6,520,0.03416108264354224,15222
developer,2014-09,7,316,0.020759427144921825,15222
developer,2014-09,8,374,0.024569701747470765,15222
developer,2014-09,9,382,0.025095256865063722,15222
developer,2014-09,10,354,0.023255813953488372,15222
developer,2014-09,11,486,0.03192747339377217,15222
developer,2014-09,12,355,0.023321508343187494,15222
developer,2014-09,13,333,0.02187623176980686,15222
developer,2014-09,14,302,0.019839705689134148,15222
developer,2014-09,15,369,0.024241229798975167,15222
developer,2014-09,16,434,0.02851136512941795,15222
developer,2014-09,17,391,0.0256865063723558,15222
developer,2014-09,18,470,0.030876363158586256,15222
developer,2014-09,19,275,0.018065957167257916,15222
developer,2014-09,20,350,0.02299303639469189,15222
developer,2014-09,21,358,0.023518591512284852,15222
developer,2014-09,22,447,0.029365392195506504,15222
developer,2014-09,23,306,0.02010248324793063,15222
developer,2014-09,24,418,0.027460254894232032,15222
developer,2014-09,25,309,0.020299566417027987,15222
developer,2014-09,26,453,0.02975955853370122,15222
developer,2014-09,27,415,0.027263171725134674,15222
developer,2014-09,28,302,0.019839705689134148,15222
developer,2014-09,29,506,0.033241361187754566,15222
developer,2014-09,30,330,0.0216791486007095,15222
developer,2014-09,31,324,0.02128498226251478,15222
developer,2014-09,32,356,0.023387202732886612,15222
developer,2014-09,33,532,0.034949415319931676,15222
developer,2014-09,34,290,0.01905137301274471,15222
developer,2014-09,35,362,0.02378136907108133,15222
developer,2014-09,36,472,0.031007751937984496,15222
developer,2014-09,37,299,0.01964262252003679,15222
developer,2014-09,38,468,0.030744974379188016,15222
developer,2014-09,39,360,0.023649980291683092,15222
developer,2014-10,0,257,0.02176306207130155,11809
developer,2014-10,1,320,0.027097976119908544,11809
developer,2014-10,2,304,0.025743077313913117,11809
developer,2014-10,3,270,0.022863917351172835,11809
developer,2014-10,4,250,0.02117029384367855,11809
developer,2014-10,5,204,0.0172749597764417,11809
developer,2014-10,6,323,0.027352019646032687,11809
developer,2014-10,7,262,0.02218646794817512,11809
developer,2014-10,8,218,0.018460496231687697,11809
developer,2014-10,9,411,0.03480396307900754,11809
developer,2014-10,10,297,0.025150309086290117,11809
developer,2014-10,11,436,0.03692099246337539,11809
developer,2014-10,12,334,0.028283512575154542,11809
developer,2014-10,13,293,0.024811584384791262,11809
developer,2014-10,14,159,0.013464306884579558,11809
developer,2014-10,15,266,0.022525192649673977,11809
developer,2014-10,16,283,0.02396477263104412,11809
developer,2014-10,17,346,0.029299686679651115,11809
developer,2014-10,18,350,0.02963841138114997,11809
developer,2014-10,19,223,0.018883902108561265,11809
developer,2014-10,20,295,0.024980946735540688,11809
developer,2014-10,21,247,0.020916250317554407,11809
developer,2014-10,22,405,0.03429587602675925,11809
developer,2014-10,23,270,0.022863917351172835,11809
developer,2014-10,24,302,0.02557371496316369,11809
developer,2014-10,25,285,0.024134134981793547,11809
developer,2014-10,26,438,0.03709035481412482,11809
developer,2014-10,27,258,0.021847743246676266,11809
developer,2014-10,28,231,0.01956135151155898,11809
developer,2014-10,29,414,0.03505800660513168,11809
developer,2014-10,30,235,0.019900076213057838,11809
developer,2014-10,31,232,0.019646032686933695,11809
developer,2014-10,32,308,0.026081802015411975,11809
developer,2014-10,33,388,0.03285629604538911,11809
developer,2014-10,34,226,0.01913794563468541,11809
developer,2014-10,35,327,0.027690744347531545,11809
developer,2014-10,36,254,0.021509018545177408,11809
developer,2014-10,37,309,0.02616648319078669,11809
developer,2014-10,38,331,0.0280294690490304,11809
developer,2014-10,39,248,0.02100093149292912,11809
developer,2014-11,0,199,0.032622950819672134,6100
developer,2014-11,1,176,0.028852459016393443,6100
developer,2014-11,2,143,0.023442622950819673,6100
developer,2014-11,3,135,0.022131147540983605,6100
developer,2014-11,4,137,0.022459016393442624,6100
developer,2014-11,5,122,0.02,6100
developer,2014-11,6,157,0.025737704918032785,6100
developer,2014-11,7,139,0.02278688524590164,6100
developer,2014-11,8,88,0.014426229508196721,6100
developer,2014-11,9,182,0.02983606557377049,6100
developer,2014-11,10,149,0.02442622950819672,6100
developer,2014-11,11,286,0.046885245901639346,6100
developer,2014-11,12,204,0.03344262295081967,6100
developer,2014-11,13,161,0.02639344262295082,6100
developer,2014-11,14,114,0.018688524590163933,6100
developer,2014-11,15,150,0.02459016393442623,6100
developer,2014-11,16,161,0.02639344262295082,6100
developer,2014-11,17,221,0.03622950819672131,6100
developer,2014-11,18,115,0.018852459016393444,6100
developer,2014-11,19,126,0.020655737704918034,6100
developer,2014-11,20,152,0.024918032786885248,6100
developer,2014-11,21,132,0.021639344262295083,6100
developer,2014-11,22,193,0.03163934426229508,6100
developer,2014-11,23,133,0.02180327868852459,6100
developer,2014-11,24,167,0.027377049180327868,6100
developer,2014-11,25,125,0.020491803278688523,6100
developer,2014-11,26,259,0.04245901639344262,6100
developer,2014-11,27,112,0.018360655737704918,6100
developer,2014-11,28,128,0.02098360655737705,6100
developer,2014-11,29,146,0.023934426229508195,6100
developer,2014-11,30,106,0.01737704918032787,6100
developer,2014-11,31,145,0.023770491803278688,6100
developer,2014-11,32,192,0.031475409836065574,6100
developer,2014-11,33,126,0.020655737704918034,6100
developer,2014-11,34,83,0.01360655737704918,6100
developer,2014-11,35,167,0.027377049180327868,6100
developer,2014-11,36,119,0.019508196721311474,6100
developer,2014-11,37,189,0.030983606557377048,6100
developer,2014-11,38,164,0.026885245901639345,6100
developer,2014-11,39,97,0.015901639344262294,6100
developer,2014-12,0,149,0.028926422053970103,5151
developer,2014-12,1,158,0.030673655600854204,5151
developer,2014-12,2,158,0.030673655600854204,5151
developer,2014-12,3,112,0.0217433508056688,5151
developer,2014-12,4,113,0.0219374878664337,5151
developer,2014-12,5,105,0.0203843913803145,5151
developer,2014-12,6,146,0.0283440108716754,5151
developer,2014-12,7,81,0.0157251019219569,5151
developer,2014-12,8,88,0.0170840613473112,5151
developer,2014-12,9,208,0.04038050863909921,5151
developer,2014-12,10,143,0.027761599689380703,5151
developer,2014-12,11,198,0.0384391380314502,5151
developer,2014-12,12,185,0.035915356241506505,5151
developer,2014-12,13,97,0.018831294894195303,5151
developer,2014-12,14,112,0.0217433508056688,5151
developer,2014-12,15,149,0.028926422053970103,5151
developer,2014-12,16,113,0.0219374878664337,5151
developer,2014-12,17,109,0.021160939623374102,5151
developer,2014-12,18,115,0.022325761987963502,5151
developer,2014-12,19,91,0.017666472529605903,5151
developer,2014-12,20,97,0.018831294894195303,5151
developer,2014-12,21,119,0.0231023102310231,5151
developer,2014-12,22,151,0.029314696175499904,5151
developer,2014-12,23,128,0.024849543777907202,5151
developer,2014-12,24,146,0.0283440108716754,5151
developer,2014-12,25,112,0.0217433508056688,5151
developer,2014-12,26,190,0.036886041545331004,5151
developer,2014-12,27,143,0.027761599689380703,5151
developer,2014-12,28,98,0.019025431954960204,5151
developer,2014-12,29,83,0.016113376043486703,5151
developer,2014-12,30,105,0.0203843913803145,5151
developer,2014-12,31,160,0.031061929722384002,5151
developer,2014-12,32,157,0.030479518540089304,5151
developer,2014-12,33,132,0.0256260920209668,5151
developer,2014-12,34,77,0.014948553678897301,5151
developer,2014-12,35,112,0.0217433508056688,5151
developer,2014-12,36,110,0.021355076684139003,5151
developer,2014-12,37,102,0.019801980198019802,5151
developer,2014-12,38,170,0.033003300330033,5151
developer,2014-12,39,129,0.025043680838672103,5151
developer,2015-01,0,226,0.03767922640880293,5998
developer,2015-01,1,188,0.03134378126042014,5998
developer,2015-01,2,212,0.035345115038346114,5998
developer,2015-01,3,116,0.019339779926642216,5998
developer,2015-01,4,132,0.022007335778592863,5998
developer,2015-01,5,116,0.019339779926642216,5998
developer,2015-01,6,207,0.03451150383461154,5998
developer,2015-01,7,60,0.010003334444814937,5998
developer,2015-01,8,112,0.018672890963654553,5998
developer,2015-01,9,241,0.04018006002000667,5998
developer,2015-01,10,280,0.04668222740913638,5998
developer,2015-01,11,245,0.04084694898299433,5998
developer,2015-01,12,151,0.02517505835278426,5998
developer,2015-01,13,142,0.023674558186062022,5998
developer,2015-01,14,115,0.0191730576858953,5998
developer,2015-01,15,165,0.02750916972324108,5998
developer,2015-01,16,86,0.014338112704234745,5998
developer,2015-01,17,102,0.017005668556185394,5998
developer,2015-01,18,135,0.022507502500833613,5998
developer,2015-01,19,57,0.009503167722574191,5998
developer,2015-01,20,81,0.013504501500500166,5998
developer,2015-01,21,181,0.03017672557519173,5998
developer,2015-01,22,142,0.023674558186062022,5998
developer,2015-01,23,149,0.02484161387129043,5998
developer,2015-01,24,237,0.03951317105701901,5998
developer,2015-01,25,185,0.030843614538179392,5998
developer,2015-01,26,163,0.02717572524174725,5998
developer,2015-01,27,172,0.02867622540846949,5998
developer,2015-01,28,93,0.015505168389463154,5998
developer,2015-01,29,86,0.014338112704234745,5998
developer,2015-01,30,137,0.022840946982327442,5998
developer,2015-01,31,206,0.03434478159386462,5998
developer,2015-01,32,152,0.025341780593531177,5998
developer,2015-01,33,160,0.026675558519506502,5998
developer,2015-01,34,100,0.016672224074691565,5998
developer,2015-01,35,129,0.021507169056352117,5998
developer,2015-01,36,86,0.014338112704234745,5998
developer,2015-01,37,119,0.019839946648882962,5998
developer,2015-01,38,188,0.03134378126042014,5998
developer,2015-01,39,144,0.02400800266755585,5998
developer,2015-02,0,132,0.030199039121482498,4371
developer,2015-02,1,115,0.0263097689315946,4371
developer,2015-02,2,159,0.0363761153054221,4371
developer,2015-02,3,113,0.02585220773278426,4371
developer,2015-02,4,74,0.01692976435598261,4371
developer,2015-02,5,86,0.01967513154884466,4371
developer,2015-02,6,137,0.03134294211850835,4371
developer,2015-02,7,75,0.017158544955387784,4371
developer,2015-02,8,86,0.01967513154884466,4371
developer,2015-02,9,120,0.027453671928620454,4371
developer,2015-02,10,150,0.03431708991077557,4371
developer,2015-02,11,152,0.034774651109585906,4371
developer,2015-02,12,99,0.022649279341111873,4371
developer,2015-02,13,103,0.023564401738732556,4371
developer,2015-02,14,98,0.022420498741706704,4371
developer,2015-02,15,122,0.027911233127430792,4371
developer,2015-02,16,70,0.01601464195836193,4371
developer,2015-02,17,78,0.017844886753603295,4371
developer,2015-02,18,93,0.02127659574468085,4371
developer,2015-02,19,85,0.019446350949439486,4371
developer,2015-02,20,69,0.015785861358956762,4371
developer,2015-02,21,133,0.030427819720887667,4371
developer,2015-02,22,120,0.027453671928620454,4371
developer,2015-02,23,111,0.02539464653397392,4371
developer,2015-02,24,146,0.033401967513154884,4371
developer,2015-02,25,119,0.02722489132921528,4371
developer,2015-02,26,168,0.038435140700068635,4371
developer,2015-02,27,121,0.027682452528025623,4371
developer,2015-02,28,76,0.017387325554792953,4371
developer,2015-02,29,82,0.018760009151223975,4371
developer,2015-02,30,94,0.021505376344086023,4371
developer,2015-02,31,135,0.03088538091969801,4371
developer,2015-02,32,107,0.024479524136353237,4371
developer,2015-02,33,111,0.02539464653397392,4371
developer,2015-02,34,70,0.01601464195836193,4371
developer,2015-02,35,85,0.019446350949439486,4371
developer,2015-02,36,103,0.023564401738732556,4371
developer,2015-02,37,111,0.02539464653397392,4371
developer,2015-02,38,155,0.03546099290780142,4371
developer,2015-02,39,108,0.024708304735758406,4371
developer,2015-03,0,75,0.011325883418906675,6622
developer,2015-03,1,172,0.025974025974025976,6622
developer,2015-03,2,344,0.05194805194805195,6622
developer,2015-03,3,168,0.02536997885835095,6622
developer,2015-03,4,140,0.021141649048625793,6622
developer,2015-03,5,108,0.01630927212322561,6622
developer,2015-03,6,193,0.029145273331319842,6622
developer,2015-03,7,115,0.0173663545756569,6622
developer,2015-03,8,136,0.02053760193295077,6622
developer,2015-03,9,86,0.012987012987012988,6622
developer,2015-03,10,111,0.01676230745998188,6622
developer,2015-03,11,114,0.017215342796738146,6622
developer,2015-03,12,146,0.022047719722138325,6622
developer,2015-03,13,196,0.02959830866807611,6622
developer,2015-03,14,120,0.018121413470250678,6622
developer,2015-03,15,266,0.040169133192389,6622
developer,2015-03,16,136,0.02053760193295077,6622
developer,2015-03,17,265,0.04001812141347025,6622
developer,2015-03,18,175,0.026427061310782242,6622
developer,2015-03,19,124,0.018725460585925703,6622
developer,2015-03,20,134,0.02023557837511326,6622
developer,2015-03,21,253,0.03820598006644518,6622
developer,2015-03,22,203,0.0306553911205074,6622
developer,2015-03,23,193,0.029145273331319842,6622
developer,2015-03,24,146,0.022047719722138325,6622
developer,2015-03,25,231,0.03488372093023256,6622
developer,2015-03,26,250,0.03775294472968892,6622
developer,2015-03,27,103,0.015554213228631833,6622
developer,2015-03,28,179,0.027031108426457263,6622
developer,2015-03,29,135,0.020386590154032016,6622
developer,2015-03,30,103,0.015554213228631833,6622
developer,2015-03,31,105,0.015856236786469344,6622
developer,2015-03,32,173,0.02612503775294473,6622
developer,2015-03,33,137,0.020688613711869527,6622
developer,2015-03,34,140,0.021141649048625793,6622
developer,2015-03,35,94,0.014195107218363033,6622
developer,2015-03,36,148,0.02234974327997584,6622
developer,2015-03,37,261,0.039414074297795226,6622
developer,2015-03,38,342,0.051646028390214434,6622
developer,2015-03,39,102,0.015403201449713078,6622
developer,2015-04,0,53,0.01734860883797054,3055
developer,2015-04,1,74,0.024222585924713585,3055
developer,2015-04,2,156,0.05106382978723404,3055
developer,2015-04,3,77,0.025204582651391163,3055
developer,2015-04,4,77,0.025204582651391163,3055
developer,2015-04,5,59,0.019312602291325694,3055
developer,2015-04,6,109,0.03567921440261866,3055
developer,2015-04,7,63,0.020621931260229133,3055
developer,2015-04,8,48,0.015711947626841243,3055
developer,2015-04,9,35,0.011456628477905073,3055
developer,2015-04,10,55,0.01800327332242226,3055
developer,2015-04,11,52,0.01702127659574468,3055
developer,2015-04,12,71,0.023240589198036007,3055
developer,2015-04,13,99,0.03240589198036006,3055
developer,2015-04,14,52,0.01702127659574468,3055
developer,2015-04,15,116,0.037970540098199675,3055
developer,2015-04,16,75,0.024549918166939442,3055
developer,2015-04,17,57,0.018657937806873977,3055
developer,2015-04,18,65,0.02127659574468085,3055
developer,2015-04,19,55,0.01800327332242226,3055
developer,2015-04,20,57,0.018657937806873977,3055
developer,2015-04,21,86,0.028150572831423894,3055
developer,2015-04,22,101,0.033060556464811784,3055
developer,2015-04,23,91,0.029787234042553193,3055
developer,2015-04,24,87,0.028477905073649754,3055
developer,2015-04,25,75,0.024549918166939442,3055
developer,2015-04,26,122,0.03993453355155483,3055
developer,2015-04,27,59,0.019312602291325694,3055
developer,2015-04,28,87,0.028477905073649754,3055
developer,2015-04,29,65,0.02127659574468085,3055
developer,2015-04,30,61,0.019967266775777415,3055
developer,2015-04,31,68,0.02225859247135843,3055
developer,2015-04,32,74,0.024222585924713585,3055
developer,2015-04,33,74,0.024222585924713585,3055
developer,2015-04,34,64,0.020949263502454993,3055
developer,2015-04,35,65,0.02127659574468085,3055
developer,2015-04,36,57,0.018657937806873977,3055
developer,2015-04,37,124,0.040589198036006545,3055
developer,2015-04,38,137,0.044844517184942714,3055
developer,2015-04,39,53,0.01734860883797054,3055
developer,2015-05,0,85,0.022015022015022014,3861
developer,2015-05,1,102,0.02641802641802642,3861
developer,2015-05,2,190,0.04921004921004921,3861
developer,2015-05,3,80,0.02072002072002072,3861
developer,2015-05,4,62,0.01605801605801606,3861
developer,2015-05,5,89,0.02305102305102305,3861
developer,2015-05,6,126,0.03263403263403263,3861
developer,2015-05,7,71,0.01838901838901839,3861
developer,2015-05,8,94,0.024346024346024345,3861
developer,2015-05,9,49,0.012691012691012691,3861
developer,2015-05,10,76,0.019684019684019685,3861
developer,2015-05,11,79,0.02046102046102046,3861
developer,2015-05,12,105,0.027195027195027196,3861
developer,2015-05,13,153,0.039627039627039624,3861
developer,2015-05,14,82,0.021238021238021237,3861
developer,2015-05,15,141,0.03651903651903652,3861
developer,2015-05,16,80,0.02072002072002072,3861
developer,2015-05,17,64,0.016576016576016577,3861
developer,2015-05,18,69,0.017871017871017872,3861
developer,2015-05,19,79,0.02046102046102046,3861
developer,2015-05,20,98,0.025382025382025383,3861
developer,2015-05,21,82,0.021238021238021237,3861
developer,2015-05,22,136,0.03522403522403522,3861
developer,2015-05,23,118,0.03056203056203056,3861
developer,2015-05,24,80,0.02072002072002072,3861
developer,2015-05,25,105,0.027195027195027196,3861
developer,2015-05,26,143,0.037037037037037035,3861
developer,2015-05,27,78,0.020202020202020204,3861
developer,2015-05,28,97,0.02512302512302512,3861
developer,2015-05,29,69,0.017871017871017872,3861
developer,2015-05,30,73,0.018907018907018906,3861
developer,2015-05,31,57,0.014763014763014764,3861
developer,2015-05,32,133,0.034447034447034446,3861
developer,2015-05,33,136,0.03522403522403522,3861
developer,2015-05,34,70,0.01813001813001813,3861
developer,2015-05,35,62,0.01605801605801606,3861
developer,2015-05,36,67,0.017353017353017353,3861
developer,2015-05,37,149,0.038591038591038594,3861
developer,2015-05,38,159,0.041181041181041184,3861
developer,2015-05,39,73,0.018907018907018906,3861
developer,2015-06,0,110,0.02056843679880329,5348
developer,2015-06,1,174,0.032535527299925204,5348
developer,2015-06,2,142,0.026551982049364247,5348
developer,2015-06,3,90,0.016828721017202692,5348
developer,2015-06,4,98,0.01832460732984293,5348
developer,2015-06,5,251,0.04693343305908751,5348
developer,2015-06,6,237,0.04431563201196709,5348
developer,2015-06,7,100,0.018698578908002993,5348
developer,2015-06,8,268,0.05011219147344802,5348
developer,2015-06,9,123,0.02299925205684368,5348
developer,2015-06,10,139,0.025991024682124157,5348
developer,2015-06,11,147,0.0274869109947644,5348
developer,2015-06,12,146,0.027299925205684368,5348
developer,2015-06,13,103,0.019259536275243083,5348
developer,2015-06,14,88,0.016454749439042633,5348
developer,2015-06,15,95,0.01776364996260284,5348
developer,2015-06,16,120,0.02243829468960359,5348
developer,2015-06,17,61,0.011406133133881825,5348
developer,2015-06,18,123,0.02299925205684368,5348
developer,2015-06,19,58,0.010845175766641735,5348
developer,2015-06,20,128,0.02393418100224383,5348
developer,2015-06,21,77,0.014397905759162303,5348
developer,2015-06,22,153,0.02860882572924458,5348
developer,2015-06,23,81,0.015145848915482424,5348
developer,2015-06,24,104,0.01944652206432311,5348
developer,2015-06,25,158,0.029543754674644727,5348
developer,2015-06,26,172,0.03216155572176515,5348
developer,2015-06,27,197,0.03683620044876589,5348
developer,2015-06,28,70,0.013089005235602094,5348
developer,2015-06,29,72,0.013462976813762155,5348
developer,2015-06,30,59,0.011032161555721766,5348
developer,2015-06,31,114,0.02131637995512341,5348
developer,2015-06,32,253,0.04730740463724757,5348
developer,2015-06,33,270,0.05048616305160808,5348
developer,2015-06,34,155,0.028982797307404638,5348
developer,2015-06,35,106,0.019820493642483172,5348
developer,2015-06,36,110,0.02056843679880329,5348
developer,2015-06,37,146,0.027299925205684368,5348
developer,2015-06,38,130,0.024308152580403888,5348
developer,2015-06,39,120,0.02243829468960359,5348
developer,2015-07,0,75,0.02952755905511811,2540
developer,2015-07,1,92,0.03622047244094488,2540
developer,2015-07,2,94,0.03700787401574803,2540
developer,2015-07,3,46,0.01811023622047244,2540
developer,2015-07,4,42,0.01653543307086614,2540
developer,2015-07,5,66,0.025984251968503937,2540
developer,2015-07,6,121,0.047637795275590554,2540
developer,2015-07,7,44,0.01732283464566929,2540
developer,2015-07,8,103,0.04055118110236221,2540
developer,2015-07,9,34,0.013385826771653543,2540
developer,2015-07,10,88,0.03464566929133858,2540
developer,2015-07,11,45,0.017716535433070866,2540
developer,2015-07,12,89,0.03503937007874016,2540
developer,2015-07,13,81,0.03188976377952756,2540
developer,2015-07,14,44,0.01732283464566929,2540
developer,2015-07,15,55,0.021653543307086614,2540
developer,2015-07,16,54,0.02125984251968504,2540
developer,2015-07,17,38,0.014960629921259842,2540
developer,2015-07,18,52,0.02047244094488189,2540
developer,2015-07,19,38,0.014960629921259842,2540
developer,2015-07,20,49,0.019291338582677165,2540
developer,2015-07,21,37,0.014566929133858268,2540
developer,2015-07,22,60,0.023622047244094488,2540
developer,2015-07,23,64,0.025196850393700787,2540
developer,2015-07,24,64,0.025196850393700787,2540
developer,2015-07,25,67,0.02637795275590551,2540
developer,2015-07,26,82,0.03228346456692913,2540
developer,2015-07,27,104,0.04094488188976378,2540
developer,2015-07,28,33,0.012992125984251968,2540
developer,2015-07,29,28,0.011023622047244094,2540
developer,2015-07,30,52,0.02047244094488189,2540
developer,2015-07,31,64,0.025196850393700787,2540
developer,2015-07,32,84,0.03307086614173228,2540
developer,2015-07,33,103,0.04055118110236221,2540
developer,2015-07,34,59,0.023228346456692913,2540
developer,2015-07,35,74,0.029133858267716535,2540
developer,2015-07,36,48,0.01889763779527559,2540
developer,2015-07,37,58,0.02283464566929134,2540
developer,2015-07,38,58,0.02283464566929134,2540
developer,2015-07,39,51,0.020078740157480315,2540
developer,2015-08,0,86,0.029747492217225873,2891
developer,2015-08,1,102,0.03528190937391906,2891
developer,2015-08,2,99,0.03424420615703909,2891
developer,2015-08,3,53,0.018332756831546178,2891
developer,2015-08,4,56,0.01937046004842615,2891
developer,2015-08,5,95,0.03286060186786579,2891
developer,2015-08,6,113,0.03908682116914562,2891
developer,2015-08,7,50,0.017295053614666205,2891
developer,2015-08,8,96,0.033206502940159116,2891
developer,2015-08,9,57,0.019716361120719474,2891
developer,2015-08,10,95,0.03286060186786579,2891
developer,2015-08,11,84,0.029055690072639227,2891
developer,2015-08,12,68,0.02352127291594604,2891
developer,2015-08,13,69,0.023867173988239364,2891
developer,2015-08,14,55,0.019024558976132824,2891
developer,2015-08,15,64,0.022137668626772744,2891
developer,2015-08,16,55,0.019024558976132824,2891
developer,2015-08,17,35,0.012106537530266344,2891
developer,2015-08,18,50,0.017295053614666205,2891
developer,2015-08,19,41,0.014181943964026288,2891
developer,2015-08,20,60,0.020754064337599448,2891
developer,2015-08,21,48,0.016603251470079558,2891
developer,2015-08,22,90,0.03113109650639917,2891
developer,2015-08,23,56,0.01937046004842615,2891
developer,2015-08,24,85,0.02940159114493255,2891
developer,2015-08,25,77,0.026634382566585957,2891
developer,2015-08,26,90,0.03113109650639917,2891
developer,2015-08,27,102,0.03528190937391906,2891
developer,2015-08,28,43,0.014873746108612937,2891
developer,2015-08,29,35,0.012106537530266344,2891
developer,2015-08,30,43,0.014873746108612937,2891
developer,2015-08,31,78,0.02698028363887928,2891
developer,2015-08,32,133,0.04600484261501211,2891
developer,2015-08,33,111,0.038395019024558975,2891
developer,2015-08,34,69,0.023867173988239364,2891
developer,2015-08,35,69,0.023867173988239364,2891
developer,2015-08,36,70,0.024213075060532687,2891
developer,2015-08,37,75,0.025942580421999307,2891
developer,2015-08,38,81,0.028017986855759253,2891
developer,2015-08,39,53,0.018332756831546178,2891
developer,2015-09,0,65,0.022336769759450172,2910
developer,2015-09,1,81,0.027835051546391754,2910
developer,2015-09,2,80,0.027491408934707903,2910
developer,2015-09,3,54,0.018556701030927835,2910
developer,2015-09,4,63,0.021649484536082474,2910
developer,2015-09,5,103,0.035395189003436425,2910
developer,2015-09,6,101,0.03470790378006873,2910
developer,2015-09,7,55,0.018900343642611683,2910
developer,2015-09,8,101,0.03470790378006873,2910
developer,2015-09,9,66,0.02268041237113402,2910
developer,2015-09,10,100,0.03436426116838488,2910
developer,2015-09,11,66,0.02268041237113402,2910
developer,2015-09,12,86,0.029553264604810996,2910
developer,2015-09,13,92,0.03161512027491409,2910
developer,2015-09,14,59,0.02027491408934708,2910
developer,2015-09,15,60,0.020618556701030927,2910
developer,2015-09,16,76,0.02611683848797251,2910
developer,2015-09,17,33,0.01134020618556701,2910
developer,2015-09,18,41,0.014089347079037801,2910
developer,2015-09,19,44,0.015120274914089347,2910
developer,2015-09,20,73,0.025085910652920963,2910
developer,2015-09,21,51,0.01752577319587629,2910
developer,2015-09,22,92,0.03161512027491409,2910
developer,2015-09,23,45,0.015463917525773196,2910
developer,2015-09,24,68,0.02336769759450172,2910
developer,2015-09,25,82,0.028178694158075602,2910
developer,2015-09,26,92,0.03161512027491409,2910
developer,2015-09,27,98,0.03367697594501718,2910
developer,2015-09,28,43,0.014776632302405498,2910
developer,2015-09,29,39,0.013402061855670102,2910
developer,2015-09,30,61,0.020962199312714775,2910
developer,2015-09,31,98,0.03367697594501718,2910
developer,2015-09,32,119,0.04089347079037801,2910
developer,2015-09,33,117,0.04020618556701031,2910
developer,2015-09,34,67,0.02302405498281787,2910
developer,2015-09,35,77,0.026460481099656357,2910
developer,2015-09,36,61,0.020962199312714775,2910
developer,2015-09,37,84,0.0288659793814433,2910
developer,2015-09,38,69,0.023711340206185566,2910
developer,2015-09,39,48,0.016494845360824743,2910
developer,2015-10,0,89,0.03269654665686995,2722
developer,2015-10,1,74,0.02718589272593681,2722
developer,2015-10,2,96,0.03526818515797208,2722
developer,2015-10,3,51,0.018736223365172666,2722
developer,2015-10,4,52,0.019103600293901544,2722
developer,2015-10,5,100,0.036737692872887584,2722
developer,2015-10,6,85,0.031227038941954444,2722
developer,2015-10,7,60,0.02204261572373255,2722
developer,2015-10,8,69,0.025349008082292433,2722
developer,2015-10,9,60,0.02204261572373255,2722
developer,2015-10,10,98,0.03600293901542983,2722
developer,2015-10,11,85,0.031227038941954444,2722
developer,2015-10,12,81,0.029757531227038943,2722
developer,2015-10,13,74,0.02718589272593681,2722
developer,2015-10,14,40,0.014695077149155033,2722
developer,2015-10,15,56,0.020573108008817047,2722
developer,2015-10,16,66,0.024246877296105803,2722
developer,2015-10,17,41,0.015062454077883909,2722
developer,2015-10,18,62,0.022777369581190303,2722
developer,2015-10,19,40,0.014695077149155033,2722
developer,2015-10,20,57,0.02094048493754592,2722
developer,2015-10,21,76,0.027920646583394562,2722
developer,2015-10,22,82,0.030124908155767818,2722
developer,2015-10,23,55,0.02020573108008817,2722
developer,2015-10,24,54,0.019838354151359296,2722
developer,2015-10,25,60,0.02204261572373255,2722
developer,2015-10,26,96,0.03526818515797208,2722
developer,2015-10,27,81,0.029757531227038943,2722
developer,2015-10,28,42,0.015429831006612785,2722
developer,2015-10,29,56,0.020573108008817047,2722
developer,2015-10,30,44,0.016164584864070537,2722
developer,2015-10,31,77,0.02828802351212344,2722
developer,2015-10,32,91,0.0334313005143277,2722
developer,2015-10,33,107,0.03930933137398971,2722
developer,2015-10,34,45,0.01653196179279941,2722
developer,2015-10,35,68,0.024981631153563555,2722
developer,2015-10,36,44,0.016164584864070537,2722
developer,2015-10,37,71,0.026083761939750184,2722
developer,2015-10,38,78,0.028655400440852314,2722
developer,2015-10,39,59,0.021675238795003673,2722
developer,2015-11,0,50,0.026014568158168574,1922
developer,2015-11,1,65,0.033818938605619145,1922
developer,2015-11,2,51,0.026534859521331947,1922
developer,2015-11,3,45,0.023413111342351717,1922
developer,2015-11,4,27,0.01404786680541103,1922
developer,2015-11,5,57,0.029656607700312174,1922
developer,2015-11,6,45,0.023413111342351717,1922
developer,2015-11,7,38,0.019771071800208116,1922
developer,2015-11,8,36,0.018730489073881373,1922
developer,2015-11,9,34,0.01768990634755463,1922
developer,2015-11,10,31,0.016129032258064516,1922
developer,2015-11,11,65,0.033818938605619145,1922
developer,2015-11,12,77,0.040062434963579606,1922
developer,2015-11,13,77,0.040062434963579606,1922
developer,2015-11,14,55,0.02861602497398543,1922
developer,2015-11,15,50,0.026014568158168574,1922
developer,2015-11,16,49,0.025494276795005204,1922
developer,2015-11,17,28,0.014568158168574402,1922
developer,2015-11,18,42,0.021852237252861603,1922
developer,2015-11,19,27,0.01404786680541103,1922
developer,2015-11,20,39,0.02029136316337149,1922
developer,2015-11,21,90,0.046826222684703434,1922
developer,2015-11,22,63,0.032778355879292405,1922
developer,2015-11,23,42,0.021852237252861603,1922
developer,2015-11,24,29,0.015088449531737774,1922
developer,2015-11,25,36,0.018730489073881373,1922
developer,2015-11,26,67,0.03485952133194589,1922
developer,2015-11,27,31,0.016129032258064516,1922
developer,2015-11,28,26,0.013527575442247659,1922
developer,2015-11,29,63,0.032778355879292405,1922
developer,2015-11,30,43,0.022372528616024973,1922
developer,2015-11,31,46,0.023933402705515087,1922
developer,2015-11,32,55,0.02861602497398543,1922
developer,2015-11,33,60,0.031217481789802288,1922
developer,2015-11,34,40,0.02081165452653486,1922
developer,2015-11,35,75,0.03902185223725286,1922
developer,2015-11,36,33,0.01716961498439126,1922
developer,2015-11,37,42,0.021852237252861603,1922
developer,2015-11,38,53,0.027575442247658687,1922
developer,2015-11,39,40,0.02081165452653486,1922
developer,2015-12,0,51,0.0243436754176611,2095
developer,2015-12,1,60,0.028639618138424822,2095
developer,2015-12,2,73,0.03484486873508353,2095
developer,2015-12,3,41,0.019570405727923627,2095
developer,2015-12,4,28,0.013365155131264916,2095
developer,2015-12,5,65,0.031026252983293555,2095
developer,2015-12,6,62,0.029594272076372316,2095
developer,2015-12,7,26,0.012410501193317422,2095
developer,2015-12,8,45,0.021479713603818614,2095
developer,2015-12,9,55,0.026252983293556086,2095
developer,2015-12,10,34,0.016229116945107397,2095
developer,2015-12,11,101,0.04821002386634845,2095
developer,2015-12,12,58,0.02768496420047733,2095
developer,2015-12,13,96,0.04582338902147971,2095
developer,2015-12,14,45,0.021479713603818614,2095
developer,2015-12,15,59,0.028162291169451074,2095
developer,2015-12,16,61,0.029116945107398567,2095
developer,2015-12,17,25,0.011933174224343675,2095
developer,2015-12,18,44,0.02100238663484487,2095
developer,2015-12,19,28,0.013365155131264916,2095
developer,2015-12,20,31,0.014797136038186158,2095
developer,2015-12,21,103,0.04916467780429594,2095
developer,2015-12,22,76,0.036276849642004776,2095
developer,2015-12,23,34,0.016229116945107397,2095
developer,2015-12,24,48,0.022911694510739856,2095
developer,2015-12,25,41,0.019570405727923627,2095
developer,2015-12,26,63,0.03007159904534606,2095
developer,2015-12,27,33,0.015751789976133652,2095
developer,2015-12,28,36,0.017183770883054894,2095
developer,2015-12,29,73,0.03484486873508353,2095
developer,2015-12,30,51,0.0243436754176611,2095
developer,2015-12,31,58,0.02768496420047733,2095
developer,2015-12,32,51,0.0243436754176611,2095
developer,2015-12,33,53,0.025298329355608593,2095
developer,2015-12,34,35,0.016706443914081145,2095
developer,2015-12,35,75,0.03579952267303103,2095
developer,2015-12,36,30,0.014319809069212411,2095
developer,2015-12,37,52,0.024821002386634844,2095
developer,2015-12,38,65,0.031026252983293555,2095
developer,2015-12,39,30,0.014319809069212411,2095
developer,2016-01,0,272,0.026146303950783427,10403
developer,2016-01,1,343,0.03297125829087763,10403
developer,2016-01,2,181,0.017398827261366913,10403
developer,2016-01,3,192,0.018456214553494183,10403
developer,2016-01,4,108,0.010381620686340479,10403
developer,2016-01,5,330,0.03172161876381813,10403
developer,2016-01,6,177,0.017014322791502452,10403
developer,2016-01,7,174,0.016725944439104103,10403
developer,2016-01,8,126,0.012111890800730558,10403
developer,2016-01,9,272,0.026146303950783427,10403
developer,2016-01,10,131,0.012592521388061136,10403
developer,2016-01,11,599,0.05757954436220321,10403
developer,2016-01,12,215,0.020667115255214842,10403
developer,2016-01,13,378,0.036335672402191675,10403
developer,2016-01,14,324,0.031144862059021436,10403
developer,2016-01,15,246,0.023647024896664422,10403
developer,2016-01,16,236,0.022685763722003267,10403
developer,2016-01,17,213,0.020474863020282612,10403
developer,2016-01,18,173,0.016629818321637988,10403
developer,2016-01,19,136,0.013073151975391713,10403
developer,2016-01,20,201,0.019321349610689223,10403
developer,2016-01,21,504,0.048447563202922234,10403
developer,2016-01,22,328,0.031529366528885897,10403
developer,2016-01,23,256,0.024608286071325577,10403
developer,2016-01,24,144,0.013842160915120638,10403
developer,2016-01,25,325,0.03124098817648755,10403
developer,2016-01,26,437,0.04200711333269249,10403
developer,2016-01,27,273,0.026242430068249542,10403
developer,2016-01,28,252,0.024223781601461117,10403
developer,2016-01,29,401,0.03854657310391233,10403
developer,2016-01,30,158,0.015187926559646256,10403
developer,2016-01,31,200,0.019225223493223108,10403
developer,2016-01,32,268,0.025761799480918966,10403
developer,2016-01,33,202,0.019417475728155338,10403
developer,2016-01,34,189,0.018167836201095838,10403
developer,2016-01,35,386,0.037104681341920596,10403
developer,2016-01,36,160,0.015380178794578488,10403
developer,2016-01,37,264,0.025377295011054502,10403
developer,2016-01,38,306,0.029414591944631356,10403
developer,2016-01,39,323,0.03104873594155532,10403
developer,2016-02,0,61,0.01577042399172699,3868
developer,2016-02,1,156,0.04033092037228542,3868
developer,2016-02,2,62,0.016028955532574975,3868
developer,2016-02,3,64,0.016546018614270942,3868
developer,2016-02,4,56,0.014477766287487074,3868
developer,2016-02,5,84,0.02171664943123061,3868
developer,2016-02,6,84,0.02171664943123061,3868
developer,2016-02,7,72,0.01861427094105481,3868
developer,2016-02,8,73,0.018872802481902793,3868
developer,2016-02,9,106,0.027404343329886244,3868
developer,2016-02,10,44,0.011375387797311272,3868
developer,2016-02,11,189,0.048862461220268875,3868
developer,2016-02,12,102,0.026370217166494313,3868
developer,2016-02,13,56,0.014477766287487074,3868
developer,2016-02,14,145,0.0374870734229576,3868
developer,2016-02,15,155,0.04007238883143743,3868
developer,2016-02,16,54,0.013960703205791106,3868
developer,2016-02,17,75,0.01938986556359876,3868
developer,2016-02,18,40,0.010341261633919338,3868
developer,2016-02,19,81,0.02094105480868666,3868
developer,2016-02,20,65,0.016804550155118926,3868
developer,2016-02,21,113,0.02921406411582213,3868
developer,2016-02,22,88,0.022750775594622543,3868
developer,2016-02,23,133,0.0343846949327818,3868
developer,2016-02,24,99,0.02559462254395036,3868
developer,2016-02,25,149,0.03852119958634954,3868
developer,2016-02,26,197,0.05093071354705274,3868
developer,2016-02,27,107,0.02766287487073423,3868
developer,2016-02,28,86,0.022233712512926575,3868
developer,2016-02,29,113,0.02921406411582213,3868
developer,2016-02,30,67,0.01732161323681489,3868
developer,2016-02,31,83,0.021458117890382628,3868
developer,2016-02,32,151,0.039038262668045505,3868
developer,2016-02,33,63,0.01628748707342296,3868
developer,2016-02,34,40,0.010341261633919338,3868
developer,2016-02,35,152,0.03929679420889348,3868
developer,2016-02,36,65,0.016804550155118926,3868
developer,2016-02,37,48,0.012409513960703205,3868
developer,2016-02,38,67,0.01732161323681489,3868
developer,2016-02,39,223,0.05765253360910031,3868
developer,2016-03,0,53,0.02776322682032478,1909
developer,2016-03,1,58,0.030382399161864852,1909
developer,2016-03,2,37,0.019381875327396544,1909
developer,2016-03,3,63,0.03300157150340492,1909
developer,2016-03,4,40,0.020953378732320588,1909
developer,2016-03,5,36,0.01885804085908853,1909
developer,2016-03,6,54,0.028287061288632794,1909
developer,2016-03,7,30,0.01571503404924044,1909
developer,2016-03,8,49,0.02566788894709272,1909
developer,2016-03,9,38,0.01990570979570456,1909
developer,2016-03,10,26,0.013619696176008382,1909
developer,2016-03,11,61,0.03195390256678889,1909
developer,2016-03,12,87,0.045573598742797275,1909
developer,2016-03,13,55,0.028810895756940808,1909
developer,2016-03,14,62,0.03247773703509691,1909
developer,2016-03,15,64,0.03352540597171294,1909
developer,2016-03,16,44,0.023048716605552647,1909
developer,2016-03,17,34,0.0178103719224725,1909
developer,2016-03,18,39,0.020429544264012573,1909
developer,2016-03,19,21,0.011000523834468309,1909
developer,2016-03,20,51,0.02671555788370875,1909
developer,2016-03,21,34,0.0178103719224725,1909
developer,2016-03,22,50,0.026191723415400735,1909
developer,2016-03,23,44,0.023048716605552647,1909
developer,2016-03,24,54,0.028287061288632794,1909
developer,2016-03,25,55,0.028810895756940808,1909
developer,2016-03,26,69,0.03614457831325301,1909
developer,2016-03,27,51,0.02671555788370875,1909
developer,2016-03,28,35,0.018334206390780514,1909
developer,2016-03,29,40,0.020953378732320588,1909
developer,2016-03,30,31,0.016238868517548456,1909
developer,2016-03,31,48,0.025144054478784705,1909
developer,2016-03,32,58,0.030382399161864852,1909
developer,2016-03,33,48,0.025144054478784705,1909
developer,2016-03,34,36,0.01885804085908853,1909
developer,2016-03,35,70,0.03666841278156103,1909
developer,2016-03,36,50,0.026191723415400735,1909
developer,2016-03,37,37,0.019381875327396544,1909
developer,2016-03,38,51,0.02671555788370875,1909
developer,2016-03,39,46,0.024096385542168676,1909
developer,2016-04,0,77,0.027131782945736434,2838
developer,2016-04,1,71,0.025017618040873855,2838
developer,2016-04,2,58,0.0204369274136716,2838
developer,2016-04,3,59,0.020789288231148697,2838
developer,2016-04,4,65,0.022903453136011276,2838
developer,2016-04,5,74,0.026074700493305146,2838
developer,2016-04,6,57,0.0200845665961945,2838
developer,2016-04,7,50,0.017618040873854827,2838
developer,2016-04,8,62,0.021846370683579985,2838
developer,2016-04,9,54,0.019027484143763214,2838
developer,2016-04,10,55,0.01937984496124031,2838
developer,2016-04,11,49,0.01726568005637773,2838
developer,2016-04,12,141,0.049682875264270614,2838
developer,2016-04,13,86,0.030303030303030304,2838
developer,2016-04,14,98,0.03453136011275546,2838
developer,2016-04,15,100,0.035236081747709654,2838
developer,2016-04,16,85,0.029950669485553208,2838
developer,2016-04,17,56,0.019732205778717406,2838
developer,2016-04,18,55,0.01937984496124031,2838
developer,2016-04,19,54,0.019027484143763214,2838
developer,2016-04,20,82,0.028893587033121917,2838
developer,2016-04,21,64,0.02255109231853418,2838
developer,2016-04,22,51,0.017970401691331923,2838
developer,2016-04,23,84,0.02959830866807611,2838
developer,2016-04,24,91,0.03206483439041578,2838
developer,2016-04,25,60,0.021141649048625793,2838
developer,2016-04,26,74,0.026074700493305146,2838
developer,2016-04,27,74,0.026074700493305146,2838
developer,2016-04,28,76,0.026779422128259338,2838
developer,2016-04,29,40,0.014094432699083862,2838
developer,2016-04,30,65,0.022903453136011276,2838
developer,2016-04,31,52,0.018322762508809022,2838
developer,2016-04,32,73,0.025722339675828047,2838
developer,2016-04,33,90,0.03171247357293869,2838
developer,2016-04,34,63,0.022198731501057084,2838
developer,2016-04,35,109,0.038407329105003524,2838
developer,2016-04,36,60,0.021141649048625793,2838
developer,2016-04,37,60,0.021141649048625793,2838
developer,2016-04,38,88,0.031007751937984496,2838
developer,2016-04,39,76,0.026779422128259338,2838
developer,2016-05,0,69,0.027315914489311165,2526
developer,2016-05,1,74,0.02929532858273951,2526
developer,2016-05,2,57,0.022565320665083134,2526
developer,2016-05,3,62,0.02454473475851148,2526
developer,2016-05,4,80,0.03167062549485352,2526
developer,2016-05,5,84,0.0332541567695962,2526
developer,2016-05,6,76,0.030087094220110848,2526
developer,2016-05,7,37,0.014647664291369754,2526
developer,2016-05,8,49,0.019398258115597783,2526
developer,2016-05,9,43,0.017022961203483768,2526
developer,2016-05,10,57,0.022565320665083134,2526
developer,2016-05,11,48,0.019002375296912115,2526
developer,2016-05,12,145,0.05740300870942201,2526
developer,2016-05,13,82,0.03246239113222486,2526
developer,2016-05,14,76,0.030087094220110848,2526
developer,2016-05,15,70,0.027711797307996833,2526
developer,2016-05,16,65,0.02573238321456849,2526
developer,2016-05,17,48,0.019002375296912115,2526
developer,2016-05,18,56,0.022169437846397466,2526
developer,2016-05,19,38,0.015043547110055424,2526
developer,2016-05,20,71,0.0281076801266825,2526
developer,2016-05,21,46,0.018210609659540775,2526
developer,2016-05,22,51,0.020190023752969122,2526
developer,2016-05,23,44,0.01741884402216944,2526
developer,2016-05,24,78,0.030878859857482184,2526
developer,2016-05,25,55,0.021773555027711798,2526
developer,2016-05,26,72,0.028503562945368172,2526
developer,2016-05,27,91,0.03602533650039588,2526
developer,2016-05,28,64,0.025336500395882817,2526
developer,2016-05,29,45,0.017814726840855107,2526
developer,2016-05,30,80,0.03167062549485352,2526
developer,2016-05,31,47,0.018606492478226443,2526
developer,2016-05,32,82,0.03246239113222486,2526
developer,2016-05,33,60,0.023752969121140142,2526
developer,2016-05,34,49,0.019398258115597783,2526
developer,2016-05,35,79,0.03127474267616785,2526
developer,2016-05,36,45,0.017814726840855107,2526
developer,2016-05,37,45,0.017814726840855107,2526
developer,2016-05,38,59,0.023357086302454474,2526
developer,2016-05,39,47,0.018606492478226443,2526
developer,2016-06,0,45,0.01955671447196871,2301
developer,2016-06,1,59,0.02564102564102564,2301
developer,2016-06,2,44,0.01912212081703607,2301
developer,2016-06,3,53,0.02303346371142981,2301
developer,2016-06,4,50,0.0217296827466319,2301
developer,2016-06,5,47,0.020425901781833986,2301
developer,2016-06,6,71,0.030856149500217298,2301
developer,2016-06,7,39,0.01694915254237288,2301
developer,2016-06,8,58,0.025206431986093004,2301
developer,2016-06,9,35,0.015210777922642329,2301
developer,2016-06,10,45,0.01955671447196871,2301
developer,2016-06,11,36,0.01564537157757497,2301
developer,2016-06,12,77,0.03346371142981312,2301
developer,2016-06,13,49,0.021295089091699262,2301
developer,2016-06,14,41,0.017818339852238158,2301
developer,2016-06,15,53,0.02303346371142981,2301
developer,2016-06,16,55,0.023902651021295088,2301
developer,2016-06,17,60,0.02607561929595828,2301
developer,2016-06,18,47,0.020425901781833986,2301
developer,2016-06,19,44,0.01912212081703607,2301
developer,2016-06,20,92,0.03998261625380269,2301
developer,2016-06,21,52,0.022598870056497175,2301
developer,2016-06,22,51,0.02216427640156454,2301
developer,2016-06,23,49,0.021295089091699262,2301
developer,2016-06,24,74,0.03215993046501521,2301
developer,2016-06,25,60,0.02607561929595828,2301
developer,2016-06,26,84,0.03650586701434159,2301
developer,2016-06,27,65,0.02824858757062147,2301
developer,2016-06,28,63,0.027379400260756193,2301
developer,2016-06,29,50,0.0217296827466319,2301
developer,2016-06,30,106,0.04606692742285962,2301
developer,2016-06,31,44,0.01912212081703607,2301
developer,2016-06,32,78,0.03389830508474576,2301
developer,2016-06,33,85,0.03694046066927423,2301
developer,2016-06,34,41,0.017818339852238158,2301
developer,2016-06,35,57,0.024771838331160364,2301
developer,2016-06,36,32,0.013906996957844416,2301
developer,2016-06,37,73,0.03172533681008257,2301
developer,2016-06,38,61,0.026510212950890916,2301
developer,2016-06,39,76,0.03302911777488049,2301
developer,2016-07,0,49,0.018067846607669618,2712
developer,2016-07,1,87,0.032079646017699116,2712
developer,2016-07,2,56,0.02064896755162242,2712
developer,2016-07,3,75,0.02765486725663717,2712
developer,2016-07,4,48,0.017699115044247787,2712
developer,2016-07,5,62,0.022861356932153392,2712
developer,2016-07,6,66,0.024336283185840708,2712
developer,2016-07,7,53,0.019542772861356934,2712
developer,2016-07,8,72,0.02654867256637168,2712
developer,2016-07,9,52,0.019174041297935103,2712
developer,2016-07,10,62,0.022861356932153392,2712
developer,2016-07,11,67,0.024705014749262538,2712
developer,2016-07,12,62,0.022861356932153392,2712
developer,2016-07,13,35,0.012905604719764012,2712
developer,2016-07,14,56,0.02064896755162242,2712
developer,2016-07,15,40,0.014749262536873156,2712
developer,2016-07,16,46,0.01696165191740413,2712
developer,2016-07,17,58,0.021386430678466076,2712
developer,2016-07,18,66,0.024336283185840708,2712
developer,2016-07,19,65,0.02396755162241888,2712
developer,2016-07,20,107,0.039454277286135694,2712
developer,2016-07,21,39,0.014380530973451327,2712
developer,2016-07,22,85,0.031342182890855455,2712
developer,2016-07,23,68,0.025073746312684365,2712
developer,2016-07,24,84,0.030973451327433628,2712
developer,2016-07,25,62,0.022861356932153392,2712
developer,2016-07,26,84,0.030973451327433628,2712
developer,2016-07,27,79,0.029129793510324485,2712
developer,2016-07,28,126,0.046460176991150445,2712
developer,2016-07,29,50,0.018436578171091445,2712
developer,2016-07,30,115,0.042404129793510326,2712
developer,2016-07,31,53,0.019542772861356934,2712
developer,2016-07,32,103,0.03797935103244838,2712
developer,2016-07,33,98,0.036135693215339236,2712
developer,2016-07,34,44,0.016224188790560472,2712
developer,2016-07,35,41,0.015117994100294985,2712
developer,2016-07,36,87,0.032079646017699116,2712
developer,2016-07,37,89,0.03281710914454277,2712
developer,2016-07,38,56,0.02064896755162242,2712
developer,2016-07,39,65,0.02396755162241888,2712
developer,2016-08,0,40,0.016799664006719867,2381
developer,2016-08,1,63,0.02645947081058379,2381
developer,2016-08,2,47,0.019739605207895843,2381
developer,2016-08,3,82,0.034439311213775727,2381
developer,2016-08,4,60,0.0251994960100798,2381
developer,2016-08,5,60,0.0251994960100798,2381
developer,2016-08,6,94,0.039479210415791686,2381
developer,2016-08,7,48,0.02015959680806384,2381
developer,2016-08,8,61,0.025619487610247797,2381
developer,2016-08,9,38,0.015959680806383873,2381
developer,2016-08,10,50,0.020999580008399833,2381
developer,2016-08,11,45,0.01889962200755985,2381
developer,2016-08,12,61,0.025619487610247797,2381
developer,2016-08,13,48,0.02015959680806384,2381
developer,2016-08,14,67,0.028139437211255777,2381
developer,2016-08,15,47,0.019739605207895843,2381
developer,2016-08,16,49,0.020579588408231837,2381
developer,2016-08,17,41,0.017219655606887863,2381
developer,2016-08,18,42,0.01763964720705586,2381
developer,2016-08,19,52,0.021839563208735827,2381
developer,2016-08,20,97,0.04073918521629567,2381
developer,2016-08,21,80,0.03359932801343973,2381
developer,2016-08,22,69,0.02897942041159177,2381
developer,2016-08,23,41,0.017219655606887863,2381
developer,2016-08,24,78,0.03275934481310374,2381
developer,2016-08,25,53,0.022259554808903823,2381
developer,2016-08,26,79,0.03317933641327173,2381
developer,2016-08,27,56,0.023519529609407813,2381
developer,2016-08,28,82,0.034439311213775727,2381
developer,2016-08,29,47,0.019739605207895843,2381
developer,2016-08,30,71,0.02981940361192776,2381
developer,2016-08,31,65,0.027299454010919783,2381
developer,2016-08,32,80,0.03359932801343973,2381
developer,2016-08,33,79,0.03317933641327173,2381
developer,2016-08,34,37,0.015539689206215875,2381
developer,2016-08,35,37,0.015539689206215875,2381
developer,2016-08,36,54,0.02267954640907182,2381
developer,2016-08,37,81,0.034019319613607726,2381
developer,2016-08,38,58,0.024359512809743807,2381
developer,2016-08,39,42,0.01763964720705586,2381
developer,2016-09,0,47,0.027876631079478055,1686
developer,2016-09,1,53,0.03143534994068802,1686
developer,2016-09,2,43,0.025504151838671413,1686
developer,2016-09,3,45,0.026690391459074734,1686
developer,2016-09,4,32,0.018979833926453145,1686
developer,2016-09,5,45,0.026690391459074734,1686
developer,2016-09,6,55,0.03262158956109134,1686
developer,2016-09,7,24,0.014234875444839857,1686
developer,2016-09,8,44,0.02609727164887307,1686
developer,2016-09,9,19,0.011269276393831554,1686
developer,2016-09,10,28,0.0166073546856465,1686
developer,2016-09,11,42,0.02491103202846975,1686
developer,2016-09,12,50,0.02965599051008304,1686
developer,2016-09,13,27,0.01601423487544484,1686
developer,2016-09,14,46,0.027283511269276393,1686
developer,2016-09,15,33,0.019572953736654804,1686
developer,2016-09,16,30,0.017793594306049824,1686
developer,2016-09,17,35,0.020759193357058125,1686
developer,2016-09,18,36,0.021352313167259787,1686
developer,2016-09,19,32,0.018979833926453145,1686
developer,2016-09,20,76,0.045077105575326216,1686
developer,2016-09,21,34,0.020166073546856466,1686
developer,2016-09,22,36,0.021352313167259787,1686
developer,2016-09,23,25,0.01482799525504152,1686
developer,2016-09,24,48,0.028469750889679714,1686
developer,2016-09,25,41,0.02431791221826809,1686
developer,2016-09,26,57,0.033807829181494664,1686
developer,2016-09,27,50,0.02965599051008304,1686
developer,2016-09,28,56,0.033214709371293,1686
developer,2016-09,29,24,0.014234875444839857,1686
developer,2016-09,30,59,0.03499406880189798,1686
developer,2016-09,31,31,0.018386714116251483,1686
developer,2016-09,32,40,0.02372479240806643,1686
developer,2016-09,33,71,0.042111506524317915,1686
developer,2016-09,34,26,0.01542111506524318,1686
developer,2016-09,35,34,0.020166073546856466,1686
developer,2016-09,36,35,0.020759193357058125,1686
developer,2016-09,37,81,0.04804270462633452,1686
developer,2016-09,38,49,0.029062870699881376,1686
developer,2016-09,39,47,0.027876631079478055,1686
developer,2016-10,0,75,0.040279269602577876,1862
developer,2016-10,1,48,0.02577873254564984,1862
developer,2016-10,2,47,0.025241675617615467,1862
developer,2016-10,3,44,0.023630504833512353,1862
developer,2016-10,4,37,0.01987110633727175,1862
developer,2016-10,5,28,0.015037593984962405,1862
developer,2016-10,6,51,0.027389903329752954,1862
developer,2016-10,7,44,0.023630504833512353,1862
developer,2016-10,8,42,0.022556390977443608,1862
developer,2016-10,9,27,0.014500537056928034,1862
developer,2016-10,10,39,0.020945220193340493,1862
developer,2016-10,11,44,0.023630504833512353,1862
developer,2016-10,12,43,0.02309344790547798,1862
developer,2016-10,13,54,0.02900107411385607,1862
developer,2016-10,14,44,0.023630504833512353,1862
developer,2016-10,15,38,0.02040816326530612,1862
developer,2016-10,16,47,0.025241675617615467,1862
developer,2016-10,17,41,0.02201933404940924,1862
developer,2016-10,18,39,0.020945220193340493,1862
developer,2016-10,19,39,0.020945220193340493,1862
developer,2016-10,20,55,0.02953813104189044,1862
developer,2016-10,21,47,0.025241675617615467,1862
developer,2016-10,22,51,0.027389903329752954,1862
developer,2016-10,23,42,0.022556390977443608,1862
developer,2016-10,24,51,0.027389903329752954,1862
developer,2016-10,25,45,0.024167561761546726,1862
developer,2016-10,26,78,0.04189044038668099,1862
developer,2016-10,27,45,0.024167561761546726,1862
developer,2016-10,28,48,0.02577873254564984,1862
developer,2016-10,29,34,0.018259935553168637,1862
developer,2016-10,30,68,0.036519871106337275,1862
developer,2016-10,31,29,0.015574650912996778,1862
developer,2016-10,32,66,0.03544575725026853,1862
developer,2016-10,33,58,0.031149301825993556,1862
developer,2016-10,34,29,0.015574650912996778,1862
developer,2016-10,35,39,0.020945220193340493,1862
developer,2016-10,36,42,0.022556390977443608,1862
developer,2016-10,37,63,0.03383458646616541,1862
developer,2016-10,38,52,0.027926960257787327,1862
developer,2016-10,39,49,0.02631578947368421,1862
developer,2016-11,0,72,0.03410705826622454,2111
developer,2016-11,1,50,0.023685457129322594,2111
developer,2016-11,2,42,0.01989578398863098,2111
developer,2016-11,3,45,0.021316911416390336,2111
developer,2016-11,4,43,0.02036949313121743,2111
developer,2016-11,5,53,0.02510658455708195,2111
developer,2016-11,6,63,0.02984367598294647,2111
developer,2016-11,7,38,0.018000947418285174,2111
developer,2016-11,8,45,0.021316911416390336,2111
developer,2016-11,9,41,0.019422074846044527,2111
developer,2016-11,10,47,0.02226432970156324,2111
developer,2016-11,11,41,0.019422074846044527,2111
developer,2016-11,12,54,0.025580293699668404,2111
developer,2016-11,13,47,0.02226432970156324,2111
developer,2016-11,14,49,0.023211747986736146,2111
developer,2016-11,15,44,0.020843202273803884,2111
developer,2016-11,16,43,0.02036949313121743,2111
developer,2016-11,17,60,0.028422548555187114,2111
developer,2016-11,18,42,0.01989578398863098,2111
developer,2016-11,19,39,0.018474656560871626,2111
developer,2016-11,20,79,0.037423022264329704,2111
developer,2016-11,21,66,0.031264803410705824,2111
developer,2016-11,22,66,0.031264803410705824,2111
developer,2016-11,23,63,0.02984367598294647,2111
developer,2016-11,24,56,0.026527711984841308,2111
developer,2016-11,25,68,0.03221222169587873,2111
developer,2016-11,26,68,0.03221222169587873,2111
developer,2016-11,27,56,0.026527711984841308,2111
developer,2016-11,28,78,0.03694931312174325,2111
developer,2016-11,29,36,0.01705352913311227,2111
developer,2016-11,30,61,0.028896257697773566,2111
developer,2016-11,31,47,0.02226432970156324,2111
developer,2016-11,32,64,0.030317385125532923,2111
developer,2016-11,33,55,0.026054002842254856,2111
developer,2016-11,34,39,0.018474656560871626,2111
developer,2016-11,35,49,0.023211747986736146,2111
developer,2016-11,36,52,0.0246328754144955,2111
developer,2016-11,37,57,0.02700142112742776,2111
developer,2016-11,38,48,0.022738038844149693,2111
developer,2016-11,39,45,0.021316911416390336,2111
developer,2016-12,0,89,0.023365712785508006,3809
developer,2016-12,1,108,0.028353898661065895,3809
developer,2016-12,2,86,0.022578104489367288,3809
developer,2016-12,3,93,0.0244158571803623,3809
developer,2016-12,4,68,0.01785245471252297,3809
developer,2016-12,5,92,0.024153321081648728,3809
developer,2016-12,6,86,0.022578104489367288,3809
developer,2016-12,7,74,0.01942767130480441,3809
developer,2016-12,8,108,0.028353898661065895,3809
developer,2016-12,9,89,0.023365712785508006,3809
developer,2016-12,10,72,0.018902599107377266,3809
developer,2016-12,11,84,0.022053032291940142,3809
developer,2016-12,12,80,0.021002887897085848,3809
developer,2016-12,13,103,0.02704121816749803,3809
developer,2016-12,14,66,0.017327382515095826,3809
developer,2016-12,15,70,0.018377526909950117,3809
developer,2016-12,16,86,0.022578104489367288,3809
developer,2016-12,17,81,0.021265423995799424,3809
developer,2016-12,18,73,0.01916513520609084,3809
developer,2016-12,19,89,0.023365712785508006,3809
developer,2016-12,20,105,0.027566290364925177,3809
developer,2016-12,21,99,0.025991073772643737,3809
developer,2016-12,22,107,0.028091362562352323,3809
developer,2016-12,23,119,0.0312417957469152,3809
developer,2016-12,24,104,0.027303754266211604,3809
developer,2016-12,25,71,0.01864006300866369,3809
developer,2016-12,26,130,0.034129692832764506,3809
developer,2016-12,27,113,0.029666579154633763,3809
developer,2016-12,28,107,0.028091362562352323,3809
developer,2016-12,29,96,0.02520346547650302,3809
developer,2016-12,30,118,0.030979259648201626,3809
developer,2016-12,31,71,0.01864006300866369,3809
developer,2016-12,32,135,0.03544237332633237,3809
developer,2016-12,33,111,0.029141506957206617,3809
developer,2016-12,34,79,0.020740351798372275,3809
developer,2016-12,35,102,0.02677868206878446,3809
developer,2016-12,36,70,0.018377526909950117,3809
developer,2016-12,37,174,0.04568128117616172,3809
developer,2016-12,38,114,0.029929115253347335,3809
developer,2016-12,39,87,0.02284064058808086,3809
developer,2017-01,0,74,0.024957841483979764,2965
developer,2017-01,1,81,0.027318718381112984,2965
developer,2017-01,2,65,0.021922428330522766,2965
developer,2017-01,3,79,0.02664418212478921,2965
developer,2017-01,4,57,0.019224283305227657,2965
developer,2017-01,5,57,0.019224283305227657,2965
developer,2017-01,6,73,0.024620573355817875,2965
developer,2017-01,7,58,0.019561551433389546,2965
developer,2017-01,8,77,0.02596964586846543,2965
developer,2017-01,9,57,0.019224283305227657,2965
developer,2017-01,10,41,0.013827993254637436,2965
developer,2017-01,11,49,0.016526138279932545,2965
developer,2017-01,12,64,0.021585160202360877,2965
developer,2017-01,13,78,0.02630691399662732,2965
developer,2017-01,14,86,0.02900505902192243,2965
developer,2017-01,15,68,0.022934232715008433,2965
developer,2017-01,16,42,0.014165261382799325,2965
developer,2017-01,17,71,0.023946037099494097,2965
developer,2017-01,18,49,0.016526138279932545,2965
developer,2017-01,19,105,0.03541315345699832,2965
developer,2017-01,20,53,0.0178752107925801,2965
developer,2017-01,21,58,0.019561551433389546,2965
developer,2017-01,22,107,0.03608768971332209,2965
developer,2017-01,23,104,0.035075885328836424,2965
developer,2017-01,24,77,0.02596964586846543,2965
developer,2017-01,25,66,0.022259696458684655,2965
developer,2017-01,26,84,0.02833052276559865,2965
developer,2017-01,27,64,0.021585160202360877,2965
developer,2017-01,28,64,0.021585160202360877,2965
developer,2017-01,29,65,0.021922428330522766,2965
developer,2017-01,30,74,0.024957841483979764,2965
developer,2017-01,31,84,0.02833052276559865,2965
developer,2017-01,32,93,0.03136593591905565,2965
developer,2017-01,33,76,0.025632377740303542,2965
developer,2017-01,34,58,0.019561551433389546,2965
developer,2017-01,35,132,0.04451939291736931,2965
developer,2017-01,36,83,0.027993254637436762,2965
developer,2017-01,37,134,0.04519392917369309,2965
developer,2017-01,38,86,0.02900505902192243,2965
developer,2017-01,39,72,0.024283305227655986,2965
developer,2017-02,0,67,0.025828835774865073,2594
developer,2017-02,1,83,0.03199691595990748,2594
developer,2017-02,2,69,0.026599845797995375,2594
developer,2017-02,3,55,0.02120277563608327,2594
developer,2017-02,4,75,0.028912875867386275,2594
developer,2017-02,5,65,0.025057825751734774,2594
developer,2017-02,6,46,0.017733230531996914,2594
developer,2017-02,7,48,0.018504240555127217,2594
developer,2017-02,8,51,0.01966075558982267,2594
developer,2017-02,9,43,0.016576715497301466,2594
developer,2017-02,10,35,0.013492675404780262,2594
developer,2017-02,11,40,0.015420200462606014,2594
developer,2017-02,12,59,0.02274479568234387,2594
developer,2017-02,13,70,0.026985350809560524,2594
developer,2017-02,14,66,0.025443330763299923,2594
developer,2017-02,15,59,0.02274479568234387,2594
developer,2017-02,16,53,0.020431765612952967,2594
developer,2017-02,17,59,0.02274479568234387,2594
developer,2017-02,18,47,0.018118735543562067,2594
developer,2017-02,19,66,0.025443330763299923,2594
developer,2017-02,20,48,0.018504240555127217,2594
developer,2017-02,21,70,0.026985350809560524,2594
developer,2017-02,22,92,0.03546646106399383,2594
developer,2017-02,23,93,0.03585196607555898,2594
developer,2017-02,24,65,0.025057825751734774,2594
developer,2017-02,25,58,0.02235929067077872,2594
developer,2017-02,26,51,0.01966075558982267,2594
developer,2017-02,27,47,0.018118735543562067,2594
developer,2017-02,28,50,0.01927525057825752,2594
developer,2017-02,29,43,0.016576715497301466,2594
developer,2017-02,30,52,0.020046260601387818,2594
developer,2017-02,31,61,0.023515805705474173,2594
developer,2017-02,32,87,0.03353893600616808,2594
developer,2017-02,33,101,0.038936006168080184,2594
developer,2017-02,34,62,0.023901310717039322,2594
developer,2017-02,35,116,0.04471858134155744,2594
developer,2017-02,36,58,0.02235929067077872,2594
developer,2017-02,37,167,0.06437933693138011,2594
developer,2017-02,38,53,0.020431765612952967,2594
developer,2017-02,39,64,0.02467232074016962,2594
developer,2017-03,0,86,0.02511682242990654,3424
developer,2017-03,1,108,0.03154205607476635,3424
developer,2017-03,2,80,0.02336448598130841,3424
developer,2017-03,3,74,0.02161214953271028,3424
developer,2017-03,4,117,0.03417056074766355,3424
developer,2017-03,5,83,0.024240654205607476,3424
developer,2017-03,6,97,0.02832943925233645,3424
developer,2017-03,7,48,0.014018691588785047,3424
developer,2017-03,8,100,0.029205607476635514,3424
developer,2017-03,9,67,0.019567757009345793,3424
developer,2017-03,10,54,0.015771028037383176,3424
developer,2017-03,11,75,0.021904205607476634,3424
developer,2017-03,12,65,0.018983644859813083,3424
developer,2017-03,13,73,0.021320093457943924,3424
developer,2017-03,14,77,0.022488317757009345,3424
developer,2017-03,15,71,0.020735981308411214,3424
developer,2017-03,16,59,0.01723130841121495,3424
developer,2017-03,17,90,0.026285046728971962,3424
developer,2017-03,18,55,0.01606308411214953,3424
developer,2017-03,19,82,0.02394859813084112,3424
developer,2017-03,20,53,0.015478971962616822,3424
developer,2017-03,21,103,0.03008177570093458,3424
developer,2017-03,22,135,0.039427570093457945,3424
developer,2017-03,23,113,0.03300233644859813,3424
developer,2017-03,24,76,0.02219626168224299,3424
developer,2017-03,25,86,0.02511682242990654,3424
developer,2017-03,26,81,0.023656542056074766,3424
developer,2017-03,27,71,0.020735981308411214,3424
developer,2017-03,28,73,0.021320093457943924,3424
developer,2017-03,29,75,0.021904205607476634,3424
developer,2017-03,30,49,0.014310747663551402,3424
developer,2017-03,31,92,0.026869158878504672,3424
developer,2017-03,32,96,0.028037383177570093,3424
developer,2017-03,33,109,0.03183411214953271,3424
developer,2017-03,34,98,0.028621495327102803,3424
developer,2017-03,35,165,0.0481892523364486,3424
developer,2017-03,36,81,0.023656542056074766,3424
developer,2017-03,37,157,0.04585280373831776,3424
developer,2017-03,38,75,0.021904205607476634,3424
developer,2017-03,39,75,0.021904205607476634,3424
developer,2017-04,0,84,0.0345252774352651,2433
developer,2017-04,1,83,0.034114262227702426,2433
developer,2017-04,2,47,0.019317714755445952,2433
developer,2017-04,3,60,0.02466091245376079,2433
developer,2017-04,4,58,0.02383888203863543,2433
developer,2017-04,5,55,0.02260583641594739,2433
developer,2017-04,6,58,0.02383888203863543,2433
developer,2017-04,7,49,0.02013974517057131,2433
developer,2017-04,8,66,0.027127003699136867,2433
developer,2017-04,9,47,0.019317714755445952,2433
developer,2017-04,10,30,0.012330456226880395,2433
developer,2017-04,11,31,0.012741471434443074,2433
developer,2017-04,12,75,0.030826140567200986,2433
developer,2017-04,13,57,0.02342786683107275,2433
developer,2017-04,14,65,0.026715988491574187,2433
developer,2017-04,15,62,0.02548294286888615,2433
developer,2017-04,16,37,0.015207562679819153,2433
developer,2017-04,17,58,0.02383888203863543,2433
developer,2017-04,18,53,0.02178380600082203,2433
developer,2017-04,19,74,0.030415125359638306,2433
developer,2017-04,20,30,0.012330456226880395,2433
developer,2017-04,21,78,0.032059186189889025,2433
developer,2017-04,22,90,0.036991368680641186,2433
developer,2017-04,23,64,0.026304973284011508,2433
developer,2017-04,24,50,0.02055076037813399,2433
developer,2017-04,25,53,0.02178380600082203,2433
developer,2017-04,26,59,0.02424989724619811,2433
developer,2017-04,27,55,0.02260583641594739,2433
developer,2017-04,28,55,0.02260583641594739,2433
developer,2017-04,29,45,0.018495684340320593,2433
developer,2017-04,30,39,0.016029593094944512,2433
developer,2017-04,31,61,0.02507192766132347,2433
developer,2017-04,32,84,0.0345252774352651,2433
developer,2017-04,33,47,0.019317714755445952,2433
developer,2017-04,34,64,0.026304973284011508,2433
developer,2017-04,35,95,0.03904644471845458,2433
developer,2017-04,36,64,0.026304973284011508,2433
developer,2017-04,37,141,0.05795314426633785,2433
developer,2017-04,38,62,0.02548294286888615,2433
developer,2017-04,39,48,0.01972872996300863,2433
developer,2017-05,0,54,0.024401265250790782,2213
developer,2017-05,1,87,0.039313149570718485,2213
developer,2017-05,2,55,0.024853140533212834,2213
developer,2017-05,3,56,0.025305015815634886,2213
developer,2017-05,4,63,0.028468142792589246,2213
developer,2017-05,5,48,0.021690013556258474,2213
developer,2017-05,6,76,0.03434252146407592,2213
developer,2017-05,7,59,0.02666064166290104,2213
developer,2017-05,8,56,0.025305015815634886,2213
developer,2017-05,9,37,0.016719385449615907,2213
developer,2017-05,10,31,0.014008133755083597,2213
developer,2017-05,11,37,0.016719385449615907,2213
developer,2017-05,12,60,0.02711251694532309,2213
developer,2017-05,13,52,0.02349751468594668,2213
developer,2017-05,14,45,0.02033438770899232,2213
developer,2017-05,15,45,0.02033438770899232,2213
developer,2017-05,16,51,0.023045639403524627,2213
developer,2017-05,17,60,0.02711251694532309,2213
developer,2017-05,18,48,0.021690013556258474,2213
developer,2017-05,19,60,0.02711251694532309,2213
developer,2017-05,20,44,0.019882512426570267,2213
developer,2017-05,21,65,0.02937189335743335,2213
developer,2017-05,22,87,0.039313149570718485,2213
developer,2017-05,23,45,0.02033438770899232,2213
developer,2017-05,24,66,0.0298237686398554,2213
developer,2017-05,25,59,0.02666064166290104,2213
developer,2017-05,26,62,0.028016267510167194,2213
developer,2017-05,27,63,0.028468142792589246,2213
developer,2017-05,28,41,0.01852688657930411,2213
developer,2017-05,29,58,0.026208766380478987,2213
developer,2017-05,30,36,0.016267510167193855,2213
developer,2017-05,31,49,0.022141888838680523,2213
developer,2017-05,32,86,0.03886127428829643,2213
developer,2017-05,33,61,0.027564392227745142,2213
developer,2017-05,34,31,0.014008133755083597,2213
developer,2017-05,35,65,0.02937189335743335,2213
developer,2017-05,36,38,0.01717126073203796,2213
developer,2017-05,37,77,0.034794396746497966,2213
developer,2017-05,38,68,0.030727519204699502,2213
developer,2017-05,39,32,0.014460009037505649,2213
developer,2017-06,0,66,0.032101167315175094,2056
developer,2017-06,1,67,0.0325875486381323,2056
developer,2017-06,2,33,0.016050583657587547,2056
developer,2017-06,3,35,0.017023346303501944,2056
developer,2017-06,4,48,0.023346303501945526,2056
developer,2017-06,5,45,0.02188715953307393,2056
developer,2017-06,6,67,0.0325875486381323,2056
developer,2017-06,7,48,0.023346303501945526,2056
developer,2017-06,8,59,0.028696498054474707,2056
developer,2017-06,9,33,0.016050583657587547,2056
developer,2017-06,10,34,0.016536964980544747,2056
developer,2017-06,11,33,0.016050583657587547,2056
developer,2017-06,12,89,0.04328793774319066,2056
developer,2017-06,13,35,0.017023346303501944,2056
developer,2017-06,14,49,0.023832684824902722,2056
developer,2017-06,15,31,0.015077821011673152,2056
developer,2017-06,16,42,0.020428015564202335,2056
developer,2017-06,17,55,0.026750972762645913,2056
developer,2017-06,18,56,0.027237354085603113,2056
developer,2017-06,19,42,0.020428015564202335,2056
developer,2017-06,20,48,0.023346303501945526,2056
developer,2017-06,21,80,0.038910505836575876,2056
developer,2017-06,22,67,0.0325875486381323,2056
developer,2017-06,23,54,0.026264591439688716,2056
developer,2017-06,24,51,0.02480544747081712,2056
developer,2017-06,25,45,0.02188715953307393,2056
developer,2017-06,26,70,0.03404669260700389,2056
developer,2017-06,27,85,0.04134241245136187,2056
developer,2017-06,28,31,0.015077821011673152,2056
developer,2017-06,29,46,0.02237354085603113,2056
developer,2017-06,30,55,0.026750972762645913,2056
developer,2017-06,31,40,0.019455252918287938,2056
developer,2017-06,32,73,0.035505836575875485,2056
developer,2017-06,33,41,0.019941634241245135,2056
developer,2017-06,34,43,0.02091439688715953,2056
developer,2017-06,35,52,0.02529182879377432,2056
developer,2017-06,36,59,0.028696498054474707,2056
developer,2017-06,37,48,0.023346303501945526,2056
developer,2017-06,38,58,0.02821011673151751,2056
developer,2017-06,39,43,0.02091439688715953,2056
developer,2017-07,0,90,0.03293084522502744,2733
developer,2017-07,1,96,0.03512623490669594,2733
developer,2017-07,2,63,0.02305159165751921,2733
developer,2017-07,3,80,0.029271862422246615,2733
developer,2017-07,4,70,0.02561287961946579,2733
developer,2017-07,5,43,0.015733626051957557,2733
developer,2017-07,6,68,0.024881083058909622,2733
developer,2017-07,7,62,0.022685693377241127,2733
developer,2017-07,8,69,0.025246981339187707,2733
developer,2017-07,9,61,0.022319795096963045,2733
developer,2017-07,10,65,0.023783388218075376,2733
developer,2017-07,11,55,0.020124405415294547,2733
developer,2017-07,12,86,0.031467252103915114,2733
developer,2017-07,13,40,0.014635931211123308,2733
developer,2017-07,14,66,0.024149286498353458,2733
developer,2017-07,15,36,0.013172338090010977,2733
developer,2017-07,16,58,0.021222100256128796,2733
developer,2017-07,17,80,0.029271862422246615,2733
developer,2017-07,18,52,0.0190267105744603,2733
developer,2017-07,19,51,0.018660812294182216,2733
developer,2017-07,20,64,0.02341748993779729,2733
developer,2017-07,21,81,0.029637760702524697,2733
developer,2017-07,22,102,0.03732162458836443,2733
developer,2017-07,23,33,0.012074643249176729,2733
developer,2017-07,24,73,0.026710574460300035,2733
developer,2017-07,25,58,0.021222100256128796,2733
developer,2017-07,26,88,0.03219904866447128,2733
developer,2017-07,27,89,0.03256494694474936,2733
developer,2017-07,28,49,0.017929015733626052,2733
developer,2017-07,29,67,0.02451518477863154,2733
developer,2017-07,30,66,0.024149286498353458,2733
developer,2017-07,31,91,0.03329674350530552,2733
developer,2017-07,32,122,0.04463959019392609,2733
developer,2017-07,33,68,0.024881083058909622,2733
developer,2017-07,34,46,0.016831320892791803,2733
developer,2017-07,35,53,0.019392608854738383,2733
developer,2017-07,36,54,0.019758507135016465,2733
developer,2017-07,37,97,0.03549213318697402,2733
developer,2017-07,38,73,0.026710574460300035,2733
developer,2017-07,39,68,0.024881083058909622,2733
developer,2017-08,0,50,0.024366471734892786,2052
developer,2017-08,1,62,0.030214424951267055,2052
developer,2017-08,2,67,0.032651072124756333,2052
developer,2017-08,3,50,0.024366471734892786,2052
developer,2017-08,4,48,0.023391812865497075,2052
developer,2017-08,5,32,0.015594541910331383,2052
developer,2017-08,6,49,0.02387914230019493,2052
developer,2017-08,7,47,0.02290448343079922,2052
developer,2017-08,8,49,0.02387914230019493,2052
developer,2017-08,9,35,0.01705653021442495,2052
developer,2017-08,10,20,0.009746588693957114,2052
developer,2017-08,11,44,0.021442495126705652,2052
developer,2017-08,12,86,0.04191033138401559,2052
developer,2017-08,13,42,0.02046783625730994,2052
developer,2017-08,14,58,0.028265107212475632,2052
developer,2017-08,15,34,0.016569200779727095,2052
developer,2017-08,16,34,0.016569200779727095,2052
developer,2017-08,17,57,0.027777777777777776,2052
developer,2017-08,18,34,0.016569200779727095,2052
developer,2017-08,19,41,0.019980506822612085,2052
developer,2017-08,20,46,0.022417153996101363,2052
developer,2017-08,21,55,0.026803118908382065,2052
developer,2017-08,22,88,0.042884990253411304,2052
developer,2017-08,23,64,0.031189083820662766,2052
developer,2017-08,24,62,0.030214424951267055,2052
developer,2017-08,25,52,0.025341130604288498,2052
developer,2017-08,26,59,0.028752436647173488,2052
developer,2017-08,27,56,0.02729044834307992,2052
developer,2017-08,28,37,0.018031189083820662,2052
developer,2017-08,29,66,0.03216374269005848,2052
developer,2017-08,30,58,0.028265107212475632,2052
developer,2017-08,31,57,0.027777777777777776,2052
developer,2017-08,32,70,0.0341130604288499,2052
developer,2017-08,33,53,0.025828460038986353,2052
developer,2017-08,34,45,0.021929824561403508,2052
developer,2017-08,35,44,0.021442495126705652,2052
developer,2017-08,36,43,0.020955165692007796,2052
developer,2017-08,37,56,0.02729044834307992,2052
developer,2017-08,38,54,0.02631578947368421,2052
developer,2017-08,39,48,0.023391812865497075,2052
developer,2017-09,0,41,0.02345537757437071,1748
developer,2017-09,1,63,0.036041189931350116,1748
developer,2017-09,2,31,0.017734553775743706,1748
developer,2017-09,3,43,0.02459954233409611,1748
developer,2017-09,4,56,0.032036613272311214,1748
developer,2017-09,5,37,0.02116704805491991,1748
developer,2017-09,6,48,0.02745995423340961,1748
developer,2017-09,7,45,0.02574370709382151,1748
developer,2017-09,8,49,0.02803203661327231,1748
developer,2017-09,9,39,0.02231121281464531,1748
developer,2017-09,10,28,0.016018306636155607,1748
developer,2017-09,11,52,0.029748283752860413,1748
developer,2017-09,12,64,0.036613272311212815,1748
developer,2017-09,13,31,0.017734553775743706,1748
developer,2017-09,14,47,0.02688787185354691,1748
developer,2017-09,15,24,0.013729977116704805,1748
developer,2017-09,16,32,0.018306636155606407,1748
developer,2017-09,17,39,0.02231121281464531,1748
developer,2017-09,18,37,0.02116704805491991,1748
developer,2017-09,19,42,0.02402745995423341,1748
developer,2017-09,20,34,0.019450800915331808,1748
developer,2017-09,21,56,0.032036613272311214,1748
developer,2017-09,22,73,0.041762013729977114,1748
developer,2017-09,23,49,0.02803203661327231,1748
developer,2017-09,24,38,0.021739130434782608,1748
developer,2017-09,25,37,0.02116704805491991,1748
developer,2017-09,26,43,0.02459954233409611,1748
developer,2017-09,27,52,0.029748283752860413,1748
developer,2017-09,28,40,0.02288329519450801,1748
developer,2017-09,29,38,0.021739130434782608,1748
developer,2017-09,30,49,0.02803203661327231,1748
developer,2017-09,31,43,0.02459954233409611,1748
developer,2017-09,32,58,0.03318077803203661,1748
developer,2017-09,33,41,0.02345537757437071,1748
developer,2017-09,34,35,0.02002288329519451,1748
developer,2017-09,35,48,0.02745995423340961,1748
developer,2017-09,36,30,0.017162471395881007,1748
developer,2017-09,37,30,0.017162471395881007,1748
developer,2017-09,38,62,0.03546910755148741,1748
developer,2017-09,39,44,0.02517162471395881,1748
developer,2017-10,0,46,0.027332144979203804,1683
developer,2017-10,1,83,0.04931669637551991,1683
developer,2017-10,2,29,0.0172311348781937,1683
developer,2017-10,3,45,0.026737967914438502,1683
developer,2017-10,4,45,0.026737967914438502,1683
developer,2017-10,5,39,0.023172905525846704,1683
developer,2017-10,6,56,0.033273915626856804,1683
developer,2017-10,7,38,0.0225787284610814,1683
developer,2017-10,8,72,0.0427807486631016,1683
developer,2017-10,9,41,0.0243612596553773,1683
developer,2017-10,10,22,0.013071895424836602,1683
developer,2017-10,11,31,0.0184194890077243,1683
developer,2017-10,12,45,0.026737967914438502,1683
developer,2017-10,13,27,0.016042780748663103,1683
developer,2017-10,14,35,0.020796197266785502,1683
developer,2017-10,15,32,0.019013666072489603,1683
developer,2017-10,16,40,0.023767082590612002,1683
developer,2017-10,17,45,0.026737967914438502,1683
developer,2017-10,18,27,0.016042780748663103,1683
developer,2017-10,19,29,0.0172311348781937,1683
developer,2017-10,20,36,0.0213903743315508,1683
developer,2017-10,21,55,0.032679738562091505,1683
developer,2017-10,22,75,0.044563279857397504,1683
developer,2017-10,23,36,0.0213903743315508,1683
developer,2017-10,24,38,0.0225787284610814,1683
developer,2017-10,25,51,0.030303030303030304,1683
developer,2017-10,26,50,0.029708853238265002,1683
developer,2017-10,27,69,0.040998217468805706,1683
developer,2017-10,28,30,0.017825311942959002,1683
developer,2017-10,29,28,0.016636957813428402,1683
developer,2017-10,30,20,0.011883541295306001,1683
developer,2017-10,31,40,0.023767082590612002,1683
developer,2017-10,32,66,0.0392156862745098,1683
developer,2017-10,33,37,0.021984551396316103,1683
developer,2017-10,34,24,0.0142602495543672,1683
developer,2017-10,35,31,0.0184194890077243,1683
developer,2017-10,36,39,0.023172905525846704,1683
developer,2017-10,37,28,0.016636957813428402,1683
developer,2017-10,38,63,0.0374331550802139,1683
developer,2017-10,39,40,0.023767082590612002,1683
developer,2017-11,0,49,0.035507246376811595,1380
developer,2017-11,1,27,0.01956521739130435,1380
developer,2017-11,2,38,0.02753623188405797,1380
developer,2017-11,3,42,0.030434782608695653,1380
developer,2017-11,4,43,0.031159420289855074,1380
developer,2017-11,5,32,0.02318840579710145,1380
developer,2017-11,6,40,0.028985507246376812,1380
developer,2017-11,7,19,0.013768115942028985,1380
developer,2017-11,8,36,0.02608695652173913,1380
developer,2017-11,9,39,0.02826086956521739,1380
developer,2017-11,10,17,0.012318840579710146,1380
developer,2017-11,11,36,0.02608695652173913,1380
developer,2017-11,12,51,0.03695652173913044,1380
developer,2017-11,13,28,0.020289855072463767,1380
developer,2017-11,14,28,0.020289855072463767,1380
developer,2017-11,15,35,0.025362318840579712,1380
developer,2017-11,16,27,0.01956521739130435,1380
developer,2017-11,17,36,0.02608695652173913,1380
developer,2017-11,18,21,0.015217391304347827,1380
developer,2017-11,19,22,0.015942028985507246,1380
developer,2017-11,20,29,0.021014492753623187,1380
developer,2017-11,21,39,0.02826086956521739,1380
developer,2017-11,22,50,0.036231884057971016,1380
developer,2017-11,23,33,0.02391304347826087,1380
developer,2017-11,24,40,0.028985507246376812,1380
developer,2017-11,25,36,0.02608695652173913,1380
developer,2017-11,26,41,0.029710144927536233,1380
developer,2017-11,27,41,0.029710144927536233,1380
developer,2017-11,28,21,0.015217391304347827,1380
developer,2017-11,29,33,0.02391304347826087,1380
developer,2017-11,30,29,0.021014492753623187,1380
developer,2017-11,31,26,0.01884057971014493,1380
developer,2017-11,32,42,0.030434782608695653,1380
developer,2017-11,33,35,0.025362318840579712,1380
developer,2017-11,34,31,0.02246376811594203,1380
developer,2017-11,35,35,0.025362318840579712,1380
developer,2017-11,36,41,0.029710144927536233,1380
developer,2017-11,37,41,0.029710144927536233,1380
developer,2017-11,38,40,0.028985507246376812,1380
developer,2017-11,39,31,0.02246376811594203,1380
developer,2017-12,0,57,0.029037187977585328,1963
developer,2017-12,1,40,0.020376974019358125,1963
developer,2017-12,2,56,0.028527763627101375,1963
developer,2017-12,3,50,0.02547121752419766,1963
developer,2017-12,4,51,0.02598064187468161,1963
developer,2017-12,5,29,0.014773306164034642,1963
developer,2017-12,6,45,0.02292409577177789,1963
developer,2017-12,7,71,0.03616912888436067,1963
developer,2017-12,8,58,0.029546612328069283,1963
developer,2017-12,9,47,0.023942944472745798,1963
developer,2017-12,10,38,0.01935812531839022,1963
developer,2017-12,11,53,0.026999490575649515,1963
developer,2017-12,12,77,0.03922567498726439,1963
developer,2017-12,13,37,0.018848700967906265,1963
developer,2017-12,14,53,0.026999490575649515,1963
developer,2017-12,15,44,0.022414671421293938,1963
developer,2017-12,16,37,0.018848700967906265,1963
developer,2017-12,17,70,0.03565970453387672,1963
developer,2017-12,18,31,0.015792154865002548,1963
developer,2017-12,19,32,0.0163015792154865,1963
developer,2017-12,20,27,0.013754457463066735,1963
developer,2017-12,21,50,0.02547121752419766,1963
developer,2017-12,22,48,0.02445236882322975,1963
developer,2017-12,23,42,0.021395822720326033,1963
developer,2017-12,24,58,0.029546612328069283,1963
developer,2017-12,25,45,0.02292409577177789,1963
developer,2017-12,26,62,0.031584309730005096,1963
developer,2017-12,27,52,0.026490066225165563,1963
developer,2017-12,28,40,0.020376974019358125,1963
developer,2017-12,29,43,0.021905247070809986,1963
developer,2017-12,30,57,0.029037187977585328,1963
developer,2017-12,31,45,0.02292409577177789,1963
developer,2017-12,32,31,0.015792154865002548,1963
developer,2017-12,33,68,0.034640855832908816,1963
developer,2017-12,34,29,0.014773306164034642,1963
developer,2017-12,35,56,0.028527763627101375,1963
developer,2017-12,36,46,0.023433520122261846,1963
developer,2017-12,37,88,0.044829342842587876,1963
developer,2017-12,38,43,0.021905247070809986,1963
developer,2017-12,39,57,0.029037187977585328,1963
developer,2018-01,0,61,0.031202046035805626,1955
developer,2018-01,1,48,0.024552429667519183,1955
developer,2018-01,2,48,0.024552429667519183,1955
developer,2018-01,3,43,0.021994884910485932,1955
developer,2018-01,4,56,0.02864450127877238,1955
developer,2018-01,5,34,0.017391304347826087,1955
developer,2018-01,6,48,0.024552429667519183,1955
developer,2018-01,7,49,0.02506393861892583,1955
developer,2018-01,8,49,0.02506393861892583,1955
developer,2018-01,9,38,0.019437340153452685,1955
developer,2018-01,10,25,0.01278772378516624,1955
developer,2018-01,11,44,0.022506393861892585,1955
developer,2018-01,12,65,0.03324808184143223,1955
developer,2018-01,13,30,0.015345268542199489,1955
developer,2018-01,14,54,0.02762148337595908,1955
developer,2018-01,15,61,0.031202046035805626,1955
developer,2018-01,16,35,0.017902813299232736,1955
developer,2018-01,17,74,0.037851662404092073,1955
developer,2018-01,18,23,0.011764705882352941,1955
developer,2018-01,19,24,0.012276214833759591,1955
developer,2018-01,20,34,0.017391304347826087,1955
developer,2018-01,21,47,0.02404092071611253,1955
developer,2018-01,22,57,0.029156010230179028,1955
developer,2018-01,23,58,0.029667519181585677,1955
developer,2018-01,24,56,0.02864450127877238,1955
developer,2018-01,25,62,0.031713554987212275,1955
developer,2018-01,26,77,0.03938618925831202,1955
developer,2018-01,27,48,0.024552429667519183,1955
developer,2018-01,28,31,0.015856777493606138,1955
developer,2018-01,29,53,0.02710997442455243,1955
developer,2018-01,30,49,0.02506393861892583,1955
developer,2018-01,31,35,0.017902813299232736,1955
developer,2018-01,32,51,0.02608695652173913,1955
developer,2018-01,33,61,0.031202046035805626,1955
developer,2018-01,34,32,0.016368286445012786,1955
developer,2018-01,35,62,0.031713554987212275,1955
developer,2018-01,36,45,0.023017902813299233,1955
developer,2018-01,37,69,0.03529411764705882,1955
developer,2018-01,38,64,0.03273657289002557,1955
developer,2018-01,39,55,0.028132992327365727,1955
developer,2018-02,0,33,0.02446256486286138,1349
developer,2018-02,1,32,0.023721275018532245,1349
developer,2018-02,2,50,0.037064492216456635,1349
developer,2018-02,3,43,0.03187546330615271,1349
developer,2018-02,4,34,0.025203854707190512,1349
developer,2018-02,5,18,0.013343217197924388,1349
developer,2018-02,6,27,0.02001482579688658,1349
developer,2018-02,7,55,0.040770941438102296,1349
developer,2018-02,8,38,0.028169014084507043,1349
developer,2018-02,9,24,0.017790956263899184,1349
developer,2018-02,10,19,0.014084507042253521,1349
developer,2018-02,11,35,0.025945144551519646,1349
developer,2018-02,12,38,0.028169014084507043,1349
developer,2018-02,13,29,0.021497405485544848,1349
developer,2018-02,14,33,0.02446256486286138,1349
developer,2018-02,15,29,0.021497405485544848,1349
developer,2018-02,16,31,0.022979985174203115,1349
developer,2018-02,17,57,0.04225352112676056,1349
developer,2018-02,18,16,0.011860637509266123,1349
developer,2018-02,19,19,0.014084507042253521,1349
developer,2018-02,20,23,0.01704966641957005,1349
developer,2018-02,21,30,0.02223869532987398,1349
developer,2018-02,22,42,0.031134173461823574,1349
developer,2018-02,23,29,0.021497405485544848,1349
developer,2018-02,24,33,0.02446256486286138,1349
developer,2018-02,25,47,0.034840622683469234,1349
developer,2018-02,26,56,0.04151223128243143,1349
developer,2018-02,27,27,0.02001482579688658,1349
developer,2018-02,28,19,0.014084507042253521,1349
developer,2018-02,29,27,0.02001482579688658,1349
developer,2018-02,30,53,0.039288361749444035,1349
developer,2018-02,31,47,0.034840622683469234,1349
developer,2018-02,32,28,0.020756115641215715,1349
developer,2018-02,33,31,0.022979985174203115,1349
developer,2018-02,34,23,0.01704966641957005,1349
developer,2018-02,35,28,0.020756115641215715,1349
developer,2018-02,36,43,0.03187546330615271,1349
developer,2018-02,37,44,0.03261675315048184,1349
developer,2018-02,38,30,0.02223869532987398,1349
developer,2018-02,39,29,0.021497405485544848,1349
developer,2018-03,0,65,0.03812316715542522,1705
developer,2018-03,1,35,0.020527859237536656,1705
developer,2018-03,2,64,0.0375366568914956,1705
developer,2018-03,3,37,0.021700879765395895,1705
developer,2018-03,4,47,0.02756598240469208,1705
developer,2018-03,5,32,0.0187683284457478,1705
developer,2018-03,6,51,0.029912023460410556,1705
developer,2018-03,7,47,0.02756598240469208,1705
developer,2018-03,8,40,0.02346041055718475,1705
developer,2018-03,9,33,0.01935483870967742,1705
developer,2018-03,10,27,0.015835777126099706,1705
developer,2018-03,11,43,0.025219941348973606,1705
developer,2018-03,12,64,0.0375366568914956,1705
developer,2018-03,13,32,0.0187683284457478,1705
developer,2018-03,14,45,0.026392961876832845,1705
developer,2018-03,15,38,0.022287390029325515,1705
developer,2018-03,16,22,0.012903225806451613,1705
developer,2018-03,17,69,0.04046920821114369,1705
developer,2018-03,18,17,0.00997067448680352,1705
developer,2018-03,19,24,0.01407624633431085,1705
developer,2018-03,20,27,0.015835777126099706,1705
developer,2018-03,21,43,0.025219941348973606,1705
developer,2018-03,22,47,0.02756598240469208,1705
developer,2018-03,23,30,0.017595307917888565,1705
developer,2018-03,24,58,0.03401759530791789,1705
developer,2018-03,25,53,0.031085043988269796,1705
developer,2018-03,26,61,0.03577712609970674,1705
developer,2018-03,27,43,0.025219941348973606,1705
developer,2018-03,28,29,0.017008797653958945,1705
developer,2018-03,29,33,0.01935483870967742,1705
developer,2018-03,30,53,0.031085043988269796,1705
developer,2018-03,31,48,0.0281524926686217,1705
developer,2018-03,32,45,0.026392961876832845,1705
developer,2018-03,33,52,0.030498533724340176,1705
developer,2018-03,34,29,0.017008797653958945,1705
developer,2018-03,35,32,0.0187683284457478,1705
developer,2018-03,36,47,0.02756598240469208,1705
developer,2018-03,37,50,0.02932551319648094,1705
developer,2018-03,38,39,0.02287390029325513,1705
developer,2018-03,39,54,0.03167155425219941,1705
developer,2018-04,0,57,0.029905561385099685,1906
developer,2018-04,1,43,0.022560335781741866,1906
developer,2018-04,2,60,0.03147953830010493,1906
developer,2018-04,3,46,0.024134312696747113,1906
developer,2018-04,4,39,0.020461699895068207,1906
developer,2018-04,5,30,0.015739769150052464,1906
developer,2018-04,6,50,0.026232948583420776,1906
developer,2018-04,7,41,0.021511017838405037,1906
developer,2018-04,8,52,0.02728226652675761,1906
developer,2018-04,9,50,0.026232948583420776,1906
developer,2018-04,10,25,0.013116474291710388,1906
developer,2018-04,11,37,0.019412381951731374,1906
developer,2018-04,12,58,0.030430220356768102,1906
developer,2018-04,13,41,0.021511017838405037,1906
developer,2018-04,14,47,0.02465897166841553,1906
developer,2018-04,15,36,0.01888772298006296,1906
developer,2018-04,16,34,0.017838405036726127,1906
developer,2018-04,17,54,0.02833158447009444,1906
developer,2018-04,18,34,0.017838405036726127,1906
developer,2018-04,19,19,0.009968520461699895,1906
developer,2018-04,20,44,0.023084994753410283,1906
developer,2018-04,21,46,0.024134312696747113,1906
developer,2018-04,22,56,0.02938090241343127,1906
developer,2018-04,23,45,0.0236096537250787,1906
developer,2018-04,24,49,0.02570828961175236,1906
developer,2018-04,25,58,0.030430220356768102,1906
developer,2018-04,26,75,0.039349422875131164,1906
developer,2018-04,27,62,0.03252885624344176,1906
developer,2018-04,28,40,0.02098635886673662,1906
developer,2018-04,29,54,0.02833158447009444,1906
developer,2018-04,30,66,0.03462749213011543,1906
developer,2018-04,31,45,0.0236096537250787,1906
developer,2018-04,32,43,0.022560335781741866,1906
developer,2018-04,33,54,0.02833158447009444,1906
developer,2018-04,34,26,0.013641133263378805,1906
developer,2018-04,35,35,0.018363064008394544,1906
developer,2018-04,36,50,0.026232948583420776,1906
developer,2018-04,37,77,0.040398740818468,1906
developer,2018-04,38,83,0.04354669464847849,1906
developer,2018-04,39,45,0.0236096537250787,1906
developer,2018-05,0,63,0.032507739938080496,1938
developer,2018-05,1,38,0.0196078431372549,1938
developer,2018-05,2,65,0.033539731682146544,1938
developer,2018-05,3,41,0.021155830753353973,1938
developer,2018-05,4,62,0.03199174406604747,1938
developer,2018-05,5,39,0.020123839009287926,1938
developer,2018-05,6,61,0.03147574819401445,1938
developer,2018-05,7,61,0.03147574819401445,1938
developer,2018-05,8,61,0.03147574819401445,1938
developer,2018-05,9,42,0.021671826625386997,1938
developer,2018-05,10,36,0.018575851393188854,1938
developer,2018-05,11,33,0.017027863777089782,1938
developer,2018-05,12,51,0.02631578947368421,1938
developer,2018-05,13,36,0.018575851393188854,1938
developer,2018-05,14,61,0.03147574819401445,1938
developer,2018-05,15,48,0.02476780185758514,1938
developer,2018-05,16,24,0.01238390092879257,1938
developer,2018-05,17,81,0.04179566563467492,1938
developer,2018-05,18,36,0.018575851393188854,1938
developer,2018-05,19,24,0.01238390092879257,1938
developer,2018-05,20,31,0.015995872033023734,1938
developer,2018-05,21,59,0.0304437564499484,1938
developer,2018-05,22,43,0.02218782249742002,1938
developer,2018-05,23,40,0.02063983488132095,1938
developer,2018-05,24,44,0.022703818369453045,1938
developer,2018-05,25,47,0.024251805985552117,1938
developer,2018-05,26,81,0.04179566563467492,1938
developer,2018-05,27,40,0.02063983488132095,1938
developer,2018-05,28,34,0.017543859649122806,1938
developer,2018-05,29,55,0.028379772961816305,1938
developer,2018-05,30,58,0.029927760577915376,1938
developer,2018-05,31,44,0.022703818369453045,1938
developer,2018-05,32,43,0.02218782249742002,1938
developer,2018-05,33,55,0.028379772961816305,1938
developer,2018-05,34,29,0.014963880288957688,1938
developer,2018-05,35,52,0.026831785345717233,1938
developer,2018-05,36,41,0.021155830753353973,1938
developer,2018-05,37,70,0.03611971104231166,1938
developer,2018-05,38,48,0.02476780185758514,1938
developer,2018-05,39,61,0.03147574819401445,1938
developer,2018-06,0,38,0.023529411764705882,1615
developer,2018-06,1,35,0.021671826625386997,1615
developer,2018-06,2,54,0.03343653250773994,1615
developer,2018-06,3,38,0.023529411764705882,1615
developer,2018-06,4,31,0.019195046439628483,1615
developer,2018-06,5,26,0.01609907120743034,1615
developer,2018-06,6,40,0.02476780185758514,1615
developer,2018-06,7,34,0.021052631578947368,1615
developer,2018-06,8,41,0.025386996904024767,1615
developer,2018-06,9,45,0.02786377708978328,1615
developer,2018-06,10,23,0.014241486068111455,1615
developer,2018-06,11,28,0.0173374613003096,1615
developer,2018-06,12,59,0.03653250773993808,1615
developer,2018-06,13,38,0.023529411764705882,1615
developer,2018-06,14,34,0.021052631578947368,1615
developer,2018-06,15,45,0.02786377708978328,1615
developer,2018-06,16,36,0.022291021671826627,1615
developer,2018-06,17,45,0.02786377708978328,1615
developer,2018-06,18,32,0.019814241486068113,1615
developer,2018-06,19,24,0.014860681114551083,1615
developer,2018-06,20,30,0.018575851393188854,1615
developer,2018-06,21,37,0.022910216718266253,1615
developer,2018-06,22,30,0.018575851393188854,1615
developer,2018-06,23,36,0.022291021671826627,1615
developer,2018-06,24,48,0.029721362229102165,1615
developer,2018-06,25,49,0.030340557275541795,1615
developer,2018-06,26,70,0.043343653250773995,1615
developer,2018-06,27,51,0.031578947368421054,1615
developer,2018-06,28,36,0.022291021671826627,1615
developer,2018-06,29,46,0.02848297213622291,1615
developer,2018-06,30,51,0.031578947368421054,1615
developer,2018-06,31,35,0.021671826625386997,1615
developer,2018-06,32,40,0.02476780185758514,1615
developer,2018-06,33,48,0.029721362229102165,1615
developer,2018-06,34,36,0.022291021671826627,1615
developer,2018-06,35,41,0.025386996904024767,1615
developer,2018-06,36,43,0.026625386996904025,1615
developer,2018-06,37,53,0.03281733746130031,1615
developer,2018-06,38,49,0.030340557275541795,1615
developer,2018-06,39,40,0.02476780185758514,1615
developer,2018-07,0,50,0.02765486725663717,1808
developer,2018-07,1,32,0.017699115044247787,1808
developer,2018-07,2,39,0.02157079646017699,1808
developer,2018-07,3,35,0.019358407079646017,1808
developer,2018-07,4,49,0.027101769911504425,1808
developer,2018-07,5,37,0.020464601769911505,1808
developer,2018-07,6,49,0.027101769911504425,1808
developer,2018-07,7,36,0.01991150442477876,1808
developer,2018-07,8,39,0.02157079646017699,1808
developer,2018-07,9,46,0.025442477876106196,1808
developer,2018-07,10,17,0.009402654867256638,1808
developer,2018-07,11,34,0.018805309734513276,1808
developer,2018-07,12,64,0.035398230088495575,1808
developer,2018-07,13,34,0.018805309734513276,1808
developer,2018-07,14,35,0.019358407079646017,1808
developer,2018-07,15,37,0.020464601769911505,1808
developer,2018-07,16,56,0.030973451327433628,1808
developer,2018-07,17,59,0.03263274336283186,1808
developer,2018-07,18,25,0.013827433628318585,1808
developer,2018-07,19,30,0.016592920353982302,1808
developer,2018-07,20,37,0.020464601769911505,1808
developer,2018-07,21,40,0.022123893805309734,1808
developer,2018-07,22,49,0.027101769911504425,1808
developer,2018-07,23,33,0.01825221238938053,1808
developer,2018-07,24,44,0.024336283185840708,1808
developer,2018-07,25,46,0.025442477876106196,1808
developer,2018-07,26,74,0.04092920353982301,1808
developer,2018-07,27,53,0.0293141592920354,1808
developer,2018-07,28,35,0.019358407079646017,1808
developer,2018-07,29,57,0.03152654867256637,1808
developer,2018-07,30,81,0.04480088495575221,1808
developer,2018-07,31,51,0.02820796460176991,1808
developer,2018-07,32,65,0.03595132743362832,1808
developer,2018-07,33,47,0.025995575221238937,1808
developer,2018-07,34,29,0.016039823008849558,1808
developer,2018-07,35,53,0.0293141592920354,1808
developer,2018-07,36,58,0.032079646017699116,1808
developer,2018-07,37,62,0.034292035398230086,1808
developer,2018-07,38,38,0.02101769911504425,1808
developer,2018-07,39,53,0.0293141592920354,1808
developer,2018-08,0,48,0.026830631637786474,1789
developer,2018-08,1,33,0.0184460592509782,1789
developer,2018-08,2,40,0.022358859698155393,1789
developer,2018-08,3,58,0.03242034656232532,1789
developer,2018-08,4,40,0.022358859698155393,1789
developer,2018-08,5,38,0.021240916713247623,1789
developer,2018-08,6,40,0.022358859698155393,1789
developer,2018-08,7,43,0.024035774175517048,1789
developer,2018-08,8,51,0.02850754611514813,1789
developer,2018-08,9,55,0.030743432084963666,1789
developer,2018-08,10,33,0.0184460592509782,1789
developer,2018-08,11,33,0.0184460592509782,1789
developer,2018-08,12,57,0.03186137506987144,1789
developer,2018-08,13,34,0.019005030743432086,1789
developer,2018-08,14,44,0.024594745667970933,1789
developer,2018-08,15,35,0.01956400223588597,1789
developer,2018-08,16,38,0.021240916713247623,1789
developer,2018-08,17,52,0.029066517607602014,1789
developer,2018-08,18,20,0.011179429849077696,1789
developer,2018-08,19,28,0.015651201788708775,1789
developer,2018-08,20,50,0.027948574622694244,1789
developer,2018-08,21,61,0.03409726103968697,1789
developer,2018-08,22,41,0.022917831190609278,1789
developer,2018-08,23,31,0.01732811626607043,1789
developer,2018-08,24,52,0.029066517607602014,1789
developer,2018-08,25,53,0.029625489100055896,1789
developer,2018-08,26,69,0.03856903297931805,1789
developer,2018-08,27,44,0.024594745667970933,1789
developer,2018-08,28,33,0.0184460592509782,1789
developer,2018-08,29,67,0.03745108999441028,1789
developer,2018-08,30,66,0.0368921185019564,1789
developer,2018-08,31,54,0.03018446059250978,1789
developer,2018-08,32,43,0.024035774175517048,1789
developer,2018-08,33,60,0.03353828954723309,1789
developer,2018-08,34,26,0.014533258803801007,1789
developer,2018-08,35,41,0.022917831190609278,1789
developer,2018-08,36,32,0.017887087758524316,1789
developer,2018-08,37,56,0.03130240357741755,1789
developer,2018-08,38,40,0.022358859698155393,1789
developer,2018-08,39,50,0.027948574622694244,1789
developer,2018-09,0,55,0.03233392122281011,1701
developer,2018-09,1,35,0.0205761316872428,1701
developer,2018-09,2,45,0.026455026455026454,1701
developer,2018-09,3,41,0.024103468547912992,1701
developer,2018-09,4,40,0.023515579071134628,1701
developer,2018-09,5,43,0.025279247501469725,1701
developer,2018-09,6,33,0.019400352733686066,1701
developer,2018-09,7,47,0.027630805408583186,1701
developer,2018-09,8,31,0.018224573780129337,1701
developer,2018-09,9,34,0.019988242210464434,1701
developer,2018-09,10,25,0.014697236919459141,1701
developer,2018-09,11,33,0.019400352733686066,1701
developer,2018-09,12,46,0.02704291593180482,1701
developer,2018-09,13,47,0.027630805408583186,1701
developer,2018-09,14,44,0.02586713697824809,1701
developer,2018-09,15,28,0.01646090534979424,1701
developer,2018-09,16,52,0.030570252792475015,1701
developer,2018-09,17,59,0.03468547912992358,1701
developer,2018-09,18,31,0.018224573780129337,1701
developer,2018-09,19,21,0.012345679012345678,1701
developer,2018-09,20,46,0.02704291593180482,1701
developer,2018-09,21,42,0.024691358024691357,1701
developer,2018-09,22,31,0.018224573780129337,1701
developer,2018-09,23,33,0.019400352733686066,1701
developer,2018-09,24,34,0.019988242210464434,1701
developer,2018-09,25,38,0.022339800117577895,1701
developer,2018-09,26,69,0.04056437389770723,1701
developer,2018-09,27,48,0.02821869488536155,1701
developer,2018-09,28,33,0.019400352733686066,1701
developer,2018-09,29,89,0.052322163433274546,1701
developer,2018-09,30,58,0.03409758965314521,1701
developer,2018-09,31,36,0.021164021164021163,1701
developer,2018-09,32,43,0.025279247501469725,1701
developer,2018-09,33,46,0.02704291593180482,1701
developer,2018-09,34,39,0.02292768959435626,1701
developer,2018-09,35,47,0.027630805408583186,1701
developer,2018-09,36,36,0.021164021164021163,1701
developer,2018-09,37,62,0.036449147560258674,1701
developer,2018-09,38,40,0.023515579071134628,1701
developer,2018-09,39,41,0.024103468547912992,1701
developer,2018-10,0,49,0.02192393736017897,2235
developer,2018-10,1,58,0.025950782997762864,2235
developer,2018-10,2,47,0.021029082774049218,2235
developer,2018-10,3,41,0.018344519015659956,2235
developer,2018-10,4,55,0.024608501118568233,2235
developer,2018-10,5,41,0.018344519015659956,2235
developer,2018-10,6,43,0.01923937360178971,2235
developer,2018-10,7,81,0.036241610738255034,2235
developer,2018-10,8,42,0.01879194630872483,2235
developer,2018-10,9,45,0.020134228187919462,2235
developer,2018-10,10,47,0.021029082774049218,2235
developer,2018-10,11,35,0.015659955257270694,2235
developer,2018-10,12,68,0.030425055928411632,2235
developer,2018-10,13,29,0.012975391498881432,2235
developer,2018-10,14,89,0.03982102908277405,2235
developer,2018-10,15,74,0.033109619686800894,2235
developer,2018-10,16,50,0.02237136465324385,2235
developer,2018-10,17,66,0.02953020134228188,2235
developer,2018-10,18,38,0.017002237136465325,2235
developer,2018-10,19,41,0.018344519015659956,2235
developer,2018-10,20,47,0.021029082774049218,2235
developer,2018-10,21,61,0.027293064876957495,2235
developer,2018-10,22,50,0.02237136465324385,2235
developer,2018-10,23,48,0.021476510067114093,2235
developer,2018-10,24,58,0.025950782997762864,2235
developer,2018-10,25,64,0.028635346756152126,2235
developer,2018-10,26,114,0.05100671140939597,2235
developer,2018-10,27,70,0.03131991051454139,2235
developer,2018-10,28,26,0.011633109619686801,2235
developer,2018-10,29,72,0.032214765100671144,2235
developer,2018-10,30,69,0.03087248322147651,2235
developer,2018-10,31,51,0.022818791946308724,2235
developer,2018-10,32,52,0.023266219239373602,2235
developer,2018-10,33,60,0.026845637583892617,2235
developer,2018-10,34,48,0.021476510067114093,2235
developer,2018-10,35,58,0.025950782997762864,2235
developer,2018-10,36,60,0.026845637583892617,2235
developer,2018-10,37,64,0.028635346756152126,2235
developer,2018-10,38,58,0.025950782997762864,2235
developer,2018-10,39,66,0.02953020134228188,2235
developer,2018-11,0,50,0.026455026455026454,1890
developer,2018-11,1,39,0.020634920634920634,1890
developer,2018-11,2,57,0.03015873015873016,1890
developer,2018-11,3,50,0.026455026455026454,1890
developer,2018-11,4,49,0.025925925925925925,1890
developer,2018-11,5,34,0.01798941798941799,1890
developer,2018-11,6,51,0.026984126984126985,1890
developer,2018-11,7,41,0.021693121693121695,1890
developer,2018-11,8,36,0.01904761904761905,1890
developer,2018-11,9,55,0.0291005291005291,1890
developer,2018-11,10,25,0.013227513227513227,1890
developer,2018-11,11,25,0.013227513227513227,1890
developer,2018-11,12,61,0.032275132275132276,1890
developer,2018-11,13,37,0.019576719576719578,1890
developer,2018-11,14,80,0.042328042328042326,1890
developer,2018-11,15,57,0.03015873015873016,1890
developer,2018-11,16,41,0.021693121693121695,1890
developer,2018-11,17,64,0.033862433862433865,1890
developer,2018-11,18,31,0.0164021164021164,1890
developer,2018-11,19,25,0.013227513227513227,1890
developer,2018-11,20,43,0.02275132275132275,1890
developer,2018-11,21,42,0.022222222222222223,1890
developer,2018-11,22,39,0.020634920634920634,1890
developer,2018-11,23,32,0.016931216931216932,1890
developer,2018-11,24,49,0.025925925925925925,1890
developer,2018-11,25,63,0.03333333333333333,1890
developer,2018-11,26,98,0.05185185185185185,1890
developer,2018-11,27,35,0.018518518518518517,1890
developer,2018-11,28,32,0.016931216931216932,1890
developer,2018-11,29,54,0.02857142857142857,1890
developer,2018-11,30,70,0.037037037037037035,1890
developer,2018-11,31,46,0.02433862433862434,1890
developer,2018-11,32,39,0.020634920634920634,1890
developer,2018-11,33,45,0.023809523809523808,1890
developer,2018-11,34,41,0.021693121693121695,1890
developer,2018-11,35,34,0.01798941798941799,1890
developer,2018-11,36,45,0.023809523809523808,1890
developer,2018-11,37,57,0.03015873015873016,1890
developer,2018-11,38,65,0.03439153439153439,1890
developer,2018-11,39,53,0.028042328042328042,1890
developer,2018-12,0,42,0.028282828282828285,1485
developer,2018-12,1,25,0.016835016835016835,1485
developer,2018-12,2,38,0.02558922558922559,1485
developer,2018-12,3,25,0.016835016835016835,1485
developer,2018-12,4,38,0.02558922558922559,1485
developer,2018-12,5,29,0.019528619528619527,1485
developer,2018-12,6,30,0.020202020202020204,1485
developer,2018-12,7,38,0.02558922558922559,1485
developer,2018-12,8,44,0.02962962962962963,1485
developer,2018-12,9,34,0.022895622895622896,1485
developer,2018-12,10,28,0.018855218855218854,1485
developer,2018-12,11,35,0.02356902356902357,1485
developer,2018-12,12,48,0.03232323232323232,1485
developer,2018-12,13,38,0.02558922558922559,1485
developer,2018-12,14,57,0.03838383838383838,1485
developer,2018-12,15,43,0.028956228956228958,1485
developer,2018-12,16,23,0.015488215488215488,1485
developer,2018-12,17,51,0.03434343434343434,1485
developer,2018-12,18,18,0.012121212121212121,1485
developer,2018-12,19,27,0.01818181818181818,1485
developer,2018-12,20,47,0.03164983164983165,1485
developer,2018-12,21,48,0.03232323232323232,1485
developer,2018-12,22,47,0.03164983164983165,1485
developer,2018-12,23,31,0.020875420875420877,1485
developer,2018-12,24,26,0.017508417508417508,1485
developer,2018-12,25,66,0.044444444444444446,1485
developer,2018-12,26,56,0.03771043771043771,1485
developer,2018-12,27,29,0.019528619528619527,1485
developer,2018-12,28,23,0.015488215488215488,1485
developer,2018-12,29,43,0.028956228956228958,1485
developer,2018-12,30,37,0.024915824915824916,1485
developer,2018-12,31,35,0.02356902356902357,1485
developer,2018-12,32,36,0.024242424242424242,1485
developer,2018-12,33,32,0.02154882154882155,1485
developer,2018-12,34,32,0.02154882154882155,1485
developer,2018-12,35,30,0.020202020202020204,1485
developer,2018-12,36,37,0.024915824915824916,1485
developer,2018-12,37,34,0.022895622895622896,1485
developer,2018-12,38,45,0.030303030303030304,1485
developer,2018-12,39,40,0.026936026936026935,1485
developer,2019-01,0,43,0.02599758162031439,1654
developer,2019-01,1,24,0.014510278113663845,1654
developer,2019-01,2,52,0.03143893591293833,1654
developer,2019-01,3,30,0.018137847642079808,1654
developer,2019-01,4,44,0.026602176541717048,1654
developer,2019-01,5,31,0.018742442563482467,1654
developer,2019-01,6,34,0.020556227327690448,1654
developer,2019-01,7,53,0.03204353083434099,1654
developer,2019-01,8,26,0.015719467956469165,1654
developer,2019-01,9,33,0.01995163240628779,1654
developer,2019-01,10,22,0.013301088270858524,1654
developer,2019-01,11,29,0.017533252720677146,1654
developer,2019-01,12,58,0.03506650544135429,1654
developer,2019-01,13,39,0.02357920193470375,1654
developer,2019-01,14,53,0.03204353083434099,1654
developer,2019-01,15,56,0.03385731559854897,1654
developer,2019-01,16,36,0.02176541717049577,1654
developer,2019-01,17,52,0.03143893591293833,1654
developer,2019-01,18,22,0.013301088270858524,1654
developer,2019-01,19,34,0.020556227327690448,1654
developer,2019-01,20,66,0.03990326481257558,1654
developer,2019-01,21,48,0.02902055622732769,1654
developer,2019-01,22,47,0.028415961305925032,1654
developer,2019-01,23,35,0.021160822249093107,1654
developer,2019-01,24,31,0.018742442563482467,1654
developer,2019-01,25,64,0.03869407496977025,1654
developer,2019-01,26,62,0.037484885126964934,1654
developer,2019-01,27,26,0.015719467956469165,1654
developer,2019-01,28,22,0.013301088270858524,1654
developer,2019-01,29,48,0.02902055622732769,1654
developer,2019-01,30,40,0.02418379685610641,1654
developer,2019-01,31,26,0.015719467956469165,1654
developer,2019-01,32,51,0.03083434099153567,1654
developer,2019-01,33,42,0.02539298669891173,1654
developer,2019-01,34,42,0.02539298669891173,1654
developer,2019-01,35,44,0.026602176541717048,1654
developer,2019-01,36,35,0.021160822249093107,1654
developer,2019-01,37,53,0.03204353083434099,1654
developer,2019-01,38,51,0.03083434099153567,1654
developer,2019-01,39,50,0.030229746070133012,1654
developer,2019-02,0,34,0.024691358024691357,1377
developer,2019-02,1,23,0.01670297748729121,1377
developer,2019-02,2,38,0.027596223674655047,1377
developer,2019-02,3,35,0.025417574437182282,1377
developer,2019-02,4,39,0.02832244008714597,1377
developer,2019-02,5,27,0.0196078431372549,1377
developer,2019-02,6,30,0.02178649237472767,1377
developer,2019-02,7,25,0.01815541031227306,1377
developer,2019-02,8,49,0.03558460421205519,1377
developer,2019-02,9,22,0.01597676107480029,1377
developer,2019-02,10,18,0.013071895424836602,1377
developer,2019-02,11,22,0.01597676107480029,1377
developer,2019-02,12,33,0.023965141612200435,1377
developer,2019-02,13,25,0.01815541031227306,1377
developer,2019-02,14,45,0.032679738562091505,1377
developer,2019-02,15,48,0.034858387799564274,1377
developer,2019-02,16,31,0.02251270878721859,1377
developer,2019-02,17,44,0.03195352214960058,1377
developer,2019-02,18,30,0.02178649237472767,1377
developer,2019-02,19,20,0.014524328249818447,1377
developer,2019-02,20,21,0.015250544662309368,1377
developer,2019-02,21,48,0.034858387799564274,1377
developer,2019-02,22,31,0.02251270878721859,1377
developer,2019-02,23,27,0.0196078431372549,1377
developer,2019-02,24,26,0.01888162672476398,1377
developer,2019-02,25,40,0.029048656499636893,1377
developer,2019-02,26,33,0.023965141612200435,1377
developer,2019-02,27,66,0.04793028322440087,1377
developer,2019-02,28,14,0.010167029774872912,1377
developer,2019-02,29,44,0.03195352214960058,1377
developer,2019-02,30,31,0.02251270878721859,1377
developer,2019-02,31,31,0.02251270878721859,1377
developer,2019-02,32,92,0.06681190994916485,1377
developer,2019-02,33,37,0.026870007262164125,1377
developer,2019-02,34,31,0.02251270878721859,1377
developer,2019-02,35,32,0.023238925199709513,1377
developer,2019-02,36,10,0.007262164124909223,1377
developer,2019-02,37,44,0.03195352214960058,1377
developer,2019-02,38,44,0.03195352214960058,1377
developer,2019-02,39,37,0.026870007262164125,1377
developer,2019-03,0,40,0.02849002849002849,1404
developer,2019-03,1,24,0.017094017094017096,1404
developer,2019-03,2,26,0.018518518518518517,1404
developer,2019-03,3,22,0.01566951566951567,1404
developer,2019-03,4,59,0.04202279202279202,1404
developer,2019-03,5,38,0.027065527065527065,1404
developer,2019-03,6,32,0.022792022792022793,1404
developer,2019-03,7,54,0.038461538461538464,1404
developer,2019-03,8,82,0.0584045584045584,1404
developer,2019-03,9,37,0.026353276353276354,1404
developer,2019-03,10,28,0.019943019943019943,1404
developer,2019-03,11,14,0.009971509971509971,1404
developer,2019-03,12,34,0.024216524216524215,1404
developer,2019-03,13,32,0.022792022792022793,1404
developer,2019-03,14,37,0.026353276353276354,1404
developer,2019-03,15,39,0.027777777777777776,1404
developer,2019-03,16,37,0.026353276353276354,1404
developer,2019-03,17,32,0.022792022792022793,1404
developer,2019-03,18,23,0.01638176638176638,1404
developer,2019-03,19,24,0.017094017094017096,1404
developer,2019-03,20,37,0.026353276353276354,1404
developer,2019-03,21,29,0.020655270655270654,1404
developer,2019-03,22,31,0.02207977207977208,1404
developer,2019-03,23,33,0.023504273504273504,1404
developer,2019-03,24,29,0.020655270655270654,1404
developer,2019-03,25,39,0.027777777777777776,1404
developer,2019-03,26,41,0.0292022792022792,1404
developer,2019-03,27,24,0.017094017094017096,1404
developer,2019-03,28,24,0.017094017094017096,1404
developer,2019-03,29,40,0.02849002849002849,1404
developer,2019-03,30,29,0.020655270655270654,1404
developer,2019-03,31,55,0.03917378917378917,1404
developer,2019-03,32,47,0.03347578347578348,1404
developer,2019-03,33,26,0.018518518518518517,1404
developer,2019-03,34,34,0.024216524216524215,1404
developer,2019-03,35,32,0.022792022792022793,1404
developer,2019-03,36,32,0.022792022792022793,1404
developer,2019-03,37,33,0.023504273504273504,1404
developer,2019-03,38,53,0.03774928774928775,1404
developer,2019-03,39,22,0.01566951566951567,1404
developer,2019-04,0,39,0.029017857142857144,1344
developer,2019-04,1,23,0.01711309523809524,1344
developer,2019-04,2,35,0.026041666666666668,1344
developer,2019-04,3,39,0.029017857142857144,1344
developer,2019-04,4,26,0.019345238095238096,1344
developer,2019-04,5,39,0.029017857142857144,1344
developer,2019-04,6,38,0.028273809523809524,1344
developer,2019-04,7,34,0.025297619047619048,1344
developer,2019-04,8,29,0.021577380952380952,1344
developer,2019-04,9,21,0.015625,1344
developer,2019-04,10,25,0.018601190476190476,1344
developer,2019-04,11,24,0.017857142857142856,1344
developer,2019-04,12,30,0.022321428571428572,1344
developer,2019-04,13,34,0.025297619047619048,1344
developer,2019-04,14,56,0.041666666666666664,1344
developer,2019-04,15,43,0.031994047619047616,1344
developer,2019-04,16,26,0.019345238095238096,1344
developer,2019-04,17,38,0.028273809523809524,1344
developer,2019-04,18,22,0.01636904761904762,1344
developer,2019-04,19,32,0.023809523809523808,1344
developer,2019-04,20,25,0.018601190476190476,1344
developer,2019-04,21,41,0.03050595238095238,1344
developer,2019-04,22,27,0.020089285714285716,1344
developer,2019-04,23,27,0.020089285714285716,1344
developer,2019-04,24,35,0.026041666666666668,1344
developer,2019-04,25,31,0.023065476190476192,1344
developer,2019-04,26,42,0.03125,1344
developer,2019-04,27,30,0.022321428571428572,1344
developer,2019-04,28,21,0.015625,1344
developer,2019-04,29,45,0.033482142857142856,1344
developer,2019-04,30,38,0.028273809523809524,1344
developer,2019-04,31,19,0.014136904761904762,1344
developer,2019-04,32,47,0.034970238095238096,1344
developer,2019-04,33,29,0.021577380952380952,1344
developer,2019-04,34,39,0.029017857142857144,1344
developer,2019-04,35,32,0.023809523809523808,1344
developer,2019-04,36,42,0.03125,1344
developer,2019-04,37,44,0.03273809523809524,1344
developer,2019-04,38,47,0.034970238095238096,1344
developer,2019-04,39,30,0.022321428571428572,1344
developer,2019-05,0,40,0.026863666890530557,1489
developer,2019-05,1,26,0.017461383478844864,1489
developer,2019-05,2,33,0.02216252518468771,1489
developer,2019-05,3,38,0.02552048354600403,1489
developer,2019-05,4,56,0.03760913364674278,1489
developer,2019-05,5,33,0.02216252518468771,1489
developer,2019-05,6,34,0.022834116856950974,1489
developer,2019-05,7,47,0.0315648085963734,1489
developer,2019-05,8,20,0.013431833445265278,1489
developer,2019-05,9,23,0.01544660846205507,1489
developer,2019-05,10,27,0.018132975151108125,1489
developer,2019-05,11,26,0.017461383478844864,1489
developer,2019-05,12,31,0.020819341840161182,1489
developer,2019-05,13,45,0.03022162525184688,1489
developer,2019-05,14,62,0.041638683680322364,1489
developer,2019-05,15,69,0.04633982538616521,1489
developer,2019-05,16,39,0.026192075218267292,1489
developer,2019-05,17,32,0.021490933512424447,1489
developer,2019-05,18,25,0.0167897918065816,1489
developer,2019-05,19,29,0.019476158495634655,1489
developer,2019-05,20,23,0.01544660846205507,1489
developer,2019-05,21,37,0.024848891873740765,1489
developer,2019-05,22,37,0.024848891873740765,1489
developer,2019-05,23,33,0.02216252518468771,1489
developer,2019-05,24,33,0.02216252518468771,1489
developer,2019-05,25,28,0.01880456682337139,1489
developer,2019-05,26,54,0.03626595030221625,1489
developer,2019-05,27,33,0.02216252518468771,1489
developer,2019-05,28,21,0.014103425117528543,1489
developer,2019-05,29,40,0.026863666890530557,1489
developer,2019-05,30,42,0.028206850235057087,1489
developer,2019-05,31,29,0.019476158495634655,1489
developer,2019-05,32,49,0.03290799194089993,1489
developer,2019-05,33,30,0.020147750167897917,1489
developer,2019-05,34,42,0.028206850235057087,1489
developer,2019-05,35,45,0.03022162525184688,1489
developer,2019-05,36,56,0.03760913364674278,1489
developer,2019-05,37,34,0.022834116856950974,1489
developer,2019-05,38,61,0.0409670920080591,1489
developer,2019-05,39,27,0.018132975151108125,1489
developer,2019-06,0,64,0.03583426651735722,1786
developer,2019-06,1,30,0.0167973124300112,1786
developer,2019-06,2,53,0.02967525195968645,1786
developer,2019-06,3,29,0.016237402015677492,1786
developer,2019-06,4,58,0.032474804031354984,1786
developer,2019-06,5,35,0.01959686450167973,1786
developer,2019-06,6,47,0.02631578947368421,1786
developer,2019-06,7,58,0.032474804031354984,1786
developer,2019-06,8,28,0.015677491601343786,1786
developer,2019-06,9,32,0.01791713325867861,1786
developer,2019-06,10,66,0.036954087346024636,1786
developer,2019-06,11,23,0.012877939529675251,1786
developer,2019-06,12,34,0.019036954087346025,1786
developer,2019-06,13,51,0.02855543113101904,1786
developer,2019-06,14,60,0.0335946248600224,1786
developer,2019-06,15,57,0.031914893617021274,1786
developer,2019-06,16,41,0.02295632698768197,1786
developer,2019-06,17,37,0.020716685330347144,1786
developer,2019-06,18,35,0.01959686450167973,1786
developer,2019-06,19,42,0.023516237402015677,1786
developer,2019-06,20,35,0.01959686450167973,1786
developer,2019-06,21,63,0.03527435610302351,1786
developer,2019-06,22,68,0.03807390817469205,1786
developer,2019-06,23,51,0.02855543113101904,1786
developer,2019-06,24,44,0.02463605823068309,1786
developer,2019-06,25,48,0.026875699888017916,1786
developer,2019-06,26,57,0.031914893617021274,1786
developer,2019-06,27,35,0.01959686450167973,1786
developer,2019-06,28,27,0.015117581187010079,1786
developer,2019-06,29,59,0.03303471444568869,1786
developer,2019-06,30,43,0.024076147816349383,1786
developer,2019-06,31,34,0.019036954087346025,1786
developer,2019-06,32,46,0.025755879059350503,1786
developer,2019-06,33,31,0.017357222844344905,1786
developer,2019-06,34,37,0.020716685330347144,1786
developer,2019-06,35,40,0.022396416573348264,1786
developer,2019-06,36,42,0.023516237402015677,1786
developer,2019-06,37,54,0.030235162374020158,1786
developer,2019-06,38,67,0.037513997760358346,1786
developer,2019-06,39,25,0.013997760358342666,1786
developer,2019-07,0,50,0.031133250311332503,1606
developer,2019-07,1,38,0.023661270236612703,1606
developer,2019-07,2,43,0.026774595267745952,1606
developer,2019-07,3,30,0.0186799501867995,1606
developer,2019-07,4,51,0.031755915317559155,1606
developer,2019-07,5,35,0.021793275217932753,1606
developer,2019-07,6,32,0.019925280199252802,1606
developer,2019-07,7,55,0.03424657534246575,1606
developer,2019-07,8,30,0.0186799501867995,1606
developer,2019-07,9,33,0.02054794520547945,1606
developer,2019-07,10,56,0.034869240348692404,1606
developer,2019-07,11,35,0.021793275217932753,1606
developer,2019-07,12,36,0.0224159402241594,1606
developer,2019-07,13,51,0.031755915317559155,1606
developer,2019-07,14,55,0.03424657534246575,1606
developer,2019-07,15,54,0.033623910336239106,1606
developer,2019-07,16,43,0.026774595267745952,1606
developer,2019-07,17,38,0.023661270236612703,1606
developer,2019-07,18,23,0.014321295143212951,1606
developer,2019-07,19,46,0.028642590286425903,1606
developer,2019-07,20,36,0.0224159402241594,1606
developer,2019-07,21,35,0.021793275217932753,1606
developer,2019-07,22,46,0.028642590286425903,1606
developer,2019-07,23,39,0.024283935242839352,1606
developer,2019-07,24,38,0.023661270236612703,1606
developer,2019-07,25,33,0.02054794520547945,1606
developer,2019-07,26,43,0.026774595267745952,1606
developer,2019-07,27,28,0.017434620174346202,1606
developer,2019-07,28,43,0.026774595267745952,1606
developer,2019-07,29,44,0.0273972602739726,1606
developer,2019-07,30,39,0.024283935242839352,1606
developer,2019-07,31,44,0.0273972602739726,1606
developer,2019-07,32,47,0.029265255292652552,1606
developer,2019-07,33,23,0.014321295143212951,1606
developer,2019-07,34,36,0.0224159402241594,1606
developer,2019-07,35,41,0.025529265255292654,1606
developer,2019-07,36,48,0.029887920298879204,1606
developer,2019-07,37,23,0.014321295143212951,1606
developer,2019-07,38,56,0.034869240348692404,1606
developer,2019-07,39,30,0.0186799501867995,1606
developer,2019-08,0,42,0.03146067415730337,1335
developer,2019-08,1,25,0.018726591760299626,1335
developer,2019-08,2,37,0.027715355805243445,1335
developer,2019-08,3,33,0.024719101123595506,1335
developer,2019-08,4,37,0.027715355805243445,1335
developer,2019-08,5,27,0.020224719101123594,1335
developer,2019-08,6,41,0.030711610486891385,1335
developer,2019-08,7,39,0.029213483146067417,1335
developer,2019-08,8,39,0.029213483146067417,1335
developer,2019-08,9,28,0.020973782771535582,1335
developer,2019-08,10,25,0.018726591760299626,1335
developer,2019-08,11,23,0.017228464419475654,1335
developer,2019-08,12,26,0.01947565543071161,1335
developer,2019-08,13,35,0.026217228464419477,1335
developer,2019-08,14,34,0.02546816479400749,1335
developer,2019-08,15,48,0.035955056179775284,1335
developer,2019-08,16,33,0.024719101123595506,1335
developer,2019-08,17,26,0.01947565543071161,1335
developer,2019-08,18,30,0.02247191011235955,1335
developer,2019-08,19,36,0.02696629213483146,1335
developer,2019-08,20,22,0.01647940074906367,1335
developer,2019-08,21,31,0.023220973782771534,1335
developer,2019-08,22,32,0.02397003745318352,1335
developer,2019-08,23,36,0.02696629213483146,1335
developer,2019-08,24,30,0.02247191011235955,1335
developer,2019-08,25,30,0.02247191011235955,1335
developer,2019-08,26,37,0.027715355805243445,1335
developer,2019-08,27,20,0.0149812734082397,1335
developer,2019-08,28,29,0.021722846441947566,1335
developer,2019-08,29,42,0.03146067415730337,1335
developer,2019-08,30,35,0.026217228464419477,1335
developer,2019-08,31,26,0.01947565543071161,1335
developer,2019-08,32,53,0.039700374531835204,1335
developer,2019-08,33,25,0.018726591760299626,1335
developer,2019-08,34,48,0.035955056179775284,1335
developer,2019-08,35,29,0.021722846441947566,1335
developer,2019-08,36,37,0.027715355805243445,1335
developer,2019-08,37,34,0.02546816479400749,1335
developer,2019-08,38,54,0.04044943820224719,1335
developer,2019-08,39,21,0.015730337078651686,1335
developer,2019-09,0,38,0.03359858532272325,1131
developer,2019-09,1,25,0.022104332449160036,1131
developer,2019-09,2,33,0.029177718832891247,1131
developer,2019-09,3,40,0.03536693191865606,1131
developer,2019-09,4,31,0.027409372236958444,1131
developer,2019-09,5,15,0.013262599469496022,1131
developer,2019-09,6,33,0.029177718832891247,1131
developer,2019-09,7,30,0.026525198938992044,1131
developer,2019-09,8,17,0.015030946065428824,1131
developer,2019-09,9,29,0.02564102564102564,1131
developer,2019-09,10,37,0.032714412024756855,1131
developer,2019-09,11,17,0.015030946065428824,1131
developer,2019-09,12,26,0.022988505747126436,1131
developer,2019-09,13,36,0.03183023872679045,1131
developer,2019-09,14,28,0.02475685234305924,1131
developer,2019-09,15,39,0.034482758620689655,1131
developer,2019-09,16,19,0.016799292661361626,1131
developer,2019-09,17,26,0.022988505747126436,1131
developer,2019-09,18,23,0.020335985853227233,1131
developer,2019-09,19,17,0.015030946065428824,1131
developer,2019-09,20,21,0.01856763925729443,1131
developer,2019-09,21,28,0.02475685234305924,1131
developer,2019-09,22,22,0.019451812555260833,1131
developer,2019-09,23,35,0.03094606542882405,1131
developer,2019-09,24,20,0.01768346595932803,1131
developer,2019-09,25,19,0.016799292661361626,1131
developer,2019-09,26,38,0.03359858532272325,1131
developer,2019-09,27,32,0.028293545534924844,1131
developer,2019-09,28,26,0.022988505747126436,1131
developer,2019-09,29,30,0.026525198938992044,1131
developer,2019-09,30,31,0.027409372236958444,1131
developer,2019-09,31,19,0.016799292661361626,1131
developer,2019-09,32,42,0.03713527851458886,1131
developer,2019-09,33,30,0.026525198938992044,1131
developer,2019-09,34,35,0.03094606542882405,1131
developer,2019-09,35,17,0.015030946065428824,1131
developer,2019-09,36,33,0.029177718832891247,1131
developer,2019-09,37,32,0.028293545534924844,1131
developer,2019-09,38,44,0.038903625110521665,1131
developer,2019-09,39,18,0.015915119363395226,1131
developer,2019-10,0,62,0.03369565217391304,1840
developer,2019-10,1,54,0.029347826086956522,1840
developer,2019-10,2,45,0.024456521739130436,1840
developer,2019-10,3,30,0.016304347826086956,1840
developer,2019-10,4,67,0.03641304347826087,1840
developer,2019-10,5,40,0.021739130434782608,1840
developer,2019-10,6,44,0.02391304347826087,1840
developer,2019-10,7,49,0.026630434782608695,1840
developer,2019-10,8,22,0.011956521739130435,1840
developer,2019-10,9,40,0.021739130434782608,1840
developer,2019-10,10,27,0.014673913043478261,1840
developer,2019-10,11,40,0.021739130434782608,1840
developer,2019-10,12,45,0.024456521739130436,1840
developer,2019-10,13,35,0.019021739130434784,1840
developer,2019-10,14,40,0.021739130434782608,1840
developer,2019-10,15,66,0.035869565217391305,1840
developer,2019-10,16,36,0.01956521739130435,1840
developer,2019-10,17,41,0.022282608695652174,1840
developer,2019-10,18,50,0.02717391304347826,1840
developer,2019-10,19,25,0.01358695652173913,1840
developer,2019-10,20,39,0.021195652173913043,1840
developer,2019-10,21,82,0.04456521739130435,1840
developer,2019-10,22,46,0.025,1840
developer,2019-10,23,36,0.01956521739130435,1840
developer,2019-10,24,34,0.01847826086956522,1840
developer,2019-10,25,35,0.019021739130434784,1840
developer,2019-10,26,70,0.03804347826086957,1840
developer,2019-10,27,61,0.03315217391304348,1840
developer,2019-10,28,52,0.02826086956521739,1840
developer,2019-10,29,47,0.025543478260869567,1840
developer,2019-10,30,49,0.026630434782608695,1840
developer,2019-10,31,30,0.016304347826086956,1840
developer,2019-10,32,52,0.02826086956521739,1840
developer,2019-10,33,45,0.024456521739130436,1840
developer,2019-10,34,40,0.021739130434782608,1840
developer,2019-10,35,53,0.028804347826086957,1840
developer,2019-10,36,64,0.034782608695652174,1840
developer,2019-10,37,58,0.03152173913043478,1840
developer,2019-10,38,56,0.030434782608695653,1840
developer,2019-10,39,33,0.017934782608695653,1840
developer,2019-11,0,51,0.029043280182232345,1756
developer,2019-11,1,43,0.0244874715261959,1756
developer,2019-11,2,33,0.01879271070615034,1756
developer,2019-11,3,33,0.01879271070615034,1756
developer,2019-11,4,66,0.03758542141230068,1756
developer,2019-11,5,49,0.027904328018223234,1756
developer,2019-11,6,55,0.03132118451025057,1756
developer,2019-11,7,45,0.02562642369020501,1756
developer,2019-11,8,34,0.0193621867881549,1756
developer,2019-11,9,36,0.02050113895216401,1756
developer,2019-11,10,39,0.022209567198177675,1756
developer,2019-11,11,30,0.017084282460136675,1756
developer,2019-11,12,41,0.02334851936218679,1756
developer,2019-11,13,47,0.026765375854214124,1756
developer,2019-11,14,40,0.022779043280182234,1756
developer,2019-11,15,53,0.03018223234624146,1756
developer,2019-11,16,25,0.014236902050113895,1756
developer,2019-11,17,53,0.03018223234624146,1756
developer,2019-11,18,47,0.026765375854214124,1756
developer,2019-11,19,30,0.017084282460136675,1756
developer,2019-11,20,30,0.017084282460136675,1756
developer,2019-11,21,73,0.041571753986332574,1756
developer,2019-11,22,44,0.025056947608200455,1756
developer,2019-11,23,41,0.02334851936218679,1756
developer,2019-11,24,35,0.019931662870159454,1756
developer,2019-11,25,37,0.021070615034168565,1756
developer,2019-11,26,51,0.029043280182232345,1756
developer,2019-11,27,54,0.030751708428246014,1756
developer,2019-11,28,50,0.02847380410022779,1756
developer,2019-11,29,41,0.02334851936218679,1756
developer,2019-11,30,35,0.019931662870159454,1756
developer,2019-11,31,25,0.014236902050113895,1756
developer,2019-11,32,42,0.023917995444191344,1756
developer,2019-11,33,36,0.02050113895216401,1756
developer,2019-11,34,52,0.029612756264236904,1756
developer,2019-11,35,34,0.0193621867881549,1756
developer,2019-11,36,64,0.03644646924829157,1756
developer,2019-11,37,50,0.02847380410022779,1756
developer,2019-11,38,77,0.043849658314350795,1756
developer,2019-11,39,35,0.019931662870159454,1756
developer,2019-12,0,49,0.0310126582278481,1580
developer,2019-12,1,36,0.02278481012658228,1580
developer,2019-12,2,18,0.01139240506329114,1580
developer,2019-12,3,30,0.0189873417721519,1580
developer,2019-12,4,55,0.03481012658227848,1580
developer,2019-12,5,31,0.019620253164556962,1580
developer,2019-12,6,50,0.03164556962025317,1580
developer,2019-12,7,49,0.0310126582278481,1580
developer,2019-12,8,31,0.019620253164556962,1580
developer,2019-12,9,33,0.02088607594936709,1580
developer,2019-12,10,27,0.01708860759493671,1580
developer,2019-12,11,32,0.020253164556962026,1580
developer,2019-12,12,38,0.024050632911392405,1580
developer,2019-12,13,39,0.024683544303797468,1580
developer,2019-12,14,47,0.029746835443037974,1580
developer,2019-12,15,46,0.02911392405063291,1580
developer,2019-12,16,24,0.015189873417721518,1580
developer,2019-12,17,42,0.026582278481012658,1580
developer,2019-12,18,30,0.0189873417721519,1580
developer,2019-12,19,37,0.02341772151898734,1580
developer,2019-12,20,53,0.03354430379746835,1580
developer,2019-12,21,50,0.03164556962025317,1580
developer,2019-12,22,68,0.043037974683544304,1580
developer,2019-12,23,40,0.02531645569620253,1580
developer,2019-12,24,35,0.022151898734177215,1580
developer,2019-12,25,34,0.021518987341772152,1580
developer,2019-12,26,42,0.026582278481012658,1580
developer,2019-12,27,42,0.026582278481012658,1580
developer,2019-12,28,23,0.014556962025316455,1580
developer,2019-12,29,38,0.024050632911392405,1580
developer,2019-12,30,48,0.030379746835443037,1580
developer,2019-12,31,26,0.016455696202531647,1580
developer,2019-12,32,59,0.03734177215189873,1580
developer,2019-12,33,21,0.013291139240506329,1580
developer,2019-12,34,50,0.03164556962025317,1580
developer,2019-12,35,31,0.019620253164556962,1580
developer,2019-12,36,35,0.022151898734177215,1580
developer,2019-12,37,35,0.022151898734177215,1580
developer,2019-12,38,76,0.04810126582278481,1580
developer,2019-12,39,30,0.0189873417721519,1580
developer,2020-01,0,58,0.03335250143760782,1739
developer,2020-01,1,45,0.025876940770557792,1739
developer,2020-01,2,29,0.01667625071880391,1739
developer,2020-01,3,36,0.020701552616446232,1739
developer,2020-01,4,46,0.02645198389879241,1739
developer,2020-01,5,29,0.01667625071880391,1739
developer,2020-01,6,34,0.019551466359977,1739
developer,2020-01,7,50,0.02875215641173088,1739
developer,2020-01,8,31,0.017826336975273145,1739
developer,2020-01,9,42,0.024151811385853938,1739
developer,2020-01,10,39,0.022426682001150087,1739
developer,2020-01,11,30,0.017251293847038527,1739
developer,2020-01,12,41,0.023576768257619323,1739
developer,2020-01,13,50,0.02875215641173088,1739
developer,2020-01,14,39,0.022426682001150087,1739
developer,2020-01,15,36,0.020701552616446232,1739
developer,2020-01,16,40,0.023001725129384705,1739
developer,2020-01,17,32,0.018401380103507763,1739
developer,2020-01,18,42,0.024151811385853938,1739
developer,2020-01,19,28,0.016101207590569294,1739
developer,2020-01,20,56,0.03220241518113859,1739
developer,2020-01,21,86,0.04945370902817711,1739
developer,2020-01,22,41,0.023576768257619323,1739
developer,2020-01,23,53,0.030477285796434734,1739
developer,2020-01,24,22,0.012650948821161587,1739
developer,2020-01,25,39,0.022426682001150087,1739
developer,2020-01,26,35,0.020126509488211614,1739
developer,2020-01,27,53,0.030477285796434734,1739
developer,2020-01,28,55,0.03162737205290397,1739
developer,2020-01,29,50,0.02875215641173088,1739
developer,2020-01,30,51,0.029327199539965498,1739
developer,2020-01,31,25,0.01437607820586544,1739
developer,2020-01,32,64,0.03680276020701553,1739
developer,2020-01,33,30,0.017251293847038527,1739
developer,2020-01,34,48,0.027602070155261643,1739
developer,2020-01,35,40,0.023001725129384705,1739
developer,2020-01,36,49,0.02817711328349626,1739
developer,2020-01,37,59,0.03392754456584244,1739
developer,2020-01,38,57,0.0327774583093732,1739
developer,2020-01,39,49,0.02817711328349626,1739
developer,2020-02,0,40,0.028109627547434995,1423
developer,2020-02,1,33,0.023190442726633873,1423
developer,2020-02,2,23,0.016163035839775124,1423
developer,2020-02,3,32,0.022487702037947997,1423
developer,2020-02,4,38,0.026704146170063246,1423
developer,2020-02,5,26,0.018271257905832748,1423
developer,2020-02,6,38,0.026704146170063246,1423
developer,2020-02,7,43,0.030217849613492623,1423
developer,2020-02,8,32,0.022487702037947997,1423
developer,2020-02,9,47,0.03302881236823612,1423
developer,2020-02,10,18,0.012649332396345749,1423
developer,2020-02,11,8,0.005621925509486999,1423
developer,2020-02,12,32,0.022487702037947997,1423
developer,2020-02,13,33,0.023190442726633873,1423
developer,2020-02,14,36,0.025298664792691498,1423
developer,2020-02,15,63,0.04427266338721012,1423
developer,2020-02,16,30,0.02108222066057625,1423
developer,2020-02,17,26,0.018271257905832748,1423
developer,2020-02,18,30,0.02108222066057625,1423
developer,2020-02,19,27,0.018973998594518624,1423
developer,2020-02,20,24,0.016865776528460996,1423
developer,2020-02,21,49,0.03443429374560787,1423
developer,2020-02,22,37,0.02600140548137737,1423
developer,2020-02,23,43,0.030217849613492623,1423
developer,2020-02,24,23,0.016163035839775124,1423
developer,2020-02,25,24,0.016865776528460996,1423
developer,2020-02,26,39,0.027406886858749122,1423
developer,2020-02,27,46,0.03232607167955025,1423
developer,2020-02,28,43,0.030217849613492623,1423
developer,2020-02,29,36,0.025298664792691498,1423
developer,2020-02,30,35,0.024595924104005622,1423
developer,2020-02,31,24,0.016865776528460996,1423
developer,2020-02,32,54,0.03794799718903725,1423
developer,2020-02,33,18,0.012649332396345749,1423
developer,2020-02,34,42,0.029515108924806747,1423
developer,2020-02,35,21,0.014757554462403373,1423
developer,2020-02,36,51,0.035839775122979624,1423
developer,2020-02,37,43,0.030217849613492623,1423
developer,2020-02,38,82,0.05762473647224174,1423
developer,2020-02,39,34,0.023893183415319746,1423
developer,2020-03,0,47,0.03010890454836643,1561
developer,2020-03,1,59,0.03779628443305574,1561
developer,2020-03,2,24,0.015374759769378604,1561
developer,2020-03,3,24,0.015374759769378604,1561
developer,2020-03,4,37,0.02370275464445868,1561
developer,2020-03,5,40,0.025624599615631006,1561
developer,2020-03,6,56,0.03587443946188341,1561
developer,2020-03,7,56,0.03587443946188341,1561
developer,2020-03,8,39,0.024983984625240232,1561
developer,2020-03,9,49,0.03139013452914798,1561
developer,2020-03,10,24,0.015374759769378604,1561
developer,2020-03,11,26,0.016655989750160152,1561
developer,2020-03,12,26,0.016655989750160152,1561
developer,2020-03,13,33,0.02114029468289558,1561
developer,2020-03,14,40,0.025624599615631006,1561
developer,2020-03,15,37,0.02370275464445868,1561
developer,2020-03,16,34,0.021780909673286355,1561
developer,2020-03,17,27,0.01729660474055093,1561
developer,2020-03,18,44,0.028187059577194105,1561
developer,2020-03,19,26,0.016655989750160152,1561
developer,2020-03,20,40,0.025624599615631006,1561
developer,2020-03,21,63,0.04035874439461883,1561
developer,2020-03,22,35,0.02242152466367713,1561
developer,2020-03,23,36,0.023062139654067906,1561
developer,2020-03,24,30,0.019218449711723255,1561
developer,2020-03,25,29,0.018577834721332478,1561
developer,2020-03,26,51,0.03267136450992953,1561
developer,2020-03,27,35,0.02242152466367713,1561
developer,2020-03,28,40,0.025624599615631006,1561
developer,2020-03,29,48,0.03074951953875721,1561
developer,2020-03,30,32,0.020499679692504803,1561
developer,2020-03,31,27,0.01729660474055093,1561
developer,2020-03,32,39,0.024983984625240232,1561
developer,2020-03,33,44,0.028187059577194105,1561
developer,2020-03,34,43,0.02754644458680333,1561
developer,2020-03,35,32,0.020499679692504803,1561
developer,2020-03,36,50,0.032030749519538756,1561
developer,2020-03,37,38,0.024343369634849454,1561
developer,2020-03,38,69,0.044202434336963484,1561
developer,2020-03,39,32,0.020499679692504803,1561
developer,2020-04,0,54,0.03137710633352702,1721
developer,2020-04,1,28,0.016269610691458453,1721
developer,2020-04,2,25,0.01452643811737362,1721
developer,2020-04,3,61,0.03544450900639163,1721
developer,2020-04,4,33,0.01917489831493318,1721
developer,2020-04,5,43,0.024985473561882625,1721
developer,2020-04,6,46,0.02672864613596746,1721
developer,2020-04,7,53,0.030796048808832074,1721
developer,2020-04,8,27,0.01568855316676351,1721
developer,2020-04,9,32,0.018593840790238233,1721
developer,2020-04,10,27,0.01568855316676351,1721
developer,2020-04,11,31,0.01801278326554329,1721
developer,2020-04,12,27,0.01568855316676351,1721
developer,2020-04,13,41,0.023823358512492735,1721
developer,2020-04,14,55,0.031958163858221963,1721
developer,2020-04,15,49,0.028471818710052294,1721
developer,2020-04,16,39,0.02266124346310285,1721
developer,2020-04,17,47,0.027309703660662404,1721
developer,2020-04,18,43,0.024985473561882625,1721
developer,2020-04,19,31,0.01801278326554329,1721
developer,2020-04,20,36,0.020918070889018012,1721
developer,2020-04,21,83,0.04822777454968042,1721
developer,2020-04,22,44,0.02556653108657757,1721
developer,2020-04,23,37,0.02149912841371296,1721
developer,2020-04,24,29,0.0168506682161534,1721
developer,2020-04,25,40,0.023242300987797792,1721
developer,2020-04,26,48,0.02789076118535735,1721
developer,2020-04,27,48,0.02789076118535735,1721
developer,2020-04,28,49,0.028471818710052294,1721
developer,2020-04,29,53,0.030796048808832074,1721
developer,2020-04,30,54,0.03137710633352702,1721
developer,2020-04,31,20,0.011621150493898896,1721
developer,2020-04,32,41,0.023823358512492735,1721
developer,2020-04,33,41,0.023823358512492735,1721
developer,2020-04,34,52,0.03021499128413713,1721
developer,2020-04,35,37,0.02149912841371296,1721
developer,2020-04,36,69,0.04009296920395119,1721
developer,2020-04,37,57,0.03312027890761186,1721
developer,2020-04,38,52,0.03021499128413713,1721
developer,2020-04,39,39,0.02266124346310285,1721
developer,2020-05,0,43,0.029192124915139173,1473
developer,2020-05,1,21,0.014256619144602852,1473
developer,2020-05,2,20,0.013577732518669382,1473
developer,2020-05,3,35,0.02376103190767142,1473
developer,2020-05,4,34,0.02308214528173795,1473
developer,2020-05,5,40,0.027155465037338764,1473
developer,2020-05,6,34,0.02308214528173795,1473
developer,2020-05,7,58,0.03937542430414121,1473
developer,2020-05,8,25,0.01697216564833673,1473
developer,2020-05,9,36,0.024439918533604887,1473
developer,2020-05,10,26,0.017651052274270197,1473
developer,2020-05,11,26,0.017651052274270197,1473
developer,2020-05,12,32,0.02172437202987101,1473
developer,2020-05,13,27,0.018329938900203666,1473
developer,2020-05,14,36,0.024439918533604887,1473
developer,2020-05,15,48,0.032586558044806514,1473
developer,2020-05,16,36,0.024439918533604887,1473
developer,2020-05,17,63,0.04276985743380855,1473
developer,2020-05,18,28,0.019008825526137134,1473
developer,2020-05,19,36,0.024439918533604887,1473
developer,2020-05,20,45,0.03054989816700611,1473
developer,2020-05,21,63,0.04276985743380855,1473
developer,2020-05,22,22,0.01493550577053632,1473
developer,2020-05,23,23,0.015614392396469789,1473
developer,2020-05,24,17,0.011541072640868975,1473
developer,2020-05,25,27,0.018329938900203666,1473
developer,2020-05,26,45,0.03054989816700611,1473
developer,2020-05,27,52,0.035302104548540394,1473
developer,2020-05,28,50,0.03394433129667346,1473
developer,2020-05,29,39,0.026476578411405296,1473
developer,2020-05,30,32,0.02172437202987101,1473
developer,2020-05,31,19,0.012898845892735914,1473
developer,2020-05,32,51,0.034623217922606926,1473
developer,2020-05,33,32,0.02172437202987101,1473
developer,2020-05,34,42,0.028513238289205704,1473
developer,2020-05,35,22,0.01493550577053632,1473
developer,2020-05,36,60,0.04073319755600815,1473
developer,2020-05,37,46,0.031228784792939578,1473
developer,2020-05,38,58,0.03937542430414121,1473
developer,2020-05,39,24,0.016293279022403257,1473
developer,2020-06,0,26,0.022549869904596703,1153
developer,2020-06,1,36,0.031222896790980052,1153
developer,2020-06,2,20,0.017346053772766695,1153
developer,2020-06,3,33,0.028620988725065046,1153
developer,2020-06,4,25,0.02168256721595837,1153
developer,2020-06,5,26,0.022549869904596703,1153
developer,2020-06,6,28,0.024284475281873375,1153
developer,2020-06,7,30,0.026019080659150044,1153
developer,2020-06,8,25,0.02168256721595837,1153
developer,2020-06,9,34,0.029488291413703384,1153
developer,2020-06,10,17,0.014744145706851692,1153
developer,2020-06,11,15,0.013009540329575022,1153
developer,2020-06,12,29,0.02515177797051171,1153
developer,2020-06,13,33,0.028620988725065046,1153
developer,2020-06,14,25,0.02168256721595837,1153
developer,2020-06,15,22,0.019080659150043366,1153
developer,2020-06,16,20,0.017346053772766695,1153
developer,2020-06,17,30,0.026019080659150044,1153
developer,2020-06,18,27,0.023417172593235037,1153
developer,2020-06,19,26,0.022549869904596703,1153
developer,2020-06,20,17,0.014744145706851692,1153
developer,2020-06,21,58,0.05030355594102342,1153
developer,2020-06,22,34,0.029488291413703384,1153
developer,2020-06,23,26,0.022549869904596703,1153
developer,2020-06,24,25,0.02168256721595837,1153
developer,2020-06,25,27,0.023417172593235037,1153
developer,2020-06,26,36,0.031222896790980052,1153
developer,2020-06,27,35,0.030355594102341718,1153
developer,2020-06,28,29,0.02515177797051171,1153
developer,2020-06,29,39,0.033824804856895055,1153
developer,2020-06,30,23,0.0199479618386817,1153
developer,2020-06,31,21,0.01821335646140503,1153
developer,2020-06,32,35,0.030355594102341718,1153
developer,2020-06,33,17,0.014744145706851692,1153
developer,2020-06,34,28,0.024284475281873375,1153
developer,2020-06,35,31,0.026886383347788378,1153
developer,2020-06,36,31,0.026886383347788378,1153
developer,2020-06,37,39,0.033824804856895055,1153
developer,2020-06,38,44,0.03816131830008673,1153
developer,2020-06,39,31,0.026886383347788378,1153
developer,2020-07,0,30,0.026595744680851064,1128
developer,2020-07,1,35,0.03102836879432624,1128
developer,2020-07,2,14,0.012411347517730497,1128
developer,2020-07,3,35,0.03102836879432624,1128
developer,2020-07,4,40,0.03546099290780142,1128
developer,2020-07,5,23,0.020390070921985817,1128
developer,2020-07,6,28,0.024822695035460994,1128
developer,2020-07,7,27,0.023936170212765957,1128
developer,2020-07,8,25,0.022163120567375887,1128
developer,2020-07,9,23,0.020390070921985817,1128
developer,2020-07,10,16,0.014184397163120567,1128
developer,2020-07,11,22,0.01950354609929078,1128
developer,2020-07,12,29,0.025709219858156027,1128
developer,2020-07,13,25,0.022163120567375887,1128
developer,2020-07,14,30,0.026595744680851064,1128
developer,2020-07,15,39,0.034574468085106384,1128
developer,2020-07,16,26,0.02304964539007092,1128
developer,2020-07,17,23,0.020390070921985817,1128
developer,2020-07,18,22,0.01950354609929078,1128
developer,2020-07,19,28,0.024822695035460994,1128
developer,2020-07,20,20,0.01773049645390071,1128
developer,2020-07,21,64,0.05673758865248227,1128
developer,2020-07,22,29,0.025709219858156027,1128
developer,2020-07,23,24,0.02127659574468085,1128
developer,2020-07,24,12,0.010638297872340425,1128
developer,2020-07,25,18,0.015957446808510637,1128
developer,2020-07,26,26,0.02304964539007092,1128
developer,2020-07,27,39,0.034574468085106384,1128
developer,2020-07,28,21,0.018617021276595744,1128
developer,2020-07,29,24,0.02127659574468085,1128
developer,2020-07,30,24,0.02127659574468085,1128
developer,2020-07,31,29,0.025709219858156027,1128
developer,2020-07,32,41,0.03634751773049645,1128
developer,2020-07,33,19,0.016843971631205674,1128
developer,2020-07,34,22,0.01950354609929078,1128
developer,2020-07,35,27,0.023936170212765957,1128
developer,2020-07,36,38,0.03368794326241135,1128
developer,2020-07,37,23,0.020390070921985817,1128
developer,2020-07,38,60,0.05319148936170213,1128
developer,2020-07,39,28,0.024822695035460994,1128
developer,2020-08,0,22,0.017915309446254073,1228
developer,2020-08,1,23,0.018729641693811076,1228
developer,2020-08,2,31,0.025244299674267102,1228
developer,2020-08,3,27,0.021986970684039087,1228
developer,2020-08,4,42,0.03420195439739414,1228
developer,2020-08,5,29,0.023615635179153095,1228
developer,2020-08,6,19,0.015472312703583062,1228
developer,2020-08,7,32,0.026058631921824105,1228
developer,2020-08,8,21,0.01710097719869707,1228
developer,2020-08,9,25,0.02035830618892508,1228
developer,2020-08,10,21,0.01710097719869707,1228
developer,2020-08,11,24,0.019543973941368076,1228
developer,2020-08,12,17,0.013843648208469055,1228
developer,2020-08,13,28,0.02280130293159609,1228
developer,2020-08,14,30,0.024429967426710098,1228
developer,2020-08,15,35,0.028501628664495113,1228
developer,2020-08,16,21,0.01710097719869707,1228
developer,2020-08,17,24,0.019543973941368076,1228
developer,2020-08,18,34,0.02768729641693811,1228
developer,2020-08,19,34,0.02768729641693811,1228
developer,2020-08,20,30,0.024429967426710098,1228
developer,2020-08,21,62,0.050488599348534204,1228
developer,2020-08,22,21,0.01710097719869707,1228
developer,2020-08,23,32,0.026058631921824105,1228
developer,2020-08,24,22,0.017915309446254073,1228
developer,2020-08,25,22,0.017915309446254073,1228
developer,2020-08,26,25,0.02035830618892508,1228
developer,2020-08,27,51,0.041530944625407164,1228
developer,2020-08,28,47,0.038273615635179156,1228
developer,2020-08,29,34,0.02768729641693811,1228
developer,2020-08,30,30,0.024429967426710098,1228
developer,2020-08,31,40,0.03257328990228013,1228
developer,2020-08,32,50,0.04071661237785016,1228
developer,2020-08,33,24,0.019543973941368076,1228
developer,2020-08,34,27,0.021986970684039087,1228
developer,2020-08,35,26,0.021172638436482084,1228
developer,2020-08,36,30,0.024429967426710098,1228
developer,2020-08,37,37,0.03013029315960912,1228
developer,2020-08,38,55,0.04478827361563518,1228
developer,2020-08,39,24,0.019543973941368076,1228
developer,2020-09,0,20,0.01863932898415657,1073
developer,2020-09,1,18,0.016775396085740912,1073
developer,2020-09,2,13,0.012115563839701771,1073
developer,2020-09,3,37,0.034482758620689655,1073
developer,2020-09,4,25,0.023299161230195712,1073
developer,2020-09,5,36,0.033550792171481825,1073
developer,2020-09,6,21,0.0195712954333644,1073
developer,2020-09,7,24,0.022367194780987885,1073
developer,2020-09,8,21,0.0195712954333644,1073
developer,2020-09,9,24,0.022367194780987885,1073
developer,2020-09,10,42,0.0391425908667288,1073
developer,2020-09,11,16,0.014911463187325256,1073
developer,2020-09,12,31,0.028890959925442685,1073
developer,2020-09,13,23,0.021435228331780055,1073
developer,2020-09,14,28,0.0260950605778192,1073
developer,2020-09,15,22,0.02050326188257223,1073
developer,2020-09,16,27,0.02516309412861137,1073
developer,2020-09,17,21,0.0195712954333644,1073
developer,2020-09,18,34,0.03168685927306617,1073
developer,2020-09,19,13,0.012115563839701771,1073
developer,2020-09,20,14,0.0130475302889096,1073
developer,2020-09,21,75,0.06989748369058714,1073
developer,2020-09,22,48,0.04473438956197577,1073
developer,2020-09,23,26,0.024231127679403542,1073
developer,2020-09,24,21,0.0195712954333644,1073
developer,2020-09,25,35,0.032618825722273995,1073
developer,2020-09,26,19,0.017707362534948742,1073
developer,2020-09,27,25,0.023299161230195712,1073
developer,2020-09,28,25,0.023299161230195712,1073
developer,2020-09,29,44,0.04100652376514446,1073
developer,2020-09,30,17,0.015843429636533086,1073
developer,2020-09,31,19,0.017707362534948742,1073
developer,2020-09,32,37,0.034482758620689655,1073
developer,2020-09,33,17,0.015843429636533086,1073
developer,2020-09,34,39,0.036346691519105315,1073
developer,2020-09,35,19,0.017707362534948742,1073
developer,2020-09,36,31,0.028890959925442685,1073
developer,2020-09,37,20,0.01863932898415657,1073
developer,2020-09,38,27,0.02516309412861137,1073
developer,2020-09,39,19,0.017707362534948742,1073
developer,2020-10,0,30,0.022354694485842028,1342
developer,2020-10,1,36,0.026825633383010434,1342
developer,2020-10,2,16,0.011922503725782414,1342
developer,2020-10,3,24,0.01788375558867362,1342
developer,2020-10,4,37,0.027570789865871834,1342
developer,2020-10,5,35,0.02608047690014903,1342
developer,2020-10,6,35,0.02608047690014903,1342
developer,2020-10,7,37,0.027570789865871834,1342
developer,2020-10,8,55,0.040983606557377046,1342
developer,2020-10,9,41,0.030551415797317436,1342
developer,2020-10,10,26,0.019374068554396422,1342
developer,2020-10,11,23,0.01713859910581222,1342
developer,2020-10,12,31,0.023099850968703428,1342
developer,2020-10,13,23,0.01713859910581222,1342
developer,2020-10,14,19,0.014157973174366617,1342
developer,2020-10,15,31,0.023099850968703428,1342
developer,2020-10,16,31,0.023099850968703428,1342
developer,2020-10,17,27,0.020119225037257823,1342
developer,2020-10,18,45,0.03353204172876304,1342
developer,2020-10,19,23,0.01713859910581222,1342
developer,2020-10,20,23,0.01713859910581222,1342
developer,2020-10,21,77,0.05737704918032787,1342
developer,2020-10,22,36,0.026825633383010434,1342
developer,2020-10,23,38,0.028315946348733235,1342
developer,2020-10,24,20,0.014903129657228018,1342
developer,2020-10,25,39,0.029061102831594635,1342
developer,2020-10,26,27,0.020119225037257823,1342
developer,2020-10,27,27,0.020119225037257823,1342
developer,2020-10,28,50,0.037257824143070044,1342
developer,2020-10,29,56,0.041728763040238454,1342
developer,2020-10,30,27,0.020119225037257823,1342
developer,2020-10,31,24,0.01788375558867362,1342
developer,2020-10,32,24,0.01788375558867362,1342
developer,2020-10,33,9,0.0067064083457526085,1342
developer,2020-10,34,32,0.02384500745156483,1342
developer,2020-10,35,17,0.012667660208643815,1342
developer,2020-10,36,56,0.041728763040238454,1342
developer,2020-10,37,35,0.02608047690014903,1342
developer,2020-10,38,38,0.028315946348733235,1342
developer,2020-10,39,62,0.046199701937406856,1342
developer,2020-11,0,21,0.020874751491053677,1006
developer,2020-11,1,20,0.019880715705765408,1006
developer,2020-11,2,16,0.015904572564612324,1006
developer,2020-11,3,26,0.02584493041749503,1006
developer,2020-11,4,21,0.020874751491053677,1006
developer,2020-11,5,22,0.02186878727634195,1006
developer,2020-11,6,28,0.027833001988071572,1006
developer,2020-11,7,30,0.02982107355864811,1006
developer,2020-11,8,31,0.030815109343936383,1006
developer,2020-11,9,26,0.02584493041749503,1006
developer,2020-11,10,10,0.009940357852882704,1006
developer,2020-11,11,18,0.017892644135188866,1006
developer,2020-11,12,27,0.0268389662027833,1006
developer,2020-11,13,19,0.018886679920477135,1006
developer,2020-11,14,20,0.019880715705765408,1006
developer,2020-11,15,34,0.033797216699801194,1006
developer,2020-11,16,22,0.02186878727634195,1006
developer,2020-11,17,17,0.016898608349900597,1006
developer,2020-11,18,35,0.03479125248508946,1006
developer,2020-11,19,16,0.015904572564612324,1006
developer,2020-11,20,23,0.02286282306163022,1006
developer,2020-11,21,50,0.04970178926441352,1006
developer,2020-11,22,28,0.027833001988071572,1006
developer,2020-11,23,15,0.014910536779324055,1006
developer,2020-11,24,16,0.015904572564612324,1006
developer,2020-11,25,17,0.016898608349900597,1006
developer,2020-11,26,37,0.036779324055666,1006
developer,2020-11,27,21,0.020874751491053677,1006
developer,2020-11,28,28,0.027833001988071572,1006
developer,2020-11,29,42,0.041749502982107355,1006
developer,2020-11,30,12,0.011928429423459244,1006
developer,2020-11,31,11,0.010934393638170975,1006
developer,2020-11,32,19,0.018886679920477135,1006
developer,2020-11,33,21,0.020874751491053677,1006
developer,2020-11,34,24,0.02385685884691849,1006
developer,2020-11,35,19,0.018886679920477135,1006
developer,2020-11,36,28,0.027833001988071572,1006
developer,2020-11,37,23,0.02286282306163022,1006
developer,2020-11,38,53,0.05268389662027833,1006
developer,2020-11,39,60,0.05964214711729622,1006
developer,2020-12,0,19,0.015384615384615385,1235
developer,2020-12,1,20,0.016194331983805668,1235
developer,2020-12,2,11,0.008906882591093117,1235
developer,2020-12,3,22,0.017813765182186234,1235
developer,2020-12,4,26,0.021052631578947368,1235
developer,2020-12,5,50,0.04048582995951417,1235
developer,2020-12,6,38,0.03076923076923077,1235
developer,2020-12,7,49,0.03967611336032389,1235
developer,2020-12,8,43,0.034817813765182185,1235
developer,2020-12,9,38,0.03076923076923077,1235
developer,2020-12,10,27,0.02186234817813765,1235
developer,2020-12,11,20,0.016194331983805668,1235
developer,2020-12,12,27,0.02186234817813765,1235
developer,2020-12,13,29,0.02348178137651822,1235
developer,2020-12,14,23,0.01862348178137652,1235
developer,2020-12,15,26,0.021052631578947368,1235
developer,2020-12,16,21,0.01700404858299595,1235
developer,2020-12,17,25,0.020242914979757085,1235
developer,2020-12,18,44,0.03562753036437247,1235
developer,2020-12,19,32,0.025910931174089068,1235
developer,2020-12,20,18,0.014574898785425101,1235
developer,2020-12,21,79,0.06396761133603239,1235
developer,2020-12,22,21,0.01700404858299595,1235
developer,2020-12,23,28,0.022672064777327937,1235
developer,2020-12,24,17,0.013765182186234818,1235
developer,2020-12,25,31,0.025101214574898785,1235
developer,2020-12,26,33,0.026720647773279354,1235
developer,2020-12,27,23,0.01862348178137652,1235
developer,2020-12,28,18,0.014574898785425101,1235
developer,2020-12,29,46,0.03724696356275304,1235
developer,2020-12,30,24,0.019433198380566803,1235
developer,2020-12,31,15,0.012145748987854251,1235
developer,2020-12,32,39,0.031578947368421054,1235
developer,2020-12,33,27,0.02186234817813765,1235
developer,2020-12,34,20,0.016194331983805668,1235
developer,2020-12,35,32,0.025910931174089068,1235
developer,2020-12,36,27,0.02186234817813765,1235
developer,2020-12,37,44,0.03562753036437247,1235
developer,2020-12,38,58,0.04696356275303644,1235
developer,2020-12,39,45,0.03643724696356275,1235
developer,2021-01,0,27,0.027692307692307693,975
developer,2021-01,1,16,0.01641025641025641,975
developer,2021-01,2,18,0.018461538461538463,975
developer,2021-01,3,33,0.033846153846153845,975
developer,2021-01,4,44,0.04512820512820513,975
developer,2021-01,5,29,0.029743589743589743,975
developer,2021-01,6,22,0.022564102564102566,975
developer,2021-01,7,20,0.020512820512820513,975
developer,2021-01,8,24,0.024615384615384615,975
developer,2021-01,9,27,0.027692307692307693,975
developer,2021-01,10,20,0.020512820512820513,975
developer,2021-01,11,22,0.022564102564102566,975
developer,2021-01,12,17,0.017435897435897435,975
developer,2021-01,13,15,0.015384615384615385,975
developer,2021-01,14,34,0.03487179487179487,975
developer,2021-01,15,27,0.027692307692307693,975
developer,2021-01,16,20,0.020512820512820513,975
developer,2021-01,17,22,0.022564102564102566,975
developer,2021-01,18,29,0.029743589743589743,975
developer,2021-01,19,11,0.011282051282051283,975
developer,2021-01,20,16,0.01641025641025641,975
developer,2021-01,21,44,0.04512820512820513,975
developer,2021-01,22,26,0.02666666666666667,975
developer,2021-01,23,23,0.02358974358974359,975
developer,2021-01,24,23,0.02358974358974359,975
developer,2021-01,25,27,0.027692307692307693,975
developer,2021-01,26,22,0.022564102564102566,975
developer,2021-01,27,28,0.028717948717948718,975
developer,2021-01,28,15,0.015384615384615385,975
developer,2021-01,29,41,0.04205128205128205,975
developer,2021-01,30,21,0.021538461538461538,975
developer,2021-01,31,15,0.015384615384615385,975
developer,2021-01,32,26,0.02666666666666667,975
developer,2021-01,33,11,0.011282051282051283,975
developer,2021-01,34,27,0.027692307692307693,975
developer,2021-01,35,18,0.018461538461538463,975
developer,2021-01,36,25,0.02564102564102564,975
developer,2021-01,37,31,0.031794871794871796,975
developer,2021-01,38,35,0.035897435897435895,975
developer,2021-01,39,24,0.024615384615384615,975
developer,2021-02,0,27,0.03241296518607443,833
developer,2021-02,1,19,0.022809123649459785,833
developer,2021-02,2,13,0.015606242496998799,833
developer,2021-02,3,21,0.025210084033613446,833
developer,2021-02,4,20,0.024009603841536616,833
developer,2021-02,5,11,0.013205282112845138,833
developer,2021-02,6,15,0.01800720288115246,833
developer,2021-02,7,36,0.04321728691476591,833
developer,2021-02,8,22,0.026410564225690276,833
developer,2021-02,9,21,0.025210084033613446,833
developer,2021-02,10,21,0.025210084033613446,833
developer,2021-02,11,7,0.008403361344537815,833
developer,2021-02,12,15,0.01800720288115246,833
developer,2021-02,13,22,0.026410564225690276,833
developer,2021-02,14,22,0.026410564225690276,833
developer,2021-02,15,22,0.026410564225690276,833
developer,2021-02,16,21,0.025210084033613446,833
developer,2021-02,17,12,0.014405762304921969,833
developer,2021-02,18,24,0.028811524609843937,833
developer,2021-02,19,7,0.008403361344537815,833
developer,2021-02,20,20,0.024009603841536616,833
developer,2021-02,21,46,0.055222088835534214,833
developer,2021-02,22,22,0.026410564225690276,833
developer,2021-02,23,19,0.022809123649459785,833
developer,2021-02,24,21,0.025210084033613446,833
developer,2021-02,25,23,0.027611044417767107,833
developer,2021-02,26,24,0.028811524609843937,833
developer,2021-02,27,24,0.028811524609843937,833
developer,2021-02,28,11,0.013205282112845138,833
developer,2021-02,29,37,0.04441776710684274,833
developer,2021-02,30,28,0.03361344537815126,833
developer,2021-02,31,14,0.01680672268907563,833
developer,2021-02,32,20,0.024009603841536616,833
developer,2021-02,33,11,0.013205282112845138,833
developer,2021-02,34,17,0.02040816326530612,833
developer,2021-02,35,18,0.021608643457382955,833
developer,2021-02,36,24,0.028811524609843937,833
developer,2021-02,37,30,0.03601440576230492,833
developer,2021-02,38,32,0.03841536614645858,833
developer,2021-02,39,14,0.01680672268907563,833
developer,2021-03,0,34,0.030575539568345324,1112
developer,2021-03,1,20,0.017985611510791366,1112
developer,2021-03,2,23,0.02068345323741007,1112
developer,2021-03,3,53,0.047661870503597124,1112
developer,2021-03,4,35,0.03147482014388489,1112
developer,2021-03,5,24,0.02158273381294964,1112
developer,2021-03,6,32,0.02877697841726619,1112
developer,2021-03,7,31,0.02787769784172662,1112
developer,2021-03,8,25,0.022482014388489208,1112
developer,2021-03,9,27,0.024280575539568347,1112
developer,2021-03,10,6,0.00539568345323741,1112
developer,2021-03,11,20,0.017985611510791366,1112
developer,2021-03,12,35,0.03147482014388489,1112
developer,2021-03,13,20,0.017985611510791366,1112
developer,2021-03,14,31,0.02787769784172662,1112
developer,2021-03,15,37,0.03327338129496403,1112
developer,2021-03,16,24,0.02158273381294964,1112
developer,2021-03,17,27,0.024280575539568347,1112
developer,2021-03,18,24,0.02158273381294964,1112
developer,2021-03,19,24,0.02158273381294964,1112
developer,2021-03,20,20,0.017985611510791366,1112
developer,2021-03,21,60,0.0539568345323741,1112
developer,2021-03,22,32,0.02877697841726619,1112
developer,2021-03,23,26,0.023381294964028777,1112
developer,2021-03,24,19,0.0170863309352518,1112
developer,2021-03,25,27,0.024280575539568347,1112
developer,2021-03,26,35,0.03147482014388489,1112
developer,2021-03,27,26,0.023381294964028777,1112
developer,2021-03,28,32,0.02877697841726619,1112
developer,2021-03,29,44,0.039568345323741004,1112
developer,2021-03,30,8,0.007194244604316547,1112
developer,2021-03,31,19,0.0170863309352518,1112
developer,2021-03,32,31,0.02787769784172662,1112
developer,2021-03,33,23,0.02068345323741007,1112
developer,2021-03,34,23,0.02068345323741007,1112
developer,2021-03,35,27,0.024280575539568347,1112
developer,2021-03,36,19,0.0170863309352518,1112
developer,2021-03,37,29,0.026079136690647483,1112
developer,2021-03,38,38,0.0341726618705036,1112
developer,2021-03,39,22,0.019784172661870502,1112
developer,2021-04,0,25,0.033921302578018994,737
developer,2021-04,1,24,0.032564450474898234,737
developer,2021-04,2,24,0.032564450474898234,737
developer,2021-04,3,20,0.027137042062415198,737
developer,2021-04,4,19,0.025780189959294438,737
developer,2021-04,5,17,0.023066485753052916,737
developer,2021-04,6,22,0.029850746268656716,737
developer,2021-04,7,18,0.024423337856173677,737
developer,2021-04,8,19,0.025780189959294438,737
developer,2021-04,9,19,0.025780189959294438,737
developer,2021-04,10,9,0.012211668928086838,737
developer,2021-04,11,12,0.016282225237449117,737
developer,2021-04,12,19,0.025780189959294438,737
developer,2021-04,13,19,0.025780189959294438,737
developer,2021-04,14,18,0.024423337856173677,737
developer,2021-04,15,22,0.029850746268656716,737
developer,2021-04,16,15,0.0203527815468114,737
developer,2021-04,17,18,0.024423337856173677,737
developer,2021-04,18,24,0.032564450474898234,737
developer,2021-04,19,10,0.013568521031207599,737
developer,2021-04,20,15,0.0203527815468114,737
developer,2021-04,21,30,0.0407055630936228,737
developer,2021-04,22,12,0.016282225237449117,737
developer,2021-04,23,13,0.017639077340569877,737
developer,2021-04,24,15,0.0203527815468114,737
developer,2021-04,25,12,0.016282225237449117,737
developer,2021-04,26,31,0.04206241519674356,737
developer,2021-04,27,16,0.021709633649932156,737
developer,2021-04,28,16,0.021709633649932156,737
developer,2021-04,29,21,0.028493894165535955,737
developer,2021-04,30,16,0.021709633649932156,737
developer,2021-04,31,15,0.0203527815468114,737
developer,2021-04,32,23,0.031207598371777476,737
developer,2021-04,33,15,0.0203527815468114,737
developer,2021-04,34,19,0.025780189959294438,737
developer,2021-04,35,16,0.021709633649932156,737
developer,2021-04,36,24,0.032564450474898234,737
developer,2021-04,37,24,0.032564450474898234,737
developer,2021-04,38,16,0.021709633649932156,737
developer,2021-04,39,15,0.0203527815468114,737
developer,2021-05,0,22,0.02743142144638404,802
developer,2021-05,1,11,0.01371571072319202,802
developer,2021-05,2,20,0.02493765586034913,802
developer,2021-05,3,17,0.02119700748129676,802
developer,2021-05,4,21,0.026184538653366583,802
developer,2021-05,5,21,0.026184538653366583,802
developer,2021-05,6,25,0.03117206982543641,802
developer,2021-05,7,15,0.018703241895261846,802
developer,2021-05,8,21,0.026184538653366583,802
developer,2021-05,9,17,0.02119700748129676,802
developer,2021-05,10,21,0.026184538653366583,802
developer,2021-05,11,19,0.02369077306733167,802
developer,2021-05,12,25,0.03117206982543641,802
developer,2021-05,13,19,0.02369077306733167,802
developer,2021-05,14,20,0.02493765586034913,802
developer,2021-05,15,23,0.028678304239401497,802
developer,2021-05,16,22,0.02743142144638404,802
developer,2021-05,17,20,0.02493765586034913,802
developer,2021-05,18,17,0.02119700748129676,802
developer,2021-05,19,15,0.018703241895261846,802
developer,2021-05,20,15,0.018703241895261846,802
developer,2021-05,21,28,0.034912718204488775,802
developer,2021-05,22,19,0.02369077306733167,802
developer,2021-05,23,23,0.028678304239401497,802
developer,2021-05,24,22,0.02743142144638404,802
developer,2021-05,25,15,0.018703241895261846,802
developer,2021-05,26,22,0.02743142144638404,802
developer,2021-05,27,12,0.014962593516209476,802
developer,2021-05,28,10,0.012468827930174564,802
developer,2021-05,29,26,0.032418952618453865,802
developer,2021-05,30,21,0.026184538653366583,802
developer,2021-05,31,12,0.014962593516209476,802
developer,2021-05,32,28,0.034912718204488775,802
developer,2021-05,33,17,0.02119700748129676,802
developer,2021-05,34,30,0.03740648379052369,802
developer,2021-05,35,27,0.03366583541147132,802
developer,2021-05,36,23,0.028678304239401497,802
developer,2021-05,37,19,0.02369077306733167,802
developer,2021-05,38,25,0.03117206982543641,802
developer,2021-05,39,17,0.02119700748129676,802
developer,2021-06,0,25,0.024875621890547265,1005
developer,2021-06,1,25,0.024875621890547265,1005
developer,2021-06,2,20,0.01990049751243781,1005
developer,2021-06,3,21,0.020895522388059702,1005
developer,2021-06,4,27,0.026865671641791045,1005
developer,2021-06,5,16,0.015920398009950248,1005
developer,2021-06,6,15,0.014925373134328358,1005
developer,2021-06,7,42,0.041791044776119404,1005
developer,2021-06,8,19,0.01890547263681592,1005
developer,2021-06,9,28,0.027860696517412936,1005
developer,2021-06,10,16,0.015920398009950248,1005
developer,2021-06,11,18,0.01791044776119403,1005
developer,2021-06,12,25,0.024875621890547265,1005
developer,2021-06,13,20,0.01990049751243781,1005
developer,2021-06,14,27,0.026865671641791045,1005
developer,2021-06,15,21,0.020895522388059702,1005
developer,2021-06,16,28,0.027860696517412936,1005
developer,2021-06,17,24,0.023880597014925373,1005
developer,2021-06,18,29,0.028855721393034824,1005
developer,2021-06,19,22,0.021890547263681594,1005
developer,2021-06,20,22,0.021890547263681594,1005
developer,2021-06,21,62,0.061691542288557215,1005
developer,2021-06,22,22,0.021890547263681594,1005
developer,2021-06,23,24,0.023880597014925373,1005
developer,2021-06,24,17,0.01691542288557214,1005
developer,2021-06,25,17,0.01691542288557214,1005
developer,2021-06,26,19,0.01890547263681592,1005
developer,2021-06,27,23,0.022885572139303482,1005
developer,2021-06,28,25,0.024875621890547265,1005
developer,2021-06,29,25,0.024875621890547265,1005
developer,2021-06,30,29,0.028855721393034824,1005
developer,2021-06,31,17,0.01691542288557214,1005
developer,2021-06,32,37,0.03681592039800995,1005
developer,2021-06,33,20,0.01990049751243781,1005
developer,2021-06,34,27,0.026865671641791045,1005
developer,2021-06,35,20,0.01990049751243781,1005
developer,2021-06,36,26,0.025870646766169153,1005
developer,2021-06,37,31,0.030845771144278607,1005
developer,2021-06,38,48,0.04776119402985075,1005
developer,2021-06,39,26,0.025870646766169153,1005
developer,2021-07,0,24,0.02459016393442623,976
developer,2021-07,1,17,0.017418032786885244,976
developer,2021-07,2,16,0.01639344262295082,976
developer,2021-07,3,14,0.014344262295081968,976
developer,2021-07,4,23,0.0235655737704918,976
developer,2021-07,5,17,0.017418032786885244,976
developer,2021-07,6,23,0.0235655737704918,976
developer,2021-07,7,42,0.0430327868852459,976
developer,2021-07,8,24,0.02459016393442623,976
developer,2021-07,9,41,0.042008196721311473,976
developer,2021-07,10,20,0.020491803278688523,976
developer,2021-07,11,15,0.015368852459016393,976
developer,2021-07,12,19,0.0194672131147541,976
developer,2021-07,13,17,0.017418032786885244,976
developer,2021-07,14,24,0.02459016393442623,976
developer,2021-07,15,27,0.027663934426229508,976
developer,2021-07,16,21,0.02151639344262295,976
developer,2021-07,17,24,0.02459016393442623,976
developer,2021-07,18,19,0.0194672131147541,976
developer,2021-07,19,14,0.014344262295081968,976
developer,2021-07,20,20,0.020491803278688523,976
developer,2021-07,21,37,0.03790983606557377,976
developer,2021-07,22,23,0.0235655737704918,976
developer,2021-07,23,21,0.02151639344262295,976
developer,2021-07,24,19,0.0194672131147541,976
developer,2021-07,25,26,0.02663934426229508,976
developer,2021-07,26,22,0.022540983606557378,976
developer,2021-07,27,23,0.0235655737704918,976
developer,2021-07,28,20,0.020491803278688523,976
developer,2021-07,29,32,0.03278688524590164,976
developer,2021-07,30,31,0.031762295081967214,976
developer,2021-07,31,34,0.03483606557377049,976
developer,2021-07,32,25,0.025614754098360656,976
developer,2021-07,33,13,0.01331967213114754,976
developer,2021-07,34,25,0.025614754098360656,976
developer,2021-07,35,20,0.020491803278688523,976
developer,2021-07,36,40,0.040983606557377046,976
developer,2021-07,37,38,0.0389344262295082,976
developer,2021-07,38,49,0.050204918032786885,976
developer,2021-07,39,17,0.017418032786885244,976
developer,2021-08,0,31,0.03436807095343681,902
developer,2021-08,1,19,0.02106430155210643,902
developer,2021-08,2,17,0.018847006651884702,902
developer,2021-08,3,18,0.019955654101995565,902
developer,2021-08,4,34,0.037694013303769404,902
developer,2021-08,5,20,0.022172949002217297,902
developer,2021-08,6,21,0.02328159645232816,902
developer,2021-08,7,23,0.025498891352549888,902
developer,2021-08,8,20,0.022172949002217297,902
developer,2021-08,9,31,0.03436807095343681,902
developer,2021-08,10,23,0.025498891352549888,902
developer,2021-08,11,12,0.013303769401330377,902
developer,2021-08,12,15,0.01662971175166297,902
developer,2021-08,13,17,0.018847006651884702,902
developer,2021-08,14,23,0.025498891352549888,902
developer,2021-08,15,26,0.028824833702882482,902
developer,2021-08,16,21,0.02328159645232816,902
developer,2021-08,17,16,0.017738359201773836,902
developer,2021-08,18,27,0.02993348115299335,902
developer,2021-08,19,10,0.011086474501108648,902
developer,2021-08,20,15,0.01662971175166297,902
developer,2021-08,21,44,0.04878048780487805,902
developer,2021-08,22,26,0.028824833702882482,902
developer,2021-08,23,14,0.015521064301552107,902
developer,2021-08,24,20,0.022172949002217297,902
developer,2021-08,25,25,0.02771618625277162,902
developer,2021-08,26,31,0.03436807095343681,902
developer,2021-08,27,38,0.04212860310421286,902
developer,2021-08,28,17,0.018847006651884702,902
developer,2021-08,29,17,0.018847006651884702,902
developer,2021-08,30,16,0.017738359201773836,902
developer,2021-08,31,34,0.037694013303769404,902
developer,2021-08,32,25,0.02771618625277162,902
developer,2021-08,33,9,0.009977827050997782,902
developer,2021-08,34,16,0.017738359201773836,902
developer,2021-08,35,27,0.02993348115299335,902
developer,2021-08,36,30,0.03325942350332594,902
developer,2021-08,37,23,0.025498891352549888,902
developer,2021-08,38,32,0.03547671840354767,902
developer,2021-08,39,19,0.02106430155210643,902
developer,2021-09,0,21,0.025547445255474453,822
developer,2021-09,1,20,0.024330900243309004,822
developer,2021-09,2,13,0.015815085158150853,822
developer,2021-09,3,14,0.0170316301703163,822
developer,2021-09,4,32,0.038929440389294405,822
developer,2021-09,5,13,0.015815085158150853,822
developer,2021-09,6,16,0.019464720194647202,822
developer,2021-09,7,25,0.030413625304136254,822
developer,2021-09,8,15,0.01824817518248175,822
developer,2021-09,9,35,0.04257907542579075,822
developer,2021-09,10,13,0.015815085158150853,822
developer,2021-09,11,17,0.02068126520681265,822
developer,2021-09,12,16,0.019464720194647202,822
developer,2021-09,13,17,0.02068126520681265,822
developer,2021-09,14,22,0.0267639902676399,822
developer,2021-09,15,23,0.027980535279805353,822
developer,2021-09,16,12,0.014598540145985401,822
developer,2021-09,17,17,0.02068126520681265,822
developer,2021-09,18,14,0.0170316301703163,822
developer,2021-09,19,23,0.027980535279805353,822
developer,2021-09,20,16,0.019464720194647202,822
developer,2021-09,21,53,0.06447688564476886,822
developer,2021-09,22,12,0.014598540145985401,822
developer,2021-09,23,23,0.027980535279805353,822
developer,2021-09,24,16,0.019464720194647202,822
developer,2021-09,25,18,0.021897810218978103,822
developer,2021-09,26,32,0.038929440389294405,822
developer,2021-09,27,19,0.023114355231143552,822
developer,2021-09,28,17,0.02068126520681265,822
developer,2021-09,29,19,0.023114355231143552,822
developer,2021-09,30,18,0.021897810218978103,822
developer,2021-09,31,15,0.01824817518248175,822
developer,2021-09,32,20,0.024330900243309004,822
developer,2021-09,33,15,0.01824817518248175,822
developer,2021-09,34,27,0.032846715328467155,822
developer,2021-09,35,22,0.0267639902676399,822
developer,2021-09,36,15,0.01824817518248175,822
developer,2021-09,37,26,0.031630170316301706,822
developer,2021-09,38,39,0.04744525547445255,822
developer,2021-09,39,22,0.0267639902676399,822
developer,2021-10,0,34,0.035453597497393116,959
developer,2021-10,1,29,0.03023983315954119,959
developer,2021-10,2,27,0.028154327424400417,959
developer,2021-10,3,24,0.02502606882168926,959
developer,2021-10,4,34,0.035453597497393116,959
developer,2021-10,5,23,0.023983315954118872,959
developer,2021-10,6,20,0.020855057351407715,959
developer,2021-10,7,17,0.017726798748696558,959
developer,2021-10,8,12,0.01251303441084463,959
developer,2021-10,9,23,0.023983315954118872,959
developer,2021-10,10,10,0.010427528675703858,959
developer,2021-10,11,31,0.03232533889468196,959
developer,2021-10,12,24,0.02502606882168926,959
developer,2021-10,13,33,0.03441084462982273,959
developer,2021-10,14,23,0.023983315954118872,959
developer,2021-10,15,23,0.023983315954118872,959
developer,2021-10,16,16,0.016684045881126174,959
developer,2021-10,17,41,0.04275286757038582,959
developer,2021-10,18,21,0.021897810218978103,959
developer,2021-10,19,22,0.022940563086548488,959
developer,2021-10,20,18,0.018769551616266946,959
developer,2021-10,21,52,0.054223149113660066,959
developer,2021-10,22,17,0.017726798748696558,959
developer,2021-10,23,17,0.017726798748696558,959
developer,2021-10,24,21,0.021897810218978103,959
developer,2021-10,25,13,0.013555787278415016,959
developer,2021-10,26,30,0.03128258602711158,959
developer,2021-10,27,18,0.018769551616266946,959
developer,2021-10,28,14,0.014598540145985401,959
developer,2021-10,29,22,0.022940563086548488,959
developer,2021-10,30,20,0.020855057351407715,959
developer,2021-10,31,16,0.016684045881126174,959
developer,2021-10,32,30,0.03128258602711158,959
developer,2021-10,33,37,0.03858185610010428,959
developer,2021-10,34,28,0.029197080291970802,959
developer,2021-10,35,14,0.014598540145985401,959
developer,2021-10,36,25,0.026068821689259645,959
developer,2021-10,37,31,0.03232533889468196,959
developer,2021-10,38,27,0.028154327424400417,959
developer,2021-10,39,22,0.022940563086548488,959
developer,2021-11,0,33,0.029333333333333333,1125
developer,2021-11,1,33,0.029333333333333333,1125
developer,2021-11,2,26,0.02311111111111111,1125
developer,2021-11,3,40,0.035555555555555556,1125
developer,2021-11,4,34,0.030222222222222223,1125
developer,2021-11,5,23,0.020444444444444446,1125
developer,2021-11,6,32,0.028444444444444446,1125
developer,2021-11,7,28,0.024888888888888887,1125
developer,2021-11,8,19,0.016888888888888887,1125
developer,2021-11,9,36,0.032,1125
developer,2021-11,10,17,0.015111111111111112,1125
developer,2021-11,11,19,0.016888888888888887,1125
developer,2021-11,12,38,0.033777777777777775,1125
developer,2021-11,13,28,0.024888888888888887,1125
developer,2021-11,14,26,0.02311111111111111,1125
developer,2021-11,15,45,0.04,1125
developer,2021-11,16,22,0.019555555555555555,1125
developer,2021-11,17,34,0.030222222222222223,1125
developer,2021-11,18,27,0.024,1125
developer,2021-11,19,20,0.017777777777777778,1125
developer,2021-11,20,14,0.012444444444444444,1125
developer,2021-11,21,50,0.044444444444444446,1125
developer,2021-11,22,22,0.019555555555555555,1125
developer,2021-11,23,29,0.025777777777777778,1125
developer,2021-11,24,17,0.015111111111111112,1125
developer,2021-11,25,23,0.020444444444444446,1125
developer,2021-11,26,32,0.028444444444444446,1125
developer,2021-11,27,25,0.022222222222222223,1125
developer,2021-11,28,26,0.02311111111111111,1125
developer,2021-11,29,29,0.025777777777777778,1125
developer,2021-11,30,24,0.021333333333333333,1125
developer,2021-11,31,21,0.018666666666666668,1125
developer,2021-11,32,25,0.022222222222222223,1125
developer,2021-11,33,25,0.022222222222222223,1125
developer,2021-11,34,47,0.041777777777777775,1125
developer,2021-11,35,22,0.019555555555555555,1125
developer,2021-11,36,27,0.024,1125
developer,2021-11,37,24,0.021333333333333333,1125
developer,2021-11,38,39,0.034666666666666665,1125
developer,2021-11,39,24,0.021333333333333333,1125
developer,2021-12,0,22,0.02131782945736434,1032
developer,2021-12,1,21,0.020348837209302327,1032
developer,2021-12,2,38,0.03682170542635659,1032
developer,2021-12,3,28,0.027131782945736434,1032
developer,2021-12,4,24,0.023255813953488372,1032
developer,2021-12,5,24,0.023255813953488372,1032
developer,2021-12,6,29,0.02810077519379845,1032
developer,2021-12,7,38,0.03682170542635659,1032
developer,2021-12,8,31,0.030038759689922482,1032
developer,2021-12,9,34,0.03294573643410853,1032
developer,2021-12,10,13,0.012596899224806201,1032
developer,2021-12,11,28,0.027131782945736434,1032
developer,2021-12,12,21,0.020348837209302327,1032
developer,2021-12,13,36,0.03488372093023256,1032
developer,2021-12,14,26,0.025193798449612403,1032
developer,2021-12,15,39,0.0377906976744186,1032
developer,2021-12,16,30,0.029069767441860465,1032
developer,2021-12,17,30,0.029069767441860465,1032
developer,2021-12,18,26,0.025193798449612403,1032
developer,2021-12,19,23,0.022286821705426358,1032
developer,2021-12,20,17,0.016472868217054265,1032
developer,2021-12,21,34,0.03294573643410853,1032
developer,2021-12,22,23,0.022286821705426358,1032
developer,2021-12,23,17,0.016472868217054265,1032
developer,2021-12,24,22,0.02131782945736434,1032
developer,2021-12,25,15,0.014534883720930232,1032
developer,2021-12,26,33,0.03197674418604651,1032
developer,2021-12,27,24,0.023255813953488372,1032
developer,2021-12,28,17,0.016472868217054265,1032
developer,2021-12,29,25,0.02422480620155039,1032
developer,2021-12,30,22,0.02131782945736434,1032
developer,2021-12,31,16,0.015503875968992248,1032
developer,2021-12,32,39,0.0377906976744186,1032
developer,2021-12,33,26,0.025193798449612403,1032
developer,2021-12,34,17,0.016472868217054265,1032
developer,2021-12,35,23,0.022286821705426358,1032
developer,2021-12,36,22,0.02131782945736434,1032
developer,2021-12,37,26,0.025193798449612403,1032
developer,2021-12,38,26,0.025193798449612403,1032
developer,2021-12,39,27,0.02616279069767442,1032
developer,2022-01,0,29,0.024106400665004156,1203
developer,2022-01,1,24,0.0199501246882793,1203
developer,2022-01,2,36,0.029925187032418952,1203
developer,2022-01,3,34,0.02826267664172901,1203
developer,2022-01,4,38,0.03158769742310889,1203
developer,2022-01,5,16,0.013300083125519535,1203
developer,2022-01,6,28,0.023275145469659187,1203
developer,2022-01,7,35,0.029093931837073983,1203
developer,2022-01,8,40,0.03325020781379884,1203
developer,2022-01,9,41,0.03408146300914381,1203
developer,2022-01,10,18,0.014962593516209476,1203
developer,2022-01,11,29,0.024106400665004156,1203
developer,2022-01,12,31,0.025768911055694097,1203
developer,2022-01,13,37,0.030756442227763924,1203
developer,2022-01,14,32,0.02660016625103907,1203
developer,2022-01,15,46,0.038237738985868665,1203
developer,2022-01,16,23,0.019118869492934332,1203
developer,2022-01,17,34,0.02826267664172901,1203
developer,2022-01,18,27,0.022443890274314215,1203
developer,2022-01,19,19,0.015793848711554447,1203
developer,2022-01,20,25,0.020781379883624274,1203
developer,2022-01,21,62,0.051537822111388194,1203
developer,2022-01,22,29,0.024106400665004156,1203
developer,2022-01,23,22,0.01828761429758936,1203
developer,2022-01,24,31,0.025768911055694097,1203
developer,2022-01,25,28,0.023275145469659187,1203
developer,2022-01,26,34,0.02826267664172901,1203
developer,2022-01,27,31,0.025768911055694097,1203
developer,2022-01,28,23,0.019118869492934332,1203
developer,2022-01,29,24,0.0199501246882793,1203
developer,2022-01,30,25,0.020781379883624274,1203
developer,2022-01,31,21,0.017456359102244388,1203
developer,2022-01,32,27,0.022443890274314215,1203
developer,2022-01,33,33,0.02743142144638404,1203
developer,2022-01,34,26,0.021612635078969242,1203
developer,2022-01,35,17,0.014131338320864505,1203
developer,2022-01,36,16,0.013300083125519535,1203
developer,2022-01,37,25,0.020781379883624274,1203
developer,2022-01,38,45,0.03740648379052369,1203
developer,2022-01,39,42,0.034912718204488775,1203
developer,2022-02,0,37,0.04026115342763874,919
developer,2022-02,1,31,0.03373231773667029,919
developer,2022-02,2,27,0.029379760609358,919
developer,2022-02,3,16,0.017410228509249184,919
developer,2022-02,4,32,0.03482045701849837,919
developer,2022-02,5,23,0.025027203482045703,919
developer,2022-02,6,21,0.022850924918389554,919
developer,2022-02,7,22,0.023939064200217627,919
developer,2022-02,8,12,0.013057671381936888,919
developer,2022-02,9,24,0.026115342763873776,919
developer,2022-02,10,16,0.017410228509249184,919
developer,2022-02,11,25,0.02720348204570185,919
developer,2022-02,12,26,0.028291621327529923,919
developer,2022-02,13,21,0.022850924918389554,919
developer,2022-02,14,24,0.026115342763873776,919
developer,2022-02,15,31,0.03373231773667029,919
developer,2022-02,16,16,0.017410228509249184,919
developer,2022-02,17,19,0.020674646354733407,919
developer,2022-02,18,24,0.026115342763873776,919
developer,2022-02,19,23,0.025027203482045703,919
developer,2022-02,20,23,0.025027203482045703,919
developer,2022-02,21,28,0.030467899891186073,919
developer,2022-02,22,26,0.028291621327529923,919
developer,2022-02,23,26,0.028291621327529923,919
developer,2022-02,24,24,0.026115342763873776,919
developer,2022-02,25,14,0.015233949945593036,919
developer,2022-02,26,16,0.017410228509249184,919
developer,2022-02,27,22,0.023939064200217627,919
developer,2022-02,28,20,0.02176278563656148,919
developer,2022-02,29,15,0.01632208922742111,919
developer,2022-02,30,23,0.025027203482045703,919
developer,2022-02,31,10,0.01088139281828074,919
developer,2022-02,32,20,0.02176278563656148,919
developer,2022-02,33,17,0.018498367791077257,919
developer,2022-02,34,19,0.020674646354733407,919
developer,2022-02,35,26,0.028291621327529923,919
developer,2022-02,36,27,0.029379760609358,919
developer,2022-02,37,24,0.026115342763873776,919
developer,2022-02,38,44,0.04787812840043525,919
developer,2022-02,39,25,0.02720348204570185,919
developer,2022-03,0,19,0.020674646354733407,919
developer,2022-03,1,25,0.02720348204570185,919
developer,2022-03,2,43,0.046789989118607184,919
developer,2022-03,3,27,0.029379760609358,919
developer,2022-03,4,22,0.023939064200217627,919
developer,2022-03,5,16,0.017410228509249184,919
developer,2022-03,6,26,0.028291621327529923,919
developer,2022-03,7,25,0.02720348204570185,919
developer,2022-03,8,9,0.009793253536452665,919
developer,2022-03,9,29,0.031556039173014146,919
developer,2022-03,10,15,0.01632208922742111,919
developer,2022-03,11,28,0.030467899891186073,919
developer,2022-03,12,25,0.02720348204570185,919
developer,2022-03,13,19,0.020674646354733407,919
developer,2022-03,14,22,0.023939064200217627,919
developer,2022-03,15,34,0.036996735582154515,919
developer,2022-03,16,18,0.01958650707290533,919
developer,2022-03,17,15,0.01632208922742111,919
developer,2022-03,18,68,0.07399347116430903,919
developer,2022-03,19,18,0.01958650707290533,919
developer,2022-03,20,12,0.013057671381936888,919
developer,2022-03,21,24,0.026115342763873776,919
developer,2022-03,22,20,0.02176278563656148,919
developer,2022-03,23,19,0.020674646354733407,919
developer,2022-03,24,22,0.023939064200217627,919
developer,2022-03,25,18,0.01958650707290533,919
developer,2022-03,26,26,0.028291621327529923,919
developer,2022-03,27,19,0.020674646354733407,919
developer,2022-03,28,17,0.018498367791077257,919
developer,2022-03,29,18,0.01958650707290533,919
developer,2022-03,30,22,0.023939064200217627,919
developer,2022-03,31,17,0.018498367791077257,919
developer,2022-03,32,28,0.030467899891186073,919
developer,2022-03,33,17,0.018498367791077257,919
developer,2022-03,34,20,0.02176278563656148,919
developer,2022-03,35,25,0.02720348204570185,919
developer,2022-03,36,21,0.022850924918389554,919
developer,2022-03,37,22,0.023939064200217627,919
developer,2022-03,38,32,0.03482045701849837,919
developer,2022-03,39,17,0.018498367791077257,919
developer,2022-04,0,29,0.04160688665710186,697
developer,2022-04,1,20,0.028694404591104734,697
developer,2022-04,2,17,0.024390243902439025,697
developer,2022-04,3,28,0.040172166427546625,697
developer,2022-04,4,23,0.03299856527977044,697
developer,2022-04,5,13,0.018651362984218076,697
developer,2022-04,6,21,0.03012912482065997,697
developer,2022-04,7,23,0.03299856527977044,697
developer,2022-04,8,5,0.007173601147776184,697
developer,2022-04,9,16,0.02295552367288379,697
developer,2022-04,10,11,0.015781922525107604,697
developer,2022-04,11,15,0.021520803443328552,697
developer,2022-04,12,17,0.024390243902439025,697
developer,2022-04,13,14,0.020086083213773313,697
developer,2022-04,14,11,0.015781922525107604,697
developer,2022-04,15,25,0.035868005738880916,697
developer,2022-04,16,6,0.00860832137733142,697
developer,2022-04,17,13,0.018651362984218076,697
developer,2022-04,18,9,0.01291248206599713,697
developer,2022-04,19,17,0.024390243902439025,697
developer,2022-04,20,19,0.027259684361549498,697
developer,2022-04,21,24,0.03443328550932568,697
developer,2022-04,22,14,0.020086083213773313,697
developer,2022-04,23,44,0.06312769010043041,697
developer,2022-04,24,13,0.018651362984218076,697
developer,2022-04,25,19,0.027259684361549498,697
developer,2022-04,26,23,0.03299856527977044,697
developer,2022-04,27,16,0.02295552367288379,697
developer,2022-04,28,17,0.024390243902439025,697
developer,2022-04,29,9,0.01291248206599713,697
developer,2022-04,30,11,0.015781922525107604,697
developer,2022-04,31,8,0.011477761836441894,697
developer,2022-04,32,17,0.024390243902439025,697
developer,2022-04,33,14,0.020086083213773313,697
developer,2022-04,34,25,0.035868005738880916,697
developer,2022-04,35,22,0.03156384505021521,697
developer,2022-04,36,16,0.02295552367288379,697
developer,2022-04,37,13,0.018651362984218076,697
developer,2022-04,38,23,0.03299856527977044,697
developer,2022-04,39,17,0.024390243902439025,697
developer,2022-05,0,25,0.03094059405940594,808
developer,2022-05,1,19,0.023514851485148515,808
developer,2022-05,2,27,0.03341584158415842,808
developer,2022-05,3,20,0.024752475247524754,808
developer,2022-05,4,21,0.02599009900990099,808
developer,2022-05,5,14,0.017326732673267328,808
developer,2022-05,6,26,0.03217821782178218,808
developer,2022-05,7,14,0.017326732673267328,808
developer,2022-05,8,13,0.01608910891089109,808
developer,2022-05,9,25,0.03094059405940594,808
developer,2022-05,10,14,0.017326732673267328,808
developer,2022-05,11,17,0.02103960396039604,808
developer,2022-05,12,24,0.0297029702970297,808
developer,2022-05,13,22,0.027227722772277228,808
developer,2022-05,14,17,0.02103960396039604,808
developer,2022-05,15,19,0.023514851485148515,808
developer,2022-05,16,14,0.017326732673267328,808
developer,2022-05,17,13,0.01608910891089109,808
developer,2022-05,18,8,0.009900990099009901,808
developer,2022-05,19,19,0.023514851485148515,808
developer,2022-05,20,21,0.02599009900990099,808
developer,2022-05,21,37,0.04579207920792079,808
developer,2022-05,22,26,0.03217821782178218,808
developer,2022-05,23,41,0.050742574257425746,808
developer,2022-05,24,13,0.01608910891089109,808
developer,2022-05,25,19,0.023514851485148515,808
developer,2022-05,26,24,0.0297029702970297,808
developer,2022-05,27,14,0.017326732673267328,808
developer,2022-05,28,16,0.019801980198019802,808
developer,2022-05,29,18,0.022277227722772276,808
developer,2022-05,30,21,0.02599009900990099,808
developer,2022-05,31,11,0.013613861386138614,808
developer,2022-05,32,24,0.0297029702970297,808
developer,2022-05,33,21,0.02599009900990099,808
developer,2022-05,34,26,0.03217821782178218,808
developer,2022-05,35,16,0.019801980198019802,808
developer,2022-05,36,27,0.03341584158415842,808
developer,2022-05,37,14,0.017326732673267328,808
developer,2022-05,38,29,0.03589108910891089,808
developer,2022-05,39,19,0.023514851485148515,808
developer,2022-06,0,25,0.03607503607503607,693
developer,2022-06,1,14,0.020202020202020204,693
developer,2022-06,2,18,0.025974025974025976,693
developer,2022-06,3,18,0.025974025974025976,693
developer,2022-06,4,22,0.031746031746031744,693
developer,2022-06,5,14,0.020202020202020204,693
developer,2022-06,6,9,0.012987012987012988,693
developer,2022-06,7,22,0.031746031746031744,693
developer,2022-06,8,10,0.01443001443001443,693
developer,2022-06,9,14,0.020202020202020204,693
developer,2022-06,10,7,0.010101010101010102,693
developer,2022-06,11,24,0.03463203463203463,693
developer,2022-06,12,22,0.031746031746031744,693
developer,2022-06,13,19,0.027417027417027416,693
developer,2022-06,14,6,0.008658008658008658,693
developer,2022-06,15,30,0.04329004329004329,693
developer,2022-06,16,11,0.015873015873015872,693
developer,2022-06,17,12,0.017316017316017316,693
developer,2022-06,18,10,0.01443001443001443,693
developer,2022-06,19,9,0.012987012987012988,693
developer,2022-06,20,15,0.021645021645021644,693
developer,2022-06,21,23,0.03318903318903319,693
developer,2022-06,22,50,0.07215007215007214,693
developer,2022-06,23,20,0.02886002886002886,693
developer,2022-06,24,10,0.01443001443001443,693
developer,2022-06,25,12,0.017316017316017316,693
developer,2022-06,26,23,0.03318903318903319,693
developer,2022-06,27,12,0.017316017316017316,693
developer,2022-06,28,11,0.015873015873015872,693
developer,2022-06,29,9,0.012987012987012988,693
developer,2022-06,30,17,0.024531024531024532,693
developer,2022-06,31,20,0.02886002886002886,693
developer,2022-06,32,22,0.031746031746031744,693
developer,2022-06,33,22,0.031746031746031744,693
developer,2022-06,34,23,0.03318903318903319,693
developer,2022-06,35,18,0.025974025974025976,693
developer,2022-06,36,14,0.020202020202020204,693
developer,2022-06,37,15,0.021645021645021644,693
developer,2022-06,38,25,0.03607503607503607,693
developer,2022-06,39,16,0.023088023088023088,693
developer,2022-07,0,15,0.0226928895612708,661
developer,2022-07,1,9,0.01361573373676248,661
developer,2022-07,2,15,0.0226928895612708,661
developer,2022-07,3,16,0.024205748865355523,661
developer,2022-07,4,21,0.03177004538577912,661
developer,2022-07,5,14,0.02118003025718608,661
developer,2022-07,6,23,0.03479576399394856,661
developer,2022-07,7,18,0.02723146747352496,661
developer,2022-07,8,10,0.015128593040847202,661
developer,2022-07,9,17,0.025718608169440244,661
developer,2022-07,10,5,0.007564296520423601,661
developer,2022-07,11,14,0.02118003025718608,661
developer,2022-07,12,20,0.030257186081694403,661
developer,2022-07,13,33,0.049924357034795766,661
developer,2022-07,14,15,0.0226928895612708,661
developer,2022-07,15,15,0.0226928895612708,661
developer,2022-07,16,12,0.018154311649016642,661
developer,2022-07,17,13,0.019667170953101363,661
developer,2022-07,18,9,0.01361573373676248,661
developer,2022-07,19,14,0.02118003025718608,661
developer,2022-07,20,20,0.030257186081694403,661
developer,2022-07,21,11,0.01664145234493192,661
developer,2022-07,22,31,0.046898638426626324,661
developer,2022-07,23,15,0.0226928895612708,661
developer,2022-07,24,18,0.02723146747352496,661
developer,2022-07,25,11,0.01664145234493192,661
developer,2022-07,26,15,0.0226928895612708,661
developer,2022-07,27,20,0.030257186081694403,661
developer,2022-07,28,6,0.009077155824508321,661
developer,2022-07,29,32,0.048411497730711045,661
developer,2022-07,30,16,0.024205748865355523,661
developer,2022-07,31,12,0.018154311649016642,661
developer,2022-07,32,18,0.02723146747352496,661
developer,2022-07,33,19,0.028744326777609682,661
developer,2022-07,34,12,0.018154311649016642,661
developer,2022-07,35,22,0.03328290468986384,661
developer,2022-07,36,17,0.025718608169440244,661
developer,2022-07,37,17,0.025718608169440244,661
developer,2022-07,38,25,0.037821482602118005,661
developer,2022-07,39,16,0.024205748865355523,661
developer,2022-08,0,23,0.03453453453453453,666
developer,2022-08,1,15,0.02252252252252252,666
developer,2022-08,2,13,0.01951951951951952,666
developer,2022-08,3,22,0.03303303303303303,666
developer,2022-08,4,22,0.03303303303303303,666
developer,2022-08,5,15,0.02252252252252252,666
developer,2022-08,6,15,0.02252252252252252,666
developer,2022-08,7,19,0.028528528528528527,666
developer,2022-08,8,8,0.012012012012012012,666
developer,2022-08,9,10,0.015015015015015015,666
developer,2022-08,10,7,0.010510510510510511,666
developer,2022-08,11,18,0.02702702702702703,666
developer,2022-08,12,20,0.03003003003003003,666
developer,2022-08,13,19,0.028528528528528527,666
developer,2022-08,14,10,0.015015015015015015,666
developer,2022-08,15,30,0.04504504504504504,666
developer,2022-08,16,6,0.009009009009009009,666
developer,2022-08,17,19,0.028528528528528527,666
developer,2022-08,18,14,0.021021021021021023,666
developer,2022-08,19,13,0.01951951951951952,666
developer,2022-08,20,11,0.016516516516516516,666
developer,2022-08,21,30,0.04504504504504504,666
developer,2022-08,22,21,0.03153153153153153,666
developer,2022-08,23,21,0.03153153153153153,666
developer,2022-08,24,16,0.024024024024024024,666
developer,2022-08,25,12,0.018018018018018018,666
developer,2022-08,26,19,0.028528528528528527,666
developer,2022-08,27,17,0.025525525525525526,666
developer,2022-08,28,10,0.015015015015015015,666
developer,2022-08,29,20,0.03003003003003003,666
developer,2022-08,30,19,0.028528528528528527,666
developer,2022-08,31,16,0.024024024024024024,666
developer,2022-08,32,18,0.02702702702702703,666
developer,2022-08,33,12,0.018018018018018018,666
developer,2022-08,34,17,0.025525525525525526,666
developer,2022-08,35,24,0.036036036036036036,666
developer,2022-08,36,17,0.025525525525525526,666
developer,2022-08,37,14,0.021021021021021023,666
developer,2022-08,38,15,0.02252252252252252,666
developer,2022-08,39,19,0.028528528528528527,666
developer,2022-09,0,17,0.026984126984126985,630
developer,2022-09,1,9,0.014285714285714285,630
developer,2022-09,2,20,0.031746031746031744,630
developer,2022-09,3,16,0.025396825396825397,630
developer,2022-09,4,28,0.044444444444444446,630
developer,2022-09,5,23,0.03650793650793651,630
developer,2022-09,6,17,0.026984126984126985,630
developer,2022-09,7,17,0.026984126984126985,630
developer,2022-09,8,14,0.022222222222222223,630
developer,2022-09,9,15,0.023809523809523808,630
developer,2022-09,10,8,0.012698412698412698,630
developer,2022-09,11,19,0.03015873015873016,630
developer,2022-09,12,17,0.026984126984126985,630
developer,2022-09,13,14,0.022222222222222223,630
developer,2022-09,14,13,0.020634920634920634,630
developer,2022-09,15,24,0.0380952380952381,630
developer,2022-09,16,9,0.014285714285714285,630
developer,2022-09,17,11,0.01746031746031746,630
developer,2022-09,18,6,0.009523809523809525,630
developer,2022-09,19,18,0.02857142857142857,630
developer,2022-09,20,14,0.022222222222222223,630
developer,2022-09,21,16,0.025396825396825397,630
developer,2022-09,22,17,0.026984126984126985,630
developer,2022-09,23,12,0.01904761904761905,630
developer,2022-09,24,14,0.022222222222222223,630
developer,2022-09,25,14,0.022222222222222223,630
developer,2022-09,26,27,0.04285714285714286,630
developer,2022-09,27,15,0.023809523809523808,630
developer,2022-09,28,12,0.01904761904761905,630
developer,2022-09,29,11,0.01746031746031746,630
developer,2022-09,30,16,0.025396825396825397,630
developer,2022-09,31,21,0.03333333333333333,630
developer,2022-09,32,15,0.023809523809523808,630
developer,2022-09,33,11,0.01746031746031746,630
developer,2022-09,34,22,0.03492063492063492,630
developer,2022-09,35,13,0.020634920634920634,630
developer,2022-09,36,12,0.01904761904761905,630
developer,2022-09,37,11,0.01746031746031746,630
developer,2022-09,38,21,0.03333333333333333,630
developer,2022-09,39,21,0.03333333333333333,630
developer,2022-10,0,25,0.03225806451612903,775
developer,2022-10,1,20,0.025806451612903226,775
developer,2022-10,2,16,0.02064516129032258,775
developer,2022-10,3,18,0.023225806451612905,775
developer,2022-10,4,27,0.03483870967741935,775
developer,2022-10,5,12,0.015483870967741935,775
developer,2022-10,6,16,0.02064516129032258,775
developer,2022-10,7,20,0.025806451612903226,775
developer,2022-10,8,10,0.012903225806451613,775
developer,2022-10,9,25,0.03225806451612903,775
developer,2022-10,10,10,0.012903225806451613,775
developer,2022-10,11,19,0.024516129032258065,775
developer,2022-10,12,30,0.03870967741935484,775
developer,2022-10,13,9,0.011612903225806452,775
developer,2022-10,14,21,0.027096774193548386,775
developer,2022-10,15,28,0.03612903225806452,775
developer,2022-10,16,14,0.01806451612903226,775
developer,2022-10,17,23,0.02967741935483871,775
developer,2022-10,18,16,0.02064516129032258,775
developer,2022-10,19,11,0.014193548387096775,775
developer,2022-10,20,26,0.03354838709677419,775
developer,2022-10,21,19,0.024516129032258065,775
developer,2022-10,22,12,0.015483870967741935,775
developer,2022-10,23,14,0.01806451612903226,775
developer,2022-10,24,19,0.024516129032258065,775
developer,2022-10,25,17,0.02193548387096774,775
developer,2022-10,26,22,0.02838709677419355,775
developer,2022-10,27,31,0.04,775
developer,2022-10,28,13,0.016774193548387096,775
developer,2022-10,29,22,0.02838709677419355,775
developer,2022-10,30,16,0.02064516129032258,775
developer,2022-10,31,17,0.02193548387096774,775
developer,2022-10,32,25,0.03225806451612903,775
developer,2022-10,33,15,0.01935483870967742,775
developer,2022-10,34,25,0.03225806451612903,775
developer,2022-10,35,21,0.027096774193548386,775
developer,2022-10,36,21,0.027096774193548386,775
developer,2022-10,37,26,0.03354838709677419,775
developer,2022-10,38,25,0.03225806451612903,775
developer,2022-10,39,19,0.024516129032258065,775
developer,2022-11,0,26,0.02507232401157184,1037
developer,2022-11,1,23,0.022179363548698167,1037
developer,2022-11,2,22,0.021215043394406944,1037
developer,2022-11,3,40,0.03857280617164899,1037
developer,2022-11,4,33,0.03182256509161042,1037
developer,2022-11,5,13,0.01253616200578592,1037
developer,2022-11,6,26,0.02507232401157184,1037
developer,2022-11,7,15,0.01446480231436837,1037
developer,2022-11,8,23,0.022179363548698167,1037
developer,2022-11,9,33,0.03182256509161042,1037
developer,2022-11,10,10,0.009643201542912247,1037
developer,2022-11,11,21,0.020250723240115717,1037
developer,2022-11,12,32,0.03085824493731919,1037
developer,2022-11,13,26,0.02507232401157184,1037
developer,2022-11,14,21,0.020250723240115717,1037
developer,2022-11,15,36,0.03471552555448409,1037
developer,2022-11,16,38,0.03664416586306654,1037
developer,2022-11,17,24,0.023143683702989394,1037
developer,2022-11,18,53,0.05110896817743491,1037
developer,2022-11,19,13,0.01253616200578592,1037
developer,2022-11,20,28,0.02700096432015429,1037
developer,2022-11,21,40,0.03857280617164899,1037
developer,2022-11,22,22,0.021215043394406944,1037
developer,2022-11,23,19,0.01832208293153327,1037
developer,2022-11,24,29,0.027965284474445518,1037
developer,2022-11,25,19,0.01832208293153327,1037
developer,2022-11,26,21,0.020250723240115717,1037
developer,2022-11,27,30,0.02892960462873674,1037
developer,2022-11,28,15,0.01446480231436837,1037
developer,2022-11,29,19,0.01832208293153327,1037
developer,2022-11,30,15,0.01446480231436837,1037
developer,2022-11,31,17,0.01639344262295082,1037
developer,2022-11,32,26,0.02507232401157184,1037
developer,2022-11,33,20,0.019286403085824494,1037
developer,2022-11,34,36,0.03471552555448409,1037
developer,2022-11,35,22,0.021215043394406944,1037
developer,2022-11,36,33,0.03182256509161042,1037
developer,2022-11,37,29,0.027965284474445518,1037
developer,2022-11,38,40,0.03857280617164899,1037
developer,2022-11,39,29,0.027965284474445518,1037
developer,2022-12,0,24,0.027366020524515394,877
developer,2022-12,1,22,0.02508551881413911,877
developer,2022-12,2,33,0.037628278221208664,877
developer,2022-12,3,27,0.03078677309007982,877
developer,2022-12,4,20,0.02280501710376283,877
developer,2022-12,5,16,0.018244013683010263,877
developer,2022-12,6,31,0.03534777651083238,877
developer,2022-12,7,20,0.02280501710376283,877
developer,2022-12,8,11,0.012542759407069556,877
developer,2022-12,9,21,0.02394526795895097,877
developer,2022-12,10,6,0.0068415051311288486,877
developer,2022-12,11,30,0.03420752565564424,877
developer,2022-12,12,19,0.021664766248574687,877
developer,2022-12,13,12,0.013683010262257697,877
developer,2022-12,14,22,0.02508551881413911,877
developer,2022-12,15,45,0.05131128848346636,877
developer,2022-12,16,18,0.020524515393386546,877
developer,2022-12,17,22,0.02508551881413911,877
developer,2022-12,18,17,0.019384264538198404,877
developer,2022-12,19,17,0.019384264538198404,877
developer,2022-12,20,18,0.020524515393386546,877
developer,2022-12,21,16,0.018244013683010263,877
developer,2022-12,22,19,0.021664766248574687,877
developer,2022-12,23,14,0.01596351197263398,877
developer,2022-12,24,21,0.02394526795895097,877
developer,2022-12,25,14,0.01596351197263398,877
developer,2022-12,26,29,0.0330672748004561,877
developer,2022-12,27,29,0.0330672748004561,877
developer,2022-12,28,12,0.013683010262257697,877
developer,2022-12,29,19,0.021664766248574687,877
developer,2022-12,30,22,0.02508551881413911,877
developer,2022-12,31,17,0.019384264538198404,877
developer,2022-12,32,18,0.020524515393386546,877
developer,2022-12,33,14,0.01596351197263398,877
developer,2022-12,34,18,0.020524515393386546,877
developer,2022-12,35,16,0.018244013683010263,877
developer,2022-12,36,16,0.018244013683010263,877
developer,2022-12,37,21,0.02394526795895097,877
developer,2022-12,38,32,0.036488027366020526,877
developer,2022-12,39,79,0.09007981755986318,877
developer,2023-01,0,16,0.01845444059976932,867
developer,2023-01,1,18,0.020761245674740483,867
developer,2023-01,2,23,0.0265282583621684,867
developer,2023-01,3,26,0.029988465974625143,867
developer,2023-01,4,18,0.020761245674740483,867
developer,2023-01,5,16,0.01845444059976932,867
developer,2023-01,6,16,0.01845444059976932,867
developer,2023-01,7,20,0.02306805074971165,867
developer,2023-01,8,20,0.02306805074971165,867
developer,2023-01,9,19,0.02191464821222607,867
developer,2023-01,10,11,0.012687427912341407,867
developer,2023-01,11,18,0.020761245674740483,867
developer,2023-01,12,24,0.02768166089965398,867
developer,2023-01,13,30,0.03460207612456748,867
developer,2023-01,14,13,0.014994232987312572,867
developer,2023-01,15,37,0.04267589388696655,867
developer,2023-01,16,10,0.011534025374855825,867
developer,2023-01,17,20,0.02306805074971165,867
developer,2023-01,18,17,0.0196078431372549,867
developer,2023-01,19,13,0.014994232987312572,867
developer,2023-01,20,12,0.01384083044982699,867
developer,2023-01,21,31,0.03575547866205306,867
developer,2023-01,22,21,0.02422145328719723,867
developer,2023-01,23,20,0.02306805074971165,867
developer,2023-01,24,25,0.02883506343713956,867
developer,2023-01,25,23,0.0265282583621684,867
developer,2023-01,26,33,0.03806228373702422,867
developer,2023-01,27,57,0.0657439446366782,867
developer,2023-01,28,18,0.020761245674740483,867
developer,2023-01,29,16,0.01845444059976932,867
developer,2023-01,30,19,0.02191464821222607,867
developer,2023-01,31,14,0.016147635524798153,867
developer,2023-01,32,22,0.025374855824682813,867
developer,2023-01,33,18,0.020761245674740483,867
developer,2023-01,34,28,0.03229527104959631,867
developer,2023-01,35,14,0.016147635524798153,867
developer,2023-01,36,24,0.02768166089965398,867
developer,2023-01,37,30,0.03460207612456748,867
developer,2023-01,38,29,0.03344867358708189,867
developer,2023-01,39,28,0.03229527104959631,867
developer,2023-02,0,25,0.030229746070133012,827
developer,2023-02,1,18,0.02176541717049577,827
developer,2023-02,2,17,0.020556227327690448,827
developer,2023-02,3,15,0.018137847642079808,827
developer,2023-02,4,21,0.02539298669891173,827
developer,2023-02,5,20,0.02418379685610641,827
developer,2023-02,6,13,0.015719467956469165,827
developer,2023-02,7,25,0.030229746070133012,827
developer,2023-02,8,10,0.012091898428053204,827
developer,2023-02,9,22,0.026602176541717048,827
developer,2023-02,10,12,0.014510278113663845,827
developer,2023-02,11,21,0.02539298669891173,827
developer,2023-02,12,33,0.03990326481257558,827
developer,2023-02,13,19,0.022974607013301087,827
developer,2023-02,14,31,0.037484885126964934,827
developer,2023-02,15,19,0.022974607013301087,827
developer,2023-02,16,18,0.02176541717049577,827
developer,2023-02,17,9,0.010882708585247884,827
developer,2023-02,18,11,0.013301088270858524,827
developer,2023-02,19,8,0.009673518742442563,827
developer,2023-02,20,11,0.013301088270858524,827
developer,2023-02,21,16,0.019347037484885126,827
developer,2023-02,22,28,0.03385731559854897,827
developer,2023-02,23,13,0.015719467956469165,827
developer,2023-02,24,18,0.02176541717049577,827
developer,2023-02,25,17,0.020556227327690448,827
developer,2023-02,26,22,0.026602176541717048,827
developer,2023-02,27,51,0.06166868198307134,827
developer,2023-02,28,11,0.013301088270858524,827
developer,2023-02,29,19,0.022974607013301087,827
developer,2023-02,30,15,0.018137847642079808,827
developer,2023-02,31,27,0.032648125755743655,827
developer,2023-02,32,28,0.03385731559854897,827
developer,2023-02,33,31,0.037484885126964934,827
developer,2023-02,34,23,0.02781136638452237,827
developer,2023-02,35,13,0.015719467956469165,827
developer,2023-02,36,22,0.026602176541717048,827
developer,2023-02,37,23,0.02781136638452237,827
developer,2023-02,38,33,0.03990326481257558,827
developer,2023-02,39,39,0.0471584038694075,827
developer,2023-03,0,33,0.03200775945683802,1031
developer,2023-03,1,32,0.031037827352085354,1031
developer,2023-03,2,21,0.020368574199806012,1031
developer,2023-03,3,23,0.02230843840931135,1031
developer,2023-03,4,23,0.02230843840931135,1031
developer,2023-03,5,29,0.028128031037827354,1031
developer,2023-03,6,16,0.015518913676042677,1031
developer,2023-03,7,24,0.023278370514064017,1031
developer,2023-03,8,18,0.01745877788554801,1031
developer,2023-03,9,23,0.02230843840931135,1031
developer,2023-03,10,27,0.026188166828322017,1031
developer,2023-03,11,18,0.01745877788554801,1031
developer,2023-03,12,32,0.031037827352085354,1031
developer,2023-03,13,22,0.02133850630455868,1031
developer,2023-03,14,26,0.02521823472356935,1031
developer,2023-03,15,39,0.037827352085354024,1031
developer,2023-03,16,25,0.02424830261881668,1031
developer,2023-03,17,25,0.02424830261881668,1031
developer,2023-03,18,16,0.015518913676042677,1031
developer,2023-03,19,13,0.012609117361784675,1031
developer,2023-03,20,20,0.019398642095053348,1031
developer,2023-03,21,29,0.028128031037827354,1031
developer,2023-03,22,17,0.016488845780795344,1031
developer,2023-03,23,26,0.02521823472356935,1031
developer,2023-03,24,18,0.01745877788554801,1031
developer,2023-03,25,31,0.030067895247332686,1031
developer,2023-03,26,39,0.037827352085354024,1031
developer,2023-03,27,25,0.02424830261881668,1031
developer,2023-03,28,24,0.023278370514064017,1031
developer,2023-03,29,25,0.02424830261881668,1031
developer,2023-03,30,23,0.02230843840931135,1031
developer,2023-03,31,23,0.02230843840931135,1031
developer,2023-03,32,19,0.01842870999030068,1031
developer,2023-03,33,20,0.019398642095053348,1031
developer,2023-03,34,33,0.03200775945683802,1031
developer,2023-03,35,21,0.020368574199806012,1031
developer,2023-03,36,28,0.027158098933074686,1031
developer,2023-03,37,36,0.03491755577109602,1031
developer,2023-03,38,39,0.037827352085354024,1031
developer,2023-03,39,50,0.04849660523763336,1031
developer,2023-04,0,57,0.05347091932457786,1066
developer,2023-04,1,24,0.0225140712945591,1066
developer,2023-04,2,28,0.02626641651031895,1066
developer,2023-04,3,34,0.03189493433395872,1066
developer,2023-04,4,28,0.02626641651031895,1066
developer,2023-04,5,22,0.020637898686679174,1066
developer,2023-04,6,21,0.019699812382739212,1066
developer,2023-04,7,22,0.020637898686679174,1066
developer,2023-04,8,20,0.01876172607879925,1066
developer,2023-04,9,22,0.020637898686679174,1066
developer,2023-04,10,28,0.02626641651031895,1066
developer,2023-04,11,20,0.01876172607879925,1066
developer,2023-04,12,28,0.02626641651031895,1066
developer,2023-04,13,22,0.020637898686679174,1066
developer,2023-04,14,33,0.03095684803001876,1066
developer,2023-04,15,44,0.04127579737335835,1066
developer,2023-04,16,24,0.0225140712945591,1066
developer,2023-04,17,16,0.0150093808630394,1066
developer,2023-04,18,13,0.012195121951219513,1066
developer,2023-04,19,26,0.024390243902439025,1066
developer,2023-04,20,21,0.019699812382739212,1066
developer,2023-04,21,21,0.019699812382739212,1066
developer,2023-04,22,20,0.01876172607879925,1066
developer,2023-04,23,20,0.01876172607879925,1066
developer,2023-04,24,27,0.025328330206378986,1066
developer,2023-04,25,35,0.03283302063789869,1066
developer,2023-04,26,67,0.06285178236397748,1066
developer,2023-04,27,30,0.028142589118198873,1066
developer,2023-04,28,17,0.01594746716697936,1066
developer,2023-04,29,23,0.021575984990619138,1066
developer,2023-04,30,26,0.024390243902439025,1066
developer,2023-04,31,20,0.01876172607879925,1066
developer,2023-04,32,30,0.028142589118198873,1066
developer,2023-04,33,25,0.02345215759849906,1066
developer,2023-04,34,19,0.017823639774859287,1066
developer,2023-04,35,28,0.02626641651031895,1066
developer,2023-04,36,23,0.021575984990619138,1066
developer,2023-04,37,13,0.012195121951219513,1066
developer,2023-04,38,43,0.040337711069418386,1066
developer,2023-04,39,26,0.024390243902439025,1066
developer,2023-05,0,52,0.05004812319538017,1039
developer,2023-05,1,24,0.023099133782483156,1039
developer,2023-05,2,23,0.02213666987487969,1039
developer,2023-05,3,56,0.05389797882579403,1039
developer,2023-05,4,29,0.02791145332050048,1039
developer,2023-05,5,19,0.01828681424446583,1039
developer,2023-05,6,22,0.021174205967276226,1039
developer,2023-05,7,34,0.032723772858517804,1039
developer,2023-05,8,17,0.016361886429258902,1039
developer,2023-05,9,21,0.02021174205967276,1039
developer,2023-05,10,18,0.017324350336862367,1039
developer,2023-05,11,28,0.026948989412897015,1039
developer,2023-05,12,33,0.03176130895091434,1039
developer,2023-05,13,36,0.03464870067372473,1039
developer,2023-05,14,15,0.014436958614051972,1039
developer,2023-05,15,43,0.04138594802694899,1039
developer,2023-05,16,17,0.016361886429258902,1039
developer,2023-05,17,25,0.02406159769008662,1039
developer,2023-05,18,26,0.025024061597690085,1039
developer,2023-05,19,25,0.02406159769008662,1039
developer,2023-05,20,7,0.006737247353224254,1039
developer,2023-05,21,26,0.025024061597690085,1039
developer,2023-05,22,18,0.017324350336862367,1039
developer,2023-05,23,27,0.02598652550529355,1039
developer,2023-05,24,30,0.028873917228103944,1039
developer,2023-05,25,27,0.02598652550529355,1039
developer,2023-05,26,17,0.016361886429258902,1039
developer,2023-05,27,18,0.017324350336862367,1039
developer,2023-05,28,18,0.017324350336862367,1039
developer,2023-05,29,30,0.028873917228103944,1039
developer,2023-05,30,17,0.016361886429258902,1039
developer,2023-05,31,14,0.013474494706448507,1039
developer,2023-05,32,23,0.02213666987487969,1039
developer,2023-05,33,20,0.019249278152069296,1039
developer,2023-05,34,34,0.032723772858517804,1039
developer,2023-05,35,20,0.019249278152069296,1039
developer,2023-05,36,24,0.023099133782483156,1039
developer,2023-05,37,29,0.02791145332050048,1039
developer,2023-05,38,46,0.04427333974975938,1039
developer,2023-05,39,31,0.029836381135707413,1039
developer,2023-06,0,27,0.0263671875,1024
developer,2023-06,1,25,0.0244140625,1024
developer,2023-06,2,35,0.0341796875,1024
developer,2023-06,3,22,0.021484375,1024
developer,2023-06,4,24,0.0234375,1024
developer,2023-06,5,29,0.0283203125,1024
developer,2023-06,6,29,0.0283203125,1024
developer,2023-06,7,35,0.0341796875,1024
developer,2023-06,8,13,0.0126953125,1024
developer,2023-06,9,24,0.0234375,1024
developer,2023-06,10,22,0.021484375,1024
developer,2023-06,11,29,0.0283203125,1024
developer,2023-06,12,24,0.0234375,1024
developer,2023-06,13,38,0.037109375,1024
developer,2023-06,14,23,0.0224609375,1024
developer,2023-06,15,41,0.0400390625,1024
developer,2023-06,16,24,0.0234375,1024
developer,2023-06,17,18,0.017578125,1024
developer,2023-06,18,13,0.0126953125,1024
developer,2023-06,19,25,0.0244140625,1024
developer,2023-06,20,18,0.017578125,1024
developer,2023-06,21,19,0.0185546875,1024
developer,2023-06,22,19,0.0185546875,1024
developer,2023-06,23,17,0.0166015625,1024
developer,2023-06,24,30,0.029296875,1024
developer,2023-06,25,22,0.021484375,1024
developer,2023-06,26,31,0.0302734375,1024
developer,2023-06,27,29,0.0283203125,1024
developer,2023-06,28,22,0.021484375,1024
developer,2023-06,29,25,0.0244140625,1024
developer,2023-06,30,19,0.0185546875,1024
developer,2023-06,31,21,0.0205078125,1024
developer,2023-06,32,19,0.0185546875,1024
developer,2023-06,33,13,0.0126953125,1024
developer,2023-06,34,35,0.0341796875,1024
developer,2023-06,35,24,0.0234375,1024
developer,2023-06,36,29,0.0283203125,1024
developer,2023-06,37,21,0.0205078125,1024
developer,2023-06,38,44,0.04296875,1024
developer,2023-06,39,47,0.0458984375,1024
developer,2023-07,0,22,0.02233502538071066,985
developer,2023-07,1,22,0.02233502538071066,985
developer,2023-07,2,24,0.024365482233502538,985
developer,2023-07,3,30,0.030456852791878174,985
developer,2023-07,4,29,0.029441624365482234,985
developer,2023-07,5,13,0.013197969543147208,985
developer,2023-07,6,28,0.028426395939086295,985
developer,2023-07,7,23,0.023350253807106598,985
developer,2023-07,8,20,0.02030456852791878,985
developer,2023-07,9,27,0.027411167512690356,985
developer,2023-07,10,17,0.017258883248730966,985
developer,2023-07,11,24,0.024365482233502538,985
developer,2023-07,12,34,0.03451776649746193,985
developer,2023-07,13,27,0.027411167512690356,985
developer,2023-07,14,18,0.018274111675126905,985
developer,2023-07,15,37,0.03756345177664975,985
developer,2023-07,16,18,0.018274111675126905,985
developer,2023-07,17,24,0.024365482233502538,985
developer,2023-07,18,16,0.016243654822335026,985
developer,2023-07,19,30,0.030456852791878174,985
developer,2023-07,20,16,0.016243654822335026,985
developer,2023-07,21,19,0.019289340101522844,985
developer,2023-07,22,17,0.017258883248730966,985
developer,2023-07,23,17,0.017258883248730966,985
developer,2023-07,24,23,0.023350253807106598,985
developer,2023-07,25,20,0.02030456852791878,985
developer,2023-07,26,27,0.027411167512690356,985
developer,2023-07,27,21,0.02131979695431472,985
developer,2023-07,28,13,0.013197969543147208,985
developer,2023-07,29,24,0.024365482233502538,985
developer,2023-07,30,25,0.025380710659898477,985
developer,2023-07,31,25,0.025380710659898477,985
developer,2023-07,32,21,0.02131979695431472,985
developer,2023-07,33,21,0.02131979695431472,985
developer,2023-07,34,21,0.02131979695431472,985
developer,2023-07,35,33,0.03350253807106599,985
developer,2023-07,36,27,0.027411167512690356,985
developer,2023-07,37,27,0.027411167512690356,985
developer,2023-07,38,33,0.03350253807106599,985
developer,2023-07,39,72,0.07309644670050762,985
developer,2023-08,0,40,0.04357298474945534,918
developer,2023-08,1,29,0.03159041394335512,918
developer,2023-08,2,28,0.030501089324618737,918
developer,2023-08,3,20,0.02178649237472767,918
developer,2023-08,4,23,0.02505446623093682,918
developer,2023-08,5,17,0.018518518518518517,918
developer,2023-08,6,21,0.02287581699346405,918
developer,2023-08,7,21,0.02287581699346405,918
developer,2023-08,8,15,0.016339869281045753,918
developer,2023-08,9,23,0.02505446623093682,918
developer,2023-08,10,31,0.03376906318082789,918
developer,2023-08,11,22,0.023965141612200435,918
developer,2023-08,12,25,0.027233115468409588,918
developer,2023-08,13,26,0.02832244008714597,918
developer,2023-08,14,19,0.020697167755991286,918
developer,2023-08,15,23,0.02505446623093682,918
developer,2023-08,16,13,0.014161220043572984,918
developer,2023-08,17,12,0.013071895424836602,918
developer,2023-08,18,15,0.016339869281045753,918
developer,2023-08,19,24,0.026143790849673203,918
developer,2023-08,20,15,0.016339869281045753,918
developer,2023-08,21,37,0.04030501089324619,918
developer,2023-08,22,13,0.014161220043572984,918
developer,2023-08,23,22,0.023965141612200435,918
developer,2023-08,24,22,0.023965141612200435,918
developer,2023-08,25,25,0.027233115468409588,918
developer,2023-08,26,22,0.023965141612200435,918
developer,2023-08,27,29,0.03159041394335512,918
developer,2023-08,28,18,0.0196078431372549,918
developer,2023-08,29,24,0.026143790849673203,918
developer,2023-08,30,20,0.02178649237472767,918
developer,2023-08,31,10,0.010893246187363835,918
developer,2023-08,32,22,0.023965141612200435,918
developer,2023-08,33,26,0.02832244008714597,918
developer,2023-08,34,28,0.030501089324618737,918
developer,2023-08,35,17,0.018518518518518517,918
developer,2023-08,36,27,0.029411764705882353,918
developer,2023-08,37,27,0.029411764705882353,918
developer,2023-08,38,25,0.027233115468409588,918
developer,2023-08,39,42,0.0457516339869281,918
developer,2023-09,0,29,0.03918918918918919,740
developer,2023-09,1,19,0.025675675675675677,740
developer,2023-09,2,21,0.02837837837837838,740
developer,2023-09,3,26,0.03513513513513514,740
developer,2023-09,4,19,0.025675675675675677,740
developer,2023-09,5,16,0.021621621621621623,740
developer,2023-09,6,16,0.021621621621621623,740
developer,2023-09,7,26,0.03513513513513514,740
developer,2023-09,8,15,0.02027027027027027,740
developer,2023-09,9,23,0.031081081081081083,740
developer,2023-09,10,16,0.021621621621621623,740
developer,2023-09,11,25,0.033783783783783786,740
developer,2023-09,12,21,0.02837837837837838,740
developer,2023-09,13,17,0.022972972972972974,740
developer,2023-09,14,15,0.02027027027027027,740
developer,2023-09,15,19,0.025675675675675677,740
developer,2023-09,16,18,0.024324324324324326,740
developer,2023-09,17,11,0.014864864864864866,740
developer,2023-09,18,14,0.01891891891891892,740
developer,2023-09,19,20,0.02702702702702703,740
developer,2023-09,20,16,0.021621621621621623,740
developer,2023-09,21,25,0.033783783783783786,740
developer,2023-09,22,17,0.022972972972972974,740
developer,2023-09,23,8,0.010810810810810811,740
developer,2023-09,24,18,0.024324324324324326,740
developer,2023-09,25,21,0.02837837837837838,740
developer,2023-09,26,16,0.021621621621621623,740
developer,2023-09,27,20,0.02702702702702703,740
developer,2023-09,28,11,0.014864864864864866,740
developer,2023-09,29,15,0.02027027027027027,740
developer,2023-09,30,19,0.025675675675675677,740
developer,2023-09,31,9,0.012162162162162163,740
developer,2023-09,32,15,0.02027027027027027,740
developer,2023-09,33,16,0.021621621621621623,740
developer,2023-09,34,20,0.02702702702702703,740
developer,2023-09,35,19,0.025675675675675677,740
developer,2023-09,36,23,0.031081081081081083,740
developer,2023-09,37,22,0.02972972972972973,740
developer,2023-09,38,25,0.033783783783783786,740
developer,2023-09,39,19,0.025675675675675677,740
developer,2023-10,0,19,0.017527675276752766,1084
developer,2023-10,1,33,0.03044280442804428,1084
developer,2023-10,2,46,0.042435424354243544,1084
developer,2023-10,3,39,0.035977859778597784,1084
developer,2023-10,4,32,0.02952029520295203,1084
developer,2023-10,5,23,0.021217712177121772,1084
developer,2023-10,6,28,0.025830258302583026,1084
developer,2023-10,7,29,0.026752767527675275,1084
developer,2023-10,8,14,0.012915129151291513,1084
developer,2023-10,9,22,0.02029520295202952,1084
developer,2023-10,10,12,0.01107011070110701,1084
developer,2023-10,11,23,0.021217712177121772,1084
developer,2023-10,12,38,0.03505535055350553,1084
developer,2023-10,13,40,0.03690036900369004,1084
developer,2023-10,14,30,0.027675276752767528,1084
developer,2023-10,15,38,0.03505535055350553,1084
developer,2023-10,16,27,0.024907749077490774,1084
developer,2023-10,17,10,0.00922509225092251,1084
developer,2023-10,18,20,0.01845018450184502,1084
developer,2023-10,19,27,0.024907749077490774,1084
developer,2023-10,20,25,0.023062730627306273,1084
developer,2023-10,21,20,0.01845018450184502,1084
developer,2023-10,22,18,0.016605166051660517,1084
developer,2023-10,23,22,0.02029520295202952,1084
developer,2023-10,24,32,0.02952029520295203,1084
developer,2023-10,25,23,0.021217712177121772,1084
developer,2023-10,26,30,0.027675276752767528,1084
developer,2023-10,27,18,0.016605166051660517,1084
developer,2023-10,28,18,0.016605166051660517,1084
developer,2023-10,29,19,0.017527675276752766,1084
developer,2023-10,30,27,0.024907749077490774,1084
developer,2023-10,31,25,0.023062730627306273,1084
developer,2023-10,32,34,0.03136531365313653,1084
developer,2023-10,33,30,0.027675276752767528,1084
developer,2023-10,34,26,0.023985239852398525,1084
developer,2023-10,35,18,0.016605166051660517,1084
developer,2023-10,36,33,0.03044280442804428,1084
developer,2023-10,37,16,0.014760147601476014,1084
developer,2023-10,38,43,0.03966789667896679,1084
developer,2023-10,39,57,0.052583025830258305,1084
developer,2023-11,0,32,0.028985507246376812,1104
developer,2023-11,1,27,0.024456521739130436,1104
developer,2023-11,2,20,0.018115942028985508,1104
developer,2023-11,3,35,0.03170289855072464,1104
developer,2023-11,4,20,0.018115942028985508,1104
developer,2023-11,5,17,0.015398550724637682,1104
developer,2023-11,6,17,0.015398550724637682,1104
developer,2023-11,7,21,0.019021739130434784,1104
developer,2023-11,8,18,0.016304347826086956,1104
developer,2023-11,9,22,0.019927536231884056,1104
developer,2023-11,10,13,0.01177536231884058,1104
developer,2023-11,11,10,0.009057971014492754,1104
developer,2023-11,12,34,0.030797101449275364,1104
developer,2023-11,13,33,0.029891304347826088,1104
developer,2023-11,14,10,0.009057971014492754,1104
developer,2023-11,15,36,0.03260869565217391,1104
developer,2023-11,16,26,0.02355072463768116,1104
developer,2023-11,17,16,0.014492753623188406,1104
developer,2023-11,18,17,0.015398550724637682,1104
developer,2023-11,19,27,0.024456521739130436,1104
developer,2023-11,20,18,0.016304347826086956,1104
developer,2023-11,21,44,0.03985507246376811,1104
developer,2023-11,22,33,0.029891304347826088,1104
developer,2023-11,23,28,0.025362318840579712,1104
developer,2023-11,24,24,0.021739130434782608,1104
developer,2023-11,25,13,0.01177536231884058,1104
developer,2023-11,26,18,0.016304347826086956,1104
developer,2023-11,27,93,0.08423913043478261,1104
developer,2023-11,28,20,0.018115942028985508,1104
developer,2023-11,29,23,0.020833333333333332,1104
developer,2023-11,30,25,0.022644927536231884,1104
developer,2023-11,31,52,0.04710144927536232,1104
developer,2023-11,32,65,0.058876811594202896,1104
developer,2023-11,33,18,0.016304347826086956,1104
developer,2023-11,34,29,0.026268115942028984,1104
developer,2023-11,35,20,0.018115942028985508,1104
developer,2023-11,36,27,0.024456521739130436,1104
developer,2023-11,37,32,0.028985507246376812,1104
developer,2023-11,38,30,0.02717391304347826,1104
developer,2023-11,39,41,0.03713768115942029,1104
developer,2023-12,0,31,0.034292035398230086,904
developer,2023-12,1,20,0.022123893805309734,904
developer,2023-12,2,22,0.024336283185840708,904
developer,2023-12,3,27,0.029867256637168143,904
developer,2023-12,4,28,0.030973451327433628,904
developer,2023-12,5,14,0.015486725663716814,904
developer,2023-12,6,22,0.024336283185840708,904
developer,2023-12,7,31,0.034292035398230086,904
developer,2023-12,8,8,0.008849557522123894,904
developer,2023-12,9,17,0.018805309734513276,904
developer,2023-12,10,10,0.011061946902654867,904
developer,2023-12,11,8,0.008849557522123894,904
developer,2023-12,12,30,0.033185840707964605,904
developer,2023-12,13,30,0.033185840707964605,904
developer,2023-12,14,24,0.02654867256637168,904
developer,2023-12,15,31,0.034292035398230086,904
developer,2023-12,16,16,0.017699115044247787,904
developer,2023-12,17,19,0.02101769911504425,904
developer,2023-12,18,18,0.01991150442477876,904
developer,2023-12,19,14,0.015486725663716814,904
developer,2023-12,20,19,0.02101769911504425,904
developer,2023-12,21,29,0.032079646017699116,904
developer,2023-12,22,14,0.015486725663716814,904
developer,2023-12,23,17,0.018805309734513276,904
developer,2023-12,24,14,0.015486725663716814,904
developer,2023-12,25,14,0.015486725663716814,904
developer,2023-12,26,25,0.02765486725663717,904
developer,2023-12,27,86,0.09513274336283185,904
developer,2023-12,28,20,0.022123893805309734,904
developer,2023-12,29,18,0.01991150442477876,904
developer,2023-12,30,21,0.023230088495575223,904
developer,2023-12,31,15,0.016592920353982302,904
developer,2023-12,32,19,0.02101769911504425,904
developer,2023-12,33,14,0.015486725663716814,904
developer,2023-12,34,16,0.017699115044247787,904
developer,2023-12,35,24,0.02654867256637168,904
developer,2023-12,36,27,0.029867256637168143,904
developer,2023-12,37,24,0.02654867256637168,904
developer,2023-12,38,51,0.05641592920353982,904
developer,2023-12,39,17,0.018805309734513276,904
developer,2024-01,0,37,0.04088397790055249,905
developer,2024-01,1,13,0.014364640883977901,905
developer,2024-01,2,20,0.022099447513812154,905
developer,2024-01,3,33,0.036464088397790057,905
developer,2024-01,4,17,0.01878453038674033,905
developer,2024-01,5,18,0.019889502762430938,905
developer,2024-01,6,23,0.02541436464088398,905
developer,2024-01,7,15,0.016574585635359115,905
developer,2024-01,8,9,0.009944751381215469,905
developer,2024-01,9,29,0.032044198895027624,905
developer,2024-01,10,14,0.015469613259668509,905
developer,2024-01,11,38,0.041988950276243095,905
developer,2024-01,12,27,0.02983425414364641,905
developer,2024-01,13,30,0.03314917127071823,905
developer,2024-01,14,15,0.016574585635359115,905
developer,2024-01,15,35,0.03867403314917127,905
developer,2024-01,16,21,0.023204419889502764,905
developer,2024-01,17,33,0.036464088397790057,905
developer,2024-01,18,28,0.030939226519337018,905
developer,2024-01,19,17,0.01878453038674033,905
developer,2024-01,20,18,0.019889502762430938,905
developer,2024-01,21,27,0.02983425414364641,905
developer,2024-01,22,17,0.01878453038674033,905
developer,2024-01,23,15,0.016574585635359115,905
developer,2024-01,24,25,0.027624309392265192,905
developer,2024-01,25,16,0.017679558011049725,905
developer,2024-01,26,19,0.020994475138121547,905
developer,2024-01,27,60,0.06629834254143646,905
developer,2024-01,28,18,0.019889502762430938,905
developer,2024-01,29,13,0.014364640883977901,905
developer,2024-01,30,21,0.023204419889502764,905
developer,2024-01,31,18,0.019889502762430938,905
developer,2024-01,32,18,0.019889502762430938,905
developer,2024-01,33,12,0.013259668508287293,905
developer,2024-01,34,18,0.019889502762430938,905
developer,2024-01,35,12,0.013259668508287293,905
developer,2024-01,36,28,0.030939226519337018,905
developer,2024-01,37,26,0.028729281767955802,905
developer,2024-01,38,29,0.032044198895027624,905
developer,2024-01,39,23,0.02541436464088398,905
developer,2024-02,0,34,0.029209621993127148,1164
developer,2024-02,1,24,0.020618556701030927,1164
developer,2024-02,2,26,0.022336769759450172,1164
developer,2024-02,3,28,0.024054982817869417,1164
developer,2024-02,4,19,0.01632302405498282,1164
developer,2024-02,5,28,0.024054982817869417,1164
developer,2024-02,6,21,0.01804123711340206,1164
developer,2024-02,7,15,0.01288659793814433,1164
developer,2024-02,8,14,0.012027491408934709,1164
developer,2024-02,9,77,0.0661512027491409,1164
developer,2024-02,10,28,0.024054982817869417,1164
developer,2024-02,11,17,0.014604810996563574,1164
developer,2024-02,12,23,0.019759450171821305,1164
developer,2024-02,13,33,0.028350515463917526,1164
developer,2024-02,14,18,0.015463917525773196,1164
developer,2024-02,15,37,0.03178694158075601,1164
developer,2024-02,16,32,0.027491408934707903,1164
developer,2024-02,17,25,0.02147766323024055,1164
developer,2024-02,18,18,0.015463917525773196,1164
developer,2024-02,19,146,0.1254295532646048,1164
developer,2024-02,20,10,0.00859106529209622,1164
developer,2024-02,21,30,0.02577319587628866,1164
developer,2024-02,22,24,0.020618556701030927,1164
developer,2024-02,23,21,0.01804123711340206,1164
developer,2024-02,24,13,0.011168384879725086,1164
developer,2024-02,25,19,0.01632302405498282,1164
developer,2024-02,26,31,0.02663230240549828,1164
developer,2024-02,27,25,0.02147766323024055,1164
developer,2024-02,28,26,0.022336769759450172,1164
developer,2024-02,29,29,0.02491408934707904,1164
developer,2024-02,30,28,0.024054982817869417,1164
developer,2024-02,31,20,0.01718213058419244,1164
developer,2024-02,32,20,0.01718213058419244,1164
developer,2024-02,33,10,0.00859106529209622,1164
developer,2024-02,34,34,0.029209621993127148,1164
developer,2024-02,35,27,0.023195876288659795,1164
developer,2024-02,36,21,0.01804123711340206,1164
developer,2024-02,37,55,0.04725085910652921,1164
developer,2024-02,38,27,0.023195876288659795,1164
developer,2024-02,39,31,0.02663230240549828,1164
developer,2024-03,0,31,0.029467680608365018,1052
developer,2024-03,1,22,0.02091254752851711,1052
developer,2024-03,2,24,0.022813688212927757,1052
developer,2024-03,3,19,0.01806083650190114,1052
developer,2024-03,4,25,0.02376425855513308,1052
developer,2024-03,5,32,0.030418250950570342,1052
developer,2024-03,6,22,0.02091254752851711,1052
developer,2024-03,7,15,0.014258555133079848,1052
developer,2024-03,8,10,0.009505703422053232,1052
developer,2024-03,9,26,0.024714828897338403,1052
developer,2024-03,10,12,0.011406844106463879,1052
developer,2024-03,11,11,0.010456273764258554,1052
developer,2024-03,12,38,0.03612167300380228,1052
developer,2024-03,13,77,0.07319391634980989,1052
developer,2024-03,14,12,0.011406844106463879,1052
developer,2024-03,15,30,0.028517110266159697,1052
developer,2024-03,16,20,0.019011406844106463,1052
developer,2024-03,17,12,0.011406844106463879,1052
developer,2024-03,18,24,0.022813688212927757,1052
developer,2024-03,19,19,0.01806083650190114,1052
developer,2024-03,20,14,0.013307984790874524,1052
developer,2024-03,21,23,0.021863117870722433,1052
developer,2024-03,22,82,0.0779467680608365,1052
developer,2024-03,23,20,0.019011406844106463,1052
developer,2024-03,24,19,0.01806083650190114,1052
developer,2024-03,25,16,0.015209125475285171,1052
developer,2024-03,26,19,0.01806083650190114,1052
developer,2024-03,27,52,0.049429657794676805,1052
developer,2024-03,28,29,0.027566539923954372,1052
developer,2024-03,29,16,0.015209125475285171,1052
developer,2024-03,30,28,0.026615969581749048,1052
developer,2024-03,31,12,0.011406844106463879,1052
developer,2024-03,32,18,0.017110266159695818,1052
developer,2024-03,33,19,0.01806083650190114,1052
developer,2024-03,34,38,0.03612167300380228,1052
developer,2024-03,35,20,0.019011406844106463,1052
developer,2024-03,36,15,0.014258555133079848,1052
developer,2024-03,37,72,0.06844106463878327,1052
developer,2024-03,38,32,0.030418250950570342,1052
developer,2024-03,39,27,0.025665399239543727,1052
developer,2024-04,0,49,0.041631265930331354,1177
developer,2024-04,1,14,0.0118946474086661,1177
developer,2024-04,2,22,0.018691588785046728,1177
developer,2024-04,3,42,0.0356839422259983,1177
developer,2024-04,4,25,0.021240441801189464,1177
developer,2024-04,5,23,0.01954120645709431,1177
developer,2024-04,6,26,0.022090059473237042,1177
developer,2024-04,7,30,0.025488530161427356,1177
developer,2024-04,8,16,0.013593882752761258,1177
developer,2024-04,9,34,0.02888700084961767,1177
developer,2024-04,10,21,0.01784197111299915,1177
developer,2024-04,11,24,0.020390824129141887,1177
developer,2024-04,12,35,0.029736618521665252,1177
developer,2024-04,13,30,0.025488530161427356,1177
developer,2024-04,14,29,0.02463891248937978,1177
developer,2024-04,15,27,0.022939677145284623,1177
developer,2024-04,16,14,0.0118946474086661,1177
developer,2024-04,17,21,0.01784197111299915,1177
developer,2024-04,18,22,0.018691588785046728,1177
developer,2024-04,19,20,0.016992353440951572,1177
developer,2024-04,20,19,0.016142735768903994,1177
developer,2024-04,21,37,0.03143585386576041,1177
developer,2024-04,22,25,0.021240441801189464,1177
developer,2024-04,23,23,0.01954120645709431,1177
developer,2024-04,24,28,0.0237892948173322,1177
developer,2024-04,25,19,0.016142735768903994,1177
developer,2024-04,26,32,0.027187765505522515,1177
developer,2024-04,27,21,0.01784197111299915,1177
developer,2024-04,28,19,0.016142735768903994,1177
developer,2024-04,29,21,0.01784197111299915,1177
developer,2024-04,30,29,0.02463891248937978,1177
developer,2024-04,31,23,0.01954120645709431,1177
developer,2024-04,32,14,0.0118946474086661,1177
developer,2024-04,33,23,0.01954120645709431,1177
developer,2024-04,34,32,0.027187765505522515,1177
developer,2024-04,35,27,0.022939677145284623,1177
developer,2024-04,36,27,0.022939677145284623,1177
developer,2024-04,37,178,0.15123194562446898,1177
developer,2024-04,38,32,0.027187765505522515,1177
developer,2024-04,39,24,0.020390824129141887,1177
developer,2024-05,0,32,0.025196850393700787,1270
developer,2024-05,1,24,0.01889763779527559,1270
developer,2024-05,2,30,0.023622047244094488,1270
developer,2024-05,3,35,0.027559055118110236,1270
developer,2024-05,4,99,0.07795275590551182,1270
developer,2024-05,5,23,0.01811023622047244,1270
developer,2024-05,6,28,0.02204724409448819,1270
developer,2024-05,7,21,0.01653543307086614,1270
developer,2024-05,8,15,0.011811023622047244,1270
developer,2024-05,9,24,0.01889763779527559,1270
developer,2024-05,10,17,0.013385826771653543,1270
developer,2024-05,11,22,0.01732283464566929,1270
developer,2024-05,12,32,0.025196850393700787,1270
developer,2024-05,13,30,0.023622047244094488,1270
developer,2024-05,14,26,0.02047244094488189,1270
developer,2024-05,15,37,0.029133858267716535,1270
developer,2024-05,16,19,0.014960629921259842,1270
developer,2024-05,17,34,0.026771653543307086,1270
developer,2024-05,18,24,0.01889763779527559,1270
developer,2024-05,19,17,0.013385826771653543,1270
developer,2024-05,20,23,0.01811023622047244,1270
developer,2024-05,21,24,0.01889763779527559,1270
developer,2024-05,22,37,0.029133858267716535,1270
developer,2024-05,23,18,0.014173228346456693,1270
developer,2024-05,24,24,0.01889763779527559,1270
developer,2024-05,25,15,0.011811023622047244,1270
developer,2024-05,26,22,0.01732283464566929,1270
developer,2024-05,27,108,0.08503937007874016,1270
developer,2024-05,28,15,0.011811023622047244,1270
developer,2024-05,29,23,0.01811023622047244,1270
developer,2024-05,30,28,0.02204724409448819,1270
developer,2024-05,31,12,0.009448818897637795,1270
developer,2024-05,32,20,0.015748031496062992,1270
developer,2024-05,33,19,0.014960629921259842,1270
developer,2024-05,34,33,0.025984251968503937,1270
developer,2024-05,35,24,0.01889763779527559,1270
developer,2024-05,36,29,0.02283464566929134,1270
developer,2024-05,37,149,0.1173228346456693,1270
developer,2024-05,38,35,0.027559055118110236,1270
developer,2024-05,39,23,0.01811023622047244,1270
developer,2024-06,0,44,0.031746031746031744,1386
developer,2024-06,1,28,0.020202020202020204,1386
developer,2024-06,2,27,0.01948051948051948,1386
developer,2024-06,3,32,0.023088023088023088,1386
developer,2024-06,4,59,0.04256854256854257,1386
developer,2024-06,5,29,0.020923520923520924,1386
developer,2024-06,6,31,0.022366522366522368,1386
developer,2024-06,7,19,0.013708513708513708,1386
developer,2024-06,8,16,0.011544011544011544,1386
developer,2024-06,9,35,0.025252525252525252,1386
developer,2024-06,10,17,0.012265512265512266,1386
developer,2024-06,11,26,0.01875901875901876,1386
developer,2024-06,12,42,0.030303030303030304,1386
developer,2024-06,13,46,0.03318903318903319,1386
developer,2024-06,14,25,0.018037518037518036,1386
developer,2024-06,15,29,0.020923520923520924,1386
developer,2024-06,16,25,0.018037518037518036,1386
developer,2024-06,17,48,0.03463203463203463,1386
developer,2024-06,18,22,0.015873015873015872,1386
developer,2024-06,19,43,0.031024531024531024,1386
developer,2024-06,20,24,0.017316017316017316,1386
developer,2024-06,21,33,0.023809523809523808,1386
developer,2024-06,22,68,0.049062049062049064,1386
developer,2024-06,23,27,0.01948051948051948,1386
developer,2024-06,24,14,0.010101010101010102,1386
developer,2024-06,25,29,0.020923520923520924,1386
developer,2024-06,26,28,0.020202020202020204,1386
developer,2024-06,27,23,0.016594516594516596,1386
developer,2024-06,28,27,0.01948051948051948,1386
developer,2024-06,29,35,0.025252525252525252,1386
developer,2024-06,30,37,0.026695526695526696,1386
developer,2024-06,31,20,0.01443001443001443,1386
developer,2024-06,32,21,0.015151515151515152,1386
developer,2024-06,33,21,0.015151515151515152,1386
developer,2024-06,34,31,0.022366522366522368,1386
developer,2024-06,35,23,0.016594516594516596,1386
developer,2024-06,36,80,0.05772005772005772,1386
developer,2024-06,37,127,0.09163059163059163,1386
developer,2024-06,38,42,0.030303030303030304,1386
developer,2024-06,39,33,0.023809523809523808,1386
developer,2024-07,0,7,0.028688524590163935,244
developer,2024-07,1,3,0.012295081967213115,244
developer,2024-07,2,5,0.020491803278688523,244
developer,2024-07,3,10,0.040983606557377046,244
developer,2024-07,4,6,0.02459016393442623,244
developer,2024-07,5,1,0.004098360655737705,244
developer,2024-07,6,6,0.02459016393442623,244
developer,2024-07,7,5,0.020491803278688523,244
developer,2024-07,8,1,0.004098360655737705,244
developer,2024-07,9,5,0.020491803278688523,244
developer,2024-07,10,1,0.004098360655737705,244
developer,2024-07,11,1,0.004098360655737705,244
developer,2024-07,12,9,0.036885245901639344,244
developer,2024-07,13,8,0.03278688524590164,244
developer,2024-07,14,2,0.00819672131147541,244
developer,2024-07,15,6,0.02459016393442623,244
developer,2024-07,16,5,0.020491803278688523,244
developer,2024-07,17,8,0.03278688524590164,244
developer,2024-07,18,1,0.004098360655737705,244
developer,2024-07,19,3,0.012295081967213115,244
developer,2024-07,20,10,0.040983606557377046,244
developer,2024-07,21,7,0.028688524590163935,244
developer,2024-07,22,61,0.25,244
developer,2024-07,23,1,0.004098360655737705,244
developer,2024-07,24,8,0.03278688524590164,244
developer,2024-07,25,1,0.004098360655737705,244
developer,2024-07,26,6,0.02459016393442623,244
developer,2024-07,27,12,0.04918032786885246,244
developer,2024-07,28,4,0.01639344262295082,244
developer,2024-07,29,3,0.012295081967213115,244
developer,2024-07,30,4,0.01639344262295082,244
developer,2024-07,32,2,0.00819672131147541,244
developer,2024-07,33,7,0.028688524590163935,244
developer,2024-07,34,2,0.00819672131147541,244
developer,2024-07,35,4,0.01639344262295082,244
developer,2024-07,36,3,0.012295081967213115,244
developer,2024-07,37,7,0.028688524590163935,244
developer,2024-07,38,6,0.02459016393442623,244
developer,2024-07,39,3,0.012295081967213115,244
