month,topic_0,topic_1,topic_2,topic_3,topic_4,topic_5,topic_6,topic_7,topic_8,topic_9,topic_10,topic_11,topic_12,topic_13,topic_14,topic_15,topic_16,topic_17,topic_18,topic_19,topic_20,topic_21,topic_22,topic_23,topic_24,topic_25,topic_26,topic_27,topic_28,topic_29,topic_30,topic_31,topic_32,topic_33,topic_34,topic_35,topic_36,topic_37,topic_38,topic_39,topic_40,topic_41,topic_42,topic_43,topic_44,topic_45,topic_46,topic_47,topic_48,topic_49
2015-06,0.0,0.0,0.0,0.0,0.0,0.0,0.0,0.0,0.0,0.0,0.0,0.0,0.0,0.0,0.0,0.0,0.0,0.0,0.0,0.0,0.0,0.0,0.0,0.0,0.0,0.0,0.0,0.0,0.0,0.0,0.0,0.0,0.0,0.0,0.0,0.0,0.0,1.0,0.0,0.0,0.0,0.0,0.0,0.0,0.0,0.0,0.0,0.0,0.0,0.0
2015-07,0.0,0.0,0.0,0.16666666666666666,0.16666666666666666,0.0,0.0,0.0,0.0,0.0,0.0,0.0,0.0,0.0,0.0,0.0,0.0,0.0,0.0,0.0,0.0,0.0,0.16666666666666666,0.0,0.0,0.0,0.0,0.0,0.0,0.0,0.0,0.16666666666666666,0.0,0.0,0.0,0.0,0.0,0.3333333333333333,0.0,0.0,0.0,0.0,0.0,0.0,0.0,0.0,0.0,0.0,0.0,0.0
2015-08,0.03225806451612903,0.0,0.0,0.0,0.0967741935483871,0.03225806451612903,0.0,0.06451612903225806,0.06451612903225806,0.03225806451612903,0.0,0.0,0.0,0.0,0.03225806451612903,0.03225806451612903,0.0,0.0,0.03225806451612903,0.0,0.03225806451612903,0.0,0.0,0.0,0.0,0.03225806451612903,0.0,0.06451612903225806,0.06451612903225806,0.03225806451612903,0.0,0.06451612903225806,0.03225806451612903,0.0,0.0,0.03225806451612903,0.0,0.03225806451612903,0.0,0.03225806451612903,0.0,0.0,0.0,0.0,0.03225806451612903,0.0,0.03225806451612903,0.06451612903225806,0.0,0.03225806451612903
2015-09,0.05263157894736842,0.05263157894736842,0.0,0.0,0.0,0.0,0.0,0.0,0.0,0.0,0.0,0.0,0.0,0.10526315789473684,0.0,0.05263157894736842,0.0,0.0,0.05263157894736842,0.0,0.0,0.10526315789473684,0.0,0.05263157894736842,0.0,0.05263157894736842,0.0,0.0,0.0,0.05263157894736842,0.0,0.0,0.0,0.05263157894736842,0.0,0.15789473684210525,0.05263157894736842,0.0,0.05263157894736842,0.05263157894736842,0.0,0.0,0.0,0.0,0.05263157894736842,0.0,0.0,0.0,0.0,0.0
2015-10,0.0,0.07692307692307693,0.0,0.0,0.0,0.07692307692307693,0.0,0.0,0.0,0.0,0.0,0.07692307692307693,0.0,0.0,0.15384615384615385,0.0,0.0,0.07692307692307693,0.0,0.07692307692307693,0.0,0.07692307692307693,0.0,0.0,0.0,0.0,0.0,0.0,0.0,0.0,0.0,0.07692307692307693,0.0,0.0,0.0,0.0,0.0,0.07692307692307693,0.0,0.0,0.0,0.07692307692307693,0.0,0.07692307692307693,0.07692307692307693,0.0,0.0,0.0,0.0,0.0
2015-11,0.0,0.0,0.06666666666666667,0.0,0.0,0.0,0.0,0.06666666666666667,0.06666666666666667,0.0,0.0,0.0,0.0,0.0,0.0,0.0,0.0,0.0,0.13333333333333333,0.0,0.0,0.0,0.0,0.0,0.0,0.06666666666666667,0.06666666666666667,0.0,0.06666666666666667,0.13333333333333333,0.0,0.06666666666666667,0.06666666666666667,0.0,0.06666666666666667,0.0,0.06666666666666667,0.0,0.0,0.0,0.0,0.0,0.0,0.0,0.0,0.0,0.06666666666666667,0.0,0.0,0.0
2015-12,0.07692307692307693,0.0,0.0,0.0,0.0,0.0,0.0,0.0,0.07692307692307693,0.0,0.0,0.0,0.07692307692307693,0.07692307692307693,0.0,0.0,0.0,0.0,0.0,0.0,0.0,0.07692307692307693,0.0,0.0,0.0,0.0,0.0,0.0,0.15384615384615385,0.0,0.0,0.07692307692307693,0.15384615384615385,0.0,0.0,0.0,0.0,0.0,0.0,0.0,0.0,0.07692307692307693,0.07692307692307693,0.0,0.0,0.0,0.07692307692307693,0.0,0.0,0.0
2016-01,0.03571428571428571,0.017857142857142856,0.0,0.017857142857142856,0.0,0.03571428571428571,0.03571428571428571,0.017857142857142856,0.017857142857142856,0.0,0.017857142857142856,0.0,0.017857142857142856,0.0,0.0,0.017857142857142856,0.017857142857142856,0.017857142857142856,0.017857142857142856,0.0,0.017857142857142856,0.017857142857142856,0.0,0.0,0.017857142857142856,0.017857142857142856,0.05357142857142857,0.017857142857142856,0.03571428571428571,0.03571428571428571,0.017857142857142856,0.03571428571428571,0.03571428571428571,0.017857142857142856,0.0,0.05357142857142857,0.017857142857142856,0.05357142857142857,0.0,0.017857142857142856,0.03571428571428571,0.05357142857142857,0.017857142857142856,0.03571428571428571,0.017857142857142856,0.017857142857142856,0.05357142857142857,0.017857142857142856,0.0,0.0
2016-02,0.03278688524590164,0.02459016393442623,0.0,0.00819672131147541,0.03278688524590164,0.01639344262295082,0.01639344262295082,0.00819672131147541,0.04918032786885246,0.00819672131147541,0.02459016393442623,0.01639344262295082,0.02459016393442623,0.03278688524590164,0.02459016393442623,0.02459016393442623,0.02459016393442623,0.01639344262295082,0.00819672131147541,0.00819672131147541,0.01639344262295082,0.03278688524590164,0.00819672131147541,0.02459016393442623,0.00819672131147541,0.01639344262295082,0.00819672131147541,0.01639344262295082,0.02459016393442623,0.00819672131147541,0.0,0.02459016393442623,0.03278688524590164,0.01639344262295082,0.00819672131147541,0.02459016393442623,0.01639344262295082,0.0,0.02459016393442623,0.06557377049180328,0.0,0.03278688524590164,0.03278688524590164,0.03278688524590164,0.02459016393442623,0.00819672131147541,0.00819672131147541,0.01639344262295082,0.040983606557377046,0.02459016393442623
2016-03,0.02832131822863028,0.013388259526261586,0.015447991761071062,0.02368692070030896,0.02059732234809475,0.021627188465499485,0.024716786817713696,0.01956745623069001,0.023171987641606592,0.02008238928939238,0.018022657054582905,0.018022657054582905,0.029351184346035016,0.016477857878475798,0.021627188465499485,0.01956745623069001,0.02265705458290422,0.02265705458290422,0.021627188465499485,0.01596292481977343,0.013388259526261586,0.015447991761071062,0.01905252317198764,0.02008238928939238,0.02008238928939238,0.02832131822863028,0.026261585993820804,0.02059732234809475,0.010813594232749742,0.015447991761071062,0.01596292481977343,0.017507723995880537,0.01596292481977343,0.014418125643666324,0.02368692070030896,0.029866117404737384,0.016992790937178166,0.01956745623069001,0.01956745623069001,0.022142121524201853,0.013388259526261586,0.021112255406797117,0.01596292481977343,0.015447991761071062,0.021627188465499485,0.02008238928939238,0.02059732234809475,0.02832131822863028,0.021112255406797117,0.02059732234809475
2016-04,0.025559105431309903,0.016613418530351438,0.015548455804046858,0.022364217252396165,0.017678381256656016,0.016826411075612353,0.02406815761448349,0.02470713525026624,0.020447284345047924,0.016826411075612353,0.016187433439829604,0.014270500532481363,0.018956336528221512,0.02428115015974441,0.02470713525026624,0.01703940362087327,0.02002129925452609,0.017678381256656016,0.02321618743343983,0.014909478168264111,0.016400425985090523,0.021512247071352502,0.016826411075612353,0.02002129925452609,0.016187433439829604,0.02726304579339723,0.021512247071352502,0.022790202342918,0.015122470713525026,0.01853035143769968,0.02023429179978701,0.024494142705005325,0.017678381256656016,0.015335463258785943,0.02726304579339723,0.02002129925452609,0.02023429179978701,0.024494142705005325,0.025985090521831736,0.020447284345047924,0.021299254526091587,0.02428115015974441,0.021299254526091587,0.017678381256656016,0.018317358892438764,0.01810436634717785,0.021086261980830672,0.0174653887113951,0.021725239616613417,0.01448349307774228
2016-05,0.02176326893182323,0.019986675549633577,0.015323117921385743,0.023317788141239172,0.018210082167443926,0.015767266266933155,0.020652898067954697,0.021985343104596936,0.023761936486786588,0.022651565622918056,0.01621141461248057,0.017543859649122806,0.019098378858538753,0.024206084832334,0.025094381523428824,0.021985343104596936,0.017543859649122806,0.017765933821896514,0.022651565622918056,0.01310237619364868,0.017543859649122806,0.020652898067954697,0.014212747057517211,0.020652898067954697,0.014212747057517211,0.02353986231401288,0.016433488785254274,0.02664890073284477,0.017765933821896514,0.022651565622918056,0.020208749722407285,0.021541194759049524,0.015545192094159449,0.019542527204086165,0.019098378858538753,0.02465023317788141,0.020652898067954697,0.02220741727737064,0.02553852986897624,0.017765933821896514,0.02353986231401288,0.02553852986897624,0.01487896957583833,0.017321785476349102,0.015101043748612037,0.023761936486786588,0.020652898067954697,0.018876304685765045,0.021319120586275817,0.019320453031312457
2016-06,0.025122979620520028,0.017217146872803936,0.01651440618411806,0.023893183415319746,0.021433591004919185,0.016163035839775124,0.025122979620520028,0.027231201686577652,0.018271257905832748,0.01950105411103303,0.017217146872803936,0.014757554462403373,0.020555165144061843,0.018622628250175684,0.025474349964862964,0.02196064652143359,0.017919887561489812,0.020379479971890373,0.018446943078004218,0.012825017568517217,0.014581869290231905,0.02108222066057625,0.014933239634574842,0.022839072382290933,0.017919887561489812,0.021257905832747715,0.01932536893886156,0.025650035137034434,0.02178496134926212,0.019676739283204497,0.018446943078004218,0.026704146170063246,0.014757554462403373,0.01809557273366128,0.021609276177090655,0.022839072382290933,0.023893183415319746,0.019852424455375967,0.025650035137034434,0.014757554462403373,0.020555165144061843,0.02617709065354884,0.014054813773717497,0.018271257905832748,0.021257905832747715,0.018973998594518624,0.020028109627547436,0.01932536893886156,0.019676739283204497,0.017392832044975406
2016-07,0.02608540289440772,0.016973378595676256,0.02197605860282294,0.019474718599249596,0.019296051456137216,0.01733071288190102,0.025549401465070575,0.025013400035733428,0.020189387171699123,0.018760050026800073,0.02304806146149723,0.015901375737001965,0.015901375737001965,0.020010720028586743,0.025728068608182955,0.01840271574057531,0.015901375737001965,0.017866714311238163,0.01643737716633911,0.015722708593889585,0.014650705735215293,0.020010720028586743,0.015008040021440057,0.01983205288547436,0.015008040021440057,0.02412006432017152,0.01983205288547436,0.02537073432195819,0.0242987314632839,0.02072538860103627,0.017866714311238163,0.02608540289440772,0.013936037162765768,0.01858138288368769,0.023584062890834374,0.021618724316598177,0.023405395747721994,0.020546721457923887,0.02608540289440772,0.015544041450777202,0.022690727175272467,0.025728068608182955,0.01625871002322673,0.018760050026800073,0.018938717169912453,0.02412006432017152,0.014829372878327675,0.022154725745935324,0.018045381454350546,0.016794711452563872
2016-08,0.030753968253968252,0.016865079365079364,0.016121031746031748,0.0248015873015873,0.020833333333333332,0.016121031746031748,0.024305555555555556,0.023561507936507936,0.018353174603174604,0.018353174603174604,0.015128968253968254,0.00992063492063492,0.019345238095238096,0.018849206349206348,0.024553571428571428,0.02628968253968254,0.01636904761904762,0.017857142857142856,0.023313492063492064,0.011656746031746032,0.016865079365079364,0.021577380952380952,0.018105158730158732,0.019345238095238096,0.016617063492063492,0.023561507936507936,0.022569444444444444,0.02554563492063492,0.023313492063492064,0.029265873015873016,0.019345238095238096,0.023065476190476192,0.016617063492063492,0.013888888888888888,0.021825396825396824,0.020089285714285716,0.019593253968253968,0.017361111111111112,0.023809523809523808,0.019097222222222224,0.017361111111111112,0.026537698412698412,0.016617063492063492,0.01636904761904762,0.020337301587301588,0.022817460317460316,0.017857142857142856,0.021825396825396824,0.016865079365079364,0.018601190476190476
2016-09,0.02302357836338419,0.015533980582524271,0.016920943134535366,0.021914008321775313,0.02163661581137309,0.01581137309292649,0.02330097087378641,0.024410540915395285,0.018307905686546465,0.023855755894590845,0.021359223300970873,0.016643550624133148,0.014424410540915394,0.02274618585298197,0.02912621359223301,0.02330097087378641,0.0188626907073509,0.020249653259361997,0.018030513176144243,0.012482662968099861,0.016643550624133148,0.014979195561719833,0.014424410540915394,0.022191400832177532,0.018030513176144243,0.021914008321775313,0.02246879334257975,0.02274618585298197,0.024687933425797504,0.023578363384188627,0.024410540915395285,0.02662968099861304,0.0188626907073509,0.018030513176144243,0.019972260748959778,0.0188626907073509,0.02246879334257975,0.016643550624133148,0.019417475728155338,0.022191400832177532,0.023578363384188627,0.02912621359223301,0.018585298196948683,0.014701803051317614,0.017753120665742025,0.022191400832177532,0.01636615811373093,0.017753120665742025,0.01331484049930652,0.015533980582524271
2016-10,0.02339854238588416,0.016302263137706177,0.01668584579976985,0.022823168392788647,0.01726121979286536,0.016302263137706177,0.01975450709627925,0.020713463751438434,0.023014959723820484,0.018795550441120062,0.019946298427311087,0.01611047180667434,0.02032988108937476,0.019370924434215574,0.026658995013425394,0.02454929037207518,0.018603759110088224,0.017069428461833524,0.01668584579976985,0.01611047180667434,0.017069428461833524,0.020521672420406596,0.02032988108937476,0.02167242040659762,0.01802838511699271,0.021288837744533946,0.0189873417721519,0.025124664365170694,0.024165707710011506,0.023590333716915997,0.01822017644802455,0.02704257767548907,0.019370924434215574,0.015535097813578827,0.023206751054852322,0.019179133103183737,0.01726121979286536,0.01726121979286536,0.02032988108937476,0.01611047180667434,0.020713463751438434,0.02896049098580744,0.019370924434215574,0.015726889144610665,0.02090525508247027,0.016877637130801686,0.022823168392788647,0.024357499041043344,0.020138089758342925,0.01534330648254699
2016-11,0.024002762907960627,0.013469176308064238,0.013814539803142808,0.0243481264030392,0.02106717319979278,0.017440856501467795,0.024002762907960627,0.02745639785874633,0.02141253669487135,0.019685719219478502,0.019167673976860644,0.015714039026074943,0.015886720773614228,0.020031082714557072,0.025211535140735625,0.02572958038335348,0.016404766016232083,0.016404766016232083,0.01726817475392851,0.013469176308064238,0.014505266793299948,0.01864962873424279,0.01864962873424279,0.018822310481782074,0.015886720773614228,0.024175444655499912,0.025556898635814194,0.023830081160421342,0.02037644620963564,0.020894491452253496,0.020894491452253496,0.02676567086858919,0.015368675530996374,0.016750129511310656,0.022103263685028494,0.019167673976860644,0.02193058193748921,0.02141253669487135,0.02503885339319634,0.017440856501467795,0.020203764462096357,0.027629079606285616,0.01795890174408565,0.020549127957174926,0.019167673976860644,0.019513037471939217,0.016577447763771368,0.02141253669487135,0.015541357278535659,0.021239854947332066
2016-12,0.02364394993045897,0.01410689449632426,0.016689847009735744,0.0214583747268031,0.018577389231074905,0.017881978939002584,0.02304788396582555,0.026028213788992647,0.020663620107291874,0.016987879992052455,0.01778263461156368,0.013709517186568647,0.020961653089608585,0.01967017683290284,0.022849195310947746,0.022253129346314324,0.01629246969998013,0.018478044903636002,0.01986886548778065,0.013709517186568647,0.01718656864693026,0.02116034174448639,0.01808066759388039,0.018776077885952713,0.015299026425591099,0.025332803496920325,0.02364394993045897,0.025829525134114843,0.01688853566461355,0.01967017683290284,0.019968209815219552,0.023246572620703357,0.01937214385058613,0.01688853566461355,0.020961653089608585,0.024041327240214582,0.021955096363997617,0.01937214385058613,0.024438704549970196,0.022749850983508842,0.020762964434730777,0.027717067355454005,0.017285912974369162,0.017683290284124777,0.021955096363997617,0.01778263461156368,0.01937214385058613,0.022849195310947746,0.01818001192131929,0.01688853566461355
2017-01,0.02113237639553429,0.01541733120680489,0.01634768740031898,0.024056353003721425,0.017543859649122806,0.018607123870281767,0.022727272727272728,0.025119617224880382,0.01634768740031898,0.018872939925571503,0.02060074428495481,0.01674641148325359,0.019936204146730464,0.026049973418394472,0.025518341307814992,0.019936204146730464,0.01634768740031898,0.018740031897926633,0.019005847953216373,0.017278043593833066,0.015151515151515152,0.020202020202020204,0.019005847953216373,0.0171451355661882,0.01634768740031898,0.022594364699627858,0.0215311004784689,0.02126528442317916,0.02166400850611377,0.023125996810207338,0.02126528442317916,0.022594364699627858,0.017543859649122806,0.01701222753854333,0.02086656034024455,0.024056353003721425,0.021929824561403508,0.019537480063795853,0.022195640616693248,0.02086656034024455,0.017942583732057416,0.024587985114300905,0.017942583732057416,0.01701222753854333,0.022461456671982988,0.019005847953216373,0.019670388091440724,0.022860180754917598,0.017809675704412546,0.018474215842636896
2017-02,0.021013308428671492,0.017277609152463225,0.020079383609619427,0.021480270838197525,0.017277609152463225,0.015876721923885128,0.024982488909642775,0.02474900770487976,0.01774457156198926,0.022180714452486573,0.021013308428671492,0.01704412794770021,0.02054634601914546,0.018911977585804342,0.02591641372869484,0.020312864814382443,0.01961242120009339,0.016810646742937193,0.015176278309596078,0.013775391081017978,0.016577165538174177,0.020779827223908476,0.013308428671491944,0.01914545879056736,0.020079383609619427,0.021480270838197525,0.02474900770487976,0.022180714452486573,0.020312864814382443,0.022881158066775625,0.018678496381041326,0.01914545879056736,0.015176278309596078,0.015409759514359094,0.02124678963343451,0.024982488909642775,0.020779827223908476,0.018211533971515294,0.024048564090590707,0.021013308428671492,0.02171375204296054,0.024282045295353723,0.018911977585804342,0.018211533971515294,0.018678496381041326,0.01751109035722624,0.02264767686201261,0.025449451319168807,0.01844501517627831,0.022180714452486573
2017-03,0.023679798826487845,0.01550712489522213,0.01592623637887678,0.018440905280804692,0.020326906957250628,0.016764459346186086,0.019907795473595977,0.028918692372170998,0.02137468566638726,0.018860016764459347,0.01655490360435876,0.01655490360435876,0.01655490360435876,0.019279128248113998,0.025146689019279127,0.02137468566638726,0.01592623637887678,0.01655490360435876,0.018860016764459347,0.012154233025984913,0.016345347862531435,0.01802179379715004,0.020326906957250628,0.01655490360435876,0.018440905280804692,0.025984911986588432,0.026194467728415757,0.024098910310142496,0.019698239731768652,0.019698239731768652,0.017393126571668065,0.021165129924559933,0.01655490360435876,0.014668901927912825,0.024727577535624476,0.023260687342833195,0.019698239731768652,0.018440905280804692,0.024308466051969825,0.01802179379715004,0.021165129924559933,0.021165129924559933,0.021165129924559933,0.019069572506286672,0.026404023470243086,0.020746018440905283,0.020117351215423303,0.021584241408214584,0.02179379715004191,0.02451802179379715
2017-04,0.024555461473327687,0.015241320914479255,0.014817950889077053,0.01947502116850127,0.016088060965283656,0.015664690939881456,0.01926333615580017,0.027095681625740897,0.021380186282811176,0.015876375952582556,0.02032176121930567,0.014817950889077053,0.018839966130397966,0.01989839119390347,0.024132091447925486,0.02307366638441998,0.01926333615580017,0.015876375952582556,0.01926333615580017,0.017569856054191365,0.017993226079593565,0.020745131244707875,0.01672311600338696,0.01968670618120237,0.01418289585097375,0.02032176121930567,0.023920406435224386,0.02582557154953429,0.02561388653683319,0.017781541066892465,0.02307366638441998,0.0279424216765453,0.015453005927180356,0.01947502116850127,0.02265029635901778,0.020745131244707875,0.02265029635901778,0.020956816257408976,0.023708721422523286,0.02201524132091448,0.023920406435224386,0.024132091447925486,0.01714648602878916,0.01714648602878916,0.018416596104995766,0.017569856054191365,0.017781541066892465,0.02180355630821338,0.01714648602878916,0.020956816257408976
2017-05,0.028089887640449437,0.01976695796920516,0.015397419891801914,0.021015397419891804,0.01914273824386184,0.016853932584269662,0.02267998335414066,0.025801081980857263,0.0178942987931752,0.019975031210986267,0.01893466500208073,0.011860174781523096,0.01976695796920516,0.018310445276737412,0.02267998335414066,0.021639617145235122,0.017478152309612985,0.01706200582605077,0.021431543903454017,0.016021639617145235,0.018518518518518517,0.021431543903454017,0.01914273824386184,0.020183104452767373,0.016229712858926344,0.022263836870578445,0.02247191011235955,0.02746566791510612,0.019975031210986267,0.02267998335414066,0.02455264253017062,0.018102372034956304,0.020599250936329586,0.014148980441115273,0.022263836870578445,0.024136496046608405,0.020599250936329586,0.019975031210986267,0.02122347066167291,0.019975031210986267,0.01893466500208073,0.025593008739076155,0.019558884727424054,0.017478152309612985,0.018310445276737412,0.019350811485642945,0.016645859342488557,0.01914273824386184,0.01914273824386184,0.018102372034956304
2017-06,0.02483660130718954,0.016339869281045753,0.01568627450980392,0.020697167755991286,0.02091503267973856,0.015468409586056645,0.02483660130718954,0.02113289760348584,0.018300653594771243,0.018518518518518517,0.018518518518518517,0.01721132897603486,0.016339869281045753,0.016775599128540306,0.025925925925925925,0.023529411764705882,0.020261437908496733,0.018518518518518517,0.01982570806100218,0.013725490196078431,0.018300653594771243,0.020697167755991286,0.020261437908496733,0.021350762527233117,0.01699346405228758,0.01982570806100218,0.02570806100217865,0.02483660130718954,0.023965141612200435,0.019389978213507627,0.01917211328976035,0.02178649237472767,0.01764705882352941,0.013507625272331155,0.022004357298474945,0.023529411764705882,0.021568627450980392,0.020261437908496733,0.025490196078431372,0.0196078431372549,0.022657952069716776,0.024183006535947713,0.01699346405228758,0.019389978213507627,0.01895424836601307,0.01917211328976035,0.016339869281045753,0.019389978213507627,0.020697167755991286,0.01895424836601307
2017-07,0.02650697035146279,0.01511879049676026,0.017278617710583154,0.02199096799528765,0.019242096995876694,0.022187315923817005,0.017867661496171215,0.02650697035146279,0.01767131356764186,0.023758099352051837,0.01472609463970155,0.017867661496171215,0.01806400942470057,0.02042018456705282,0.023561751423522483,0.024739838994698605,0.01668957392499509,0.019831140781464755,0.020812880424111526,0.015707834282348322,0.018456705281759276,0.019438444924406047,0.020616532495582172,0.021401924209699587,0.015904182210877676,0.022383663852346358,0.022383663852346358,0.02395444728058119,0.022383663852346358,0.020223836638523465,0.0196347928529354,0.022187315923817005,0.018653053210288633,0.014529746711172197,0.019242096995876694,0.02395444728058119,0.019242096995876694,0.017867661496171215,0.024347143137639898,0.02042018456705282,0.020812880424111526,0.026114274494404083,0.015707834282348322,0.018653053210288633,0.019438444924406047,0.01610053013940703,0.016296878067936383,0.019438444924406047,0.0196347928529354,0.020027488709994108
2017-08,0.02631578947368421,0.016026909378709934,0.016026909378709934,0.01958844479620103,0.01741195092995647,0.016818361693707953,0.0259200633161852,0.02809655718242976,0.022754254056193114,0.017214087851206965,0.015235457063711912,0.01444400474871389,0.018994855559952513,0.024930747922437674,0.026909378709932725,0.02176493866244559,0.01958844479620103,0.016818361693707953,0.021567075583696083,0.015829046299960427,0.015235457063711912,0.020577760189948554,0.018401266323703997,0.022556390977443608,0.013058963197467353,0.021171349426197073,0.02334784329244163,0.025326474079936684,0.021567075583696083,0.019786307874950535,0.018796992481203006,0.02433715868618916,0.015433320142461416,0.015829046299960427,0.023149980213692124,0.021567075583696083,0.022754254056193114,0.01919271863870202,0.019786307874950535,0.02037989711119905,0.01820340324495449,0.023941432528690146,0.015235457063711912,0.01780767708745548,0.022556390977443608,0.020182034032449545,0.023149980213692124,0.020182034032449545,0.01563118322121092,0.018599129402453504
2017-09,0.02377382737202827,0.014778325123152709,0.010923109873634611,0.02313129149710859,0.02120368387234954,0.017991004497751123,0.02206039837224245,0.024630541871921183,0.023345470122081817,0.020775326622403084,0.016277575497965303,0.013064896123366887,0.015206682373099165,0.01906189762261726,0.029985007496251874,0.018633540372670808,0.018847718997644036,0.016277575497965303,0.02291711287213536,0.011565645748554294,0.015420860998072392,0.021417862497322766,0.019918612122510174,0.0239880059970015,0.016920111372884985,0.021417862497322766,0.020346969372456628,0.024416363246947955,0.026343970871707003,0.017134289997858213,0.024630541871921183,0.0239880059970015,0.017991004497751123,0.01563503962304562,0.022488755622188907,0.02313129149710859,0.018847718997644036,0.01820518312272435,0.022488755622188907,0.020561147997429856,0.021846219747269222,0.021632041122295994,0.01841936174769758,0.01756264724780467,0.020132790747483403,0.017776825872777898,0.02206039837224245,0.02377382737202827,0.016277575497965303,0.020775326622403084
2017-10,0.023943936149503603,0.017909285575238465,0.016741288689896827,0.02238660696904808,0.015573291804555188,0.015962624099669066,0.019271948608137045,0.020245279345921744,0.020439945493478683,0.019077282460580106,0.021607942378820324,0.017130620985010708,0.019466614755693983,0.02238660696904808,0.02803192524819934,0.022191940821491143,0.019661280903250925,0.017325287132567646,0.019077282460580106,0.014794627214327428,0.016157290247226008,0.022191940821491143,0.020439945493478683,0.023165271559275842,0.016935954837453766,0.022191940821491143,0.020050613198364806,0.02550126532995912,0.02277593926416196,0.021023943936149505,0.018493284017909284,0.019466614755693983,0.018103951722795407,0.015378625656998247,0.021023943936149505,0.02472260073973136,0.019466614755693983,0.021413276231263382,0.022581273116605023,0.016157290247226008,0.021413276231263382,0.025890597625072998,0.018298617870352345,0.019271948608137045,0.020050613198364806,0.017714619427681527,0.018298617870352345,0.020634611641035625,0.020245279345921744,0.017714619427681527
2017-11,0.01970028624347533,0.021889206937194813,0.014312173766627379,0.021552449907391816,0.018184879609361847,0.01666947297524836,0.02492002020542179,0.023909749116012798,0.01970028624347533,0.01751136554975585,0.018016501094460347,0.01767974406465735,0.016164337430543862,0.02138407139249032,0.03384408149520121,0.0235729920862098,0.01767974406465735,0.016164337430543862,0.020542178817982825,0.015490823370937868,0.013301902677218386,0.019363529213672334,0.016837851490149856,0.020205421788179828,0.016332715945445362,0.022057585452096313,0.024751641690520288,0.02441488466071729,0.021720828422293316,0.01986866475837683,0.01885839366896784,0.02441488466071729,0.016164337430543862,0.01784812257955885,0.020205421788179828,0.023067856541505304,0.020710557332884325,0.019531907728573834,0.02492002020542179,0.021047314362687322,0.022057585452096313,0.025425155750126285,0.015995958915642365,0.018353258124263343,0.019195150698770837,0.01532244485603637,0.019363529213672334,0.020037043273278328,0.021047314362687322,0.01869001515406634
2017-12,0.02323749507680189,0.015261914139424971,0.01388341866876723,0.024025206774320598,0.019495864513588028,0.013981882630957069,0.018905080740448995,0.027077589602205594,0.019495864513588028,0.01792044111855061,0.019594328475777866,0.01604962583694368,0.01811736904293029,0.020578968097676252,0.0278653012997243,0.02323749507680189,0.02067743205986609,0.016738873572272547,0.024123670736510436,0.0145726664040961,0.01654194564789287,0.019594328475777866,0.01683733753446239,0.016246553761323355,0.01604962583694368,0.019791256400157543,0.02205592753052383,0.024222134698700274,0.02048050413548641,0.019692792437967704,0.020578968097676252,0.02934226073257188,0.014375738479716424,0.017723513194170933,0.02077589602205593,0.025305238282788498,0.022351319417093344,0.02264671130366286,0.021563607719574635,0.016246553761323355,0.022745175265852697,0.028849940921622685,0.01723119338322174,0.018412760929499804,0.020382040173296572,0.02048050413548641,0.01723119338322174,0.019003544702638833,0.01732965734541158,0.021071287908625443
2018-01,0.022017489069331667,0.01655215490318551,0.015771392879450345,0.022329793878825735,0.01764522173641474,0.01811367895065584,0.019206745783885072,0.027326670830730794,0.020924422236102434,0.01858213616489694,0.021392879450343537,0.017020612117426608,0.016396002498438474,0.020768269831355404,0.026858213616489695,0.020924422236102434,0.01764522173641474,0.016396002498438474,0.017332916926920676,0.013897564022485947,0.015459088069956278,0.017176764522173642,0.017176764522173642,0.018738288569643973,0.018425983760149905,0.020768269831355404,0.026545908806995627,0.0217051842598376,0.021236727045596503,0.022329793878825735,0.02061211742660837,0.023579013116801998,0.015459088069956278,0.016396002498438474,0.022329793878825735,0.023579013116801998,0.021392879450343537,0.018425983760149905,0.019519050593379137,0.0226420986883198,0.018425983760149905,0.03076202373516552,0.020299812617114305,0.017332916926920676,0.0226420986883198,0.019206745783885072,0.02061211742660837,0.018425983760149905,0.018738288569643973,0.022954403497813865
2018-02,0.022391304347826088,0.017391304347826087,0.014782608695652174,0.01934782608695652,0.02,0.017826086956521738,0.02108695652173913,0.025217391304347827,0.016739130434782607,0.021739130434782608,0.016956521739130436,0.018260869565217393,0.017826086956521738,0.020652173913043477,0.02608695652173913,0.01956521739130435,0.020217391304347826,0.018260869565217393,0.020217391304347826,0.015,0.01847826086956522,0.02108695652173913,0.018260869565217393,0.015,0.014782608695652174,0.02,0.02608695652173913,0.026956521739130435,0.02043478260869565,0.020217391304347826,0.02217391304347826,0.02282608695652174,0.01717391304347826,0.01891304347826087,0.02108695652173913,0.01565217391304348,0.020869565217391306,0.01891304347826087,0.021956521739130434,0.019130434782608695,0.026304347826086958,0.02782608695652174,0.018260869565217393,0.01847826086956522,0.02326086956521739,0.018043478260869564,0.020217391304347826,0.021739130434782608,0.01717391304347826,0.019130434782608695
2018-03,0.024994105163876443,0.01603395425607168,0.013204432916764914,0.01933506248526291,0.016741334590898372,0.020514029709974062,0.021692996934685217,0.02688045272341429,0.01980664937514737,0.022164583824569678,0.01933506248526291,0.014619193586418298,0.01650554114595614,0.02381513793916529,0.02405093138410752,0.01980664937514737,0.017920301815609527,0.017212921480782833,0.02758783305824098,0.013440226361707145,0.017920301815609527,0.020985616599858523,0.01886347559537845,0.017920301815609527,0.018156095260551758,0.02287196415939637,0.02334355104928083,0.0200424428200896,0.018391888705493988,0.01933506248526291,0.021221410044800753,0.02735203961329875,0.01626974770101391,0.012497052581938221,0.0200424428200896,0.01862768215043622,0.025229898608818673,0.018156095260551758,0.01957085593020514,0.021457203489742987,0.018391888705493988,0.031360528177316674,0.0200424428200896,0.014619193586418298,0.021928790379627448,0.01862768215043622,0.01980664937514737,0.021928790379627448,0.01626974770101391,0.0231077576043386
2018-04,0.0184060042887777,0.015725518227305217,0.015546819156540386,0.024124374553252323,0.01661901358112938,0.016082916368834882,0.0184060042887777,0.024481772694781988,0.017155110793423873,0.020014295925661188,0.01679771265189421,0.014474624731951394,0.017333809864188705,0.024303073624017155,0.0273409578270193,0.020907791279485347,0.019120800571837026,0.018942101501072194,0.023409578270192993,0.015189421015010722,0.017512508934953538,0.01697641172265904,0.019656897784131523,0.02055039313795568,0.01929949964260186,0.0184060042887777,0.021622587562544676,0.026090064331665476,0.022516082916368835,0.023766976411722658,0.023230879199428164,0.027162258756254467,0.014117226590421729,0.01697641172265904,0.022694781987133667,0.023052180128663332,0.022516082916368835,0.021979985704074338,0.019835596854896356,0.016082916368834882,0.023052180128663332,0.029664045746962117,0.014832022873481059,0.017333809864188705,0.017333809864188705,0.020729092208720514,0.01876340243030736,0.021801286633309505,0.017155110793423873,0.020907791279485347
2018-05,0.022073079791200597,0.01476510067114094,0.01923937360178971,0.02162565249813572,0.021178225205070844,0.01923937360178971,0.018642803877703208,0.02371364653243848,0.01923937360178971,0.01879194630872483,0.017002237136465325,0.017002237136465325,0.016703952274422073,0.021327367636092467,0.02714392244593587,0.02237136465324385,0.017300521998508577,0.018493661446681582,0.01640566741237882,0.014466815809097689,0.016554809843400447,0.016703952274422073,0.021327367636092467,0.019985085756897836,0.01819537658463833,0.018941088739746457,0.02535421327367636,0.021029082774049218,0.021327367636092467,0.019686800894854587,0.020730797912005966,0.028038777032065622,0.01640566741237882,0.01580909768829232,0.019835943325876213,0.021476510067114093,0.019835943325876213,0.021774794929157345,0.021178225205070844,0.019090231170768083,0.02609992542878449,0.023862788963460103,0.022073079791200597,0.016703952274422073,0.022520507084265475,0.01923937360178971,0.018046234153616704,0.021178225205070844,0.01923937360178971,0.021029082774049218
2018-06,0.024313869957634925,0.01565665868484067,0.016577638607478358,0.020077362313501566,0.022287714127832012,0.018051206483698654,0.022840302081414625,0.027629397679130595,0.01989316632897403,0.022840302081414625,0.018051206483698654,0.013814698839565298,0.01989316632897403,0.022656106096887087,0.027076809725547983,0.018051206483698654,0.018787990421808804,0.019524774359918954,0.020814146251611716,0.013998894824092835,0.016025050653895746,0.017498618530116042,0.016577638607478358,0.01841959845275373,0.016025050653895746,0.0217351261742494,0.025050653895745074,0.02247191011235955,0.022840302081414625,0.015288266715785596,0.023392890034997237,0.026892613741020446,0.016946030576533433,0.014735678762202983,0.019524774359918954,0.023577086019524775,0.02118253822066679,0.016946030576533433,0.021550930189721863,0.01823540246822619,0.01841959845275373,0.02523484988027261,0.01970897034444649,0.01639344262295082,0.022840302081414625,0.019340578375391416,0.021550930189721863,0.02247191011235955,0.013814698839565298,0.02247191011235955
2018-07,0.019824707846410685,0.015859766277128547,0.014398998330550918,0.018989983305509182,0.022120200333889815,0.01857262103505843,0.01961602671118531,0.024624373956594323,0.021285475792988316,0.02149415692821369,0.01815525876460768,0.014398998330550918,0.0162771285475793,0.020868113522537562,0.029841402337228713,0.024415692821368948,0.015025041736227046,0.018781302170283808,0.026085141903171953,0.015442404006677797,0.014607679465776294,0.022120200333889815,0.017737896494156927,0.019407345575959932,0.015859766277128547,0.017111853088480802,0.024207011686143573,0.021702838063439065,0.019824707846410685,0.019824707846410685,0.022746243739565943,0.025459098497495825,0.012520868113522538,0.017946577629382305,0.016903171953255424,0.022537562604340568,0.015859766277128547,0.01961602671118531,0.023998330550918198,0.020450751252086813,0.01961602671118531,0.03046744574290484,0.021076794657762937,0.018989983305509182,0.017737896494156927,0.020450751252086813,0.021702838063439065,0.02378964941569282,0.017946577629382305,0.021702838063439065
2018-08,0.024700070571630206,0.017407668783815573,0.017407668783815573,0.024700070571630206,0.01834862385321101,0.016701952481768995,0.0207010115266996,0.022347682898141614,0.02093625029404846,0.01787814631851329,0.01999529522465302,0.014584803575629263,0.019289578922606444,0.02093625029404846,0.0258762644083745,0.02117148906139732,0.015760997412373558,0.019524817689955305,0.02093625029404846,0.013173370971536109,0.015760997412373558,0.018583862620559867,0.01787814631851329,0.017172430016466712,0.018819101387908727,0.022582921665490474,0.0207010115266996,0.020230533992001882,0.022112444130792754,0.02117148906139732,0.019289578922606444,0.02564102564102564,0.015055281110326982,0.019524817689955305,0.0207010115266996,0.02328863796753705,0.019289578922606444,0.017407668783815573,0.022347682898141614,0.02328863796753705,0.023523876734885908,0.024700070571630206,0.01834862385321101,0.016937191249117856,0.019524817689955305,0.02564102564102564,0.019054340155257588,0.017407668783815573,0.01787814631851329,0.02375911550223477
2018-09,0.02163331530557058,0.016495402920497566,0.015143320713899405,0.023255813953488372,0.018929150892374257,0.017847485127095726,0.02055164954029205,0.02704164413196322,0.01919956733369389,0.019740400216333154,0.014332071389940509,0.017306652244456464,0.018658734451054624,0.01811790156841536,0.029475392103839912,0.022714981070849107,0.017306652244456464,0.018929150892374257,0.022444564629529474,0.012979989183342347,0.014872904272579772,0.01919956733369389,0.018929150892374257,0.01919956733369389,0.017577068685776097,0.021362898864250947,0.020281233098972416,0.023255813953488372,0.02298539751216874,0.020010816657652784,0.016224986479177934,0.02704164413196322,0.0167658193618172,0.017577068685776097,0.022444564629529474,0.024878312601406164,0.02055164954029205,0.019740400216333154,0.022174148188209845,0.02163331530557058,0.02055164954029205,0.03028664142779881,0.0167658193618172,0.019740400216333154,0.019469983775013522,0.017847485127095726,0.021092482422931314,0.019469983775013522,0.017306652244456464,0.018658734451054624
2018-10,0.019971804511278196,0.016917293233082706,0.015272556390977443,0.021851503759398497,0.016917293233082706,0.020911654135338346,0.021851503759398497,0.028665413533834585,0.019031954887218046,0.01550751879699248,0.01832706766917293,0.01362781954887218,0.022086466165413533,0.01644736842105263,0.02631578947368421,0.024671052631578948,0.01856203007518797,0.016917293233082706,0.01856203007518797,0.015272556390977443,0.013862781954887217,0.02138157894736842,0.019031954887218046,0.023026315789473683,0.017857142857142856,0.024201127819548873,0.025610902255639098,0.024201127819548873,0.017857142857142856,0.020911654135338346,0.020911654135338346,0.023261278195488722,0.013392857142857142,0.019736842105263157,0.01832706766917293,0.02631578947368421,0.021616541353383457,0.019736842105263157,0.023261278195488722,0.022791353383458647,0.020911654135338346,0.02843045112781955,0.01762218045112782,0.01644736842105263,0.019031954887218046,0.01762218045112782,0.01856203007518797,0.021146616541353382,0.015272556390977443,0.019971804511278196
2018-11,0.019715533023517813,0.014786649767638362,0.015209125475285171,0.02506689198704408,0.018307280664695114,0.019574707787635544,0.01746232924940149,0.026052668638219968,0.01633572736234333,0.022954513448810027,0.01633572736234333,0.014786649767638362,0.021546261089987327,0.022532037741163215,0.02689762005351359,0.022813688212927757,0.017884804957048302,0.01746232924940149,0.021123785382340516,0.01492747500352063,0.01436417405999155,0.021687086325869596,0.020842134910575974,0.022672862977045488,0.01746232924940149,0.021546261089987327,0.022672862977045488,0.018307280664695114,0.02323616392057457,0.017603154485283764,0.022250387269398677,0.030840726658217153,0.016617377834107872,0.014786649767638362,0.01633572736234333,0.022813688212927757,0.020701309674693705,0.018729756372341925,0.02563019293057316,0.019152232079988733,0.021123785382340516,0.03351640613998028,0.015209125475285171,0.015913251654696522,0.017180678777636953,0.020982960146458247,0.019152232079988733,0.021264610618222785,0.015772426418814253,0.019856358259400086
2018-12,0.02336300063572791,0.013191354100445009,0.01795931341385887,0.02129688493324857,0.017323585505403687,0.019071837253655435,0.019707565162110616,0.024793388429752067,0.01891290527654164,0.02129688493324857,0.018753973299427844,0.015575333757151939,0.017323585505403687,0.02225047679593134,0.023521932612841703,0.019866497139224414,0.019707565162110616,0.01621106166560712,0.01827717736808646,0.012078830260648443,0.017641449459631278,0.022727272727272728,0.020502225047679592,0.020502225047679592,0.01795931341385887,0.020502225047679592,0.02542911633820725,0.023521932612841703,0.02304513668150032,0.018753973299427844,0.020502225047679592,0.0270184361093452,0.015734265734265736,0.014144945963127781,0.020502225047679592,0.026064844246662427,0.02097902097902098,0.017641449459631278,0.02097902097902098,0.01859504132231405,0.017164653528289893,0.03178639542275906,0.02129688493324857,0.018436109345200253,0.017641449459631278,0.017005721551176096,0.02097902097902098,0.02066115702479339,0.019548633184996823,0.02225047679593134
2019-01,0.023002633889376647,0.018261633011413522,0.014749780509218612,0.025987708516242318,0.019841966637401228,0.015452151009657595,0.02159789288849868,0.0228270412642669,0.021071115013169446,0.019315188762071993,0.018086040386303775,0.01527655838454785,0.0189640035118525,0.016154521510096578,0.024582967515364356,0.023880597014925373,0.02054433713784021,0.016856892010535557,0.02212467076382792,0.010535557506584723,0.01633011413520632,0.018788410886742758,0.018437225636523266,0.020895522388059702,0.01861281826163301,0.021246707638279193,0.02212467076382792,0.019666374012291484,0.02317822651448639,0.023002633889376647,0.020895522388059702,0.024582967515364356,0.018261633011413522,0.017032484635645304,0.02019315188762072,0.027568042142230027,0.020017559262510976,0.01633011413520632,0.02177348551360843,0.017208077260755048,0.021949078138718173,0.028446005267778754,0.017734855136084283,0.020368744512730467,0.02177348551360843,0.017734855136084283,0.019666374012291484,0.02054433713784021,0.017208077260755048,0.019315188762071993
2019-02,0.020066889632107024,0.016005733397037744,0.017200191113234592,0.02771141901576684,0.019350215002388916,0.014572384137601528,0.017677974199713332,0.023411371237458192,0.01839464882943144,0.018633540372670808,0.023889154323936932,0.01409460105112279,0.020066889632107024,0.023889154323936932,0.030100334448160536,0.015766841853798376,0.022933588150979456,0.015289058767319636,0.023411371237458192,0.015527950310559006,0.018633540372670808,0.0179168657429527,0.01433349259436216,0.02150023889154324,0.019589106545628284,0.019827998088867656,0.023650262780697564,0.021739130434782608,0.021739130434782608,0.017200191113234592,0.026278069756330624,0.02460582895365504,0.016244624940277116,0.017200191113234592,0.016722408026755852,0.019111323459149548,0.0210224558050645,0.017200191113234592,0.017200191113234592,0.019350215002388916,0.023172479694218824,0.026278069756330624,0.018633540372670808,0.01743908265647396,0.021739130434782608,0.02460582895365504,0.020544672718585764,0.019350215002388916,0.018155757286192068,0.0210224558050645
2019-03,0.019230769230769232,0.017558528428093644,0.016722408026755852,0.04640468227424749,0.019648829431438128,0.020693979933110368,0.017767558528428092,0.025292642140468228,0.021112040133779264,0.01943979933110368,0.017767558528428092,0.013377926421404682,0.016304347826086956,0.026964882943143812,0.02612876254180602,0.023829431438127092,0.015677257525083612,0.017558528428093644,0.016513377926421404,0.012750836120401338,0.01588628762541806,0.016513377926421404,0.020066889632107024,0.021321070234113712,0.016304347826086956,0.019230769230769232,0.018812709030100336,0.023202341137123744,0.020275919732441472,0.0169314381270903,0.02968227424749164,0.027382943143812708,0.014214046822742474,0.014005016722408026,0.02048494983277592,0.0225752508361204,0.017767558528428092,0.019230769230769232,0.023620401337792644,0.017767558528428092,0.019648829431438128,0.022366220735785952,0.016722408026755852,0.017767558528428092,0.021948160535117056,0.01839464882943144,0.020693979933110368,0.020275919732441472,0.0169314381270903,0.019230769230769232
2019-04,0.02130234809973372,0.01888162672476398,0.01815541031227306,0.024449285887194385,0.020818203824739773,0.01597676107480029,0.016945049624788187,0.024449285887194385,0.020334059549745823,0.02372306947470346,0.019849915274751877,0.013798111837327523,0.019365770999757927,0.024691358024691357,0.02130234809973372,0.022754780924715567,0.020818203824739773,0.017429193899782137,0.02202856451222464,0.011135318324860808,0.017913338174776083,0.017913338174776083,0.015250544662309368,0.019365770999757927,0.02202856451222464,0.02178649237472767,0.02299685306221254,0.01767126603727911,0.02372306947470346,0.017913338174776083,0.02130234809973372,0.022270636649721617,0.019365770999757927,0.01597676107480029,0.022270636649721617,0.02299685306221254,0.023965141612200435,0.015492616799806342,0.02299685306221254,0.01597676107480029,0.017913338174776083,0.03558460421205519,0.019365770999757927,0.01670297748729121,0.019365770999757927,0.01767126603727911,0.02372306947470346,0.01839748244977003,0.013798111837327523,0.020091987412248852
2019-05,0.02186277995023107,0.015286171347316033,0.013153217205830075,0.024351226448631354,0.018130110202630643,0.021151795236402416,0.021151795236402416,0.020974049057945254,0.020440810522573766,0.020796302879488093,0.01670814077497334,0.015286171347316033,0.018841094916459297,0.022040526128688235,0.024351226448631354,0.02186277995023107,0.019018841094916458,0.01670814077497334,0.019018841094916458,0.01404194809811589,0.018307856381087808,0.0202630643441166,0.01795236402417348,0.01670814077497334,0.017063633131887666,0.021507287593316743,0.026128688233202985,0.021151795236402416,0.023817987913259866,0.01866334873800213,0.01955207963028795,0.02470671880554568,0.019374333451830785,0.016530394596516174,0.020974049057945254,0.023107003199431212,0.024884464984002843,0.015641663704230358,0.024173480270174193,0.018307856381087808,0.01848560255954497,0.024351226448631354,0.020440810522573766,0.01848560255954497,0.02186277995023107,0.01866334873800213,0.019907571987202274,0.022040526128688235,0.021685033771773908,0.02008531816565944
2019-06,0.024534942182001005,0.01739567621920563,0.013976872800402213,0.02001005530417295,0.021820010055304172,0.019708396178984414,0.02212166918049271,0.023127199597787834,0.021417797888386124,0.020110608345902465,0.019306184012066366,0.01689291101055807,0.017596782302664656,0.024032176973353445,0.026244343891402715,0.022423328305681247,0.016691804927099044,0.015987933634992457,0.021417797888386124,0.011965811965811967,0.015887380593262945,0.01820010055304173,0.020412267471091,0.021015585721468076,0.016792357968828556,0.01860231271995978,0.02473604826546003,0.019909502262443438,0.02031171442936149,0.0196078431372549,0.020613373554550025,0.020211161387631977,0.016189039718451485,0.015384615384615385,0.019909502262443438,0.025741578682755152,0.022724987430869783,0.019205630970336854,0.02171945701357466,0.021015585721468076,0.022724987430869783,0.024937154348919056,0.018803418803418803,0.01568627450980392,0.021417797888386124,0.01789844142785319,0.023529411764705882,0.021417797888386124,0.01779788838612368,0.02081447963800905
2019-07,0.021985538401407073,0.016904436193081882,0.015145593120969318,0.026480359585694745,0.022180965409419582,0.01944498729724448,0.01924956028923197,0.025503224545632208,0.018760992769200704,0.01944498729724448,0.01924956028923197,0.014852452608950557,0.018565565761188195,0.023548954465507133,0.0253077975376197,0.022864959937463358,0.018272425249169437,0.018076998241156928,0.02051983584131327,0.014852452608950557,0.015829587649013092,0.018467852257181942,0.019542700801250732,0.021692397889388315,0.019054133281219465,0.019542700801250732,0.022864959937463358,0.01944498729724448,0.02081297635333203,0.018565565761188195,0.019054133281219465,0.021985538401407073,0.013289036544850499,0.013679890560875513,0.02208325190541333,0.022474105921438343,0.020617549345319522,0.019347273793238227,0.023548954465507133,0.018858706273206956,0.020128981825288255,0.02775063513777604,0.019640414305256988,0.018272425249169437,0.021203830369357045,0.019835841313269494,0.021692397889388315,0.02081297635333203,0.016513582177056868,0.022180965409419582
2019-08,0.022213994816734542,0.01721584598296927,0.015364679748241392,0.02332469455757127,0.019807478711588302,0.01647537948907812,0.019807478711588302,0.022954461310625694,0.021103295075897817,0.019252128841169936,0.017771195853387635,0.01629026286560533,0.02054794520547945,0.02054794520547945,0.027952610144390967,0.023509811181044057,0.021288411699370603,0.014253980007404665,0.018511662347278787,0.013883746760459089,0.017030729359496483,0.01888189559422436,0.017030729359496483,0.018696778970751574,0.018326545723805997,0.023509811181044057,0.024620510921880785,0.020362828582006665,0.02499074416882636,0.016845612736023696,0.02239911144020733,0.021473528322843393,0.02054794520547945,0.01629026286560533,0.019252128841169936,0.02850796001480933,0.019622362088115512,0.016845612736023696,0.020918178452425027,0.02073306182895224,0.02239911144020733,0.022213994816734542,0.015364679748241392,0.016660496112550906,0.025175860792299148,0.021103295075897817,0.022954461310625694,0.02313957793409848,0.016105146242132544,0.015920029618659754
2019-09,0.02176991150442478,0.013982300884955752,0.019469026548672566,0.022123893805309734,0.021061946902654866,0.018584070796460177,0.021061946902654866,0.018761061946902656,0.026194690265486726,0.017699115044247787,0.017699115044247787,0.016814159292035398,0.019292035398230087,0.01823008849557522,0.03008849557522124,0.024601769911504423,0.01911504424778761,0.018407079646017697,0.01982300884955752,0.012389380530973451,0.01415929203539823,0.021946902654867255,0.018584070796460177,0.018407079646017697,0.01911504424778761,0.023185840707964603,0.023185840707964603,0.02176991150442478,0.018053097345132742,0.02070796460176991,0.019469026548672566,0.018053097345132742,0.019292035398230087,0.013451327433628318,0.020353982300884955,0.022300884955752213,0.018761061946902656,0.015221238938053097,0.027079646017699115,0.02,0.016814159292035398,0.022831858407079644,0.019469026548672566,0.019469026548672566,0.02584070796460177,0.018761061946902656,0.02088495575221239,0.02265486725663717,0.021946902654867255,0.021061946902654866
2019-10,0.022131147540983605,0.014344262295081968,0.014344262295081968,0.021311475409836064,0.020901639344262295,0.01707650273224044,0.025,0.01994535519125683,0.02336065573770492,0.016530054644808743,0.017349726775956285,0.01830601092896175,0.0203551912568306,0.0226775956284153,0.02663934426229508,0.02062841530054645,0.01721311475409836,0.01557377049180328,0.024043715846994537,0.01707650273224044,0.016939890710382512,0.021584699453551914,0.018715846994535518,0.018579234972677595,0.01830601092896175,0.021994535519125682,0.02622950819672131,0.022950819672131147,0.02103825136612022,0.020491803278688523,0.020765027322404372,0.020218579234972677,0.01707650273224044,0.015437158469945355,0.02144808743169399,0.024316939890710383,0.01612021857923497,0.02226775956284153,0.022404371584699455,0.021584699453551914,0.015710382513661202,0.01994535519125683,0.02062841530054645,0.017486338797814208,0.024316939890710383,0.01830601092896175,0.01994535519125683,0.020765027322404372,0.01912568306010929,0.020491803278688523
2019-11,0.02343010413379615,0.014831177027453455,0.01451562006942253,0.022956768696749764,0.0227989902177343,0.01940675291890186,0.01869674976333228,0.025796781319028083,0.01980119911644052,0.019880088355948247,0.018538971284316818,0.016724518775639,0.01940675291890186,0.023114547175765224,0.025244556642473968,0.02082675923004102,0.01806563584727043,0.01656674029662354,0.019012306721363205,0.01451562006942253,0.016330072578100346,0.01782896812874724,0.018538971284316818,0.020195645313979174,0.01869674976333228,0.019485642158409592,0.0227989902177343,0.02066898075102556,0.021694540864626063,0.019012306721363205,0.02137898390659514,0.021536762385610603,0.016645629536131273,0.016961186494162197,0.02145787314610287,0.025165667402966236,0.01980119911644052,0.01846008204480909,0.02256232249921111,0.01980119911644052,0.020195645313979174,0.022877879457242033,0.017592300410224044,0.01704007573366993,0.02201009782265699,0.020353423792994634,0.024218996528873462,0.01846008204480909,0.0227989902177343,0.021300094667087408
2019-12,0.019551789269487977,0.01526366838531829,0.018275562815866047,0.023788861095512787,0.021593751595283067,0.020674868548675278,0.021236408188268927,0.023482566746643525,0.01669304201337485,0.01934759303690847,0.018326611874010926,0.015672060850477308,0.017969268466996785,0.02138955536270356,0.025422430956148857,0.023278370514064017,0.019858083618357242,0.01602940425749145,0.020368574199806012,0.015621011792332431,0.01715248353667875,0.019041298688039207,0.016999336362244117,0.02001123079279187,0.018122415641431414,0.021083261013834294,0.024554596967685947,0.021644800653427946,0.0217468987697177,0.018888151513604574,0.023278370514064017,0.0206238194905304,0.015774158966767062,0.012098626780335903,0.019245494920618715,0.025320332839859103,0.022206340293021595,0.01786717035070703,0.020113328909081626,0.02098116289754454,0.021491653478993313,0.02435040073510644,0.01873500433916994,0.018632906222880188,0.022921027107049876,0.018122415641431414,0.023227321455919138,0.020776966664965032,0.021593751595283067,0.019551789269487977
2020-01,0.024622346443069144,0.015305782924070007,0.016969454981034138,0.021760830505090836,0.02016370533040527,0.017568376921541225,0.021561189858255142,0.021561189858255142,0.020962267917748054,0.01736873627470553,0.01929859586078392,0.017169095627869835,0.021893924269647966,0.021361549211419445,0.025154721501297665,0.0187662208025554,0.018699673920276834,0.026818393558261794,0.020496439741798097,0.015172689159512876,0.019697877154455312,0.01850003327344114,0.017701470686098356,0.01903240833166966,0.015372329806348572,0.02282558062154788,0.021361549211419445,0.01850003327344114,0.021960471151926533,0.01863312703799827,0.018965861449391094,0.02042989285951953,0.013908298396220138,0.015239236041791442,0.020230252212683836,0.026685299793704664,0.01916550209622679,0.01637053304052705,0.02216011179876223,0.020496439741798097,0.017568376921541225,0.02715112796965462,0.018832767684833964,0.020562986624076664,0.025088174619019098,0.016170892393691357,0.022892127503826444,0.022759033739269314,0.02042989285951953,0.01863312703799827
2020-02,0.02633969118982743,0.015945100413765265,0.018871732768190534,0.019578161267534564,0.021394691694419214,0.01866989605409224,0.01937632455343627,0.022807548693107277,0.021293773337370068,0.021899283479664952,0.01685336562720759,0.01725703905540418,0.021293773337370068,0.019880916338682005,0.02522958926228681,0.021293773337370068,0.019174487839337975,0.015440508628519528,0.019981834695731154,0.013220304773438288,0.01675244727015844,0.01947724291048542,0.018770814411141385,0.019578161267534564,0.01675244727015844,0.024321324048844486,0.022000201836714098,0.01947724291048542,0.01947724291048542,0.019275406196387124,0.020789181552124333,0.018770814411141385,0.016954283984256736,0.01564234534261782,0.01866989605409224,0.02482591583409022,0.02159652840851751,0.015036835200322939,0.020991018266222627,0.022202038550812393,0.019578161267534564,0.022101120193763247,0.019981834695731154,0.020587344838026038,0.02785346654556464,0.015440508628519528,0.022605711979008982,0.02482591583409022,0.01977999798163286,0.0200827530527803
2020-03,0.021359478268481637,0.013393443340482338,0.017420230227163304,0.028844049546986474,0.02039655096949271,0.018820851752965377,0.01720138311375673,0.02293517748500897,0.016982536000350157,0.01873331290760275,0.02201601960870136,0.015187989670416248,0.015450606206504135,0.02455464612421762,0.025605112268569177,0.019346084825141156,0.01956493193854773,0.015888300433317286,0.018251849258108285,0.014618987175559154,0.01785792445397645,0.019258545979778528,0.016982536000350157,0.02127193942311901,0.0182956186807896,0.021053092309712435,0.02490480150566814,0.02000262616536088,0.0206591675055806,0.020965553464349806,0.021490786536525582,0.02455464612421762,0.01431260121678995,0.015625683897229396,0.018426926948833546,0.024948570928349456,0.02262879152623977,0.020878014618987174,0.02000262616536088,0.01781415503129514,0.024423337856173677,0.02569265111393181,0.020615398082899288,0.01855823521687749,0.02227863614478925,0.016807458309624896,0.02262879152623977,0.020046395588042193,0.016982536000350157,0.02346041055718475
2020-04,0.019667340975500113,0.015958642391548664,0.01944257136435154,0.027534277365700157,0.022533153517644414,0.018655877725331536,0.020229265003371546,0.02438750280962014,0.018543492919757248,0.019667340975500113,0.020791189031242975,0.013710946280062936,0.01910541694762868,0.02455608001798157,0.02635423690717015,0.01944257136435154,0.017756799280737243,0.0152281411553158,0.018431108114182963,0.012811867835468645,0.017700606877950102,0.018487300516970107,0.018150146100247247,0.02073499662845583,0.01747583726680153,0.020454034614520118,0.025005619240278713,0.021634075073050124,0.02247696111485727,0.019330186558777253,0.02051022701730726,0.02354461676781299,0.013935715891211509,0.016913913238930097,0.020622611822881547,0.025848505282085862,0.02208361429534727,0.019779725781074398,0.022195999100921557,0.018318723308608675,0.02073499662845583,0.02562373567093729,0.018318723308608675,0.01803776129467296,0.021296920656327264,0.01753202966958867,0.01961114857271297,0.01994830298943583,0.01820633850303439,0.02067880422566869
2020-05,0.023498321548460824,0.014998928647953718,0.019855724591100635,0.02306978072994786,0.02271266338118706,0.019570030712091995,0.021069923576887365,0.02171273480465681,0.019355760302835513,0.018070137847296622,0.02035568887936576,0.01421327048067995,0.019998571530604956,0.023284051139204343,0.025141061352760518,0.02049853581887008,0.018355831726305265,0.016284551103492608,0.020212841939861437,0.015070352117705878,0.017284479680022856,0.01892721948432255,0.018284408256553104,0.019355760302835513,0.018141561317048784,0.022141275623169775,0.023426898078708663,0.019784301121348474,0.019927148060852797,0.018641525605313906,0.02199842868366545,0.019498607242339833,0.016141704163988288,0.017784443968287978,0.021212770516391685,0.02678380115706021,0.0206413827583744,0.017498750089279338,0.020569959288622243,0.020927076637383045,0.018070137847296622,0.0229983572601957,0.017784443968287978,0.018141561317048784,0.026426683808299406,0.01785586743804014,0.022069852153417613,0.02164131133490465,0.02049853581887008,0.018212984786800942
2020-06,0.023459493274945262,0.018298404754457303,0.018220206443540818,0.021895527056615578,0.023537691585861744,0.019940569283703472,0.020957147325617768,0.023303096653112292,0.020800750703784798,0.01876759461995621,0.01861119799812324,0.016421645292461682,0.020409759149202376,0.022442915233030967,0.023928683140444166,0.022208320300281515,0.01861119799812324,0.01618705035971223,0.019393181107288084,0.01579605880512981,0.020018767594619957,0.01579605880512981,0.01915858617453863,0.018142008132624336,0.016812636847044104,0.02213012198936503,0.0237722865186112,0.018689396309039725,0.021113543947450734,0.020722552392868313,0.019080387863622147,0.01970597435095402,0.012980919612136379,0.013293712855802315,0.01970597435095402,0.027213012198936504,0.0193149827963716,0.018923991241789177,0.022442915233030967,0.020722552392868313,0.01884579293087269,0.026274632467938694,0.017203628401626526,0.01806380982170785,0.023928683140444166,0.015014075695964968,0.02478886456052549,0.02306850172036284,0.019393181107288084,0.02048795746011886
2020-07,0.02320531958203284,0.015673768489618673,0.018930655448500474,0.022119690595738907,0.02320531958203284,0.017709322838919798,0.021237617044375084,0.02388383769846655,0.021305468856018455,0.019134210883430588,0.018319989143710136,0.014384584068394626,0.018116433708780025,0.022323246030669017,0.02612294748269779,0.019066359071787217,0.01920206269507396,0.01696295291084272,0.01791287827384991,0.014316732256751256,0.017234360157416202,0.017709322838919798,0.018659248201926992,0.017980730085493283,0.017980730085493283,0.022730356900529245,0.02639435472927127,0.02157687610259194,0.02388383769846655,0.018794951825213735,0.022798208712172616,0.017980730085493283,0.015605916677975302,0.015266657619758447,0.02150902429094857,0.025037318496403855,0.018252137332066765,0.018116433708780025,0.022119690595738907,0.018184285520423397,0.01947346994164744,0.023680282263536436,0.019134210883430588,0.019066359071787217,0.02612294748269779,0.017437915592346316,0.021305468856018455,0.020355543493011264,0.019609173564934183,0.022866060523815984
2020-08,0.02289088408962226,0.01779503356790423,0.020221629054436627,0.025802798673461132,0.02426595486532395,0.017228827954380004,0.019978969505783387,0.024913046995065923,0.022082018927444796,0.018846558278734934,0.017067054921944512,0.01714794143816226,0.02014074253821888,0.022324678476098033,0.026530777319420853,0.02030251557065437,0.01819946614899296,0.015611097630025075,0.021111380732831836,0.0126991830461862,0.01819946614899296,0.01819946614899296,0.019089217827388174,0.018603898730081694,0.0161773032435493,0.021192267249049584,0.025317479576154656,0.019170104343605922,0.020221629054436627,0.01876567176251719,0.0219202458950093,0.02175847286257381,0.01658173582463803,0.014155140338105637,0.02289088408962226,0.025964571705896628,0.018361239181428457,0.01690528188950902,0.02078783466796085,0.021596699830138316,0.017875920084121977,0.02151581331392057,0.019493650408476906,0.019574536924694654,0.022567338024751273,0.015449324597589582,0.02410418183288846,0.019574536924694654,0.017714147051686484,0.021111380732831836
2020-09,0.023265606905990104,0.01631750710601116,0.01610695862722392,0.02452889777871355,0.01968628276660701,0.017791346457521843,0.021054847878724078,0.020949573639330456,0.021370670596904937,0.01968628276660701,0.018212443415096327,0.014948941993894094,0.018212443415096327,0.02147594483629856,0.026423834087798716,0.02231813875144752,0.02473944625750079,0.017686072218128224,0.018738814612064426,0.014212022318138751,0.016001684387830298,0.016001684387830298,0.016212232866617538,0.01884408885145805,0.01989683124539425,0.023581429624170966,0.02747657648173492,0.020739025160543215,0.024002526581745447,0.017791346457521843,0.018317717654489946,0.021791767554479417,0.015580587430255817,0.015580587430255817,0.02189704179387304,0.026634382566585957,0.020949573639330456,0.01673860406358564,0.020844299399936834,0.01915991156963891,0.018212443415096327,0.026002737130224236,0.018212443415096327,0.020317928202968735,0.021160122118117696,0.01663332982419202,0.022844509948415623,0.01968628276660701,0.020528476681755975,0.020633750921149593
2020-10,0.0242721901914727,0.015659477542885613,0.017937219730941704,0.022065627446793367,0.02114029468289558,0.017225425297174177,0.02014378247562104,0.021353833013025837,0.02114029468289558,0.019574346928607017,0.01907609082496975,0.018150758061071963,0.02085557690938857,0.021069115239518828,0.02647875293615204,0.01907609082496975,0.019930244145490782,0.018506655277955725,0.02064203857925831,0.013452914798206279,0.019218449711723255,0.018150758061071963,0.01729660474055093,0.017225425297174177,0.017367784183927683,0.022492704107053882,0.02391629297458894,0.018933731938216243,0.023346857427574915,0.020001423588867535,0.02092675635276532,0.018506655277955725,0.015232400882625098,0.015517118656132109,0.023631575201081927,0.023204498540821412,0.019004911381592996,0.01943198804185351,0.021496191899779343,0.020784397466011816,0.01964552637198377,0.021353833013025837,0.019218449711723255,0.018720193608085984,0.025624599615631006,0.017937219730941704,0.023418036870951668,0.02092675635276532,0.020713218022635062,0.019004911381592996
2020-11,0.018972142170989432,0.014649375600384247,0.018611911623439,0.027437560038424593,0.02239433237271854,0.018792026897214216,0.02011287223823247,0.022694524495677233,0.020773294908741594,0.01867195004803074,0.019452449567723344,0.015790105667627282,0.01927233429394813,0.02383525456292027,0.02617675312199808,0.01957252641690682,0.01681075888568684,0.016990874159462054,0.019332372718539867,0.014589337175792506,0.01903218059558117,0.019332372718539867,0.01819164265129683,0.020713256484149855,0.01585014409221902,0.021193563880883767,0.025036023054755042,0.017891450528338137,0.021613832853025938,0.01921229586935639,0.021313640730067245,0.019512487992315083,0.013928914505283382,0.015189721421709894,0.01963256484149856,0.02563640730067243,0.020653218059558116,0.019872718539865514,0.02149375600384246,0.018731988472622477,0.023054755043227664,0.02515609990393852,0.019752641690682037,0.020593179634966378,0.023054755043227664,0.01855187319884726,0.021793948126801153,0.019872718539865514,0.018731988472622477,0.0204731027857829
2020-12,0.022725934648219016,0.01766264350897851,0.018840153076243746,0.021725051516043568,0.0221371798645864,0.01801589637915808,0.020017662643508977,0.022725934648219016,0.019664409773329408,0.020665292905504857,0.01872240211951722,0.014424492198999116,0.018133647335884604,0.02349131586694142,0.026493965263467766,0.017957020900794818,0.0193700323815131,0.016544009420076538,0.020194289078598764,0.013011480718280836,0.019193405946423315,0.020606417427141595,0.02007653812187224,0.019605534294966146,0.017191639682072418,0.021842802472770092,0.022608183691492492,0.018899028554607008,0.023432440388578158,0.02048866647041507,0.01907565498969679,0.02072416838386812,0.015484250809537827,0.016131881071533707,0.020900794818957905,0.027848101265822784,0.018486900206064173,0.017132764203709155,0.02254930821312923,0.020665292905504857,0.01872240211951722,0.024963202826022962,0.019546658816602884,0.019193405946423315,0.024315572564027083,0.01595525463644392,0.02249043273476597,0.01831027377097439,0.018781277597880484,0.022254930821312923
2021-01,0.023507146770257482,0.01733154041535933,0.018925245281139497,0.022660491060311767,0.02455301558842572,0.018477015787638825,0.020269933761641518,0.023457343493201853,0.019921310822252104,0.020618556701030927,0.016036655211912942,0.0151401962249116,0.020070720653418996,0.023706359878480004,0.027790228597041687,0.01877583544997261,0.01698291747596992,0.018227999402360674,0.020568753423975298,0.014691966731410927,0.01897504855819513,0.017879376462971264,0.02111658947158723,0.02101698291747597,0.01872603217291698,0.019722097714029583,0.02455301558842572,0.01922406494347328,0.02335773693909059,0.018925245281139497,0.021813835350366056,0.016385278151302356,0.014442950346132775,0.015040589670800339,0.020269933761641518,0.0253498680213158,0.01957268788286269,0.01753075352358185,0.020469146869864036,0.020419343592808406,0.01952288460580706,0.0210667861945316,0.018576622341750088,0.020469146869864036,0.02460281886548135,0.016584491259524877,0.023955376263758155,0.02071816325514219,0.018477015787638825,0.01952288460580706
2021-02,0.025895765472312704,0.018132464712269272,0.01796959826275787,0.02252985884907709,0.022855591748099893,0.019326818675352877,0.01986970684039088,0.02274701411509229,0.02062975027144408,0.01948968512486428,0.019598262757871878,0.01758957654723127,0.018838219326818676,0.022095548317046687,0.028555917480998914,0.018295331161780674,0.019326818675352877,0.016558089033659067,0.020466883821932683,0.013300760043431054,0.01753528773072747,0.018458197611292075,0.01938110749185668,0.01720955483170467,0.015798045602605865,0.021552660152008685,0.0249185667752443,0.016829533116178068,0.020684039087947883,0.017806731813246473,0.021118349619978286,0.016503800217155265,0.014495114006514659,0.01568946796959826,0.02280130293159609,0.028013029315960912,0.018512486427795873,0.018783930510314874,0.020738327904451685,0.02247557003257329,0.018458197611292075,0.019218241042345277,0.020575461454940283,0.018892508143322474,0.0252985884907709,0.016558089033659067,0.023507057546145495,0.02280130293159609,0.021009771986970686,0.020304017372421282
2021-03,0.01989389920424403,0.017959770114942528,0.019949160035366932,0.021993810786914234,0.020999115826702032,0.01823607427055703,0.021717506631299736,0.022988505747126436,0.020722811671087533,0.01939655172413793,0.017020335985853226,0.014091511936339523,0.01856763925729443,0.022435897435897436,0.029896109637488948,0.017462422634836428,0.01801503094606543,0.017241379310344827,0.020722811671087533,0.014312555260831123,0.020004420866489833,0.020004420866489833,0.01950707338638373,0.019230769230769232,0.01751768346595933,0.022325375773651637,0.02414898320070734,0.017572944297082227,0.020391246684350134,0.020501768346595933,0.02309902740937224,0.01873342175066313,0.015859858532272324,0.014036251105216623,0.02453580901856764,0.02641467727674624,0.01829133510167993,0.016909814323607428,0.021717506631299736,0.020557029177718834,0.017351900972590626,0.02028072502210433,0.020557029177718834,0.019617595048629533,0.02470159151193634,0.01895446507515473,0.020999115826702032,0.022214854111405835,0.019949160035366932,0.020391246684350134
2021-04,0.024343880304145204,0.01839587932303164,0.01796664213882757,0.023730684326710817,0.023730684326710817,0.01735344616139318,0.02140053961246014,0.023914643119941133,0.022504292371842042,0.020664704439538877,0.01784400294334069,0.016372332597498162,0.017660044150110375,0.02360804513122394,0.027900416973264654,0.017108167770419427,0.018579838116261956,0.014532744665194997,0.018027961736571008,0.012631837135148394,0.019315673289183224,0.020848663232769193,0.020174147657591367,0.01913171449595291,0.016065734608780965,0.020726024037282315,0.024221241108658326,0.018211920529801324,0.022442972774098603,0.02189109639440765,0.021768457198920774,0.018211920529801324,0.0164336521952416,0.015513858229090018,0.02189109639440765,0.02458915869511896,0.02005150846210449,0.017046848172675988,0.022320333578611726,0.020235467255334805,0.01949963208241354,0.021093941623742948,0.01888643610497915,0.018641157714005395,0.023301447142506745,0.01434878587196468,0.024711797890605836,0.01913171449595291,0.01790532254108413,0.02311748834927643
2021-05,0.02451225612806403,0.01832166083041521,0.021135567783891945,0.023074037018509255,0.02051025512756378,0.018384192096048024,0.021635817908954476,0.023074037018509255,0.021885942971485745,0.01794647323661831,0.01738369184592296,0.017821410705352675,0.01813406703351676,0.0236368184092046,0.028639319659829916,0.01775887943971986,0.018884442221110555,0.016820910455227614,0.01844672336168084,0.013194097048524263,0.01844672336168084,0.02138569284642321,0.022511255627813906,0.018696848424212105,0.015632816408204103,0.02088544272136068,0.02432466233116558,0.018071535767883944,0.020447723861930965,0.016820910455227614,0.02076038019009505,0.017008504252126064,0.015945472736368184,0.015945472736368184,0.023386693346673336,0.026388194097048526,0.01775887943971986,0.016820910455227614,0.021885942971485745,0.02144822411205603,0.017821410705352675,0.021323161580790395,0.01969734867433717,0.019384692346173085,0.025887943971985992,0.016133066533266634,0.022886443221610805,0.02126063031515758,0.019447223611805904,0.02038519259629815
2021-06,0.02386907739584078,0.017079968555706426,0.019223897663117273,0.021439291074108482,0.023368827270778245,0.017437290073608232,0.020939040949045952,0.021868076895590654,0.022368327020653184,0.020081469306081613,0.017365825770027873,0.017580218680768957,0.01815193310941185,0.0240120060030015,0.02837132852140356,0.017937540198670766,0.01915243335953691,0.016293861216322446,0.02086757664546559,0.01336382476952762,0.018366326020152934,0.01729436146644751,0.021582219681269207,0.018723647538054743,0.01686557564496534,0.022439791324233547,0.02744229257485886,0.016508254127063533,0.020081469306081613,0.018366326020152934,0.020224397913242334,0.018080468805831487,0.01422139641249196,0.015221896662617022,0.021582219681269207,0.024583720431644394,0.01865218323447438,0.017222897162867148,0.017580218680768957,0.019438290573858357,0.020081469306081613,0.02001000500250125,0.01986707639534053,0.021153433859787036,0.024941041949546203,0.01829486171657257,0.02315443436003716,0.02486957764596584,0.021439291074108482,0.020939040949045952
2021-07,0.024354196118750802,0.017928286852589643,0.019663282354453155,0.02062716874437733,0.021398277856316667,0.016450327721372573,0.01902069142783704,0.021591055134301505,0.022490682431564067,0.018121064130574478,0.01908495052049865,0.016964400462665466,0.01940624598380671,0.021976609690271175,0.030330291736280685,0.01869939596452898,0.017992545945251254,0.017671250481943197,0.020434391466392494,0.014779591312170673,0.01857087777920576,0.019149209613160263,0.021334018763655056,0.01747847320395836,0.01625755044338774,0.02223364606091762,0.024097159748104356,0.01985605963243799,0.02390438247011952,0.020562909651715717,0.020498650559054105,0.016514586814034185,0.014201259478216167,0.014843850404832284,0.022490682431564067,0.027631409844492996,0.0171571777406503,0.01940624598380671,0.021912350597609563,0.019663282354453155,0.01786402775992803,0.021591055134301505,0.01947050507646832,0.019534764169129932,0.02621770980593754,0.01677162318468063,0.02075568692970055,0.023326050636165017,0.01747847320395836,0.02024161418840766
2021-08,0.019762299613045882,0.019762299613045882,0.019071310116086235,0.023355444997236043,0.019624101713653953,0.018933112216694307,0.019071310116086235,0.026672194582642344,0.017965726920950803,0.021420674405749032,0.021006080707573246,0.014648977335544499,0.015478164731896076,0.024875621890547265,0.030541735765616362,0.022802653399668325,0.019347705914870093,0.01824212271973466,0.016030956329463792,0.014372581536760642,0.019347705914870093,0.014925373134328358,0.022388059701492536,0.020867882808181314,0.022526257600884468,0.015892758430071863,0.027777777777777776,0.01824212271973466,0.026395798783858487,0.019762299613045882,0.024737423991155333,0.021282476506357104,0.015063571033720288,0.015616362631288004,0.019347705914870093,0.02418463239358762,0.019071310116086235,0.019624101713653953,0.01838032061912659,0.014648977335544499,0.024875621890547265,0.024875621890547265,0.019347705914870093,0.01478717523493643,0.015754560530679935,0.022388059701492536,0.019485903814262025,0.01658374792703151,0.017551133222775014,0.021282476506357104
2021-09,0.017405582922824302,0.020525451559934318,0.017241379310344827,0.025779967159277505,0.0277504105090312,0.017405582922824302,0.016091954022988506,0.02857142857142857,0.020032840722495896,0.01921182266009852,0.017733990147783252,0.01625615763546798,0.013628899835796387,0.02495894909688013,0.028407224958949095,0.01954022988505747,0.02019704433497537,0.021510673234811165,0.02019704433497537,0.013136288998357963,0.016912972085385877,0.016748768472906402,0.019704433497536946,0.017898193760262728,0.01986863711001642,0.01444991789819376,0.023973727422003283,0.016912972085385877,0.027093596059113302,0.022167487684729065,0.021839080459770115,0.019376026272577996,0.01592775041050903,0.012807881773399015,0.0187192118226601,0.02413793103448276,0.020525451559934318,0.024630541871921183,0.01921182266009852,0.018226600985221674,0.02200328407224959,0.033497536945812804,0.018226600985221674,0.017569786535303777,0.01954022988505747,0.016748768472906402,0.01921182266009852,0.016912972085385877,0.016420361247947456,0.02315270935960591
2021-10,0.020445785151667506,0.0187699011228423,0.020613373554550025,0.02480308362661304,0.020110608345902465,0.017931959108429697,0.019105077928607342,0.024132730015082957,0.017596782302664656,0.020613373554550025,0.020613373554550025,0.017931959108429697,0.014580191050779286,0.02212166918049271,0.02882520529579353,0.023629964806435394,0.019105077928607342,0.01927266633148986,0.01893748952572482,0.015082956259426848,0.01860231271995978,0.01625607507960449,0.024635495223730517,0.021283727166080107,0.017429193899782137,0.014245014245014245,0.02832244008714597,0.01809954751131222,0.02815485168426345,0.01843472431707726,0.02513826043237808,0.019943019943019943,0.014412602647896766,0.012904307021954081,0.01642366348248701,0.02564102564102564,0.018267135914194738,0.018267135914194738,0.020445785151667506,0.01675884028825205,0.026814144461203285,0.024132730015082957,0.01860231271995978,0.01893748952572482,0.01893748952572482,0.020613373554550025,0.019105077928607342,0.017261605496899615,0.016591251885369532,0.021116138763197588
2021-11,0.02174762338846204,0.01692928766766506,0.015236358900898554,0.026045057950253938,0.020705821070451883,0.016408386508659983,0.0214871728089595,0.028910014324781873,0.01705951295741633,0.023310326865477276,0.020705821070451883,0.016278161218908713,0.01328297955462951,0.020315145201198072,0.029040239614533142,0.019664018752441725,0.020184919911446803,0.016408386508659983,0.017971089985675218,0.013022528975126969,0.019794244042192995,0.016147935929157444,0.02200807396796458,0.02213829925771585,0.020315145201198072,0.014585232452142206,0.026045057950253938,0.01758041411642141,0.027086860268264096,0.019533793462690456,0.02109649693970569,0.020966271649954422,0.015627034770152363,0.01705951295741633,0.019533793462690456,0.024091678603984895,0.023180101575726007,0.018101315275426487,0.020184919911446803,0.015366584190649825,0.026696184399010288,0.027998437296522984,0.019664018752441725,0.015496809480401094,0.019273342883187914,0.01731996353691887,0.022789425706472195,0.016538611798411252,0.01758041411642141,0.0214871728089595
2021-12,0.0197650779308787,0.02123334086288683,0.01807092839394624,0.022362773887508472,0.022023943980121977,0.019087418116105714,0.02179805737519765,0.028122882313078836,0.017506211881635418,0.023605150214592276,0.01863564490625706,0.017619155184097582,0.01468262932008132,0.020442737745651682,0.029817031850011295,0.02123334086288683,0.019652134628416536,0.016828552066862436,0.021007454257962504,0.012762593178224532,0.018183871696408404,0.01581206234470296,0.02326632030720578,0.01863564490625706,0.016715608764400272,0.015021459227467811,0.02371809351705444,0.016263835554551614,0.02371809351705444,0.022814547097357127,0.02213688728258414,0.021685114072735486,0.016828552066862436,0.01389202620284617,0.018296814998870568,0.025864016263835554,0.02326632030720578,0.020781567653038176,0.01897447481364355,0.015134402529929975,0.024508696634289586,0.03060763496724644,0.018522701603794895,0.017393268579173254,0.018522701603794895,0.017167381974248927,0.023605150214592276,0.016037948949627286,0.015699119042240795,0.02066862435057601
2022-01,0.0256454868118867,0.01732897209269956,0.01938200292295915,0.021469830885934998,0.021435033753218733,0.01638944950936043,0.021087062426056093,0.019764771382838053,0.02223536780569281,0.01924281439209409,0.01764214628714594,0.018790451666782657,0.01906882872851277,0.02164381654951632,0.029264388614378176,0.01795532048159232,0.01906882872851277,0.01656343517294175,0.019416800055675414,0.01339689609576171,0.019416800055675414,0.019799568515554318,0.021330642355069943,0.0163198552439279,0.014684390006263483,0.02314009325631568,0.02307049899088315,0.018929640197647715,0.020773888231609715,0.020913076762474773,0.020425916904447075,0.01645904377479296,0.014127635882803257,0.015623912589602617,0.023209687521748207,0.028568445960052893,0.019695177117405527,0.017781334818010995,0.01955598858654047,0.023000904725450622,0.017224580694550767,0.020913076762474773,0.01972997425012179,0.018720857401350127,0.028185677500173985,0.015310738395156238,0.02362725311434338,0.021330642355069943,0.019521191453824204,0.02181780221309764
2022-02,0.02576808721506442,0.017422148036096187,0.018830525272547076,0.019352146471232592,0.02472484481769339,0.01716133743675343,0.023785926660059464,0.017630796515570393,0.023733764540190914,0.018882687392415626,0.017317823796359082,0.018465390433467215,0.02003025402952376,0.021908090344791614,0.029419435605863024,0.018882687392415626,0.018830525272547076,0.017265661676490532,0.020238902508997965,0.014761879922800062,0.019247822231495487,0.01903917375202128,0.020656199467946376,0.016691878357936465,0.014292420843983099,0.02357727818058526,0.024516196338219186,0.017787282875176048,0.02076052370768348,0.019925929789786658,0.019821605550049554,0.01721349955662198,0.016587554118199364,0.0161180950393824,0.02216890094413437,0.02790673412967503,0.019091335871889832,0.017057013197016326,0.020656199467946376,0.020186740389129414,0.017004851077147776,0.019925929789786658,0.017474310155964737,0.020134578269260864,0.027019978091909654,0.016326743518856605,0.021021334307026237,0.023264305461373952,0.019456470710969693,0.020656199467946376
2022-03,0.024235713846343113,0.01777695761825675,0.01839207725902688,0.019499292612413115,0.023005474564802855,0.01734637386971766,0.023251522421110907,0.020175924217260256,0.024112689918189087,0.017592421726025712,0.017223349941563635,0.02005290028910623,0.019130220827951037,0.022267330995878697,0.028480039367657008,0.016977302085255584,0.01673125422894753,0.01919173279202805,0.018146029402718828,0.012425416743556622,0.019683828504644153,0.020729531893953376,0.020975579750261427,0.01876114904348896,0.01593159869594636,0.022820938672571817,0.025958048840499477,0.017899981546410777,0.022267330995878697,0.020298948145414282,0.020544996001722333,0.016792766193024545,0.017284861905640648,0.014393799594021038,0.0241742018822661,0.02811096758319493,0.017223349941563635,0.01796149351048779,0.02146767546287753,0.021590699391031556,0.017715445654179738,0.019130220827951037,0.017899981546410777,0.01839207725902688,0.026757704373500647,0.015439502983330258,0.023805130097804023,0.02171372331918558,0.019499292612413115,0.01876114904348896
2022-04,0.02301201738685758,0.01745077985170033,0.01879314753260036,0.019368447967271798,0.023331628739452825,0.017386857581181282,0.023843006903605215,0.020646893377652773,0.02365124009204807,0.019815903860905138,0.01885706980311941,0.0192406034262337,0.020007670672462285,0.022884172845819485,0.031002301201738684,0.018026080286371773,0.018601380721043212,0.017259013040143188,0.018345691638967015,0.011825620046024036,0.0192406034262337,0.016811557146509844,0.02256456149322424,0.01751470212221938,0.015149578113014574,0.023331628739452825,0.025249296855024292,0.016108412170800307,0.02135003835336231,0.02077473791869087,0.021669649705957555,0.016172334441319356,0.016555868064433647,0.013295832267962158,0.024482229608795706,0.02787010994630529,0.018153924827409868,0.01706724622858604,0.02032728202505753,0.021861416517514703,0.016747634875990795,0.021158271541805166,0.0191127588851956,0.019815903860905138,0.0247379186908719,0.015085655842495525,0.025441063666581436,0.022372794681667092,0.01745077985170033,0.01917668115571465
2022-05,0.026404004224640676,0.01754144280663085,0.019699683151949303,0.020572163291546125,0.021674243467878954,0.016485282637645222,0.02066400330624053,0.01997520319603251,0.021260963401754145,0.017771042843366856,0.019240483078477293,0.019378243100518895,0.020388483262157323,0.02305184368829499,0.029434724709555955,0.015934242549478807,0.018092482894797264,0.01873536299765808,0.019653763144602102,0.016531202644992422,0.02066400330624053,0.018919043027046886,0.022317123570739773,0.016301602608256416,0.016531202644992422,0.024153923864627818,0.02507232401157184,0.018459842953574872,0.020342563254810122,0.0195619231299077,0.019424163107866096,0.015475042476006796,0.014878082380493181,0.0156128024980484,0.022454883592781374,0.02700096432015429,0.016117922578867613,0.015980162556826008,0.02075584332093493,0.02383248381319741,0.015475042476006796,0.01836800293888047,0.01754144280663085,0.020112963218074115,0.027138724342195896,0.014327042292326767,0.025256004040960647,0.023189603710336595,0.021628323460531753,0.02061808329889333
2022-06,0.020447284345047924,0.026677316293929713,0.02587859424920128,0.030670926517571886,0.019329073482428114,0.011980830670926517,0.017252396166134186,0.020766773162939296,0.02252396166134185,0.017891373801916934,0.02587859424920128,0.02060702875399361,0.016293929712460065,0.019169329073482427,0.030031948881789138,0.017252396166134186,0.01597444089456869,0.020127795527156548,0.015335463258785943,0.01853035143769968,0.017731629392971245,0.013578274760383386,0.02939297124600639,0.015814696485623003,0.020766773162939296,0.015495207667731629,0.0231629392971246,0.022364217252396165,0.023642172523961662,0.021086261980830672,0.016293929712460065,0.01964856230031949,0.022843450479233227,0.017252396166134186,0.02220447284345048,0.019808306709265176,0.020766773162939296,0.015654952076677317,0.023961661341853034,0.013578274760383386,0.015175718849840255,0.022044728434504793,0.020127795527156548,0.017252396166134186,0.023003194888178913,0.015654952076677317,0.01645367412140575,0.02124600638977636,0.020766773162939296,0.02060702875399361
2022-07,0.015278838808250574,0.031194295900178252,0.033231474407944994,0.03692386045327222,0.024318818436465495,0.0142602495543672,0.018079959256429846,0.01591545709192768,0.021645021645021644,0.01858925388337153,0.02482811306340718,0.025210084033613446,0.014642220524573465,0.018079959256429846,0.025719378660555132,0.011713776419658773,0.016042780748663103,0.021899668958492487,0.013623631270690094,0.023300229182582125,0.019225872167048637,0.012732365673542145,0.028647822765469823,0.01578813343519226,0.020626432391138275,0.01858925388337153,0.024191494779730073,0.02215431627196333,0.023554876496052965,0.02546473134708429,0.016679399032340208,0.01769798828622358,0.025082760376878024,0.01578813343519226,0.01833460656990069,0.016042780748663103,0.0196078431372549,0.01235039470333588,0.025846702317290554,0.012223071046600458,0.014005602240896359,0.01871657754010695,0.022408963585434174,0.016042780748663103,0.01935319582378406,0.013368983957219251,0.019225872167048637,0.020117137764196588,0.02393684746625923,0.01769798828622358
2022-08,0.02332167249708479,0.019740129935032484,0.022488755622188907,0.02848575712143928,0.022488755622188907,0.014659336998167584,0.02240546393469932,0.0181575878727303,0.025154089621855738,0.019073796435115774,0.020656338497417957,0.022155588872230552,0.016741629185407298,0.0181575878727303,0.02607029818424121,0.012327169748459104,0.016741629185407298,0.0189072130601366,0.020822921872397135,0.018074296185240712,0.01699150424787606,0.01707479593536565,0.023654839247043147,0.015075795435615526,0.01932367149758454,0.02332167249708479,0.022488755622188907,0.021905713809761786,0.01990671331001166,0.020906213559886724,0.015492253873063468,0.018657337997667833,0.020739630184907546,0.015159087123105115,0.021739130434782608,0.021739130434782608,0.015992003998001,0.01482592037314676,0.02465433949691821,0.01774112943528236,0.013326669998334166,0.017491254372813594,0.02048975512243878,0.021905713809761786,0.02681992337164751,0.01532567049808429,0.022905214059636848,0.02490421455938697,0.02340496418457438,0.01940696318507413
2022-09,0.02572324851864761,0.022725688393168353,0.0234925060996863,0.028860230045311956,0.02321366329731614,0.014360404322063437,0.020773788776577203,0.015754618333914255,0.02474729871035204,0.018821889159986057,0.024538166608574417,0.020704078075984664,0.017845939351690484,0.020843499477169746,0.023910770303241548,0.012687347507842454,0.017288253746950158,0.021749738584872776,0.020285813872429417,0.016382014639247124,0.020773788776577203,0.01951899616591147,0.02481700941094458,0.014360404322063437,0.018821889159986057,0.020773788776577203,0.02258626699198327,0.020913210177762286,0.021470895782502615,0.021470895782502615,0.015196932729173928,0.017218543046357615,0.0204252352736145,0.013523875914952944,0.020494945974207042,0.022516556291390728,0.018055071453468106,0.014151272220285813,0.02335308469850122,0.019658417567096548,0.013105611711397699,0.01756709654932032,0.020216103171836877,0.019658417567096548,0.025862669919832694,0.013314743813175323,0.019867549668874173,0.02328337399790868,0.022377134890205645,0.019937260369466712
2022-10,0.02492490573272832,0.023007605291749215,0.029462516776378858,0.029206876717581647,0.021218124880168724,0.013101553013357192,0.019556464497986835,0.017127883939413308,0.02799258643829488,0.01795871413050425,0.01987601457148335,0.022943695277049914,0.017255703968811913,0.021218124880168724,0.023582795424042947,0.01265418291046207,0.016744423851217487,0.01987601457148335,0.020642934747874993,0.01584968364542724,0.017703074071707035,0.016808333865916788,0.026586566114910205,0.015785773630727935,0.019364734453888924,0.020387294689077778,0.022432415159455488,0.019939924586182656,0.019556464497986835,0.019812104556784046,0.017063973924714003,0.01942864446858823,0.023518885409343646,0.015402313542532116,0.0207707547772736,0.023007605291749215,0.018086534159902856,0.013868473189748834,0.024285805585735284,0.018725634306895892,0.012526362881063463,0.01610532370422445,0.021026394836070814,0.018853454336294498,0.026139196012015083,0.016808333865916788,0.01853390426279798,0.02211286508595897,0.022751965232952004,0.018406084233399372
2022-11,0.024118627918056218,0.021438780371605525,0.026083849452120056,0.02626250595521677,0.022510719390185802,0.013875655073844688,0.01994997617913292,0.01584087660790853,0.02483325393044307,0.014232968080038114,0.02191519771319676,0.02358265840876608,0.01923535016674607,0.020307289185326347,0.025964745116722247,0.01518580276322058,0.017389232968080037,0.022093854216293472,0.020307289185326347,0.016198189614101955,0.01852072415435922,0.017091472129585516,0.022808480228680324,0.016257741781800856,0.017746545974273463,0.022153406383992377,0.02191519771319676,0.021260123868508812,0.02036684135302525,0.01953311100524059,0.01727012863268223,0.018163411148165793,0.0196522153406384,0.014768937589328252,0.022451167222486898,0.025428775607432112,0.0168532634587899,0.01447117675083373,0.02399952358265841,0.01893758932825155,0.012089090042877561,0.017925202477370176,0.021141019533111004,0.021617436874702238,0.02572653644592663,0.015424011434016198,0.022570271557884707,0.021141019533111004,0.022510719390185802,0.018878037160552644
2022-12,0.0239389556630592,0.01925091017904344,0.0214453144481572,0.0254351403920004,0.021495187272455238,0.0152112114109022,0.0201984938407062,0.01610892224826692,0.02628297840506708,0.0172061243828238,0.01750536132861204,0.023190863298588597,0.02089671338087876,0.02139544162385916,0.02777916313400828,0.013914517979153159,0.0164580320183532,0.01905141888185128,0.019949129719216,0.0164580320183532,0.02004887536781208,0.017156251558525758,0.02279188070420428,0.016208667896863,0.01760510697720812,0.025335394743404318,0.02239289810981996,0.021495187272455238,0.01800408957159244,0.0216946785696474,0.0127175701960002,0.015510448356690439,0.018502817814572838,0.015360829883796319,0.023689591541568997,0.024836666500423918,0.019001546057553238,0.013515535384768839,0.0229414991770984,0.02214353398832976,0.01481222881651788,0.0167073961398434,0.02274200787990624,0.01855269063887088,0.02827789137698868,0.01436337339783552,0.02309111764999252,0.02523564909480824,0.02254251658271408,0.01955014712483168
2023-01,0.019185966835685898,0.027956694531999452,0.02617514046868576,0.03206797313964643,0.025489927367411264,0.014663560367274222,0.015896943949568317,0.014115389886254626,0.023434288063587775,0.017678498012882005,0.025215842126901467,0.022200904481293682,0.017678498012882005,0.02083047827874469,0.025215842126901467,0.010689324379882143,0.015759901329313417,0.023845415924352475,0.019048924215430998,0.015896943949568317,0.019734137316705494,0.013978347265999726,0.02987529121556804,0.01137453748115664,0.02398245854460737,0.02096752089899959,0.02083047827874469,0.023571330683842675,0.021652734000274086,0.02398245854460737,0.014526517747019322,0.017541455392627105,0.02836782239276415,0.01713032753186241,0.023434288063587775,0.016445114430587913,0.016033986569823216,0.013978347265999726,0.027682609291489652,0.015348773468548719,0.01315609154447033,0.02274907496231328,0.022474989721803482,0.014800602987529122,0.021789776620528986,0.012607921063450734,0.01493764560778402,0.02055639303823489,0.019460052076195698,0.02398245854460737
2023-02,0.015696294944332907,0.030297499543712355,0.029567439313743383,0.03504289103851068,0.02409198758897609,0.014966234714363934,0.018981565979193284,0.01405365942690272,0.02354444241649936,0.01752144551925534,0.02062420149662347,0.021901806899069173,0.015148749771856177,0.01952911115167001,0.026829713451359736,0.009855813104581128,0.01697390034677861,0.021901806899069173,0.022631867129038145,0.01752144551925534,0.018251505749224312,0.01587881000182515,0.027924803796313197,0.015148749771856177,0.02409198758897609,0.017338930461763095,0.020076656324146742,0.02062420149662347,0.021354261726592445,0.023179412301514875,0.014418689541887205,0.01715641540427085,0.02463953276145282,0.015148749771856177,0.018068990691732068,0.01697390034677861,0.017886475634239826,0.014236174484394962,0.02354444241649936,0.016243840116809637,0.017338930461763095,0.01752144551925534,0.022084321956561417,0.020076656324146742,0.025004562876437306,0.014236174484394962,0.019164081036685526,0.023179412301514875,0.02226683701405366,0.020259171381638984
2023-03,0.017732401934443847,0.029150994089199356,0.027270284793121977,0.03747984954325631,0.023911875335840944,0.01262761955937668,0.0169263836646964,0.013299301450832886,0.02337452982267598,0.020822138635142397,0.026867275658248254,0.02444922084900591,0.014239656098871574,0.017463729177861365,0.02297152068780226,0.009940891993551854,0.015717356260075227,0.020822138635142397,0.021493820526598602,0.017732401934443847,0.016792047286405157,0.012090274046211715,0.028479312197743148,0.011955937667920472,0.018404083825900055,0.015717356260075227,0.02109081139172488,0.02122514777001612,0.01934443847393874,0.02229983879634605,0.014105319720580333,0.016792047286405157,0.025792584631918324,0.015314347125201504,0.021762493283181087,0.017866738312735088,0.02015045674368619,0.014105319720580333,0.027941966684578184,0.011955937667920472,0.012493283181085437,0.017463729177861365,0.02297152068780226,0.018404083825900055,0.04903277807630306,0.013433637829124127,0.017463729177861365,0.018404083825900055,0.021493820526598602,0.02135948414830736
2023-04,0.017388941719875015,0.03151745686727347,0.03274011683195218,0.03600054340442874,0.025268305936693384,0.013585110718652357,0.016981388398315447,0.012090748539600597,0.02214373047140334,0.020377666077978536,0.022822986007335958,0.023638092650455102,0.01643798396956935,0.01752479282706154,0.02404564597201467,0.011683195218041027,0.01643798396956935,0.021192772721097677,0.01820404836299416,0.020105963863605487,0.015487026219263686,0.01372096182583888,0.031245754652900422,0.013449259611465833,0.02214373047140334,0.016166281755196306,0.01874745279174025,0.023773943757641625,0.020105963863605487,0.021192772721097677,0.016030430648009783,0.019970112756418964,0.02472490150794729,0.01711723950550197,0.019698410542045918,0.017796495041434587,0.020105963863605487,0.01290585518271974,0.026355114794185574,0.015079472897704116,0.014671919576144546,0.020785219399538105,0.022822986007335958,0.014807770683331068,0.031925010188833036,0.012362450753973644,0.016166281755196306,0.019155006113299823,0.02092107050672463,0.020377666077978536
2023-05,0.018385003604902667,0.02883922134102379,0.031182408074981974,0.03695025234318673,0.023972602739726026,0.012256669069935111,0.01910598413842826,0.0136986301369863,0.02595529920692141,0.01676279740447008,0.021629416005767843,0.023972602739726026,0.014780100937274693,0.01910598413842826,0.026676279740447006,0.012076423936553712,0.018565248738284065,0.02325162220620043,0.018745493871665464,0.01676279740447008,0.017303532804614274,0.012977649603460706,0.03028118240807498,0.012977649603460706,0.018565248738284065,0.015681326604181686,0.02343186733958183,0.02072819033886085,0.01946647440519106,0.023071377072819033,0.014780100937274693,0.02217015140591204,0.02595529920692141,0.014059120403749098,0.01928622927180966,0.017664023071377072,0.02072819033886085,0.0138788752703677,0.02469358327325162,0.01676279740447008,0.014960346070656091,0.01946647440519106,0.022891131939437634,0.014419610670511895,0.01928622927180966,0.01640230713770728,0.01640230713770728,0.020367700072098052,0.025054073540014418,0.02361211247296323
2023-06,0.016757741347905284,0.030783242258652095,0.0273224043715847,0.043351548269581056,0.024408014571948997,0.013114754098360656,0.02185792349726776,0.015482695810564663,0.029326047358834244,0.019672131147540985,0.023861566484517305,0.025865209471766848,0.015664845173041893,0.01766848816029144,0.02204007285974499,0.009289617486338797,0.013843351548269581,0.022586520947176687,0.020765027322404372,0.020765027322404372,0.01785063752276867,0.01493624772313297,0.027686703096539162,0.010746812386156648,0.021493624772313296,0.018214936247723135,0.022404371584699455,0.022586520947176687,0.021675774134790528,0.022768670309653915,0.014571948998178506,0.014571948998178506,0.025865209471766848,0.012021857923497269,0.017122040072859744,0.016757741347905284,0.02058287795992714,0.012750455373406194,0.024408014571948997,0.01493624772313297,0.01639344262295082,0.021675774134790528,0.019672131147540985,0.016939890710382512,0.01894353369763206,0.011293260473588343,0.016939890710382512,0.02185792349726776,0.02750455373406193,0.02040072859744991
2023-07,0.01949317738791423,0.03065745171008329,0.029062555378344852,0.037923090554669504,0.02410065567960305,0.015062909799751905,0.018075491759702286,0.013822434875066455,0.024632287790182526,0.019315966684387738,0.029771398192450824,0.023214602161970584,0.020202020202020204,0.022151337940811627,0.026049973418394472,0.012936381357433989,0.0177210703526493,0.022682970051391103,0.018961545277334752,0.018075491759702286,0.018075491759702286,0.014531277689172426,0.025341130604288498,0.013999645578592948,0.019315966684387738,0.01648059542796385,0.022151337940811627,0.022151337940811627,0.020910863016126175,0.024455077086656035,0.014354066985645933,0.015240120503278397,0.02711323763955343,0.016835016835016835,0.016835016835016835,0.016126174020910863,0.01701222753854333,0.011518695729222045,0.02835371256423888,0.011341485025695552,0.01364522417153996,0.019847598794967215,0.020379230905546695,0.016303384724437354,0.02002480949849371,0.011164274322169059,0.017366648945596315,0.020379230905546695,0.024986709197235512,0.019847598794967215
2023-08,0.01543596161869003,0.03316645807259074,0.03379224030037547,0.036921151439299124,0.02231956612432207,0.013141426783479349,0.017313308302044222,0.011889862327909888,0.028368794326241134,0.018564872757613683,0.024405506883604506,0.023153942428035045,0.014601585314977055,0.016478931998331246,0.023988318731748018,0.011681268251981644,0.01877346683354193,0.02252816020025031,0.020233625365039632,0.019190654985398414,0.01877346683354193,0.010638297872340425,0.03024614100959533,0.016687526074259492,0.024822695035460994,0.016478931998331246,0.022736754276178557,0.023362536503963287,0.024614100959532748,0.023153942428035045,0.013975803087192323,0.01606174384647476,0.024822695035460994,0.012724238631622862,0.016896120150187734,0.018147684605757195,0.018147684605757195,0.015227367542761786,0.025657071339173967,0.013350020859407593,0.013558614935335837,0.018564872757613683,0.024405506883604506,0.016270337922403004,0.0196078431372549,0.011681268251981644,0.019190654985398414,0.01773049645390071,0.021485189820609096,0.025031289111389236
2023-09,0.01533135509396637,0.03066271018793274,0.03115727002967359,0.03635014836795252,0.02744807121661721,0.014342235410484669,0.018545994065281898,0.017062314540059347,0.02645895153313551,0.020276953511374877,0.024480712166172106,0.021513353115727003,0.01483679525222552,0.02126607319485658,0.023986152324431256,0.014094955489614243,0.01582591493570722,0.021513353115727003,0.01730959446092977,0.0195351137487636,0.016567754698318497,0.01162215628090999,0.028684470820969338,0.013847675568743818,0.018793273986152326,0.016567754698318497,0.022007912957467853,0.022007912957467853,0.017062314540059347,0.023491592482690407,0.012858555885262116,0.01805143422354105,0.02596439169139466,0.014094955489614243,0.016815034619188922,0.015084075173095944,0.023491592482690407,0.014589515331355093,0.029179030662710187,0.016320474777448073,0.015084075173095944,0.019287833827893175,0.02324431256181998,0.020276953511374877,0.02101879327398615,0.01211671612265084,0.014589515331355093,0.020771513353115726,0.02324431256181998,0.02126607319485658
2023-10,0.019243678675318864,0.030655627657194002,0.03244573730140971,0.036025956589841125,0.02595658984112777,0.013649586037144775,0.015439695681360483,0.012530767509509957,0.024614007607965987,0.017229805325576192,0.030208100246140075,0.024390243902439025,0.013649586037144775,0.01834862385321101,0.0239427164913851,0.013649586037144775,0.014544640859252628,0.01969120608637279,0.015439695681360483,0.01767733273663012,0.019467442380845825,0.016782277914522265,0.03110315506824793,0.016110986797941373,0.023047661669277242,0.016782277914522265,0.018572387558737972,0.0239427164913851,0.017229805325576192,0.023718952785858134,0.013425822331617812,0.021928843141642427,0.02528529872454688,0.017229805325576192,0.020586260908480643,0.015887223092414412,0.01834862385321101,0.011859476392929067,0.026180353546654732,0.018796151264264937,0.014544640859252628,0.017901096442157084,0.020138733497426717,0.018124860147684045,0.0214813157305885,0.018572387558737972,0.015439695681360483,0.018572387558737972,0.0190199149697919,0.020586260908480643
2023-11,0.015378914211599036,0.030387252177135445,0.029460811561978877,0.03761348897535668,0.021122846025569762,0.013711321104317213,0.020752269779507133,0.014637761719473782,0.023346303501945526,0.018714100426162682,0.020196405410413194,0.02371687974800815,0.020196405410413194,0.014081897350379841,0.02556976097832129,0.010561423012784881,0.020752269779507133,0.022790439132851583,0.01649064294978692,0.01964054104131925,0.016120066703724293,0.0135260329812859,0.026496201593477858,0.012414304243098017,0.024458032240133407,0.018343524180100056,0.024272744117102094,0.023902167871039465,0.022419862886788957,0.02056698165647582,0.01297016861219196,0.016675931072818232,0.02371687974800815,0.014452473596442469,0.016861219195849545,0.017787659811006114,0.020196405410413194,0.014637761719473782,0.02871965906985362,0.017417083564943488,0.015934778580692976,0.02204928664072633,0.02371687974800815,0.0176023716879748,0.02260515100982027,0.011117287381878822,0.01964054104131925,0.017231795441912175,0.025199184732258663,0.019825829164350564
2023-12,0.017722254503195815,0.028907611853573503,0.03166763509587449,0.037187681580476466,0.02484020918070889,0.012783265543288786,0.017722254503195815,0.014090644973852411,0.026147588611272515,0.01612434631028472,0.024259151656013944,0.023968622893666473,0.01147588611272516,0.018158047646717024,0.024985473561882625,0.012492736780941312,0.016269610691458453,0.019029633933759442,0.01961069145845439,0.021644392794886693,0.018593840790238233,0.014671702498547356,0.029924462521789656,0.01336432306798373,0.02600232423009878,0.01946542707728065,0.020918070889018012,0.02178965717606043,0.02556653108657757,0.020046484601975594,0.014816966879721092,0.016269610691458453,0.027019174898314933,0.015107495642068565,0.019029633933759442,0.016995932597327134,0.02019174898314933,0.01263800116211505,0.025421266705403834,0.015107495642068565,0.016705403834979662,0.019320162696106914,0.02149912841371296,0.014962231260894828,0.02266124346310285,0.015107495642068565,0.018593840790238233,0.02178965717606043,0.01990122022080186,0.017431725740848343
2024-01,0.022081016679904687,0.027005559968228753,0.03272438443208896,0.034471803018268465,0.02478157267672756,0.01159650516282764,0.018745035742652898,0.016838760921366165,0.022398729150119142,0.020015885623510723,0.024622716441620333,0.02589356632247816,0.016997617156473393,0.01779189833200953,0.025099285146942017,0.013979348689436061,0.016997617156473393,0.01953931691818904,0.020492454328832406,0.018745035742652898,0.01620333598093725,0.01175536139793487,0.029229547259729944,0.01715647339158062,0.022716441620333597,0.01636219221604448,0.019857029388403495,0.02573471008737093,0.020651310563939634,0.02414614773629865,0.012708498808578236,0.018427323272438442,0.021286735504368548,0.013502779984114376,0.016679904686258934,0.01731532962668785,0.020015885623510723,0.015726767275615568,0.030659253375694997,0.012073073868149325,0.013820492454328832,0.018903891977760125,0.02017474185861795,0.01731532962668785,0.023034154090548053,0.012867355043685465,0.018745035742652898,0.02176330420969023,0.02192216044479746,0.018427323272438442
2024-02,0.01897642323174238,0.03105232892466935,0.027793751198006516,0.03661107916427065,0.02568525972781292,0.013801035077630822,0.01820969906076289,0.013801035077630822,0.026068621813302665,0.020893233659191105,0.02702702702702703,0.02261836304389496,0.01897642323174238,0.01878474218899751,0.026260302856047538,0.009584052137243627,0.01897642323174238,0.022426682001150087,0.0174429748897834,0.01878474218899751,0.020126509488211614,0.012459267778416714,0.029902242668200116,0.014567759248610312,0.023960130343109065,0.018401380103507763,0.021659957830170596,0.01820969906076289,0.020893233659191105,0.026068621813302665,0.012075905692926969,0.017059612804293654,0.023576768257619323,0.014759440291355185,0.019168104274487254,0.01667625071880391,0.018401380103507763,0.013225991949396205,0.026835345984282156,0.014951121334100058,0.01284262986390646,0.018018018018018018,0.018593061146252636,0.017634655932528272,0.023001725129384705,0.01360935403488595,0.015526164462334674,0.020893233659191105,0.02127659574468085,0.02185163887291547
2024-03,0.01980365605958023,0.031990521327014215,0.03029790115098172,0.040622884224779957,0.025389302640487475,0.014556533513879486,0.018449559918754233,0.014556533513879486,0.023019634394041977,0.02048070412999323,0.026743398781313474,0.024881516587677725,0.012356127285037238,0.014895057549085985,0.025220040622884226,0.012186865267433988,0.015233581584292485,0.01912660798916723,0.023188896411645225,0.02048070412999323,0.01929587000677048,0.013202437373053487,0.02792823290453622,0.014725795531482734,0.023696682464454975,0.018618821936357482,0.023188896411645225,0.016926201760324982,0.02014218009478673,0.02149627623561273,0.015402843601895734,0.02132701421800948,0.024204468517264727,0.014556533513879486,0.01794177386594448,0.018449559918754233,0.016249153689911984,0.014725795531482734,0.024881516587677725,0.015402843601895734,0.013540961408259987,0.01828029790115098,0.02014218009478673,0.016249153689911984,0.025050778605280974,0.012694651320243737,0.01878808395396073,0.018111035883547733,0.01828029790115098,0.023019634394041977
2024-04,0.017799043062200957,0.03119617224880383,0.027177033492822966,0.03349282296650718,0.024880382775119617,0.013014354066985647,0.018947368421052633,0.013397129186602871,0.02507177033492823,0.022392344497607655,0.023349282296650717,0.022392344497607655,0.01722488038277512,0.02181818181818182,0.025454545454545455,0.010717703349282296,0.01875598086124402,0.02181818181818182,0.02258373205741627,0.019904306220095695,0.01875598086124402,0.011483253588516746,0.026028708133971293,0.01492822966507177,0.01875598086124402,0.018373205741626795,0.021052631578947368,0.020861244019138758,0.021244019138755982,0.02583732057416268,0.015311004784688996,0.018373205741626795,0.026985645933014352,0.01492822966507177,0.016267942583732056,0.01971291866028708,0.01722488038277512,0.013588516746411483,0.03062200956937799,0.015119617224880384,0.012057416267942584,0.01818181818181818,0.02200956937799043,0.016650717703349284,0.019138755980861243,0.011483253588516746,0.018564593301435405,0.018947368421052633,0.024688995215311003,0.021435406698564592
2024-05,0.01692658805629517,0.03195131228604032,0.03195131228604032,0.03784709014834538,0.022441993153290225,0.014644351464435146,0.01787751996957018,0.012932674020540129,0.026435907189045264,0.018257892734880182,0.02491441612780525,0.02795739825028528,0.014834537847090148,0.015214910612400151,0.02700646633701027,0.01198174210726512,0.01787751996957018,0.021871434005325218,0.018638265500190185,0.019589197413465195,0.01502472422974515,0.016736401673640166,0.034233548877900345,0.0098896918980601,0.02320273868391023,0.01901863826550019,0.021491061240015215,0.020349942944085205,0.018448079117535186,0.0199695701787752,0.013693419551160137,0.018638265500190185,0.024534043362495244,0.015405096995055155,0.018638265500190185,0.019208824648155192,0.01692658805629517,0.01502472422974515,0.026816279954355267,0.014644351464435146,0.014834537847090148,0.018257892734880182,0.020349942944085205,0.015785469760365156,0.01901863826550019,0.013693419551160137,0.017306960821605172,0.020159756561430202,0.02605553442373526,0.021491061240015215
2024-06,0.016641221374045802,0.02900763358778626,0.028702290076335877,0.03755725190839695,0.020458015267175573,0.012519083969465649,0.019083969465648856,0.014045801526717557,0.024885496183206107,0.02366412213740458,0.02763358778625954,0.02717557251908397,0.014198473282442748,0.014961832061068702,0.025954198473282442,0.015267175572519083,0.016946564885496184,0.022442748091603053,0.019083969465648856,0.019083969465648856,0.016793893129770993,0.014045801526717557,0.02916030534351145,0.011908396946564885,0.021221374045801527,0.019083969465648856,0.024732824427480916,0.02015267175572519,0.021068702290076336,0.022290076335877863,0.012213740458015267,0.01816793893129771,0.023053435114503817,0.01450381679389313,0.017251908396946566,0.016641221374045802,0.0183206106870229,0.014809160305343511,0.026564885496183206,0.012366412213740458,0.013740458015267175,0.020610687022900764,0.021221374045801527,0.014198473282442748,0.024885496183206107,0.016793893129770993,0.01801526717557252,0.02183206106870229,0.02381679389312977,0.021221374045801527
2024-07,0.016814159292035398,0.02846607669616519,0.028613569321533923,0.03303834808259587,0.02271386430678466,0.014601769911504425,0.01607669616519174,0.013126843657817109,0.026106194690265486,0.020058997050147492,0.02654867256637168,0.02640117994100295,0.01607669616519174,0.016519174041297935,0.02640117994100295,0.01415929203539823,0.018141592920353982,0.02094395280235988,0.019321533923303835,0.021386430678466076,0.020353982300884955,0.012389380530973451,0.030825958702064896,0.013126843657817109,0.02536873156342183,0.017404129793510324,0.020501474926253687,0.023156342182890855,0.01799410029498525,0.02359882005899705,0.013421828908554572,0.018289085545722714,0.02743362831858407,0.015339233038348082,0.019469026548672566,0.015781710914454277,0.017404129793510324,0.013569321533923304,0.02743362831858407,0.012389380530973451,0.01327433628318584,0.02079646017699115,0.026991150442477876,0.016371681415929203,0.02168141592920354,0.014306784660766961,0.015634218289085546,0.019174041297935103,0.022123893805309734,0.01887905604719764
2024-08,0.019256691700365876,0.026766801463508568,0.02772963604852686,0.03620258039668785,0.026189100712497592,0.013094550356248796,0.01579048719430002,0.013672251107259772,0.024455998459464664,0.0219526285384171,0.02772963604852686,0.025418833044482957,0.015212786443289043,0.019449258617369534,0.02503369921047564,0.012324282688234161,0.014442518775274409,0.019641825534373193,0.018293857115347582,0.02214519545542076,0.01733102253032929,0.012131715771230503,0.030233005969574428,0.01713845561332563,0.02772963604852686,0.016368187945310995,0.023878297708453688,0.02330059695744271,0.017716156364336606,0.023878297708453688,0.01251684960523782,0.016368187945310995,0.026766801463508568,0.01405738494126709,0.0186789909493549,0.017716156364336606,0.016753321779318313,0.012131715771230503,0.03158097438860004,0.014442518775274409,0.013094550356248796,0.019449258617369534,0.02233776237242442,0.01733102253032929,0.021760061621413442,0.012709416522241479,0.02002695936838051,0.019641825534373193,0.02002695936838051,0.018101290198343924
2024-09,0.015532544378698224,0.03476331360946745,0.034023668639053255,0.03747534516765286,0.02342209072978304,0.013313609467455622,0.016518737672583828,0.012080867850098619,0.019230769230769232,0.020463510848126233,0.02564102564102564,0.02514792899408284,0.011834319526627219,0.022928994082840236,0.027366863905325445,0.012080867850098619,0.013067061143984222,0.021203155818540435,0.019970414201183433,0.01972386587771203,0.016518737672583828,0.011094674556213017,0.028599605522682446,0.016025641025641024,0.028106508875739646,0.021449704142011833,0.019230769230769232,0.022928994082840236,0.021696252465483234,0.024161735700197237,0.012080867850098619,0.022682445759368838,0.027120315581854043,0.014546351084812623,0.017504930966469427,0.01849112426035503,0.01824457593688363,0.013560157790927022,0.020463510848126233,0.013560157790927022,0.015779092702169626,0.016025641025641024,0.026627218934911243,0.014546351084812623,0.019970414201183433,0.014053254437869823,0.014299802761341223,0.026134122287968443,0.02021696252465483,0.01849112426035503
2024-10,0.016833245660178853,0.03051025775907417,0.026827985270910047,0.04050499736980537,0.02367175170962651,0.014203051025775907,0.01604418726985797,0.012887953708574434,0.021304576538663862,0.021304576538663862,0.024460810099947397,0.021567596002104155,0.018674381904260916,0.021304576538663862,0.02524986849026828,0.013940031562335612,0.016833245660178853,0.020778537611783273,0.01841136244082062,0.020252498684902684,0.01788532351394003,0.010783798001052078,0.0291951604418727,0.015255128879537085,0.0241977906365071,0.019200420831141506,0.022619673855865333,0.01893740136770121,0.01788532351394003,0.02288269331930563,0.01604418726985797,0.015781167806417674,0.02367175170962651,0.014466070489216202,0.016307206733298264,0.016833245660178853,0.0194634402945818,0.013940031562335612,0.027617043661230932,0.012361914781693845,0.013150973172014729,0.017622304050499738,0.02183061546554445,0.017622304050499738,0.022619673855865333,0.015255128879537085,0.022093634928984744,0.021041557075223566,0.023934771173066808,0.023934771173066808
2024-11,0.015229266677702366,0.031617281906969046,0.029630855818573085,0.03923191524582023,0.02549246813441483,0.014236053633504386,0.015394802185068697,0.013573911604039066,0.02615461016388015,0.01936765436186062,0.026816752193345474,0.02218175798708823,0.014732660155603377,0.016884621751365667,0.025989074656513823,0.011090878993544115,0.016222479721900347,0.019036583347127958,0.014567124648237046,0.02069193842079126,0.01738122827346466,0.010428736964078795,0.028141036252276114,0.012249627545108426,0.02185068697235557,0.0203608674060586,0.025989074656513823,0.023837113060751532,0.02499586161231584,0.02433371958285052,0.012415163052474755,0.0203608674060586,0.02267836450918722,0.013242840589306406,0.02102300943552392,0.01655355073663301,0.02168515146498924,0.012415163052474755,0.028637642774375104,0.011090878993544115,0.01804337030292998,0.01936765436186062,0.02416818407548419,0.015891408707167688,0.01986426088395961,0.013739447111405397,0.016222479721900347,0.01804337030292998,0.025823539149147492,0.02102300943552392
2024-12,0.017039106145251396,0.033379888268156424,0.027793296089385473,0.03449720670391061,0.026815642458100558,0.015782122905027934,0.019972067039106145,0.013966480446927373,0.027094972067039105,0.01983240223463687,0.02276536312849162,0.02276536312849162,0.017458100558659217,0.016201117318435754,0.02276536312849162,0.010893854748603353,0.01494413407821229,0.022206703910614526,0.018715083798882683,0.020391061452513966,0.0164804469273743,0.01606145251396648,0.030446927374301675,0.013687150837988826,0.022486033519553073,0.018715083798882683,0.023743016759776536,0.025,0.022067039106145252,0.022206703910614526,0.01159217877094972,0.017318435754189943,0.025977653631284917,0.014385474860335196,0.019692737430167598,0.013966480446927373,0.017877094972067038,0.014385474860335196,0.0276536312849162,0.012709497206703911,0.014385474860335196,0.01857541899441341,0.023603351955307262,0.01606145251396648,0.021229050279329607,0.013128491620111732,0.01717877094972067,0.01801675977653631,0.02527932960893855,0.020810055865921787
2025-01,0.01580278128950695,0.03350189633375474,0.029077117572692796,0.03687315634218289,0.02423093131057733,0.0134850400337126,0.018752633796881586,0.012852928782132322,0.025705857564264644,0.02359882005899705,0.025705857564264644,0.02338811630847029,0.012852928782132322,0.014959966287399916,0.026127265065318164,0.01032448377581121,0.019174041297935103,0.02064896755162242,0.017909818794774546,0.021281078803202697,0.018541930046354824,0.01706700379266751,0.02970922882427307,0.011799410029498525,0.02338811630847029,0.017277707543194267,0.021281078803202697,0.021913190054782976,0.021281078803202697,0.02338811630847029,0.011588706278971767,0.014959966287399916,0.02675937631689844,0.0134850400337126,0.01938474504846186,0.018752633796881586,0.018120522545301308,0.012642225031605562,0.0326590813316477,0.012010113780025285,0.01327433628318584,0.018541930046354824,0.024863042562157607,0.017909818794774546,0.02064896755162242,0.01390644753476612,0.01748841129372103,0.018752633796881586,0.022756005056890013,0.019595448798988623
