month,topic_0,topic_1,topic_2,topic_3,topic_4,topic_5,topic_6,topic_7,topic_8,topic_9,topic_10,topic_11,topic_12,topic_13,topic_14,topic_15,topic_16,topic_17,topic_18,topic_19,topic_20,topic_21,topic_22,topic_23,topic_24,topic_25,topic_26,topic_27,topic_28,topic_29,topic_30,topic_31,topic_32,topic_33,topic_34,topic_35,topic_36,topic_37,topic_38,topic_39,topic_40,topic_41,topic_42,topic_43,topic_44,topic_45,topic_46,topic_47,topic_48,topic_49
2015-06,0.0,0.0,0.0,0.0,0.0,0.0,0.0,0.0,0.0,0.0,0.0,0.0,0.0,0.0,0.0,0.0,0.0,0.0,0.0,0.0,0.0,0.0,0.0,0.0,0.0,0.0,0.0,0.0,0.0,0.0,0.0,0.0,0.0,0.0,0.0,0.0,0.0,1.0,0.0,0.0,0.0,0.0,0.0,0.0,0.0,0.0,0.0,0.0,0.0,0.0
2015-07,0.0,0.0,0.0,0.1666666666666666,0.1666666666666666,0.0,0.0,0.0,0.0,0.0,0.0,0.0,0.0,0.0,0.0,0.0,0.0,0.0,0.0,0.0,0.0,0.0,0.1666666666666666,0.0,0.0,0.0,0.0,0.0,0.0,0.0,0.0,0.1666666666666666,0.0,0.0,0.0,0.0,0.0,0.3333333333333333,0.0,0.0,0.0,0.0,0.0,0.0,0.0,0.0,0.0,0.0,0.0,0.0
2015-08,0.032258064516129,0.0,0.0,0.0,0.0967741935483871,0.032258064516129,0.0,0.064516129032258,0.064516129032258,0.032258064516129,0.0,0.0,0.0,0.0,0.032258064516129,0.032258064516129,0.0,0.0,0.032258064516129,0.0,0.032258064516129,0.0,0.0,0.0,0.0,0.032258064516129,0.0,0.064516129032258,0.064516129032258,0.032258064516129,0.0,0.064516129032258,0.032258064516129,0.0,0.0,0.032258064516129,0.0,0.032258064516129,0.0,0.032258064516129,0.0,0.0,0.0,0.0,0.032258064516129,0.0,0.032258064516129,0.064516129032258,0.0,0.032258064516129
2015-09,0.0526315789473684,0.0526315789473684,0.0,0.0,0.0,0.0,0.0,0.0,0.0,0.0,0.0,0.0,0.0,0.1052631578947368,0.0,0.0526315789473684,0.0,0.0,0.0526315789473684,0.0,0.0,0.1052631578947368,0.0,0.0526315789473684,0.0,0.0526315789473684,0.0,0.0,0.0,0.0526315789473684,0.0,0.0,0.0,0.0526315789473684,0.0,0.1578947368421052,0.0526315789473684,0.0,0.0526315789473684,0.0526315789473684,0.0,0.0,0.0,0.0,0.0526315789473684,0.0,0.0,0.0,0.0,0.0
2015-10,0.0,0.0769230769230769,0.0,0.0,0.0,0.0769230769230769,0.0,0.0,0.0,0.0,0.0,0.0769230769230769,0.0,0.0,0.1538461538461538,0.0,0.0,0.0769230769230769,0.0,0.0769230769230769,0.0,0.0769230769230769,0.0,0.0,0.0,0.0,0.0,0.0,0.0,0.0,0.0,0.0769230769230769,0.0,0.0,0.0,0.0,0.0,0.0769230769230769,0.0,0.0,0.0,0.0769230769230769,0.0,0.0769230769230769,0.0769230769230769,0.0,0.0,0.0,0.0,0.0
2015-11,0.0,0.0,0.0666666666666666,0.0,0.0,0.0,0.0,0.0666666666666666,0.0666666666666666,0.0,0.0,0.0,0.0,0.0,0.0,0.0,0.0,0.0,0.1333333333333333,0.0,0.0,0.0,0.0,0.0,0.0,0.0666666666666666,0.0666666666666666,0.0,0.0666666666666666,0.1333333333333333,0.0,0.0666666666666666,0.0666666666666666,0.0,0.0666666666666666,0.0,0.0666666666666666,0.0,0.0,0.0,0.0,0.0,0.0,0.0,0.0,0.0,0.0666666666666666,0.0,0.0,0.0
2015-12,0.0769230769230769,0.0,0.0,0.0,0.0,0.0,0.0,0.0,0.0769230769230769,0.0,0.0,0.0,0.0769230769230769,0.0769230769230769,0.0,0.0,0.0,0.0,0.0,0.0,0.0,0.0769230769230769,0.0,0.0,0.0,0.0,0.0,0.0,0.1538461538461538,0.0,0.0,0.0769230769230769,0.1538461538461538,0.0,0.0,0.0,0.0,0.0,0.0,0.0,0.0,0.0769230769230769,0.0769230769230769,0.0,0.0,0.0,0.0769230769230769,0.0,0.0,0.0
2016-01,0.0357142857142857,0.0178571428571428,0.0,0.0178571428571428,0.0,0.0357142857142857,0.0357142857142857,0.0178571428571428,0.0178571428571428,0.0,0.0178571428571428,0.0,0.0178571428571428,0.0,0.0,0.0178571428571428,0.0178571428571428,0.0178571428571428,0.0178571428571428,0.0,0.0178571428571428,0.0178571428571428,0.0,0.0,0.0178571428571428,0.0178571428571428,0.0535714285714285,0.0178571428571428,0.0357142857142857,0.0357142857142857,0.0178571428571428,0.0357142857142857,0.0357142857142857,0.0178571428571428,0.0,0.0535714285714285,0.0178571428571428,0.0535714285714285,0.0,0.0178571428571428,0.0357142857142857,0.0535714285714285,0.0178571428571428,0.0357142857142857,0.0178571428571428,0.0178571428571428,0.0535714285714285,0.0178571428571428,0.0,0.0
2016-02,0.0327868852459016,0.0245901639344262,0.0,0.0081967213114754,0.0327868852459016,0.0163934426229508,0.0163934426229508,0.0081967213114754,0.0491803278688524,0.0081967213114754,0.0245901639344262,0.0163934426229508,0.0245901639344262,0.0327868852459016,0.0245901639344262,0.0245901639344262,0.0245901639344262,0.0163934426229508,0.0081967213114754,0.0081967213114754,0.0163934426229508,0.0327868852459016,0.0081967213114754,0.0245901639344262,0.0081967213114754,0.0163934426229508,0.0081967213114754,0.0163934426229508,0.0245901639344262,0.0081967213114754,0.0,0.0245901639344262,0.0327868852459016,0.0163934426229508,0.0081967213114754,0.0245901639344262,0.0163934426229508,0.0,0.0245901639344262,0.0655737704918032,0.0,0.0327868852459016,0.0327868852459016,0.0327868852459016,0.0245901639344262,0.0081967213114754,0.0081967213114754,0.0163934426229508,0.040983606557377,0.0245901639344262
2016-03,0.0283213182286302,0.0133882595262615,0.015447991761071,0.0236869207003089,0.0205973223480947,0.0216271884654994,0.0247167868177136,0.01956745623069,0.0231719876416065,0.0200823892893923,0.0180226570545829,0.0180226570545829,0.029351184346035,0.0164778578784757,0.0216271884654994,0.01956745623069,0.0226570545829042,0.0226570545829042,0.0216271884654994,0.0159629248197734,0.0133882595262615,0.015447991761071,0.0190525231719876,0.0200823892893923,0.0200823892893923,0.0283213182286302,0.0262615859938208,0.0205973223480947,0.0108135942327497,0.015447991761071,0.0159629248197734,0.0175077239958805,0.0159629248197734,0.0144181256436663,0.0236869207003089,0.0298661174047373,0.0169927909371781,0.01956745623069,0.01956745623069,0.0221421215242018,0.0133882595262615,0.0211122554067971,0.0159629248197734,0.015447991761071,0.0216271884654994,0.0200823892893923,0.0205973223480947,0.0283213182286302,0.0211122554067971,0.0205973223480947
2016-04,0.0255591054313099,0.0166134185303514,0.0155484558040468,0.0223642172523961,0.017678381256656,0.0168264110756123,0.0240681576144834,0.0247071352502662,0.0204472843450479,0.0168264110756123,0.0161874334398296,0.0142705005324813,0.0189563365282215,0.0242811501597444,0.0247071352502662,0.0170394036208732,0.020021299254526,0.017678381256656,0.0232161874334398,0.0149094781682641,0.0164004259850905,0.0215122470713525,0.0168264110756123,0.020021299254526,0.0161874334398296,0.0272630457933972,0.0215122470713525,0.022790202342918,0.015122470713525,0.0185303514376996,0.020234291799787,0.0244941427050053,0.017678381256656,0.0153354632587859,0.0272630457933972,0.020021299254526,0.020234291799787,0.0244941427050053,0.0259850905218317,0.0204472843450479,0.0212992545260915,0.0242811501597444,0.0212992545260915,0.017678381256656,0.0183173588924387,0.0181043663471778,0.0210862619808306,0.0174653887113951,0.0217252396166134,0.0144834930777422
2016-05,0.0217632689318232,0.0199866755496335,0.0153231179213857,0.0233177881412391,0.0182100821674439,0.0157672662669331,0.0206528980679546,0.0219853431045969,0.0237619364867865,0.022651565622918,0.0162114146124805,0.0175438596491228,0.0190983788585387,0.024206084832334,0.0250943815234288,0.0219853431045969,0.0175438596491228,0.0177659338218965,0.022651565622918,0.0131023761936486,0.0175438596491228,0.0206528980679546,0.0142127470575172,0.0206528980679546,0.0142127470575172,0.0235398623140128,0.0164334887852542,0.0266489007328447,0.0177659338218965,0.022651565622918,0.0202087497224072,0.0215411947590495,0.0155451920941594,0.0195425272040861,0.0190983788585387,0.0246502331778814,0.0206528980679546,0.0222074172773706,0.0255385298689762,0.0177659338218965,0.0235398623140128,0.0255385298689762,0.0148789695758383,0.0173217854763491,0.015101043748612,0.0237619364867865,0.0206528980679546,0.018876304685765,0.0213191205862758,0.0193204530313124
2016-06,0.02512297962052,0.0172171468728039,0.016514406184118,0.0238931834153197,0.0214335910049191,0.0161630358397751,0.02512297962052,0.0272312016865776,0.0182712579058327,0.019501054111033,0.0172171468728039,0.0147575544624033,0.0205551651440618,0.0186226282501756,0.0254743499648629,0.0219606465214335,0.0179198875614898,0.0203794799718903,0.0184469430780042,0.0128250175685172,0.0145818692902319,0.0210822206605762,0.0149332396345748,0.0228390723822909,0.0179198875614898,0.0212579058327477,0.0193253689388615,0.0256500351370344,0.0217849613492621,0.0196767392832044,0.0184469430780042,0.0267041461700632,0.0147575544624033,0.0180955727336612,0.0216092761770906,0.0228390723822909,0.0238931834153197,0.0198524244553759,0.0256500351370344,0.0147575544624033,0.0205551651440618,0.0261770906535488,0.0140548137737174,0.0182712579058327,0.0212579058327477,0.0189739985945186,0.0200281096275474,0.0193253689388615,0.0196767392832044,0.0173928320449754
2016-07,0.0260854028944077,0.0169733785956762,0.0219760586028229,0.0194747185992495,0.0192960514561372,0.017330712881901,0.0255494014650705,0.0250134000357334,0.0201893871716991,0.0187600500268,0.0230480614614972,0.0159013757370019,0.0159013757370019,0.0200107200285867,0.0257280686081829,0.0184027157405753,0.0159013757370019,0.0178667143112381,0.0164373771663391,0.0157227085938895,0.0146507057352152,0.0200107200285867,0.01500804002144,0.0198320528854743,0.01500804002144,0.0241200643201715,0.0198320528854743,0.0253707343219581,0.0242987314632839,0.0207253886010362,0.0178667143112381,0.0260854028944077,0.0139360371627657,0.0185813828836876,0.0235840628908343,0.0216187243165981,0.0234053957477219,0.0205467214579238,0.0260854028944077,0.0155440414507772,0.0226907271752724,0.0257280686081829,0.0162587100232267,0.0187600500268,0.0189387171699124,0.0241200643201715,0.0148293728783276,0.0221547257459353,0.0180453814543505,0.0167947114525638
2016-08,0.0307539682539682,0.0168650793650793,0.0161210317460317,0.0248015873015873,0.0208333333333333,0.0161210317460317,0.0243055555555555,0.0235615079365079,0.0183531746031746,0.0183531746031746,0.0151289682539682,0.0099206349206349,0.019345238095238,0.0188492063492063,0.0245535714285714,0.0262896825396825,0.0163690476190476,0.0178571428571428,0.023313492063492,0.011656746031746,0.0168650793650793,0.0215773809523809,0.0181051587301587,0.019345238095238,0.0166170634920634,0.0235615079365079,0.0225694444444444,0.0255456349206349,0.023313492063492,0.029265873015873,0.019345238095238,0.0230654761904761,0.0166170634920634,0.0138888888888888,0.0218253968253968,0.0200892857142857,0.0195932539682539,0.0173611111111111,0.0238095238095238,0.0190972222222222,0.0173611111111111,0.0265376984126984,0.0166170634920634,0.0163690476190476,0.0203373015873015,0.0228174603174603,0.0178571428571428,0.0218253968253968,0.0168650793650793,0.0186011904761904
2016-09,0.0230235783633841,0.0155339805825242,0.0169209431345353,0.0219140083217753,0.021636615811373,0.0158113730929264,0.0233009708737864,0.0244105409153952,0.0183079056865464,0.0238557558945908,0.0213592233009708,0.0166435506241331,0.0144244105409153,0.0227461858529819,0.029126213592233,0.0233009708737864,0.0188626907073509,0.0202496532593619,0.0180305131761442,0.0124826629680998,0.0166435506241331,0.0149791955617198,0.0144244105409153,0.0221914008321775,0.0180305131761442,0.0219140083217753,0.0224687933425797,0.0227461858529819,0.0246879334257975,0.0235783633841886,0.0244105409153952,0.026629680998613,0.0188626907073509,0.0180305131761442,0.0199722607489597,0.0188626907073509,0.0224687933425797,0.0166435506241331,0.0194174757281553,0.0221914008321775,0.0235783633841886,0.029126213592233,0.0185852981969486,0.0147018030513176,0.017753120665742,0.0221914008321775,0.0163661581137309,0.017753120665742,0.0133148404993065,0.0155339805825242
2016-10,0.0233985423858841,0.0163022631377061,0.0166858457997698,0.0228231683927886,0.0172612197928653,0.0163022631377061,0.0197545070962792,0.0207134637514384,0.0230149597238204,0.01879555044112,0.019946298427311,0.0161104718066743,0.0203298810893747,0.0193709244342155,0.0266589950134253,0.0245492903720751,0.0186037591100882,0.0170694284618335,0.0166858457997698,0.0161104718066743,0.0170694284618335,0.0205216724204065,0.0203298810893747,0.0216724204065976,0.0180283851169927,0.0212888377445339,0.0189873417721519,0.0251246643651706,0.0241657077100115,0.0235903337169159,0.0182201764480245,0.027042577675489,0.0193709244342155,0.0155350978135788,0.0232067510548523,0.0191791331031837,0.0172612197928653,0.0172612197928653,0.0203298810893747,0.0161104718066743,0.0207134637514384,0.0289604909858074,0.0193709244342155,0.0157268891446106,0.0209052550824702,0.0168776371308016,0.0228231683927886,0.0243574990410433,0.0201380897583429,0.0153433064825469
2016-11,0.0240027629079606,0.0134691763080642,0.0138145398031428,0.0243481264030392,0.0210671731997927,0.0174408565014677,0.0240027629079606,0.0274563978587463,0.0214125366948713,0.0196857192194785,0.0191676739768606,0.0157140390260749,0.0158867207736142,0.020031082714557,0.0252115351407356,0.0257295803833534,0.016404766016232,0.016404766016232,0.0172681747539285,0.0134691763080642,0.0145052667932999,0.0186496287342427,0.0186496287342427,0.018822310481782,0.0158867207736142,0.0241754446554999,0.0255568986358141,0.0238300811604213,0.0203764462096356,0.0208944914522534,0.0208944914522534,0.0267656708685891,0.0153686755309963,0.0167501295113106,0.0221032636850284,0.0191676739768606,0.0219305819374892,0.0214125366948713,0.0250388533931963,0.0174408565014677,0.0202037644620963,0.0276290796062856,0.0179589017440856,0.0205491279571749,0.0191676739768606,0.0195130374719392,0.0165774477637713,0.0214125366948713,0.0155413572785356,0.021239854947332
2016-12,0.0236439499304589,0.0141068944963242,0.0166898470097357,0.0214583747268031,0.0185773892310749,0.0178819789390025,0.0230478839658255,0.0260282137889926,0.0206636201072918,0.0169878799920524,0.0177826346115636,0.0137095171865686,0.0209616530896085,0.0196701768329028,0.0228491953109477,0.0222531293463143,0.0162924696999801,0.018478044903636,0.0198688654877806,0.0137095171865686,0.0171865686469302,0.0211603417444863,0.0180806675938803,0.0187760778859527,0.015299026425591,0.0253328034969203,0.0236439499304589,0.0258295251341148,0.0168885356646135,0.0196701768329028,0.0199682098152195,0.0232465726207033,0.0193721438505861,0.0168885356646135,0.0209616530896085,0.0240413272402145,0.0219550963639976,0.0193721438505861,0.0244387045499701,0.0227498509835088,0.0207629644347307,0.027717067355454,0.0172859129743691,0.0176832902841247,0.0219550963639976,0.0177826346115636,0.0193721438505861,0.0228491953109477,0.0181800119213192,0.0168885356646135
2017-01,0.0211323763955342,0.0154173312068048,0.0163476874003189,0.0240563530037214,0.0175438596491228,0.0186071238702817,0.0227272727272727,0.0251196172248803,0.0163476874003189,0.0188729399255715,0.0206007442849548,0.0167464114832535,0.0199362041467304,0.0260499734183944,0.0255183413078149,0.0199362041467304,0.0163476874003189,0.0187400318979266,0.0190058479532163,0.017278043593833,0.0151515151515151,0.0202020202020202,0.0190058479532163,0.0171451355661882,0.0163476874003189,0.0225943646996278,0.0215311004784689,0.0212652844231791,0.0216640085061137,0.0231259968102073,0.0212652844231791,0.0225943646996278,0.0175438596491228,0.0170122275385433,0.0208665603402445,0.0240563530037214,0.0219298245614035,0.0195374800637958,0.0221956406166932,0.0208665603402445,0.0179425837320574,0.0245879851143009,0.0179425837320574,0.0170122275385433,0.0224614566719829,0.0190058479532163,0.0196703880914407,0.0228601807549175,0.0178096757044125,0.0184742158426368
2017-02,0.0210133084286714,0.0172776091524632,0.0200793836096194,0.0214802708381975,0.0172776091524632,0.0158767219238851,0.0249824889096427,0.0247490077048797,0.0177445715619892,0.0221807144524865,0.0210133084286714,0.0170441279477002,0.0205463460191454,0.0189119775858043,0.0259164137286948,0.0203128648143824,0.0196124212000933,0.0168106467429371,0.015176278309596,0.0137753910810179,0.0165771655381741,0.0207798272239084,0.0133084286714919,0.0191454587905673,0.0200793836096194,0.0214802708381975,0.0247490077048797,0.0221807144524865,0.0203128648143824,0.0228811580667756,0.0186784963810413,0.0191454587905673,0.015176278309596,0.015409759514359,0.0212467896334345,0.0249824889096427,0.0207798272239084,0.0182115339715152,0.0240485640905907,0.0210133084286714,0.0217137520429605,0.0242820452953537,0.0189119775858043,0.0182115339715152,0.0186784963810413,0.0175110903572262,0.0226476768620126,0.0254494513191688,0.0184450151762783,0.0221807144524865
2017-03,0.0236797988264878,0.0155071248952221,0.0159262363788767,0.0184409052808046,0.0203269069572506,0.016764459346186,0.0199077954735959,0.0289186923721709,0.0213746856663872,0.0188600167644593,0.0165549036043587,0.0165549036043587,0.0165549036043587,0.0192791282481139,0.0251466890192791,0.0213746856663872,0.0159262363788767,0.0165549036043587,0.0188600167644593,0.0121542330259849,0.0163453478625314,0.01802179379715,0.0203269069572506,0.0165549036043587,0.0184409052808046,0.0259849119865884,0.0261944677284157,0.0240989103101424,0.0196982397317686,0.0196982397317686,0.017393126571668,0.0211651299245599,0.0165549036043587,0.0146689019279128,0.0247275775356244,0.0232606873428331,0.0196982397317686,0.0184409052808046,0.0243084660519698,0.01802179379715,0.0211651299245599,0.0211651299245599,0.0211651299245599,0.0190695725062866,0.026404023470243,0.0207460184409052,0.0201173512154233,0.0215842414082145,0.0217937971500419,0.0245180217937971
2017-04,0.0245554614733276,0.0152413209144792,0.014817950889077,0.0194750211685012,0.0160880609652836,0.0156646909398814,0.0192633361558001,0.0270956816257408,0.0213801862828111,0.0158763759525825,0.0203217612193056,0.014817950889077,0.0188399661303979,0.0198983911939034,0.0241320914479254,0.0230736663844199,0.0192633361558001,0.0158763759525825,0.0192633361558001,0.0175698560541913,0.0179932260795935,0.0207451312447078,0.0167231160033869,0.0196867061812023,0.0141828958509737,0.0203217612193056,0.0239204064352243,0.0258255715495342,0.0256138865368331,0.0177815410668924,0.0230736663844199,0.0279424216765453,0.0154530059271803,0.0194750211685012,0.0226502963590177,0.0207451312447078,0.0226502963590177,0.0209568162574089,0.0237087214225232,0.0220152413209144,0.0239204064352243,0.0241320914479254,0.0171464860287891,0.0171464860287891,0.0184165961049957,0.0175698560541913,0.0177815410668924,0.0218035563082133,0.0171464860287891,0.0209568162574089
2017-05,0.0280898876404494,0.0197669579692051,0.0153974198918019,0.0210153974198918,0.0191427382438618,0.0168539325842696,0.0226799833541406,0.0258010819808572,0.0178942987931752,0.0199750312109862,0.0189346650020807,0.011860174781523,0.0197669579692051,0.0183104452767374,0.0226799833541406,0.0216396171452351,0.0174781523096129,0.0170620058260507,0.021431543903454,0.0160216396171452,0.0185185185185185,0.021431543903454,0.0191427382438618,0.0201831044527673,0.0162297128589263,0.0222638368705784,0.0224719101123595,0.0274656679151061,0.0199750312109862,0.0226799833541406,0.0245526425301706,0.0181023720349563,0.0205992509363295,0.0141489804411152,0.0222638368705784,0.0241364960466084,0.0205992509363295,0.0199750312109862,0.0212234706616729,0.0199750312109862,0.0189346650020807,0.0255930087390761,0.019558884727424,0.0174781523096129,0.0183104452767374,0.0193508114856429,0.0166458593424885,0.0191427382438618,0.0191427382438618,0.0181023720349563
2017-06,0.0248366013071895,0.0163398692810457,0.0156862745098039,0.0206971677559912,0.0209150326797385,0.0154684095860566,0.0248366013071895,0.0211328976034858,0.0183006535947712,0.0185185185185185,0.0185185185185185,0.0172113289760348,0.0163398692810457,0.0167755991285403,0.0259259259259259,0.0235294117647058,0.0202614379084967,0.0185185185185185,0.0198257080610021,0.0137254901960784,0.0183006535947712,0.0206971677559912,0.0202614379084967,0.0213507625272331,0.0169934640522875,0.0198257080610021,0.0257080610021786,0.0248366013071895,0.0239651416122004,0.0193899782135076,0.0191721132897603,0.0217864923747276,0.0176470588235294,0.0135076252723311,0.0220043572984749,0.0235294117647058,0.0215686274509803,0.0202614379084967,0.0254901960784313,0.0196078431372549,0.0226579520697167,0.0241830065359477,0.0169934640522875,0.0193899782135076,0.018954248366013,0.0191721132897603,0.0163398692810457,0.0193899782135076,0.0206971677559912,0.018954248366013
2017-07,0.0265069703514627,0.0151187904967602,0.0172786177105831,0.0219909679952876,0.0192420969958766,0.022187315923817,0.0178676614961712,0.0265069703514627,0.0176713135676418,0.0237580993520518,0.0147260946397015,0.0178676614961712,0.0180640094247005,0.0204201845670528,0.0235617514235224,0.0247398389946986,0.016689573924995,0.0198311407814647,0.0208128804241115,0.0157078342823483,0.0184567052817592,0.019438444924406,0.0206165324955821,0.0214019242096995,0.0159041822108776,0.0223836638523463,0.0223836638523463,0.0239544472805811,0.0223836638523463,0.0202238366385234,0.0196347928529354,0.022187315923817,0.0186530532102886,0.0145297467111721,0.0192420969958766,0.0239544472805811,0.0192420969958766,0.0178676614961712,0.0243471431376398,0.0204201845670528,0.0208128804241115,0.026114274494404,0.0157078342823483,0.0186530532102886,0.019438444924406,0.016100530139407,0.0162968780679363,0.019438444924406,0.0196347928529354,0.0200274887099941
2017-08,0.0263157894736842,0.0160269093787099,0.0160269093787099,0.019588444796201,0.0174119509299564,0.0168183616937079,0.0259200633161852,0.0280965571824297,0.0227542540561931,0.0172140878512069,0.0152354570637119,0.0144440047487138,0.0189948555599525,0.0249307479224376,0.0269093787099327,0.0217649386624455,0.019588444796201,0.0168183616937079,0.021567075583696,0.0158290462999604,0.0152354570637119,0.0205777601899485,0.0184012663237039,0.0225563909774436,0.0130589631974673,0.021171349426197,0.0233478432924416,0.0253264740799366,0.021567075583696,0.0197863078749505,0.018796992481203,0.0243371586861891,0.0154333201424614,0.0158290462999604,0.0231499802136921,0.021567075583696,0.0227542540561931,0.019192718638702,0.0197863078749505,0.020379897111199,0.0182034032449544,0.0239414325286901,0.0152354570637119,0.0178076770874554,0.0225563909774436,0.0201820340324495,0.0231499802136921,0.0201820340324495,0.0156311832212109,0.0185991294024535
2017-09,0.0237738273720282,0.0147783251231527,0.0109231098736346,0.0231312914971085,0.0212036838723495,0.0179910044977511,0.0220603983722424,0.0246305418719211,0.0233454701220818,0.020775326622403,0.0162775754979653,0.0130648961233668,0.0152066823730991,0.0190618976226172,0.0299850074962518,0.0186335403726708,0.018847718997644,0.0162775754979653,0.0229171128721353,0.0115656457485542,0.0154208609980723,0.0214178624973227,0.0199186121225101,0.0239880059970015,0.0169201113728849,0.0214178624973227,0.0203469693724566,0.0244163632469479,0.026343970871707,0.0171342899978582,0.0246305418719211,0.0239880059970015,0.0179910044977511,0.0156350396230456,0.0224887556221889,0.0231312914971085,0.018847718997644,0.0182051831227243,0.0224887556221889,0.0205611479974298,0.0218462197472692,0.0216320411222959,0.0184193617476975,0.0175626472478046,0.0201327907474834,0.0177768258727778,0.0220603983722424,0.0237738273720282,0.0162775754979653,0.020775326622403
2017-10,0.0239439361495036,0.0179092855752384,0.0167412886898968,0.022386606969048,0.0155732918045551,0.015962624099669,0.019271948608137,0.0202452793459217,0.0204399454934786,0.0190772824605801,0.0216079423788203,0.0171306209850107,0.0194666147556939,0.022386606969048,0.0280319252481993,0.0221919408214911,0.0196612809032509,0.0173252871325676,0.0190772824605801,0.0147946272143274,0.016157290247226,0.0221919408214911,0.0204399454934786,0.0231652715592758,0.0169359548374537,0.0221919408214911,0.0200506131983648,0.0255012653299591,0.0227759392641619,0.0210239439361495,0.0184932840179092,0.0194666147556939,0.0181039517227954,0.0153786256569982,0.0210239439361495,0.0247226007397313,0.0194666147556939,0.0214132762312633,0.022581273116605,0.016157290247226,0.0214132762312633,0.0258905976250729,0.0182986178703523,0.019271948608137,0.0200506131983648,0.0177146194276815,0.0182986178703523,0.0206346116410356,0.0202452793459217,0.0177146194276815
2017-11,0.0197002862434753,0.0218892069371948,0.0143121737666273,0.0215524499073918,0.0181848796093618,0.0166694729752483,0.0249200202054217,0.0239097491160127,0.0197002862434753,0.0175113655497558,0.0180165010944603,0.0176797440646573,0.0161643374305438,0.0213840713924903,0.0338440814952012,0.0235729920862098,0.0176797440646573,0.0161643374305438,0.0205421788179828,0.0154908233709378,0.0133019026772183,0.0193635292136723,0.0168378514901498,0.0202054217881798,0.0163327159454453,0.0220575854520963,0.0247516416905202,0.0244148846607172,0.0217208284222933,0.0198686647583768,0.0188583936689678,0.0244148846607172,0.0161643374305438,0.0178481225795588,0.0202054217881798,0.0230678565415053,0.0207105573328843,0.0195319077285738,0.0249200202054217,0.0210473143626873,0.0220575854520963,0.0254251557501262,0.0159959589156423,0.0183532581242633,0.0191951506987708,0.0153224448560363,0.0193635292136723,0.0200370432732783,0.0210473143626873,0.0186900151540663
2017-12,0.0232374950768018,0.0152619141394249,0.0138834186687672,0.0240252067743205,0.019495864513588,0.013981882630957,0.0189050807404489,0.0270775896022055,0.019495864513588,0.0179204411185506,0.0195943284757778,0.0160496258369436,0.0181173690429302,0.0205789680976762,0.0278653012997243,0.0232374950768018,0.020677432059866,0.0167388735722725,0.0241236707365104,0.0145726664040961,0.0165419456478928,0.0195943284757778,0.0168373375344623,0.0162465537613233,0.0160496258369436,0.0197912564001575,0.0220559275305238,0.0242221346987002,0.0204805041354864,0.0196927924379677,0.0205789680976762,0.0293422607325718,0.0143757384797164,0.0177235131941709,0.0207758960220559,0.0253052382827884,0.0223513194170933,0.0226467113036628,0.0215636077195746,0.0162465537613233,0.0227451752658526,0.0288499409216226,0.0172311933832217,0.0184127609294998,0.0203820401732965,0.0204805041354864,0.0172311933832217,0.0190035447026388,0.0173296573454115,0.0210712879086254
2018-01,0.0220174890693316,0.0165521549031855,0.0157713928794503,0.0223297938788257,0.0176452217364147,0.0181136789506558,0.019206745783885,0.0273266708307307,0.0209244222361024,0.0185821361648969,0.0213928794503435,0.0170206121174266,0.0163960024984384,0.0207682698313554,0.0268582136164896,0.0209244222361024,0.0176452217364147,0.0163960024984384,0.0173329169269206,0.0138975640224859,0.0154590880699562,0.0171767645221736,0.0171767645221736,0.0187382885696439,0.0184259837601499,0.0207682698313554,0.0265459088069956,0.0217051842598376,0.0212367270455965,0.0223297938788257,0.0206121174266083,0.0235790131168019,0.0154590880699562,0.0163960024984384,0.0223297938788257,0.0235790131168019,0.0213928794503435,0.0184259837601499,0.0195190505933791,0.0226420986883198,0.0184259837601499,0.0307620237351655,0.0202998126171143,0.0173329169269206,0.0226420986883198,0.019206745783885,0.0206121174266083,0.0184259837601499,0.0187382885696439,0.0229544034978138
2018-02,0.022391304347826,0.017391304347826,0.0147826086956521,0.0193478260869565,0.02,0.0178260869565217,0.0210869565217391,0.0252173913043478,0.0167391304347826,0.0217391304347826,0.0169565217391304,0.0182608695652173,0.0178260869565217,0.0206521739130434,0.0260869565217391,0.0195652173913043,0.0202173913043478,0.0182608695652173,0.0202173913043478,0.015,0.0184782608695652,0.0210869565217391,0.0182608695652173,0.015,0.0147826086956521,0.02,0.0260869565217391,0.0269565217391304,0.0204347826086956,0.0202173913043478,0.0221739130434782,0.0228260869565217,0.0171739130434782,0.0189130434782608,0.0210869565217391,0.0156521739130434,0.0208695652173913,0.0189130434782608,0.0219565217391304,0.0191304347826086,0.0263043478260869,0.0278260869565217,0.0182608695652173,0.0184782608695652,0.0232608695652173,0.0180434782608695,0.0202173913043478,0.0217391304347826,0.0171739130434782,0.0191304347826086
2018-03,0.0249941051638764,0.0160339542560716,0.0132044329167649,0.0193350624852629,0.0167413345908983,0.020514029709974,0.0216929969346852,0.0268804527234142,0.0198066493751473,0.0221645838245696,0.0193350624852629,0.0146191935864182,0.0165055411459561,0.0238151379391652,0.0240509313841075,0.0198066493751473,0.0179203018156095,0.0172129214807828,0.0275878330582409,0.0134402263617071,0.0179203018156095,0.0209856165998585,0.0188634755953784,0.0179203018156095,0.0181560952605517,0.0228719641593963,0.0233435510492808,0.0200424428200896,0.0183918887054939,0.0193350624852629,0.0212214100448007,0.0273520396132987,0.0162697477010139,0.0124970525819382,0.0200424428200896,0.0186276821504362,0.0252298986088186,0.0181560952605517,0.0195708559302051,0.0214572034897429,0.0183918887054939,0.0313605281773166,0.0200424428200896,0.0146191935864182,0.0219287903796274,0.0186276821504362,0.0198066493751473,0.0219287903796274,0.0162697477010139,0.0231077576043386
2018-04,0.0184060042887777,0.0157255182273052,0.0155468191565403,0.0241243745532523,0.0166190135811293,0.0160829163688348,0.0184060042887777,0.0244817726947819,0.0171551107934238,0.0200142959256611,0.0167977126518942,0.0144746247319513,0.0173338098641887,0.0243030736240171,0.0273409578270193,0.0209077912794853,0.019120800571837,0.0189421015010721,0.0234095782701929,0.0151894210150107,0.0175125089349535,0.016976411722659,0.0196568977841315,0.0205503931379556,0.0192994996426018,0.0184060042887777,0.0216225875625446,0.0260900643316654,0.0225160829163688,0.0237669764117226,0.0232308791994281,0.0271622587562544,0.0141172265904217,0.016976411722659,0.0226947819871336,0.0230521801286633,0.0225160829163688,0.0219799857040743,0.0198355968548963,0.0160829163688348,0.0230521801286633,0.0296640457469621,0.014832022873481,0.0173338098641887,0.0173338098641887,0.0207290922087205,0.0187634024303073,0.0218012866333095,0.0171551107934238,0.0209077912794853
2018-05,0.0220730797912005,0.0147651006711409,0.0192393736017897,0.0216256524981357,0.0211782252050708,0.0192393736017897,0.0186428038777032,0.0237136465324384,0.0192393736017897,0.0187919463087248,0.0170022371364653,0.0170022371364653,0.016703952274422,0.0213273676360924,0.0271439224459358,0.0223713646532438,0.0173005219985085,0.0184936614466815,0.0164056674123788,0.0144668158090976,0.0165548098434004,0.016703952274422,0.0213273676360924,0.0199850857568978,0.0181953765846383,0.0189410887397464,0.0253542132736763,0.0210290827740492,0.0213273676360924,0.0196868008948545,0.0207307979120059,0.0280387770320656,0.0164056674123788,0.0158090976882923,0.0198359433258762,0.021476510067114,0.0198359433258762,0.0217747949291573,0.0211782252050708,0.019090231170768,0.0260999254287844,0.0238627889634601,0.0220730797912005,0.016703952274422,0.0225205070842654,0.0192393736017897,0.0180462341536167,0.0211782252050708,0.0192393736017897,0.0210290827740492
2018-06,0.0243138699576349,0.0156566586848406,0.0165776386074783,0.0200773623135015,0.022287714127832,0.0180512064836986,0.0228403020814146,0.0276293976791305,0.019893166328974,0.0228403020814146,0.0180512064836986,0.0138146988395652,0.019893166328974,0.022656106096887,0.0270768097255479,0.0180512064836986,0.0187879904218088,0.0195247743599189,0.0208141462516117,0.0139988948240928,0.0160250506538957,0.017498618530116,0.0165776386074783,0.0184195984527537,0.0160250506538957,0.0217351261742494,0.025050653895745,0.0224719101123595,0.0228403020814146,0.0152882667157855,0.0233928900349972,0.0268926137410204,0.0169460305765334,0.0147356787622029,0.0195247743599189,0.0235770860195247,0.0211825382206667,0.0169460305765334,0.0215509301897218,0.0182354024682261,0.0184195984527537,0.0252348498802726,0.0197089703444464,0.0163934426229508,0.0228403020814146,0.0193405783753914,0.0215509301897218,0.0224719101123595,0.0138146988395652,0.0224719101123595
2018-07,0.0198247078464106,0.0158597662771285,0.0143989983305509,0.0189899833055091,0.0221202003338898,0.0185726210350584,0.0196160267111853,0.0246243739565943,0.0212854757929883,0.0214941569282136,0.0181552587646076,0.0143989983305509,0.0162771285475793,0.0208681135225375,0.0298414023372287,0.0244156928213689,0.015025041736227,0.0187813021702838,0.0260851419031719,0.0154424040066777,0.0146076794657762,0.0221202003338898,0.0177378964941569,0.0194073455759599,0.0158597662771285,0.0171118530884808,0.0242070116861435,0.021702838063439,0.0198247078464106,0.0198247078464106,0.0227462437395659,0.0254590984974958,0.0125208681135225,0.0179465776293823,0.0169031719532554,0.0225375626043405,0.0158597662771285,0.0196160267111853,0.0239983305509181,0.0204507512520868,0.0196160267111853,0.0304674457429048,0.0210767946577629,0.0189899833055091,0.0177378964941569,0.0204507512520868,0.021702838063439,0.0237896494156928,0.0179465776293823,0.021702838063439
2018-08,0.0247000705716302,0.0174076687838155,0.0174076687838155,0.0247000705716302,0.018348623853211,0.0167019524817689,0.0207010115266996,0.0223476828981416,0.0209362502940484,0.0178781463185132,0.019995295224653,0.0145848035756292,0.0192895789226064,0.0209362502940484,0.0258762644083745,0.0211714890613973,0.0157609974123735,0.0195248176899553,0.0209362502940484,0.0131733709715361,0.0157609974123735,0.0185838626205598,0.0178781463185132,0.0171724300164667,0.0188191013879087,0.0225829216654904,0.0207010115266996,0.0202305339920018,0.0221124441307927,0.0211714890613973,0.0192895789226064,0.0256410256410256,0.0150552811103269,0.0195248176899553,0.0207010115266996,0.023288637967537,0.0192895789226064,0.0174076687838155,0.0223476828981416,0.023288637967537,0.0235238767348859,0.0247000705716302,0.018348623853211,0.0169371912491178,0.0195248176899553,0.0256410256410256,0.0190543401552575,0.0174076687838155,0.0178781463185132,0.0237591155022347
2018-09,0.0216333153055705,0.0164954029204975,0.0151433207138994,0.0232558139534883,0.0189291508923742,0.0178474851270957,0.020551649540292,0.0270416441319632,0.0191995673336938,0.0197404002163331,0.0143320713899405,0.0173066522444564,0.0186587344510546,0.0181179015684153,0.0294753921038399,0.0227149810708491,0.0173066522444564,0.0189291508923742,0.0224445646295294,0.0129799891833423,0.0148729042725797,0.0191995673336938,0.0189291508923742,0.0191995673336938,0.017577068685776,0.0213628988642509,0.0202812330989724,0.0232558139534883,0.0229853975121687,0.0200108166576527,0.0162249864791779,0.0270416441319632,0.0167658193618172,0.017577068685776,0.0224445646295294,0.0248783126014061,0.020551649540292,0.0197404002163331,0.0221741481882098,0.0216333153055705,0.020551649540292,0.0302866414277988,0.0167658193618172,0.0197404002163331,0.0194699837750135,0.0178474851270957,0.0210924824229313,0.0194699837750135,0.0173066522444564,0.0186587344510546
2018-10,0.0199718045112781,0.0169172932330827,0.0152725563909774,0.0218515037593984,0.0169172932330827,0.0209116541353383,0.0218515037593984,0.0286654135338345,0.019031954887218,0.0155075187969924,0.0183270676691729,0.0136278195488721,0.0220864661654135,0.0164473684210526,0.0263157894736842,0.0246710526315789,0.0185620300751879,0.0169172932330827,0.0185620300751879,0.0152725563909774,0.0138627819548872,0.0213815789473684,0.019031954887218,0.0230263157894736,0.0178571428571428,0.0242011278195488,0.025610902255639,0.0242011278195488,0.0178571428571428,0.0209116541353383,0.0209116541353383,0.0232612781954887,0.0133928571428571,0.0197368421052631,0.0183270676691729,0.0263157894736842,0.0216165413533834,0.0197368421052631,0.0232612781954887,0.0227913533834586,0.0209116541353383,0.0284304511278195,0.0176221804511278,0.0164473684210526,0.019031954887218,0.0176221804511278,0.0185620300751879,0.0211466165413533,0.0152725563909774,0.0199718045112781
2018-11,0.0197155330235178,0.0147866497676383,0.0152091254752851,0.025066891987044,0.0183072806646951,0.0195747077876355,0.0174623292494014,0.0260526686382199,0.0163357273623433,0.02295451344881,0.0163357273623433,0.0147866497676383,0.0215462610899873,0.0225320377411632,0.0268976200535135,0.0228136882129277,0.0178848049570483,0.0174623292494014,0.0211237853823405,0.0149274750035206,0.0143641740599915,0.0216870863258695,0.0208421349105759,0.0226728629770454,0.0174623292494014,0.0215462610899873,0.0226728629770454,0.0183072806646951,0.0232361639205745,0.0176031544852837,0.0222503872693986,0.0308407266582171,0.0166173778341078,0.0147866497676383,0.0163357273623433,0.0228136882129277,0.0207013096746937,0.0187297563723419,0.0256301929305731,0.0191522320799887,0.0211237853823405,0.0335164061399802,0.0152091254752851,0.0159132516546965,0.0171806787776369,0.0209829601464582,0.0191522320799887,0.0212646106182227,0.0157724264188142,0.0198563582594
2018-12,0.0233630006357279,0.013191354100445,0.0179593134138588,0.0212968849332485,0.0173235855054036,0.0190718372536554,0.0197075651621106,0.024793388429752,0.0189129052765416,0.0212968849332485,0.0187539732994278,0.0155753337571519,0.0173235855054036,0.0222504767959313,0.0235219326128417,0.0198664971392244,0.0197075651621106,0.0162110616656071,0.0182771773680864,0.0120788302606484,0.0176414494596312,0.0227272727272727,0.0205022250476795,0.0205022250476795,0.0179593134138588,0.0205022250476795,0.0254291163382072,0.0235219326128417,0.0230451366815003,0.0187539732994278,0.0205022250476795,0.0270184361093452,0.0157342657342657,0.0141449459631277,0.0205022250476795,0.0260648442466624,0.0209790209790209,0.0176414494596312,0.0209790209790209,0.018595041322314,0.0171646535282898,0.031786395422759,0.0212968849332485,0.0184361093452002,0.0176414494596312,0.017005721551176,0.0209790209790209,0.0206611570247933,0.0195486331849968,0.0222504767959313
2019-01,0.0230026338893766,0.0182616330114135,0.0147497805092186,0.0259877085162423,0.0198419666374012,0.0154521510096575,0.0215978928884986,0.0228270412642669,0.0210711150131694,0.0193151887620719,0.0180860403863037,0.0152765583845478,0.0189640035118525,0.0161545215100965,0.0245829675153643,0.0238805970149253,0.0205443371378402,0.0168568920105355,0.0221246707638279,0.0105355575065847,0.0163301141352063,0.0187884108867427,0.0184372256365232,0.0208955223880597,0.018612818261633,0.0212467076382791,0.0221246707638279,0.0196663740122914,0.0231782265144863,0.0230026338893766,0.0208955223880597,0.0245829675153643,0.0182616330114135,0.0170324846356453,0.0201931518876207,0.02756804214223,0.0200175592625109,0.0163301141352063,0.0217734855136084,0.017208077260755,0.0219490781387181,0.0284460052677787,0.0177348551360842,0.0203687445127304,0.0217734855136084,0.0177348551360842,0.0196663740122914,0.0205443371378402,0.017208077260755,0.0193151887620719
2019-02,0.020066889632107,0.0160057333970377,0.0172001911132345,0.0277114190157668,0.0193502150023889,0.0145723841376015,0.0176779741997133,0.0234113712374581,0.0183946488294314,0.0186335403726708,0.0238891543239369,0.0140946010511227,0.020066889632107,0.0238891543239369,0.0301003344481605,0.0157668418537983,0.0229335881509794,0.0152890587673196,0.0234113712374581,0.015527950310559,0.0186335403726708,0.0179168657429527,0.0143334925943621,0.0215002388915432,0.0195891065456282,0.0198279980888676,0.0236502627806975,0.0217391304347826,0.0217391304347826,0.0172001911132345,0.0262780697563306,0.024605828953655,0.0162446249402771,0.0172001911132345,0.0167224080267558,0.0191113234591495,0.0210224558050645,0.0172001911132345,0.0172001911132345,0.0193502150023889,0.0231724796942188,0.0262780697563306,0.0186335403726708,0.0174390826564739,0.0217391304347826,0.024605828953655,0.0205446727185857,0.0193502150023889,0.018155757286192,0.0210224558050645
2019-03,0.0192307692307692,0.0175585284280936,0.0167224080267558,0.0464046822742474,0.0196488294314381,0.0206939799331103,0.017767558528428,0.0252926421404682,0.0211120401337792,0.0194397993311036,0.017767558528428,0.0133779264214046,0.0163043478260869,0.0269648829431438,0.026128762541806,0.023829431438127,0.0156772575250836,0.0175585284280936,0.0165133779264214,0.0127508361204013,0.015886287625418,0.0165133779264214,0.020066889632107,0.0213210702341137,0.0163043478260869,0.0192307692307692,0.0188127090301003,0.0232023411371237,0.0202759197324414,0.0169314381270903,0.0296822742474916,0.0273829431438127,0.0142140468227424,0.014005016722408,0.0204849498327759,0.0225752508361204,0.017767558528428,0.0192307692307692,0.0236204013377926,0.017767558528428,0.0196488294314381,0.0223662207357859,0.0167224080267558,0.017767558528428,0.021948160535117,0.0183946488294314,0.0206939799331103,0.0202759197324414,0.0169314381270903,0.0192307692307692
2019-04,0.0213023480997337,0.0188816267247639,0.018155410312273,0.0244492858871943,0.0208182038247397,0.0159767610748002,0.0169450496247881,0.0244492858871943,0.0203340595497458,0.0237230694747034,0.0198499152747518,0.0137981118373275,0.0193657709997579,0.0246913580246913,0.0213023480997337,0.0227547809247155,0.0208182038247397,0.0174291938997821,0.0220285645122246,0.0111353183248608,0.017913338174776,0.017913338174776,0.0152505446623093,0.0193657709997579,0.0220285645122246,0.0217864923747276,0.0229968530622125,0.0176712660372791,0.0237230694747034,0.017913338174776,0.0213023480997337,0.0222706366497216,0.0193657709997579,0.0159767610748002,0.0222706366497216,0.0229968530622125,0.0239651416122004,0.0154926167998063,0.0229968530622125,0.0159767610748002,0.017913338174776,0.0355846042120551,0.0193657709997579,0.0167029774872912,0.0193657709997579,0.0176712660372791,0.0237230694747034,0.01839748244977,0.0137981118373275,0.0200919874122488
2019-05,0.021862779950231,0.015286171347316,0.01315321720583,0.0243512264486313,0.0181301102026306,0.0211517952364024,0.0211517952364024,0.0209740490579452,0.0204408105225737,0.020796302879488,0.0167081407749733,0.015286171347316,0.0188410949164592,0.0220405261286882,0.0243512264486313,0.021862779950231,0.0190188410949164,0.0167081407749733,0.0190188410949164,0.0140419480981158,0.0183078563810878,0.0202630643441166,0.0179523640241734,0.0167081407749733,0.0170636331318876,0.0215072875933167,0.0261286882332029,0.0211517952364024,0.0238179879132598,0.0186633487380021,0.0195520796302879,0.0247067188055456,0.0193743334518307,0.0165303945965161,0.0209740490579452,0.0231070031994312,0.0248844649840028,0.0156416637042303,0.0241734802701741,0.0183078563810878,0.0184856025595449,0.0243512264486313,0.0204408105225737,0.0184856025595449,0.021862779950231,0.0186633487380021,0.0199075719872022,0.0220405261286882,0.0216850337717739,0.0200853181656594
2019-06,0.024534942182001,0.0173956762192056,0.0139768728004022,0.0200100553041729,0.0218200100553041,0.0197083961789844,0.0221216691804927,0.0231271995977878,0.0214177978883861,0.0201106083459024,0.0193061840120663,0.016892911010558,0.0175967823026646,0.0240321769733534,0.0262443438914027,0.0224233283056812,0.016691804927099,0.0159879336349924,0.0214177978883861,0.0119658119658119,0.0158873805932629,0.0182001005530417,0.020412267471091,0.021015585721468,0.0167923579688285,0.0186023127199597,0.02473604826546,0.0199095022624434,0.0203117144293614,0.0196078431372549,0.02061337355455,0.0202111613876319,0.0161890397184514,0.0153846153846153,0.0199095022624434,0.0257415786827551,0.0227249874308697,0.0192056309703368,0.0217194570135746,0.021015585721468,0.0227249874308697,0.024937154348919,0.0188034188034188,0.0156862745098039,0.0214177978883861,0.0178984414278531,0.0235294117647058,0.0214177978883861,0.0177978883861236,0.020814479638009
2019-07,0.021985538401407,0.0169044361930818,0.0151455931209693,0.0264803595856947,0.0221809654094195,0.0194449872972444,0.0192495602892319,0.0255032245456322,0.0187609927692007,0.0194449872972444,0.0192495602892319,0.0148524526089505,0.0185655657611881,0.0235489544655071,0.0253077975376197,0.0228649599374633,0.0182724252491694,0.0180769982411569,0.0205198358413132,0.0148524526089505,0.015829587649013,0.0184678522571819,0.0195427008012507,0.0216923978893883,0.0190541332812194,0.0195427008012507,0.0228649599374633,0.0194449872972444,0.020812976353332,0.0185655657611881,0.0190541332812194,0.021985538401407,0.0132890365448504,0.0136798905608755,0.0220832519054133,0.0224741059214383,0.0206175493453195,0.0193472737932382,0.0235489544655071,0.0188587062732069,0.0201289818252882,0.027750635137776,0.0196404143052569,0.0182724252491694,0.021203830369357,0.0198358413132694,0.0216923978893883,0.020812976353332,0.0165135821770568,0.0221809654094195
2019-08,0.0222139948167345,0.0172158459829692,0.0153646797482413,0.0233246945575712,0.0198074787115883,0.0164753794890781,0.0198074787115883,0.0229544613106256,0.0211032950758978,0.0192521288411699,0.0177711958533876,0.0162902628656053,0.0205479452054794,0.0205479452054794,0.0279526101443909,0.023509811181044,0.0212884116993706,0.0142539800074046,0.0185116623472787,0.013883746760459,0.0170307293594964,0.0188818955942243,0.0170307293594964,0.0186967789707515,0.0183265457238059,0.023509811181044,0.0246205109218807,0.0203628285820066,0.0249907441688263,0.0168456127360236,0.0223991114402073,0.0214735283228433,0.0205479452054794,0.0162902628656053,0.0192521288411699,0.0285079600148093,0.0196223620881155,0.0168456127360236,0.020918178452425,0.0207330618289522,0.0223991114402073,0.0222139948167345,0.0153646797482413,0.0166604961125509,0.0251758607922991,0.0211032950758978,0.0229544613106256,0.0231395779340984,0.0161051462421325,0.0159200296186597
2019-09,0.0217699115044247,0.0139823008849557,0.0194690265486725,0.0221238938053097,0.0210619469026548,0.0185840707964601,0.0210619469026548,0.0187610619469026,0.0261946902654867,0.0176991150442477,0.0176991150442477,0.0168141592920353,0.01929203539823,0.0182300884955752,0.0300884955752212,0.0246017699115044,0.0191150442477876,0.0184070796460176,0.0198230088495575,0.0123893805309734,0.0141592920353982,0.0219469026548672,0.0185840707964601,0.0184070796460176,0.0191150442477876,0.0231858407079646,0.0231858407079646,0.0217699115044247,0.0180530973451327,0.0207079646017699,0.0194690265486725,0.0180530973451327,0.01929203539823,0.0134513274336283,0.0203539823008849,0.0223008849557522,0.0187610619469026,0.015221238938053,0.0270796460176991,0.02,0.0168141592920353,0.0228318584070796,0.0194690265486725,0.0194690265486725,0.0258407079646017,0.0187610619469026,0.0208849557522123,0.0226548672566371,0.0219469026548672,0.0210619469026548
2019-10,0.0221311475409836,0.0143442622950819,0.0143442622950819,0.021311475409836,0.0209016393442622,0.0170765027322404,0.025,0.0199453551912568,0.0233606557377049,0.0165300546448087,0.0173497267759562,0.0183060109289617,0.0203551912568306,0.0226775956284153,0.026639344262295,0.0206284153005464,0.0172131147540983,0.0155737704918032,0.0240437158469945,0.0170765027322404,0.0169398907103825,0.0215846994535519,0.0187158469945355,0.0185792349726775,0.0183060109289617,0.0219945355191256,0.0262295081967213,0.0229508196721311,0.0210382513661202,0.0204918032786885,0.0207650273224043,0.0202185792349726,0.0170765027322404,0.0154371584699453,0.0214480874316939,0.0243169398907103,0.0161202185792349,0.0222677595628415,0.0224043715846994,0.0215846994535519,0.0157103825136612,0.0199453551912568,0.0206284153005464,0.0174863387978142,0.0243169398907103,0.0183060109289617,0.0199453551912568,0.0207650273224043,0.0191256830601092,0.0204918032786885
2019-11,0.0234301041337961,0.0148311770274534,0.0145156200694225,0.0229567686967497,0.0227989902177343,0.0194067529189018,0.0186967497633322,0.025796781319028,0.0198011991164405,0.0198800883559482,0.0185389712843168,0.016724518775639,0.0194067529189018,0.0231145471757652,0.0252445566424739,0.020826759230041,0.0180656358472704,0.0165667402966235,0.0190123067213632,0.0145156200694225,0.0163300725781003,0.0178289681287472,0.0185389712843168,0.0201956453139791,0.0186967497633322,0.0194856421584095,0.0227989902177343,0.0206689807510255,0.021694540864626,0.0190123067213632,0.0213789839065951,0.0215367623856106,0.0166456295361312,0.0169611864941621,0.0214578731461028,0.0251656674029662,0.0198011991164405,0.018460082044809,0.0225623224992111,0.0198011991164405,0.0201956453139791,0.022877879457242,0.017592300410224,0.0170400757336699,0.0220100978226569,0.0203534237929946,0.0242189965288734,0.018460082044809,0.0227989902177343,0.0213000946670874
2019-12,0.0195517892694879,0.0152636683853182,0.018275562815866,0.0237888610955127,0.021593751595283,0.0206748685486752,0.0212364081882689,0.0234825667466435,0.0166930420133748,0.0193475930369084,0.0183266118740109,0.0156720608504773,0.0179692684669967,0.0213895553627035,0.0254224309561488,0.023278370514064,0.0198580836183572,0.0160294042574914,0.020368574199806,0.0156210117923324,0.0171524835366787,0.0190412986880392,0.0169993363622441,0.0200112307927918,0.0181224156414314,0.0210832610138342,0.0245545969676859,0.0216448006534279,0.0217468987697177,0.0188881515136045,0.023278370514064,0.0206238194905304,0.015774158966767,0.0120986267803359,0.0192454949206187,0.0253203328398591,0.0222063402930215,0.017867170350707,0.0201133289090816,0.0209811628975445,0.0214916534789933,0.0243504007351064,0.0187350043391699,0.0186329062228801,0.0229210271070498,0.0181224156414314,0.0232273214559191,0.020776966664965,0.021593751595283,0.0195517892694879
2020-01,0.0246223464430691,0.01530578292407,0.0169694549810341,0.0217608305050908,0.0201637053304052,0.0175683769215412,0.0215611898582551,0.0215611898582551,0.020962267917748,0.0173687362747055,0.0192985958607839,0.0171690956278698,0.0218939242696479,0.0213615492114194,0.0251547215012976,0.0187662208025554,0.0186996739202768,0.0268183935582617,0.020496439741798,0.0151726891595128,0.0196978771544553,0.0185000332734411,0.0177014706860983,0.0190324083316696,0.0153723298063485,0.0228255806215478,0.0213615492114194,0.0185000332734411,0.0219604711519265,0.0186331270379982,0.018965861449391,0.0204298928595195,0.0139082983962201,0.0152392360417914,0.0202302522126838,0.0266852997937046,0.0191655020962267,0.016370533040527,0.0221601117987622,0.020496439741798,0.0175683769215412,0.0271511279696546,0.0188327676848339,0.0205629866240766,0.025088174619019,0.0161708923936913,0.0228921275038264,0.0227590337392693,0.0204298928595195,0.0186331270379982
2020-02,0.0263396911898274,0.0159451004137652,0.0188717327681905,0.0195781612675345,0.0213946916944192,0.0186698960540922,0.0193763245534362,0.0228075486931072,0.02129377333737,0.0218992834796649,0.0168533656272075,0.0172570390554041,0.02129377333737,0.019880916338682,0.0252295892622868,0.02129377333737,0.0191744878393379,0.0154405086285195,0.0199818346957311,0.0132203047734382,0.0167524472701584,0.0194772429104854,0.0187708144111413,0.0195781612675345,0.0167524472701584,0.0243213240488444,0.022000201836714,0.0194772429104854,0.0194772429104854,0.0192754061963871,0.0207891815521243,0.0187708144111413,0.0169542839842567,0.0156423453426178,0.0186698960540922,0.0248259158340902,0.0215965284085175,0.0150368352003229,0.0209910182662226,0.0222020385508123,0.0195781612675345,0.0221011201937632,0.0199818346957311,0.020587344838026,0.0278534665455646,0.0154405086285195,0.0226057119790089,0.0248259158340902,0.0197799979816328,0.0200827530527803
2020-03,0.0213594782684816,0.0133934433404823,0.0174202302271633,0.0288440495469864,0.0203965509694927,0.0188208517529653,0.0172013831137567,0.0229351774850089,0.0169825360003501,0.0187333129076027,0.0220160196087013,0.0151879896704162,0.0154506062065041,0.0245546461242176,0.0256051122685691,0.0193460848251411,0.0195649319385477,0.0158883004333172,0.0182518492581082,0.0146189871755591,0.0178579244539764,0.0192585459797785,0.0169825360003501,0.021271939423119,0.0182956186807896,0.0210530923097124,0.0249048015056681,0.0200026261653608,0.0206591675055806,0.0209655534643498,0.0214907865365255,0.0245546461242176,0.0143126012167899,0.0156256838972293,0.0184269269488335,0.0249485709283494,0.0226287915262397,0.0208780146189871,0.0200026261653608,0.0178141550312951,0.0244233378561736,0.0256926511139318,0.0206153980828992,0.0185582352168774,0.0222786361447892,0.0168074583096248,0.0226287915262397,0.0200463955880421,0.0169825360003501,0.0234604105571847
2020-04,0.0196673409755001,0.0159586423915486,0.0194425713643515,0.0275342773657001,0.0225331535176444,0.0186558777253315,0.0202292650033715,0.0243875028096201,0.0185434929197572,0.0196673409755001,0.0207911890312429,0.0137109462800629,0.0191054169476286,0.0245560800179815,0.0263542369071701,0.0194425713643515,0.0177567992807372,0.0152281411553158,0.0184311081141829,0.0128118678354686,0.0177006068779501,0.0184873005169701,0.0181501461002472,0.0207349966284558,0.0174758372668015,0.0204540346145201,0.0250056192402787,0.0216340750730501,0.0224769611148572,0.0193301865587772,0.0205102270173072,0.0235446167678129,0.0139357158912115,0.01691391323893,0.0206226118228815,0.0258485052820858,0.0220836142953472,0.0197797257810743,0.0221959991009215,0.0183187233086086,0.0207349966284558,0.0256237356709372,0.0183187233086086,0.0180377612946729,0.0212969206563272,0.0175320296695886,0.0196111485727129,0.0199483029894358,0.0182063385030343,0.0206788042256686
2020-05,0.0234983215484608,0.0149989286479537,0.0198557245911006,0.0230697807299478,0.022712663381187,0.0195700307120919,0.0210699235768873,0.0217127348046568,0.0193557603028355,0.0180701378472966,0.0203556888793657,0.0142132704806799,0.0199985715306049,0.0232840511392043,0.0251410613527605,0.02049853581887,0.0183558317263052,0.0162845511034926,0.0202128419398614,0.0150703521177058,0.0172844796800228,0.0189272194843225,0.0182844082565531,0.0193557603028355,0.0181415613170487,0.0221412756231697,0.0234268980787086,0.0197843011213484,0.0199271480608527,0.0186415256053139,0.0219984286836654,0.0194986072423398,0.0161417041639882,0.0177844439682879,0.0212127705163916,0.0267838011570602,0.0206413827583744,0.0174987500892793,0.0205699592886222,0.020927076637383,0.0180701378472966,0.0229983572601957,0.0177844439682879,0.0181415613170487,0.0264266838082994,0.0178558674380401,0.0220698521534176,0.0216413113349046,0.02049853581887,0.0182129847868009
2020-06,0.0234594932749452,0.0182984047544573,0.0182202064435408,0.0218955270566155,0.0235376915858617,0.0199405692837034,0.0209571473256177,0.0233030966531122,0.0208007507037847,0.0187675946199562,0.0186111979981232,0.0164216452924616,0.0204097591492023,0.0224429152330309,0.0239286831404441,0.0222083203002815,0.0186111979981232,0.0161870503597122,0.019393181107288,0.0157960588051298,0.0200187675946199,0.0157960588051298,0.0191585861745386,0.0181420081326243,0.0168126368470441,0.022130121989365,0.0237722865186112,0.0186893963090397,0.0211135439474507,0.0207225523928683,0.0190803878636221,0.019705974350954,0.0129809196121363,0.0132937128558023,0.019705974350954,0.0272130121989365,0.0193149827963716,0.0189239912417891,0.0224429152330309,0.0207225523928683,0.0188457929308726,0.0262746324679386,0.0172036284016265,0.0180638098217078,0.0239286831404441,0.0150140756959649,0.0247888645605254,0.0230685017203628,0.019393181107288,0.0204879574601188
2020-07,0.0232053195820328,0.0156737684896186,0.0189306554485004,0.0221196905957389,0.0232053195820328,0.0177093228389197,0.021237617044375,0.0238838376984665,0.0213054688560184,0.0191342108834305,0.0183199891437101,0.0143845840683946,0.01811643370878,0.022323246030669,0.0261229474826977,0.0190663590717872,0.0192020626950739,0.0169629529108427,0.0179128782738499,0.0143167322567512,0.0172343601574162,0.0177093228389197,0.0186592482019269,0.0179807300854932,0.0179807300854932,0.0227303569005292,0.0263943547292712,0.0215768761025919,0.0238838376984665,0.0187949518252137,0.0227982087121726,0.0179807300854932,0.0156059166779753,0.0152666576197584,0.0215090242909485,0.0250373184964038,0.0182521373320667,0.01811643370878,0.0221196905957389,0.0181842855204233,0.0194734699416474,0.0236802822635364,0.0191342108834305,0.0190663590717872,0.0261229474826977,0.0174379155923463,0.0213054688560184,0.0203555434930112,0.0196091735649341,0.0228660605238159
2020-08,0.0228908840896222,0.0177950335679042,0.0202216290544366,0.0258027986734611,0.0242659548653239,0.01722882795438,0.0199789695057833,0.0249130469950659,0.0220820189274447,0.0188465582787349,0.0170670549219445,0.0171479414381622,0.0201407425382188,0.022324678476098,0.0265307773194208,0.0203025155706543,0.0181994661489929,0.015611097630025,0.0211113807328318,0.0126991830461862,0.0181994661489929,0.0181994661489929,0.0190892178273881,0.0186038987300816,0.0161773032435493,0.0211922672490495,0.0253174795761546,0.0191701043436059,0.0202216290544366,0.0187656717625171,0.0219202458950093,0.0217584728625738,0.016581735824638,0.0141551403381056,0.0228908840896222,0.0259645717058966,0.0183612391814284,0.016905281889509,0.0207878346679608,0.0215966998301383,0.0178759200841219,0.0215158133139205,0.0194936504084769,0.0195745369246946,0.0225673380247512,0.0154493245975895,0.0241041818328884,0.0195745369246946,0.0177141470516864,0.0211113807328318
2020-09,0.0232656069059901,0.0163175071060111,0.0161069586272239,0.0245288977787135,0.019686282766607,0.0177913464575218,0.021054847878724,0.0209495736393304,0.0213706705969049,0.019686282766607,0.0182124434150963,0.014948941993894,0.0182124434150963,0.0214759448362985,0.0264238340877987,0.0223181387514475,0.0247394462575007,0.0176860722181282,0.0187388146120644,0.0142120223181387,0.0160016843878302,0.0160016843878302,0.0162122328666175,0.018844088851458,0.0198968312453942,0.0235814296241709,0.0274765764817349,0.0207390251605432,0.0240025265817454,0.0177913464575218,0.0183177176544899,0.0217917675544794,0.0155805874302558,0.0155805874302558,0.021897041793873,0.0266343825665859,0.0209495736393304,0.0167386040635856,0.0208442993999368,0.0191599115696389,0.0182124434150963,0.0260027371302242,0.0182124434150963,0.0203179282029687,0.0211601221181176,0.016633329824192,0.0228445099484156,0.019686282766607,0.0205284766817559,0.0206337509211495
2020-10,0.0242721901914727,0.0156594775428856,0.0179372197309417,0.0220656274467933,0.0211402946828955,0.0172254252971741,0.020143782475621,0.0213538330130258,0.0211402946828955,0.019574346928607,0.0190760908249697,0.0181507580610719,0.0208555769093885,0.0210691152395188,0.026478752936152,0.0190760908249697,0.0199302441454907,0.0185066552779557,0.0206420385792583,0.0134529147982062,0.0192184497117232,0.0181507580610719,0.0172966047405509,0.0172254252971741,0.0173677841839276,0.0224927041070538,0.0239162929745889,0.0189337319382162,0.0233468574275749,0.0200014235888675,0.0209267563527653,0.0185066552779557,0.015232400882625,0.0155171186561321,0.0236315752010819,0.0232044985408214,0.0190049113815929,0.0194319880418535,0.0214961918997793,0.0207843974660118,0.0196455263719837,0.0213538330130258,0.0192184497117232,0.0187201936080859,0.025624599615631,0.0179372197309417,0.0234180368709516,0.0209267563527653,0.020713218022635,0.0190049113815929
2020-11,0.0189721421709894,0.0146493756003842,0.018611911623439,0.0274375600384245,0.0223943323727185,0.0187920268972142,0.0201128722382324,0.0226945244956772,0.0207732949087415,0.0186719500480307,0.0194524495677233,0.0157901056676272,0.0192723342939481,0.0238352545629202,0.026176753121998,0.0195725264169068,0.0168107588856868,0.016990874159462,0.0193323727185398,0.0145893371757925,0.0190321805955811,0.0193323727185398,0.0181916426512968,0.0207132564841498,0.015850144092219,0.0211935638808837,0.025036023054755,0.0178914505283381,0.0216138328530259,0.0192122958693563,0.0213136407300672,0.019512487992315,0.0139289145052833,0.0151897214217098,0.0196325648414985,0.0256364073006724,0.0206532180595581,0.0198727185398655,0.0214937560038424,0.0187319884726224,0.0230547550432276,0.0251560999039385,0.019752641690682,0.0205931796349663,0.0230547550432276,0.0185518731988472,0.0217939481268011,0.0198727185398655,0.0187319884726224,0.0204731027857829
2020-12,0.022725934648219,0.0176626435089785,0.0188401530762437,0.0217250515160435,0.0221371798645864,0.018015896379158,0.0200176626435089,0.022725934648219,0.0196644097733294,0.0206652929055048,0.0187224021195172,0.0144244921989991,0.0181336473358846,0.0234913158669414,0.0264939652634677,0.0179570209007948,0.0193700323815131,0.0165440094200765,0.0201942890785987,0.0130114807182808,0.0191934059464233,0.0206064174271415,0.0200765381218722,0.0196055342949661,0.0171916396820724,0.02184280247277,0.0226081836914924,0.018899028554607,0.0234324403885781,0.020488666470415,0.0190756549896967,0.0207241683838681,0.0154842508095378,0.0161318810715337,0.0209007948189579,0.0278481012658227,0.0184869002060641,0.0171327642037091,0.0225493082131292,0.0206652929055048,0.0187224021195172,0.0249632028260229,0.0195466588166028,0.0191934059464233,0.024315572564027,0.0159552546364439,0.0224904327347659,0.0183102737709743,0.0187812775978804,0.0222549308213129
2021-01,0.0235071467702574,0.0173315404153593,0.0189252452811394,0.0226604910603117,0.0245530155884257,0.0184770157876388,0.0202699337616415,0.0234573434932018,0.0199213108222521,0.0206185567010309,0.0160366552119129,0.0151401962249116,0.0200707206534189,0.02370635987848,0.0277902285970416,0.0187758354499726,0.0169829174759699,0.0182279994023606,0.0205687534239752,0.0146919667314109,0.0189750485581951,0.0178793764629712,0.0211165894715872,0.0210169829174759,0.0187260321729169,0.0197220977140295,0.0245530155884257,0.0192240649434732,0.0233577369390905,0.0189252452811394,0.021813835350366,0.0163852781513023,0.0144429503461327,0.0150405896708003,0.0202699337616415,0.0253498680213158,0.0195726878828626,0.0175307535235818,0.020469146869864,0.0204193435928084,0.019522884605807,0.0210667861945316,0.01857662234175,0.020469146869864,0.0246028188654813,0.0165844912595248,0.0239553762637581,0.0207181632551421,0.0184770157876388,0.019522884605807
2021-02,0.0258957654723127,0.0181324647122692,0.0179695982627578,0.022529858849077,0.0228555917480998,0.0193268186753528,0.0198697068403908,0.0227470141150922,0.020629750271444,0.0194896851248642,0.0195982627578718,0.0175895765472312,0.0188382193268186,0.0220955483170466,0.0285559174809989,0.0182953311617806,0.0193268186753528,0.016558089033659,0.0204668838219326,0.013300760043431,0.0175352877307274,0.018458197611292,0.0193811074918566,0.0172095548317046,0.0157980456026058,0.0215526601520086,0.0249185667752443,0.016829533116178,0.0206840390879478,0.0178067318132464,0.0211183496199782,0.0165038002171552,0.0144951140065146,0.0156894679695982,0.022801302931596,0.0280130293159609,0.0185124864277958,0.0187839305103148,0.0207383279044516,0.0224755700325732,0.018458197611292,0.0192182410423452,0.0205754614549402,0.0188925081433224,0.0252985884907709,0.016558089033659,0.0235070575461454,0.022801302931596,0.0210097719869706,0.0203040173724212
2021-03,0.019893899204244,0.0179597701149425,0.0199491600353669,0.0219938107869142,0.020999115826702,0.018236074270557,0.0217175066312997,0.0229885057471264,0.0207228116710875,0.0193965517241379,0.0170203359858532,0.0140915119363395,0.0185676392572944,0.0224358974358974,0.0298961096374889,0.0174624226348364,0.0180150309460654,0.0172413793103448,0.0207228116710875,0.0143125552608311,0.0200044208664898,0.0200044208664898,0.0195070733863837,0.0192307692307692,0.0175176834659593,0.0223253757736516,0.0241489832007073,0.0175729442970822,0.0203912466843501,0.0205017683465959,0.0230990274093722,0.0187334217506631,0.0158598585322723,0.0140362511052166,0.0245358090185676,0.0264146772767462,0.0182913351016799,0.0169098143236074,0.0217175066312997,0.0205570291777188,0.0173519009725906,0.0202807250221043,0.0205570291777188,0.0196175950486295,0.0247015915119363,0.0189544650751547,0.020999115826702,0.0222148541114058,0.0199491600353669,0.0203912466843501
2021-04,0.0243438803041452,0.0183958793230316,0.0179666421388275,0.0237306843267108,0.0237306843267108,0.0173534461613931,0.0214005396124601,0.0239146431199411,0.022504292371842,0.0206647044395388,0.0178440029433406,0.0163723325974981,0.0176600441501103,0.0236080451312239,0.0279004169732646,0.0171081677704194,0.0185798381162619,0.0145327446651949,0.018027961736571,0.0126318371351483,0.0193156732891832,0.0208486632327691,0.0201741476575913,0.0191317144959529,0.0160657346087809,0.0207260240372823,0.0242212411086583,0.0182119205298013,0.0224429727740986,0.0218910963944076,0.0217684571989207,0.0182119205298013,0.0164336521952416,0.01551385822909,0.0218910963944076,0.0245891586951189,0.0200515084621044,0.0170468481726759,0.0223203335786117,0.0202354672553348,0.0194996320824135,0.0210939416237429,0.0188864361049791,0.0186411577140053,0.0233014471425067,0.0143487858719646,0.0247117978906058,0.0191317144959529,0.0179053225410841,0.0231174883492764
2021-05,0.024512256128064,0.0183216608304152,0.0211355677838919,0.0230740370185092,0.0205102551275637,0.018384192096048,0.0216358179089544,0.0230740370185092,0.0218859429714857,0.0179464732366183,0.0173836918459229,0.0178214107053526,0.0181340670335167,0.0236368184092046,0.0286393196598299,0.0177588794397198,0.0188844422211105,0.0168209104552276,0.0184467233616808,0.0131940970485242,0.0184467233616808,0.0213856928464232,0.0225112556278139,0.0186968484242121,0.0156328164082041,0.0208854427213606,0.0243246623311655,0.0180715357678839,0.0204477238619309,0.0168209104552276,0.020760380190095,0.017008504252126,0.0159454727363681,0.0159454727363681,0.0233866933466733,0.0263881940970485,0.0177588794397198,0.0168209104552276,0.0218859429714857,0.021448224112056,0.0178214107053526,0.0213231615807903,0.0196973486743371,0.019384692346173,0.0258879439719859,0.0161330665332666,0.0228864432216108,0.0212606303151575,0.0194472236118059,0.0203851925962981
2021-06,0.0238690773958407,0.0170799685557064,0.0192238976631172,0.0214392910741084,0.0233688272707782,0.0174372900736082,0.0209390409490459,0.0218680768955906,0.0223683270206531,0.0200814693060816,0.0173658257700278,0.0175802186807689,0.0181519331094118,0.0240120060030015,0.0283713285214035,0.0179375401986707,0.0191524333595369,0.0162938612163224,0.0208675766454655,0.0133638247695276,0.0183663260201529,0.0172943614664475,0.0215822196812692,0.0187236475380547,0.0168655756449653,0.0224397913242335,0.0274422925748588,0.0165082541270635,0.0200814693060816,0.0183663260201529,0.0202243979132423,0.0180804688058314,0.0142213964124919,0.015221896662617,0.0215822196812692,0.0245837204316443,0.0186521832344743,0.0172228971628671,0.0175802186807689,0.0194382905738583,0.0200814693060816,0.0200100050025012,0.0198670763953405,0.021153433859787,0.0249410419495462,0.0182948617165725,0.0231544343600371,0.0248695776459658,0.0214392910741084,0.0209390409490459
2021-07,0.0243541961187508,0.0179282868525896,0.0196632823544531,0.0206271687443773,0.0213982778563166,0.0164503277213725,0.019020691427837,0.0215910551343015,0.022490682431564,0.0181210641305744,0.0190849505204986,0.0169644004626654,0.0194062459838067,0.0219766096902711,0.0303302917362806,0.0186993959645289,0.0179925459452512,0.0176712504819431,0.0204343914663924,0.0147795913121706,0.0185708777792057,0.0191492096131602,0.021334018763655,0.0174784732039583,0.0162575504433877,0.0222336460609176,0.0240971597481043,0.0198560596324379,0.0239043824701195,0.0205629096517157,0.0204986505590541,0.0165145868140341,0.0142012594782161,0.0148438504048322,0.022490682431564,0.0276314098444929,0.0171571777406503,0.0194062459838067,0.0219123505976095,0.0196632823544531,0.017864027759928,0.0215910551343015,0.0194705050764683,0.0195347641691299,0.0262177098059375,0.0167716231846806,0.0207556869297005,0.023326050636165,0.0174784732039583,0.0202416141884076
2021-08,0.0197622996130458,0.0197622996130458,0.0190713101160862,0.023355444997236,0.0196241017136539,0.0189331122166943,0.0190713101160862,0.0266721945826423,0.0179657269209508,0.021420674405749,0.0210060807075732,0.0146489773355444,0.015478164731896,0.0248756218905472,0.0305417357656163,0.0228026533996683,0.01934770591487,0.0182421227197346,0.0160309563294637,0.0143725815367606,0.01934770591487,0.0149253731343283,0.0223880597014925,0.0208678828081813,0.0225262576008844,0.0158927584300718,0.0277777777777777,0.0182421227197346,0.0263957987838584,0.0197622996130458,0.0247374239911553,0.0212824765063571,0.0150635710337202,0.015616362631288,0.01934770591487,0.0241846323935876,0.0190713101160862,0.0196241017136539,0.0183803206191265,0.0146489773355444,0.0248756218905472,0.0248756218905472,0.01934770591487,0.0147871752349364,0.0157545605306799,0.0223880597014925,0.019485903814262,0.0165837479270315,0.017551133222775,0.0212824765063571
2021-09,0.0174055829228243,0.0205254515599343,0.0172413793103448,0.0257799671592775,0.0277504105090312,0.0174055829228243,0.0160919540229885,0.0285714285714285,0.0200328407224958,0.0192118226600985,0.0177339901477832,0.0162561576354679,0.0136288998357963,0.0249589490968801,0.028407224958949,0.0195402298850574,0.0201970443349753,0.0215106732348111,0.0201970443349753,0.0131362889983579,0.0169129720853858,0.0167487684729064,0.0197044334975369,0.0178981937602627,0.0198686371100164,0.0144499178981937,0.0239737274220032,0.0169129720853858,0.0270935960591133,0.022167487684729,0.0218390804597701,0.0193760262725779,0.015927750410509,0.012807881773399,0.0187192118226601,0.0241379310344827,0.0205254515599343,0.0246305418719211,0.0192118226600985,0.0182266009852216,0.0220032840722495,0.0334975369458128,0.0182266009852216,0.0175697865353037,0.0195402298850574,0.0167487684729064,0.0192118226600985,0.0169129720853858,0.0164203612479474,0.0231527093596059
2021-10,0.0204457851516675,0.0187699011228423,0.02061337355455,0.024803083626613,0.0201106083459024,0.0179319591084296,0.0191050779286073,0.0241327300150829,0.0175967823026646,0.02061337355455,0.02061337355455,0.0179319591084296,0.0145801910507792,0.0221216691804927,0.0288252052957935,0.0236299648064353,0.0191050779286073,0.0192726663314898,0.0189374895257248,0.0150829562594268,0.0186023127199597,0.0162560750796044,0.0246354952237305,0.0212837271660801,0.0174291938997821,0.0142450142450142,0.0283224400871459,0.0180995475113122,0.0281548516842634,0.0184347243170772,0.025138260432378,0.0199430199430199,0.0144126026478967,0.012904307021954,0.016423663482487,0.0256410256410256,0.0182671359141947,0.0182671359141947,0.0204457851516675,0.016758840288252,0.0268141444612032,0.0241327300150829,0.0186023127199597,0.0189374895257248,0.0189374895257248,0.02061337355455,0.0191050779286073,0.0172616054968996,0.0165912518853695,0.0211161387631975
2021-11,0.021747623388462,0.016929287667665,0.0152363589008985,0.0260450579502539,0.0207058210704518,0.0164083865086599,0.0214871728089595,0.0289100143247818,0.0170595129574163,0.0233103268654772,0.0207058210704518,0.0162781612189087,0.0132829795546295,0.020315145201198,0.0290402396145331,0.0196640187524417,0.0201849199114468,0.0164083865086599,0.0179710899856752,0.0130225289751269,0.0197942440421929,0.0161479359291574,0.0220080739679645,0.0221382992577158,0.020315145201198,0.0145852324521422,0.0260450579502539,0.0175804141164214,0.027086860268264,0.0195337934626904,0.0210964969397056,0.0209662716499544,0.0156270347701523,0.0170595129574163,0.0195337934626904,0.0240916786039848,0.023180101575726,0.0181013152754264,0.0201849199114468,0.0153665841906498,0.0266961843990102,0.0279984372965229,0.0196640187524417,0.015496809480401,0.0192733428831879,0.0173199635369188,0.0227894257064721,0.0165386117984112,0.0175804141164214,0.0214871728089595
2021-12,0.0197650779308787,0.0212333408628868,0.0180709283939462,0.0223627738875084,0.0220239439801219,0.0190874181161057,0.0217980573751976,0.0281228823130788,0.0175062118816354,0.0236051502145922,0.018635644906257,0.0176191551840975,0.0146826293200813,0.0204427377456516,0.0298170318500112,0.0212333408628868,0.0196521346284165,0.0168285520668624,0.0210074542579625,0.0127625931782245,0.0181838716964084,0.0158120623447029,0.0232663203072057,0.018635644906257,0.0167156087644002,0.0150214592274678,0.0237180935170544,0.0162638355545516,0.0237180935170544,0.0228145470973571,0.0221368872825841,0.0216851140727354,0.0168285520668624,0.0138920262028461,0.0182968149988705,0.0258640162638355,0.0232663203072057,0.0207815676530381,0.0189744748136435,0.0151344025299299,0.0245086966342895,0.0306076349672464,0.0185227016037948,0.0173932685791732,0.0185227016037948,0.0171673819742489,0.0236051502145922,0.0160379489496272,0.0156991190422407,0.020668624350576
2022-01,0.0256454868118867,0.0173289720926995,0.0193820029229591,0.0214698308859349,0.0214350337532187,0.0163894495093604,0.021087062426056,0.019764771382838,0.0222353678056928,0.019242814392094,0.0176421462871459,0.0187904516667826,0.0190688287285127,0.0216438165495163,0.0292643886143781,0.0179553204815923,0.0190688287285127,0.0165634351729417,0.0194168000556754,0.0133968960957617,0.0194168000556754,0.0197995685155543,0.0213306423550699,0.0163198552439279,0.0146843900062634,0.0231400932563156,0.0230704989908831,0.0189296401976477,0.0207738882316097,0.0209130767624747,0.020425916904447,0.0164590437747929,0.0141276358828032,0.0156239125896026,0.0232096875217482,0.0285684459600528,0.0196951771174055,0.0177813348180109,0.0195559885865404,0.0230009047254506,0.0172245806945507,0.0209130767624747,0.0197299742501217,0.0187208574013501,0.0281856775001739,0.0153107383951562,0.0236272531143433,0.0213306423550699,0.0195211914538242,0.0218178022130976
2022-02,0.0257680872150644,0.0174221480360961,0.018830525272547,0.0193521464712325,0.0247248448176933,0.0171613374367534,0.0237859266600594,0.0176307965155703,0.0237337645401909,0.0188826873924156,0.017317823796359,0.0184653904334672,0.0200302540295237,0.0219080903447916,0.029419435605863,0.0188826873924156,0.018830525272547,0.0172656616764905,0.0202389025089979,0.0147618799228,0.0192478222314954,0.0190391737520212,0.0206561994679463,0.0166918783579364,0.014292420843983,0.0235772781805852,0.0245161963382191,0.017787282875176,0.0207605237076834,0.0199259297897866,0.0198216055500495,0.0172134995566219,0.0165875541181993,0.0161180950393824,0.0221689009441343,0.027906734129675,0.0190913358718898,0.0170570131970163,0.0206561994679463,0.0201867403891294,0.0170048510771477,0.0199259297897866,0.0174743101559647,0.0201345782692608,0.0270199780919096,0.0163267435188566,0.0210213343070262,0.0232643054613739,0.0194564707109696,0.0206561994679463
2022-03,0.0242357138463431,0.0177769576182567,0.0183920772590268,0.0194992926124131,0.0230054745648028,0.0173463738697176,0.0232515224211109,0.0201759242172602,0.024112689918189,0.0175924217260257,0.0172233499415636,0.0200529002891062,0.019130220827951,0.0222673309958786,0.028480039367657,0.0169773020852555,0.0167312542289475,0.019191732792028,0.0181460294027188,0.0124254167435566,0.0196838285046441,0.0207295318939533,0.0209755797502614,0.0187611490434889,0.0159315986959463,0.0228209386725718,0.0259580488404994,0.0178999815464107,0.0222673309958786,0.0202989481454142,0.0205449960017223,0.0167927661930245,0.0172848619056406,0.014393799594021,0.0241742018822661,0.0281109675831949,0.0172233499415636,0.0179614935104877,0.0214676754628775,0.0215906993910315,0.0177154456541797,0.019130220827951,0.0178999815464107,0.0183920772590268,0.0267577043735006,0.0154395029833302,0.023805130097804,0.0217137233191855,0.0194992926124131,0.0187611490434889
2022-04,0.0230120173868575,0.0174507798517003,0.0187931475326003,0.0193684479672717,0.0233316287394528,0.0173868575811812,0.0238430069036052,0.0206468933776527,0.023651240092048,0.0198159038609051,0.0188570698031194,0.0192406034262337,0.0200076706724622,0.0228841728458194,0.0310023012017386,0.0180260802863717,0.0186013807210432,0.0172590130401431,0.018345691638967,0.011825620046024,0.0192406034262337,0.0168115571465098,0.0225645614932242,0.0175147021222193,0.0151495781130145,0.0233316287394528,0.0252492968550242,0.0161084121708003,0.0213500383533623,0.0207747379186908,0.0216696497059575,0.0161723344413193,0.0165558680644336,0.0132958322679621,0.0244822296087957,0.0278701099463052,0.0181539248274098,0.017067246228586,0.0203272820250575,0.0218614165175147,0.0167476348759907,0.0211582715418051,0.0191127588851956,0.0198159038609051,0.0247379186908719,0.0150856558424955,0.0254410636665814,0.022372794681667,0.0174507798517003,0.0191766811557146
2022-05,0.0264040042246406,0.0175414428066308,0.0196996831519493,0.0205721632915461,0.0216742434678789,0.0164852826376452,0.0206640033062405,0.0199752031960325,0.0212609634017541,0.0177710428433668,0.0192404830784772,0.0193782431005188,0.0203884832621573,0.0230518436882949,0.0294347247095559,0.0159342425494788,0.0180924828947972,0.018735362997658,0.0196537631446021,0.0165312026449924,0.0206640033062405,0.0189190430270468,0.0223171235707397,0.0163016026082564,0.0165312026449924,0.0241539238646278,0.0250723240115718,0.0184598429535748,0.0203425632548101,0.0195619231299077,0.019424163107866,0.0154750424760067,0.0148780823804931,0.0156128024980484,0.0224548835927813,0.0270009643201542,0.0161179225788676,0.015980162556826,0.0207558433209349,0.0238324838131974,0.0154750424760067,0.0183680029388804,0.0175414428066308,0.0201129632180741,0.0271387243421958,0.0143270422923267,0.0252560040409606,0.0231896037103365,0.0216283234605317,0.0206180832988933
2022-06,0.0204472843450479,0.0266773162939297,0.0258785942492012,0.0306709265175718,0.0193290734824281,0.0119808306709265,0.0172523961661341,0.0207667731629392,0.0225239616613418,0.0178913738019169,0.0258785942492012,0.0206070287539936,0.01629392971246,0.0191693290734824,0.0300319488817891,0.0172523961661341,0.0159744408945686,0.0201277955271565,0.0153354632587859,0.0185303514376996,0.0177316293929712,0.0135782747603833,0.0293929712460063,0.015814696485623,0.0207667731629392,0.0154952076677316,0.0231629392971246,0.0223642172523961,0.0236421725239616,0.0210862619808306,0.01629392971246,0.0196485623003194,0.0228434504792332,0.0172523961661341,0.0222044728434504,0.0198083067092651,0.0207667731629392,0.0156549520766773,0.023961661341853,0.0135782747603833,0.0151757188498402,0.0220447284345047,0.0201277955271565,0.0172523961661341,0.0230031948881789,0.0156549520766773,0.0164536741214057,0.0212460063897763,0.0207667731629392,0.0206070287539936
2022-07,0.0152788388082505,0.0311942959001782,0.0332314744079449,0.0369238604532722,0.0243188184364654,0.0142602495543672,0.0180799592564298,0.0159154570919276,0.0216450216450216,0.0185892538833715,0.0248281130634071,0.0252100840336134,0.0146422205245734,0.0180799592564298,0.0257193786605551,0.0117137764196587,0.0160427807486631,0.0218996689584924,0.01362363127069,0.0233002291825821,0.0192258721670486,0.0127323656735421,0.0286478227654698,0.0157881334351922,0.0206264323911382,0.0185892538833715,0.02419149477973,0.0221543162719633,0.0235548764960529,0.0254647313470842,0.0166793990323402,0.0176979882862235,0.025082760376878,0.0157881334351922,0.0183346065699006,0.0160427807486631,0.0196078431372549,0.0123503947033358,0.0258467023172905,0.0122230710466004,0.0140056022408963,0.0187165775401069,0.0224089635854341,0.0160427807486631,0.019353195823784,0.0133689839572192,0.0192258721670486,0.0201171377641965,0.0239368474662592,0.0176979882862235
2022-08,0.0233216724970847,0.0197401299350324,0.0224887556221889,0.0284857571214392,0.0224887556221889,0.0146593369981675,0.0224054639346993,0.0181575878727303,0.0251540896218557,0.0190737964351157,0.0206563384974179,0.0221555888722305,0.0167416291854072,0.0181575878727303,0.0260702981842412,0.0123271697484591,0.0167416291854072,0.0189072130601366,0.0208229218723971,0.0180742961852407,0.016991504247876,0.0170747959353656,0.0236548392470431,0.0150757954356155,0.0193236714975845,0.0233216724970847,0.0224887556221889,0.0219057138097617,0.0199067133100116,0.0209062135598867,0.0154922538730634,0.0186573379976678,0.0207396301849075,0.0151590871231051,0.0217391304347826,0.0217391304347826,0.015992003998001,0.0148259203731467,0.0246543394969182,0.0177411294352823,0.0133266699983341,0.0174912543728135,0.0204897551224387,0.0219057138097617,0.0268199233716475,0.0153256704980842,0.0229052140596368,0.0249042145593869,0.0234049641845743,0.0194069631850741
2022-09,0.0257232485186476,0.0227256883931683,0.0234925060996863,0.0288602300453119,0.0232136632973161,0.0143604043220634,0.0207737887765772,0.0157546183339142,0.024747298710352,0.018821889159986,0.0245381666085744,0.0207040780759846,0.0178459393516904,0.0208434994771697,0.0239107703032415,0.0126873475078424,0.0172882537469501,0.0217497385848727,0.0202858138724294,0.0163820146392471,0.0207737887765772,0.0195189961659114,0.0248170094109445,0.0143604043220634,0.018821889159986,0.0207737887765772,0.0225862669919832,0.0209132101777622,0.0214708957825026,0.0214708957825026,0.0151969327291739,0.0172185430463576,0.0204252352736145,0.0135238759149529,0.020494945974207,0.0225165562913907,0.0180550714534681,0.0141512722202858,0.0233530846985012,0.0196584175670965,0.0131056117113976,0.0175670965493203,0.0202161031718368,0.0196584175670965,0.0258626699198326,0.0133147438131753,0.0198675496688741,0.0232833739979086,0.0223771348902056,0.0199372603694667
2022-10,0.0249249057327283,0.0230076052917492,0.0294625167763788,0.0292068767175816,0.0212181248801687,0.0131015530133571,0.0195564644979868,0.0171278839394133,0.0279925864382948,0.0179587141305042,0.0198760145714833,0.0229436952770499,0.0172557039688119,0.0212181248801687,0.0235827954240429,0.012654182910462,0.0167444238512174,0.0198760145714833,0.0206429347478749,0.0158496836454272,0.017703074071707,0.0168083338659167,0.0265865661149102,0.0157857736307279,0.0193647344538889,0.0203872946890777,0.0224324151594554,0.0199399245861826,0.0195564644979868,0.019812104556784,0.017063973924714,0.0194286444685882,0.0235188854093436,0.0154023135425321,0.0207707547772736,0.0230076052917492,0.0180865341599028,0.0138684731897488,0.0242858055857352,0.0187256343068958,0.0125263628810634,0.0161053237042244,0.0210263948360708,0.0188534543362944,0.026139196012015,0.0168083338659167,0.0185339042627979,0.0221128650859589,0.022751965232952,0.0184060842333993
2022-11,0.0241186279180562,0.0214387803716055,0.02608384945212,0.0262625059552167,0.0225107193901858,0.0138756550738446,0.0199499761791329,0.0158408766079085,0.024833253930443,0.0142329680800381,0.0219151977131967,0.023582658408766,0.019235350166746,0.0203072891853263,0.0259647451167222,0.0151858027632205,0.01738923296808,0.0220938542162934,0.0203072891853263,0.0161981896141019,0.0185207241543592,0.0170914721295855,0.0228084802286803,0.0162577417818008,0.0177465459742734,0.0221534063839923,0.0219151977131967,0.0212601238685088,0.0203668413530252,0.0195331110052405,0.0172701286326822,0.0181634111481657,0.0196522153406384,0.0147689375893282,0.0224511672224868,0.0254287756074321,0.0168532634587899,0.0144711767508337,0.0239995235826584,0.0189375893282515,0.0120890900428775,0.0179252024773701,0.021141019533111,0.0216174368747022,0.0257265364459266,0.0154240114340161,0.0225702715578847,0.021141019533111,0.0225107193901858,0.0188780371605526
2022-12,0.0239389556630592,0.0192509101790434,0.0214453144481572,0.0254351403920004,0.0214951872724552,0.0152112114109022,0.0201984938407062,0.0161089222482669,0.026282978405067,0.0172061243828238,0.017505361328612,0.0231908632985885,0.0208967133808787,0.0213954416238591,0.0277791631340082,0.0139145179791531,0.0164580320183532,0.0190514188818512,0.019949129719216,0.0164580320183532,0.020048875367812,0.0171562515585257,0.0227918807042042,0.016208667896863,0.0176051069772081,0.0253353947434043,0.0223928981098199,0.0214951872724552,0.0180040895715924,0.0216946785696474,0.0127175701960002,0.0155104483566904,0.0185028178145728,0.0153608298837963,0.0236895915415689,0.0248366665004239,0.0190015460575532,0.0135155353847688,0.0229414991770984,0.0221435339883297,0.0148122288165178,0.0167073961398434,0.0227420078799062,0.0185526906388708,0.0282778913769886,0.0143633733978355,0.0230911176499925,0.0252356490948082,0.022542516582714,0.0195501471248316
2023-01,0.0191859668356858,0.0279566945319994,0.0261751404686857,0.0320679731396464,0.0254899273674112,0.0146635603672742,0.0158969439495683,0.0141153898862546,0.0234342880635877,0.017678498012882,0.0252158421269014,0.0222009044812936,0.017678498012882,0.0208304782787446,0.0252158421269014,0.0106893243798821,0.0157599013293134,0.0238454159243524,0.0190489242154309,0.0158969439495683,0.0197341373167054,0.0139783472659997,0.029875291215568,0.0113745374811566,0.0239824585446073,0.0209675208989995,0.0208304782787446,0.0235713306838426,0.021652734000274,0.0239824585446073,0.0145265177470193,0.0175414553926271,0.0283678223927641,0.0171303275318624,0.0234342880635877,0.0164451144305879,0.0160339865698232,0.0139783472659997,0.0276826092914896,0.0153487734685487,0.0131560915444703,0.0227490749623132,0.0224749897218034,0.0148006029875291,0.0217897766205289,0.0126079210634507,0.014937645607784,0.0205563930382348,0.0194600520761956,0.0239824585446073
2023-02,0.0156962949443329,0.0302974995437123,0.0295674393137433,0.0350428910385106,0.024091987588976,0.0149662347143639,0.0189815659791932,0.0140536594269027,0.0235444424164993,0.0175214455192553,0.0206242014966234,0.0219018068990691,0.0151487497718561,0.01952911115167,0.0268297134513597,0.0098558131045811,0.0169739003467786,0.0219018068990691,0.0226318671290381,0.0175214455192553,0.0182515057492243,0.0158788100018251,0.0279248037963131,0.0151487497718561,0.024091987588976,0.017338930461763,0.0200766563241467,0.0206242014966234,0.0213542617265924,0.0231794123015148,0.0144186895418872,0.0171564154042708,0.0246395327614528,0.0151487497718561,0.018068990691732,0.0169739003467786,0.0178864756342398,0.0142361744843949,0.0235444424164993,0.0162438401168096,0.017338930461763,0.0175214455192553,0.0220843219565614,0.0200766563241467,0.0250045628764373,0.0142361744843949,0.0191640810366855,0.0231794123015148,0.0222668370140536,0.0202591713816389
2023-03,0.0177324019344438,0.0291509940891993,0.0272702847931219,0.0374798495432563,0.0239118753358409,0.0126276195593766,0.0169263836646964,0.0132993014508328,0.0233745298226759,0.0208221386351423,0.0268672756582482,0.0244492208490059,0.0142396560988715,0.0174637291778613,0.0229715206878022,0.0099408919935518,0.0157173562600752,0.0208221386351423,0.0214938205265986,0.0177324019344438,0.0167920472864051,0.0120902740462117,0.0284793121977431,0.0119559376679204,0.0184040838259,0.0157173562600752,0.0210908113917248,0.0212251477700161,0.0193444384739387,0.022299838796346,0.0141053197205803,0.0167920472864051,0.0257925846319183,0.0153143471252015,0.021762493283181,0.017866738312735,0.0201504567436861,0.0141053197205803,0.0279419666845781,0.0119559376679204,0.0124932831810854,0.0174637291778613,0.0229715206878022,0.0184040838259,0.049032778076303,0.0134336378291241,0.0174637291778613,0.0184040838259,0.0214938205265986,0.0213594841483073
2023-04,0.017388941719875,0.0315174568672734,0.0327401168319521,0.0360005434044287,0.0252683059366933,0.0135851107186523,0.0169813883983154,0.0120907485396005,0.0221437304714033,0.0203776660779785,0.0228229860073359,0.0236380926504551,0.0164379839695693,0.0175247928270615,0.0240456459720146,0.011683195218041,0.0164379839695693,0.0211927727210976,0.0182040483629941,0.0201059638636054,0.0154870262192636,0.0137209618258388,0.0312457546529004,0.0134492596114658,0.0221437304714033,0.0161662817551963,0.0187474527917402,0.0237739437576416,0.0201059638636054,0.0211927727210976,0.0160304306480097,0.0199701127564189,0.0247249015079472,0.0171172395055019,0.0196984105420459,0.0177964950414345,0.0201059638636054,0.0129058551827197,0.0263551147941855,0.0150794728977041,0.0146719195761445,0.0207852193995381,0.0228229860073359,0.014807770683331,0.031925010188833,0.0123624507539736,0.0161662817551963,0.0191550061132998,0.0209210705067246,0.0203776660779785
2023-05,0.0183850036049026,0.0288392213410237,0.0311824080749819,0.0369502523431867,0.023972602739726,0.0122566690699351,0.0191059841384282,0.0136986301369863,0.0259552992069214,0.01676279740447,0.0216294160057678,0.023972602739726,0.0147801009372746,0.0191059841384282,0.026676279740447,0.0120764239365537,0.018565248738284,0.0232516222062004,0.0187454938716654,0.01676279740447,0.0173035328046142,0.0129776496034607,0.0302811824080749,0.0129776496034607,0.018565248738284,0.0156813266041816,0.0234318673395818,0.0207281903388608,0.019466474405191,0.023071377072819,0.0147801009372746,0.022170151405912,0.0259552992069214,0.014059120403749,0.0192862292718096,0.017664023071377,0.0207281903388608,0.0138788752703677,0.0246935832732516,0.01676279740447,0.014960346070656,0.019466474405191,0.0228911319394376,0.0144196106705118,0.0192862292718096,0.0164023071377072,0.0164023071377072,0.020367700072098,0.0250540735400144,0.0236121124729632
2023-06,0.0167577413479052,0.030783242258652,0.0273224043715847,0.043351548269581,0.0244080145719489,0.0131147540983606,0.0218579234972677,0.0154826958105646,0.0293260473588342,0.0196721311475409,0.0238615664845173,0.0258652094717668,0.0156648451730418,0.0176684881602914,0.0220400728597449,0.0092896174863387,0.0138433515482695,0.0225865209471766,0.0207650273224043,0.0207650273224043,0.0178506375227686,0.0149362477231329,0.0276867030965391,0.0107468123861566,0.0214936247723132,0.0182149362477231,0.0224043715846994,0.0225865209471766,0.0216757741347905,0.0227686703096539,0.0145719489981785,0.0145719489981785,0.0258652094717668,0.0120218579234972,0.0171220400728597,0.0167577413479052,0.0205828779599271,0.0127504553734061,0.0244080145719489,0.0149362477231329,0.0163934426229508,0.0216757741347905,0.0196721311475409,0.0169398907103825,0.018943533697632,0.0112932604735883,0.0169398907103825,0.0218579234972677,0.0275045537340619,0.0204007285974499
2023-07,0.0194931773879142,0.0306574517100832,0.0290625553783448,0.0379230905546695,0.024100655679603,0.0150629097997519,0.0180754917597022,0.0138224348750664,0.0246322877901825,0.0193159666843877,0.0297713981924508,0.0232146021619705,0.0202020202020202,0.0221513379408116,0.0260499734183944,0.0129363813574339,0.0177210703526493,0.0226829700513911,0.0189615452773347,0.0180754917597022,0.0180754917597022,0.0145312776891724,0.0253411306042884,0.0139996455785929,0.0193159666843877,0.0164805954279638,0.0221513379408116,0.0221513379408116,0.0209108630161261,0.024455077086656,0.0143540669856459,0.0152401205032783,0.0271132376395534,0.0168350168350168,0.0168350168350168,0.0161261740209108,0.0170122275385433,0.011518695729222,0.0283537125642388,0.0113414850256955,0.0136452241715399,0.0198475987949672,0.0203792309055466,0.0163033847244373,0.0200248094984937,0.011164274322169,0.0173666489455963,0.0203792309055466,0.0249867091972355,0.0198475987949672
2023-08,0.01543596161869,0.0331664580725907,0.0337922403003754,0.0369211514392991,0.022319566124322,0.0131414267834793,0.0173133083020442,0.0118898623279098,0.0283687943262411,0.0185648727576136,0.0244055068836045,0.023153942428035,0.014601585314977,0.0164789319983312,0.023988318731748,0.0116812682519816,0.0187734668335419,0.0225281602002503,0.0202336253650396,0.0191906549853984,0.0187734668335419,0.0106382978723404,0.0302461410095953,0.0166875260742594,0.0248226950354609,0.0164789319983312,0.0227367542761785,0.0233625365039632,0.0246141009595327,0.023153942428035,0.0139758030871923,0.0160617438464747,0.0248226950354609,0.0127242386316228,0.0168961201501877,0.0181476846057571,0.0181476846057571,0.0152273675427617,0.0256570713391739,0.0133500208594075,0.0135586149353358,0.0185648727576136,0.0244055068836045,0.016270337922403,0.0196078431372549,0.0116812682519816,0.0191906549853984,0.0177304964539007,0.021485189820609,0.0250312891113892
2023-09,0.0153313550939663,0.0306627101879327,0.0311572700296735,0.0363501483679525,0.0274480712166172,0.0143422354104846,0.0185459940652818,0.0170623145400593,0.0264589515331355,0.0202769535113748,0.0244807121661721,0.021513353115727,0.0148367952522255,0.0212660731948565,0.0239861523244312,0.0140949554896142,0.0158259149357072,0.021513353115727,0.0173095944609297,0.0195351137487636,0.0165677546983184,0.0116221562809099,0.0286844708209693,0.0138476755687438,0.0187932739861523,0.0165677546983184,0.0220079129574678,0.0220079129574678,0.0170623145400593,0.0234915924826904,0.0128585558852621,0.018051434223541,0.0259643916913946,0.0140949554896142,0.0168150346191889,0.0150840751730959,0.0234915924826904,0.014589515331355,0.0291790306627101,0.016320474777448,0.0150840751730959,0.0192878338278931,0.0232443125618199,0.0202769535113748,0.0210187932739861,0.0121167161226508,0.014589515331355,0.0207715133531157,0.0232443125618199,0.0212660731948565
2023-10,0.0192436786753188,0.030655627657194,0.0324457373014097,0.0360259565898411,0.0259565898411277,0.0136495860371447,0.0154396956813604,0.0125307675095099,0.0246140076079659,0.0172298053255761,0.03020810024614,0.024390243902439,0.0136495860371447,0.018348623853211,0.0239427164913851,0.0136495860371447,0.0145446408592526,0.0196912060863727,0.0154396956813604,0.0176773327366301,0.0194674423808458,0.0167822779145222,0.0311031550682479,0.0161109867979413,0.0230476616692772,0.0167822779145222,0.0185723875587379,0.0239427164913851,0.0172298053255761,0.0237189527858581,0.0134258223316178,0.0219288431416424,0.0252852987245468,0.0172298053255761,0.0205862609084806,0.0158872230924144,0.018348623853211,0.011859476392929,0.0261803535466547,0.0187961512642649,0.0145446408592526,0.017901096442157,0.0201387334974267,0.018124860147684,0.0214813157305885,0.0185723875587379,0.0154396956813604,0.0185723875587379,0.0190199149697919,0.0205862609084806
2023-11,0.015378914211599,0.0303872521771354,0.0294608115619788,0.0376134889753566,0.0211228460255697,0.0137113211043172,0.0207522697795071,0.0146377617194737,0.0233463035019455,0.0187141004261626,0.0201964054104131,0.0237168797480081,0.0201964054104131,0.0140818973503798,0.0255697609783212,0.0105614230127848,0.0207522697795071,0.0227904391328515,0.0164906429497869,0.0196405410413192,0.0161200667037242,0.0135260329812859,0.0264962015934778,0.012414304243098,0.0244580322401334,0.0183435241801,0.024272744117102,0.0239021678710394,0.0224198628867889,0.0205669816564758,0.0129701686121919,0.0166759310728182,0.0237168797480081,0.0144524735964424,0.0168612191958495,0.0177876598110061,0.0201964054104131,0.0146377617194737,0.0287196590698536,0.0174170835649434,0.0159347785806929,0.0220492866407263,0.0237168797480081,0.0176023716879748,0.0226051510098202,0.0111172873818788,0.0196405410413192,0.0172317954419121,0.0251991847322586,0.0198258291643505
2023-12,0.0177222545031958,0.0289076118535735,0.0316676350958744,0.0371876815804764,0.0248402091807088,0.0127832655432887,0.0177222545031958,0.0140906449738524,0.0261475886112725,0.0161243463102847,0.0242591516560139,0.0239686228936664,0.0114758861127251,0.018158047646717,0.0249854735618826,0.0124927367809413,0.0162696106914584,0.0190296339337594,0.0196106914584543,0.0216443927948866,0.0185938407902382,0.0146717024985473,0.0299244625217896,0.0133643230679837,0.0260023242300987,0.0194654270772806,0.020918070889018,0.0217896571760604,0.0255665310865775,0.0200464846019755,0.014816966879721,0.0162696106914584,0.0270191748983149,0.0151074956420685,0.0190296339337594,0.0169959325973271,0.0201917489831493,0.012638001162115,0.0254212667054038,0.0151074956420685,0.0167054038349796,0.0193201626961069,0.0214991284137129,0.0149622312608948,0.0226612434631028,0.0151074956420685,0.0185938407902382,0.0217896571760604,0.0199012202208018,0.0174317257408483
2024-01,0.0220810166799046,0.0270055599682287,0.0327243844320889,0.0344718030182684,0.0247815726767275,0.0115965051628276,0.0187450357426528,0.0168387609213661,0.0223987291501191,0.0200158856235107,0.0246227164416203,0.0258935663224781,0.0169976171564733,0.0177918983320095,0.025099285146942,0.013979348689436,0.0169976171564733,0.019539316918189,0.0204924543288324,0.0187450357426528,0.0162033359809372,0.0117553613979348,0.0292295472597299,0.0171564733915806,0.0227164416203335,0.0163621922160444,0.0198570293884034,0.0257347100873709,0.0206513105639396,0.0241461477362986,0.0127084988085782,0.0184273232724384,0.0212867355043685,0.0135027799841143,0.0166799046862589,0.0173153296266878,0.0200158856235107,0.0157267672756155,0.0306592533756949,0.0120730738681493,0.0138204924543288,0.0189038919777601,0.0201747418586179,0.0173153296266878,0.023034154090548,0.0128673550436854,0.0187450357426528,0.0217633042096902,0.0219221604447974,0.0184273232724384
2024-02,0.0189764232317423,0.0310523289246693,0.0277937511980065,0.0366110791642706,0.0256852597278129,0.0138010350776308,0.0182096990607628,0.0138010350776308,0.0260686218133026,0.0208932336591911,0.027027027027027,0.0226183630438949,0.0189764232317423,0.0187847421889975,0.0262603028560475,0.0095840521372436,0.0189764232317423,0.02242668200115,0.0174429748897834,0.0187847421889975,0.0201265094882116,0.0124592677784167,0.0299022426682001,0.0145677592486103,0.023960130343109,0.0184013801035077,0.0216599578301705,0.0182096990607628,0.0208932336591911,0.0260686218133026,0.0120759056929269,0.0170596128042936,0.0235767682576193,0.0147594402913551,0.0191681042744872,0.0166762507188039,0.0184013801035077,0.0132259919493962,0.0268353459842821,0.0149511213341,0.0128426298639064,0.018018018018018,0.0185930611462526,0.0176346559325282,0.0230017251293847,0.0136093540348859,0.0155261644623346,0.0208932336591911,0.0212765957446808,0.0218516388729154
2024-03,0.0198036560595802,0.0319905213270142,0.0302979011509817,0.0406228842247799,0.0253893026404874,0.0145565335138794,0.0184495599187542,0.0145565335138794,0.0230196343940419,0.0204807041299932,0.0267433987813134,0.0248815165876777,0.0123561272850372,0.0148950575490859,0.0252200406228842,0.0121868652674339,0.0152335815842924,0.0191266079891672,0.0231888964116452,0.0204807041299932,0.0192958700067704,0.0132024373730534,0.0279282329045362,0.0147257955314827,0.0236966824644549,0.0186188219363574,0.0231888964116452,0.0169262017603249,0.0201421800947867,0.0214962762356127,0.0154028436018957,0.0213270142180094,0.0242044685172647,0.0145565335138794,0.0179417738659444,0.0184495599187542,0.0162491536899119,0.0147257955314827,0.0248815165876777,0.0154028436018957,0.0135409614082599,0.0182802979011509,0.0201421800947867,0.0162491536899119,0.0250507786052809,0.0126946513202437,0.0187880839539607,0.0181110358835477,0.0182802979011509,0.0230196343940419
2024-04,0.0177990430622009,0.0311961722488038,0.0271770334928229,0.0334928229665071,0.0248803827751196,0.0130143540669856,0.0189473684210526,0.0133971291866028,0.0250717703349282,0.0223923444976076,0.0233492822966507,0.0223923444976076,0.0172248803827751,0.0218181818181818,0.0254545454545454,0.0107177033492822,0.018755980861244,0.0218181818181818,0.0225837320574162,0.0199043062200956,0.018755980861244,0.0114832535885167,0.0260287081339712,0.0149282296650717,0.018755980861244,0.0183732057416267,0.0210526315789473,0.0208612440191387,0.0212440191387559,0.0258373205741626,0.0153110047846889,0.0183732057416267,0.0269856459330143,0.0149282296650717,0.016267942583732,0.019712918660287,0.0172248803827751,0.0135885167464114,0.0306220095693779,0.0151196172248803,0.0120574162679425,0.0181818181818181,0.0220095693779904,0.0166507177033492,0.0191387559808612,0.0114832535885167,0.0185645933014354,0.0189473684210526,0.024688995215311,0.0214354066985645
2024-05,0.0169265880562951,0.0319513122860403,0.0319513122860403,0.0378470901483453,0.0224419931532902,0.0146443514644351,0.0178775199695701,0.0129326740205401,0.0264359071890452,0.0182578927348801,0.0249144161278052,0.0279573982502852,0.0148345378470901,0.0152149106124001,0.0270064663370102,0.0119817421072651,0.0178775199695701,0.0218714340053252,0.0186382655001901,0.0195891974134651,0.0150247242297451,0.0167364016736401,0.0342335488779003,0.0098896918980601,0.0232027386839102,0.0190186382655001,0.0214910612400152,0.0203499429440852,0.0184480791175351,0.0199695701787752,0.0136934195511601,0.0186382655001901,0.0245340433624952,0.0154050969950551,0.0186382655001901,0.0192088246481551,0.0169265880562951,0.0150247242297451,0.0268162799543552,0.0146443514644351,0.0148345378470901,0.0182578927348801,0.0203499429440852,0.0157854697603651,0.0190186382655001,0.0136934195511601,0.0173069608216051,0.0201597565614302,0.0260555344237352,0.0214910612400152
2024-06,0.0166412213740458,0.0290076335877862,0.0287022900763358,0.0375572519083969,0.0204580152671755,0.0125190839694656,0.0190839694656488,0.0140458015267175,0.0248854961832061,0.0236641221374045,0.0276335877862595,0.0271755725190839,0.0141984732824427,0.0149618320610687,0.0259541984732824,0.015267175572519,0.0169465648854961,0.022442748091603,0.0190839694656488,0.0190839694656488,0.0167938931297709,0.0140458015267175,0.0291603053435114,0.0119083969465648,0.0212213740458015,0.0190839694656488,0.0247328244274809,0.0201526717557251,0.0210687022900763,0.0222900763358778,0.0122137404580152,0.0181679389312977,0.0230534351145038,0.0145038167938931,0.0172519083969465,0.0166412213740458,0.0183206106870229,0.0148091603053435,0.0265648854961832,0.0123664122137404,0.0137404580152671,0.0206106870229007,0.0212213740458015,0.0141984732824427,0.0248854961832061,0.0167938931297709,0.0180152671755725,0.0218320610687022,0.0238167938931297,0.0212213740458015
2024-07,0.0168141592920353,0.0284660766961651,0.0286135693215339,0.0330383480825958,0.0227138643067846,0.0146017699115044,0.0160766961651917,0.0131268436578171,0.0261061946902654,0.0200589970501474,0.0265486725663716,0.0264011799410029,0.0160766961651917,0.0165191740412979,0.0264011799410029,0.0141592920353982,0.0181415929203539,0.0209439528023598,0.0193215339233038,0.021386430678466,0.0203539823008849,0.0123893805309734,0.0308259587020648,0.0131268436578171,0.0253687315634218,0.0174041297935103,0.0205014749262536,0.0231563421828908,0.0179941002949852,0.023598820058997,0.0134218289085545,0.0182890855457227,0.027433628318584,0.015339233038348,0.0194690265486725,0.0157817109144542,0.0174041297935103,0.0135693215339233,0.027433628318584,0.0123893805309734,0.0132743362831858,0.0207964601769911,0.0269911504424778,0.0163716814159292,0.0216814159292035,0.0143067846607669,0.0156342182890855,0.0191740412979351,0.0221238938053097,0.0188790560471976
